hour,time_utc,month,source_year,local_hour,ghi,dni,dhi,t2m
0,2023-01-01T00:00:00Z,1,2023,19,0.00,0.00,0.00,8.45
1,2023-01-01T01:00:00Z,1,2023,20,0.00,0.00,0.00,8.03
2,2023-01-01T02:00:00Z,1,2023,21,0.00,0.00,0.00,8.05
3,2023-01-01T03:00:00Z,1,2023,22,0.00,0.00,0.00,8.22
4,2023-01-01T04:00:00Z,1,2023,23,0.00,0.00,0.00,8.43
5,2023-01-01T05:00:00Z,1,2023,0,0.00,0.00,0.00,8.23
6,2023-01-01T06:00:00Z,1,2023,1,0.00,0.00,0.00,8.34
7,2023-01-01T07:00:00Z,1,2023,2,0.00,0.00,0.00,7.89
8,2023-01-01T08:00:00Z,1,2023,3,0.00,0.00,0.00,7.38
9,2023-01-01T09:00:00Z,1,2023,4,0.00,0.00,0.00,7.09
10,2023-01-01T10:00:00Z,1,2023,5,0.00,0.00,0.00,6.90
11,2023-01-01T11:00:00Z,1,2023,6,0.00,0.00,0.00,6.70
12,2023-01-01T12:00:00Z,1,2023,7,13.85,52.81,14.50,6.63
13,2023-01-01T13:00:00Z,1,2023,8,103.65,265.92,61.20,7.02
14,2023-01-01T14:00:00Z,1,2023,9,204.05,318.79,113.26,7.88
15,2023-01-01T15:00:00Z,1,2023,10,260.10,289.13,164.35,8.82
16,2023-01-01T16:00:00Z,1,2023,11,309.50,267.92,201.16,9.14
17,2023-01-01T17:00:00Z,1,2023,12,285.33,181.48,216.28,8.70
18,2023-01-01T18:00:00Z,1,2023,13,241.45,165.19,183.92,8.07
19,2023-01-01T19:00:00Z,1,2023,14,157.52,104.97,124.08,7.27
20,2023-01-01T20:00:00Z,1,2023,15,62.53,44.55,52.09,6.33
21,2023-01-01T21:00:00Z,1,2023,16,0.00,0.00,0.00,5.06
22,2023-01-01T22:00:00Z,1,2023,17,0.00,0.00,0.00,4.30
23,2023-01-01T23:00:00Z,1,2023,18,0.00,0.00,0.00,3.75
24,2023-01-02T00:00:00Z,1,2023,19,0.00,0.00,0.00,3.32
25,2023-01-02T01:00:00Z,1,2023,20,0.00,0.00,0.00,2.28
26,2023-01-02T02:00:00Z,1,2023,21,0.00,0.00,0.00,1.58
27,2023-01-02T03:00:00Z,1,2023,22,0.00,0.00,0.00,1.03
28,2023-01-02T04:00:00Z,1,2023,23,0.00,0.00,0.00,0.34
29,2023-01-02T05:00:00Z,1,2023,0,0.00,0.00,0.00,-0.24
30,2023-01-02T06:00:00Z,1,2023,1,0.00,0.00,0.00,-0.84
31,2023-01-02T07:00:00Z,1,2023,2,0.00,0.00,0.00,-0.98
32,2023-01-02T08:00:00Z,1,2023,3,0.00,0.00,0.00,-1.09
33,2023-01-02T09:00:00Z,1,2023,4,0.00,0.00,0.00,-1.47
34,2023-01-02T10:00:00Z,1,2023,5,0.00,0.00,0.00,-1.52
35,2023-01-02T11:00:00Z,1,2023,6,0.00,0.00,0.00,-1.16
36,2023-01-02T12:00:00Z,1,2023,7,14.30,66.18,14.69,0.09
37,2023-01-02T13:00:00Z,1,2023,8,102.22,253.10,62.13,1.16
38,2023-01-02T14:00:00Z,1,2023,9,188.98,286.36,116.51,2.93
39,2023-01-02T15:00:00Z,1,2023,10,233.60,239.90,151.98,5.30
40,2023-01-02T16:00:00Z,1,2023,11,268.92,158.64,196.59,6.94
41,2023-01-02T17:00:00Z,1,2023,12,257.27,189.26,188.44,7.92
42,2023-01-02T18:00:00Z,1,2023,13,206.20,188.12,148.43,8.42
43,2023-01-02T19:00:00Z,1,2023,14,157.90,319.12,81.74,8.13
44,2023-01-02T20:00:00Z,1,2023,15,82.50,269.13,47.95,5.75
45,2023-01-02T21:00:00Z,1,2023,16,0.00,0.00,0.00,2.70
46,2023-01-02T22:00:00Z,1,2023,17,0.00,0.00,0.00,2.00
47,2023-01-02T23:00:00Z,1,2023,18,0.00,0.00,0.00,1.37
48,2023-01-03T00:00:00Z,1,2023,19,0.00,0.00,0.00,0.77
49,2023-01-03T01:00:00Z,1,2023,20,0.00,0.00,0.00,0.11
50,2023-01-03T02:00:00Z,1,2023,21,0.00,0.00,0.00,-0.37
51,2023-01-03T03:00:00Z,1,2023,22,0.00,0.00,0.00,-0.66
52,2023-01-03T04:00:00Z,1,2023,23,0.00,0.00,0.00,-0.70
53,2023-01-03T05:00:00Z,1,2023,0,0.00,0.00,0.00,-0.66
54,2023-01-03T06:00:00Z,1,2023,1,0.00,0.00,0.00,-0.49
55,2023-01-03T07:00:00Z,1,2023,2,0.00,0.00,0.00,-0.10
56,2023-01-03T08:00:00Z,1,2023,3,0.00,0.00,0.00,0.46
57,2023-01-03T09:00:00Z,1,2023,4,0.00,0.00,0.00,0.76
58,2023-01-03T10:00:00Z,1,2023,5,0.00,0.00,0.00,0.98
59,2023-01-03T11:00:00Z,1,2023,6,0.00,0.00,0.00,1.26
60,2023-01-03T12:00:00Z,1,2023,7,8.00,0.00,8.40,1.31
61,2023-01-03T13:00:00Z,1,2023,8,44.10,0.00,38.59,1.82
62,2023-01-03T14:00:00Z,1,2023,9,80.78,0.00,70.32,2.53
63,2023-01-03T15:00:00Z,1,2023,10,108.68,0.00,94.43,3.11
64,2023-01-03T16:00:00Z,1,2023,11,144.35,0.00,124.56,3.50
65,2023-01-03T17:00:00Z,1,2023,12,92.97,0.00,81.05,3.95
66,2023-01-03T18:00:00Z,1,2023,13,50.75,0.00,43.23,4.19
67,2023-01-03T19:00:00Z,1,2023,14,94.22,1.19,81.42,4.31
68,2023-01-03T20:00:00Z,1,2023,15,39.20,0.62,34.21,4.07
69,2023-01-03T21:00:00Z,1,2023,16,0.00,0.00,0.00,3.91
70,2023-01-03T22:00:00Z,1,2023,17,0.00,0.00,0.00,3.66
71,2023-01-03T23:00:00Z,1,2023,18,0.00,0.00,0.00,3.32
72,2023-01-04T00:00:00Z,1,2023,19,0.00,0.00,0.00,3.11
73,2023-01-04T01:00:00Z,1,2023,20,0.00,0.00,0.00,2.51
74,2023-01-04T02:00:00Z,1,2023,21,0.00,0.00,0.00,2.10
75,2023-01-04T03:00:00Z,1,2023,22,0.00,0.00,0.00,1.91
76,2023-01-04T04:00:00Z,1,2023,23,0.00,0.00,0.00,1.84
77,2023-01-04T05:00:00Z,1,2023,0,0.00,0.00,0.00,1.65
78,2023-01-04T06:00:00Z,1,2023,1,0.00,0.00,0.00,1.65
79,2023-01-04T07:00:00Z,1,2023,2,0.00,0.00,0.00,1.56
80,2023-01-04T08:00:00Z,1,2023,3,0.00,0.00,0.00,1.35
81,2023-01-04T09:00:00Z,1,2023,4,0.00,0.00,0.00,1.22
82,2023-01-04T10:00:00Z,1,2023,5,0.00,0.00,0.00,1.14
83,2023-01-04T11:00:00Z,1,2023,6,0.00,0.00,0.00,0.93
84,2023-01-04T12:00:00Z,1,2023,7,9.62,9.77,11.13,0.95
85,2023-01-04T13:00:00Z,1,2023,8,62.90,76.81,52.43,1.69
86,2023-01-04T14:00:00Z,1,2023,9,116.07,110.45,87.21,2.47
87,2023-01-04T15:00:00Z,1,2023,10,154.25,106.59,111.92,3.52
88,2023-01-04T16:00:00Z,1,2023,11,158.43,105.46,119.90,4.53
89,2023-01-04T17:00:00Z,1,2023,12,126.03,36.11,104.63,5.40
90,2023-01-04T18:00:00Z,1,2023,13,119.53,42.05,96.39,5.97
91,2023-01-04T19:00:00Z,1,2023,14,89.00,24.05,74.82,5.61
92,2023-01-04T20:00:00Z,1,2023,15,40.03,3.93,34.79,4.85
93,2023-01-04T21:00:00Z,1,2023,16,0.00,0.00,0.00,4.59
94,2023-01-04T22:00:00Z,1,2023,17,0.00,0.00,0.00,4.28
95,2023-01-04T23:00:00Z,1,2023,18,0.00,0.00,0.00,4.41
96,2023-01-05T00:00:00Z,1,2023,19,0.00,0.00,0.00,4.85
97,2023-01-05T01:00:00Z,1,2023,20,0.00,0.00,0.00,4.98
98,2023-01-05T02:00:00Z,1,2023,21,0.00,0.00,0.00,5.06
99,2023-01-05T03:00:00Z,1,2023,22,0.00,0.00,0.00,5.13
100,2023-01-05T04:00:00Z,1,2023,23,0.00,0.00,0.00,5.32
101,2023-01-05T05:00:00Z,1,2023,0,0.00,0.00,0.00,5.73
102,2023-01-05T06:00:00Z,1,2023,1,0.00,0.00,0.00,5.94
103,2023-01-05T07:00:00Z,1,2023,2,0.00,0.00,0.00,5.70
104,2023-01-05T08:00:00Z,1,2023,3,0.00,0.00,0.00,5.81
105,2023-01-05T09:00:00Z,1,2023,4,0.00,0.00,0.00,5.96
106,2023-01-05T10:00:00Z,1,2023,5,0.00,0.00,0.00,5.69
107,2023-01-05T11:00:00Z,1,2023,6,0.00,0.00,0.00,5.27
108,2023-01-05T12:00:00Z,1,2023,7,8.15,5.43,8.50,4.76
109,2023-01-05T13:00:00Z,1,2023,8,51.72,38.66,44.01,4.42
110,2023-01-05T14:00:00Z,1,2023,9,91.28,46.88,75.98,4.34
111,2023-01-05T15:00:00Z,1,2023,10,136.10,72.88,109.83,4.43
112,2023-01-05T16:00:00Z,1,2023,11,150.15,62.64,119.62,4.49
113,2023-01-05T17:00:00Z,1,2023,12,147.10,71.94,113.38,4.46
114,2023-01-05T18:00:00Z,1,2023,13,112.25,60.59,87.46,4.31
115,2023-01-05T19:00:00Z,1,2023,14,78.28,38.23,63.93,4.06
116,2023-01-05T20:00:00Z,1,2023,15,31.00,14.67,26.59,3.70
117,2023-01-05T21:00:00Z,1,2023,16,2.00,0.00,2.26,3.31
118,2023-01-05T22:00:00Z,1,2023,17,0.00,0.00,0.00,2.96
119,2023-01-05T23:00:00Z,1,2023,18,0.00,0.00,0.00,2.59
120,2023-01-06T00:00:00Z,1,2023,19,0.00,0.00,0.00,2.30
121,2023-01-06T01:00:00Z,1,2023,20,0.00,0.00,0.00,2.10
122,2023-01-06T02:00:00Z,1,2023,21,0.00,0.00,0.00,1.99
123,2023-01-06T03:00:00Z,1,2023,22,0.00,0.00,0.00,1.83
124,2023-01-06T04:00:00Z,1,2023,23,0.00,0.00,0.00,1.57
125,2023-01-06T05:00:00Z,1,2023,0,0.00,0.00,0.00,1.20
126,2023-01-06T06:00:00Z,1,2023,1,0.00,0.00,0.00,0.79
127,2023-01-06T07:00:00Z,1,2023,2,0.00,0.00,0.00,0.41
128,2023-01-06T08:00:00Z,1,2023,3,0.00,0.00,0.00,0.02
129,2023-01-06T09:00:00Z,1,2023,4,0.00,0.00,0.00,-0.32
130,2023-01-06T10:00:00Z,1,2023,5,0.00,0.00,0.00,-0.52
131,2023-01-06T11:00:00Z,1,2023,6,0.00,0.00,0.00,-0.62
132,2023-01-06T12:00:00Z,1,2023,7,4.82,0.00,5.06,-0.57
133,2023-01-06T13:00:00Z,1,2023,8,42.00,10.63,36.40,-0.07
134,2023-01-06T14:00:00Z,1,2023,9,81.10,4.96,70.21,0.60
135,2023-01-06T15:00:00Z,1,2023,10,91.22,12.78,79.01,1.04
136,2023-01-06T16:00:00Z,1,2023,11,109.68,20.36,91.81,1.26
137,2023-01-06T17:00:00Z,1,2023,12,121.03,0.00,104.43,1.20
138,2023-01-06T18:00:00Z,1,2023,13,150.00,5.24,128.71,1.10
139,2023-01-06T19:00:00Z,1,2023,14,112.38,9.89,97.63,0.97
140,2023-01-06T20:00:00Z,1,2023,15,50.85,9.38,44.11,0.59
141,2023-01-06T21:00:00Z,1,2023,16,3.70,0.00,4.24,0.11
142,2023-01-06T22:00:00Z,1,2023,17,0.00,0.00,0.00,-0.08
143,2023-01-06T23:00:00Z,1,2023,18,0.00,0.00,0.00,-0.19
144,2023-01-07T00:00:00Z,1,2023,19,0.00,0.00,0.00,-0.56
145,2023-01-07T01:00:00Z,1,2023,20,0.00,0.00,0.00,-1.05
146,2023-01-07T02:00:00Z,1,2023,21,0.00,0.00,0.00,-1.40
147,2023-01-07T03:00:00Z,1,2023,22,0.00,0.00,0.00,-1.30
148,2023-01-07T04:00:00Z,1,2023,23,0.00,0.00,0.00,-1.24
149,2023-01-07T05:00:00Z,1,2023,0,0.00,0.00,0.00,-1.43
150,2023-01-07T06:00:00Z,1,2023,1,0.00,0.00,0.00,-1.61
151,2023-01-07T07:00:00Z,1,2023,2,0.00,0.00,0.00,-1.63
152,2023-01-07T08:00:00Z,1,2023,3,0.00,0.00,0.00,-1.59
153,2023-01-07T09:00:00Z,1,2023,4,0.00,0.00,0.00,-1.54
154,2023-01-07T10:00:00Z,1,2023,5,0.00,0.00,0.00,-1.67
155,2023-01-07T11:00:00Z,1,2023,6,0.00,0.00,0.00,-1.82
156,2023-01-07T12:00:00Z,1,2023,7,12.62,36.66,14.65,-1.58
157,2023-01-07T13:00:00Z,1,2023,8,113.38,267.99,68.85,0.17
158,2023-01-07T14:00:00Z,1,2023,9,229.25,411.91,122.60,1.77
159,2023-01-07T15:00:00Z,1,2023,10,305.45,395.84,165.04,3.41
160,2023-01-07T16:00:00Z,1,2023,11,357.95,458.25,172.91,4.51
161,2023-01-07T17:00:00Z,1,2023,12,294.65,397.73,143.77,4.99
162,2023-01-07T18:00:00Z,1,2023,13,201.45,164.92,146.85,4.90
163,2023-01-07T19:00:00Z,1,2023,14,147.07,281.01,79.60,4.28
164,2023-01-07T20:00:00Z,1,2023,15,64.15,164.50,43.68,3.20
165,2023-01-07T21:00:00Z,1,2023,16,3.70,10.37,5.20,1.85
166,2023-01-07T22:00:00Z,1,2023,17,0.00,0.00,0.00,1.09
167,2023-01-07T23:00:00Z,1,2023,18,0.00,0.00,0.00,0.12
168,2023-01-08T00:00:00Z,1,2023,19,0.00,0.00,0.00,-0.84
169,2023-01-08T01:00:00Z,1,2023,20,0.00,0.00,0.00,-1.86
170,2023-01-08T02:00:00Z,1,2023,21,0.00,0.00,0.00,-2.45
171,2023-01-08T03:00:00Z,1,2023,22,0.00,0.00,0.00,-3.02
172,2023-01-08T04:00:00Z,1,2023,23,0.00,0.00,0.00,-3.88
173,2023-01-08T05:00:00Z,1,2023,0,0.00,0.00,0.00,-4.51
174,2023-01-08T06:00:00Z,1,2023,1,0.00,0.00,0.00,-4.94
175,2023-01-08T07:00:00Z,1,2023,2,0.00,0.00,0.00,-5.19
176,2023-01-08T08:00:00Z,1,2023,3,0.00,0.00,0.00,-5.39
177,2023-01-08T09:00:00Z,1,2023,4,0.00,0.00,0.00,-5.60
178,2023-01-08T10:00:00Z,1,2023,5,0.00,0.00,0.00,-5.76
179,2023-01-08T11:00:00Z,1,2023,6,0.00,0.00,0.00,-5.87
180,2023-01-08T12:00:00Z,1,2023,7,20.65,202.71,10.06,-5.60
181,2023-01-08T13:00:00Z,1,2023,8,157.45,695.95,32.97,-4.06
182,2023-01-08T14:00:00Z,1,2023,9,298.58,874.78,40.60,-2.36
183,2023-01-08T15:00:00Z,1,2023,10,399.98,933.72,46.11,-0.85
184,2023-01-08T16:00:00Z,1,2023,11,448.15,959.75,48.83,0.53
185,2023-01-08T17:00:00Z,1,2023,12,440.20,948.42,50.59,1.64
186,2023-01-08T18:00:00Z,1,2023,13,376.15,890.43,50.60,2.17
187,2023-01-08T19:00:00Z,1,2023,14,263.65,822.77,41.13,1.90
188,2023-01-08T20:00:00Z,1,2023,15,117.90,563.59,28.92,0.03
189,2023-01-08T21:00:00Z,1,2023,16,7.12,79.04,6.24,-2.77
190,2023-01-08T22:00:00Z,1,2023,17,0.00,0.00,0.00,-2.92
191,2023-01-08T23:00:00Z,1,2023,18,0.00,0.00,0.00,-2.53
192,2023-01-09T00:00:00Z,1,2023,19,0.00,0.00,0.00,-3.10
193,2023-01-09T01:00:00Z,1,2023,20,0.00,0.00,0.00,-3.33
194,2023-01-09T02:00:00Z,1,2023,21,0.00,0.00,0.00,-3.29
195,2023-01-09T03:00:00Z,1,2023,22,0.00,0.00,0.00,-3.51
196,2023-01-09T04:00:00Z,1,2023,23,0.00,0.00,0.00,-3.86
197,2023-01-09T05:00:00Z,1,2023,0,0.00,0.00,0.00,-3.68
198,2023-01-09T06:00:00Z,1,2023,1,0.00,0.00,0.00,-3.53
199,2023-01-09T07:00:00Z,1,2023,2,0.00,0.00,0.00,-3.10
200,2023-01-09T08:00:00Z,1,2023,3,0.00,0.00,0.00,-2.76
201,2023-01-09T09:00:00Z,1,2023,4,0.00,0.00,0.00,-2.29
202,2023-01-09T10:00:00Z,1,2023,5,0.00,0.00,0.00,-1.91
203,2023-01-09T11:00:00Z,1,2023,6,0.00,0.00,0.00,-1.92
204,2023-01-09T12:00:00Z,1,2023,7,11.70,22.80,14.44,-1.35
205,2023-01-09T13:00:00Z,1,2023,8,119.43,241.35,75.91,-0.29
206,2023-01-09T14:00:00Z,1,2023,9,248.32,402.63,126.56,1.27
207,2023-01-09T15:00:00Z,1,2023,10,336.00,517.78,153.76,2.60
208,2023-01-09T16:00:00Z,1,2023,11,389.12,587.03,147.03,3.32
209,2023-01-09T17:00:00Z,1,2023,12,392.52,652.66,127.62,3.62
210,2023-01-09T18:00:00Z,1,2023,13,331.77,675.29,85.24,3.59
211,2023-01-09T19:00:00Z,1,2023,14,238.43,647.31,62.19,2.97
212,2023-01-09T20:00:00Z,1,2023,15,100.38,354.07,40.76,1.33
213,2023-01-09T21:00:00Z,1,2023,16,5.85,23.49,7.33,-1.62
214,2023-01-09T22:00:00Z,1,2023,17,0.00,0.00,0.00,-1.99
215,2023-01-09T23:00:00Z,1,2023,18,0.00,0.00,0.00,-2.30
216,2023-01-10T00:00:00Z,1,2023,19,0.00,0.00,0.00,-2.51
217,2023-01-10T01:00:00Z,1,2023,20,0.00,0.00,0.00,-2.55
218,2023-01-10T02:00:00Z,1,2023,21,0.00,0.00,0.00,-2.48
219,2023-01-10T03:00:00Z,1,2023,22,0.00,0.00,0.00,-2.56
220,2023-01-10T04:00:00Z,1,2023,23,0.00,0.00,0.00,-2.46
221,2023-01-10T05:00:00Z,1,2023,0,0.00,0.00,0.00,-2.37
222,2023-01-10T06:00:00Z,1,2023,1,0.00,0.00,0.00,-2.33
223,2023-01-10T07:00:00Z,1,2023,2,0.00,0.00,0.00,-2.23
224,2023-01-10T08:00:00Z,1,2023,3,0.00,0.00,0.00,-2.16
225,2023-01-10T09:00:00Z,1,2023,4,0.00,0.00,0.00,-1.62
226,2023-01-10T10:00:00Z,1,2023,5,0.00,0.00,0.00,-0.99
227,2023-01-10T11:00:00Z,1,2023,6,0.00,0.00,0.00,-0.56
228,2023-01-10T12:00:00Z,1,2023,7,11.65,74.69,12.22,-0.37
229,2023-01-10T13:00:00Z,1,2023,8,121.38,353.74,65.26,0.39
230,2023-01-10T14:00:00Z,1,2023,9,235.27,533.49,107.36,1.26
231,2023-01-10T15:00:00Z,1,2023,10,330.20,574.59,138.70,1.91
232,2023-01-10T16:00:00Z,1,2023,11,383.55,617.71,148.03,2.40
233,2023-01-10T17:00:00Z,1,2023,12,387.52,624.36,152.11,2.58
234,2023-01-10T18:00:00Z,1,2023,13,327.55,518.49,145.58,2.45
235,2023-01-10T19:00:00Z,1,2023,14,236.90,513.61,107.21,2.01
236,2023-01-10T20:00:00Z,1,2023,15,105.05,251.99,67.57,0.34
237,2023-01-10T21:00:00Z,1,2023,16,6.95,11.58,9.42,-2.34
238,2023-01-10T22:00:00Z,1,2023,17,0.00,0.00,0.00,-2.72
239,2023-01-10T23:00:00Z,1,2023,18,0.00,0.00,0.00,-2.75
240,2023-01-11T00:00:00Z,1,2023,19,0.00,0.00,0.00,-2.97
241,2023-01-11T01:00:00Z,1,2023,20,0.00,0.00,0.00,-3.27
242,2023-01-11T02:00:00Z,1,2023,21,0.00,0.00,0.00,-3.57
243,2023-01-11T03:00:00Z,1,2023,22,0.00,0.00,0.00,-3.96
244,2023-01-11T04:00:00Z,1,2023,23,0.00,0.00,0.00,-4.33
245,2023-01-11T05:00:00Z,1,2023,0,0.00,0.00,0.00,-4.56
246,2023-01-11T06:00:00Z,1,2023,1,0.00,0.00,0.00,-4.77
247,2023-01-11T07:00:00Z,1,2023,2,0.00,0.00,0.00,-5.08
248,2023-01-11T08:00:00Z,1,2023,3,0.00,0.00,0.00,-5.61
249,2023-01-11T09:00:00Z,1,2023,4,0.00,0.00,0.00,-6.24
250,2023-01-11T10:00:00Z,1,2023,5,0.00,0.00,0.00,-6.66
251,2023-01-11T11:00:00Z,1,2023,6,0.00,0.00,0.00,-6.94
252,2023-01-11T12:00:00Z,1,2023,7,19.95,154.62,14.53,-6.86
253,2023-01-11T13:00:00Z,1,2023,8,150.80,565.60,46.19,-5.31
254,2023-01-11T14:00:00Z,1,2023,9,285.77,785.20,63.54,-3.44
255,2023-01-11T15:00:00Z,1,2023,10,386.25,825.88,69.51,-1.79
256,2023-01-11T16:00:00Z,1,2023,11,426.00,848.57,75.76,-0.69
257,2023-01-11T17:00:00Z,1,2023,12,415.60,827.27,76.35,-0.10
258,2023-01-11T18:00:00Z,1,2023,13,348.58,703.49,104.39,0.10
259,2023-01-11T19:00:00Z,1,2023,14,242.27,510.99,96.64,-0.34
260,2023-01-11T20:00:00Z,1,2023,15,98.93,231.38,64.72,-1.06
261,2023-01-11T21:00:00Z,1,2023,16,6.00,10.83,8.84,-2.11
262,2023-01-11T22:00:00Z,1,2023,17,0.00,0.00,0.00,-2.33
263,2023-01-11T23:00:00Z,1,2023,18,0.00,0.00,0.00,-2.60
264,2023-01-12T00:00:00Z,1,2023,19,0.00,0.00,0.00,-2.57
265,2023-01-12T01:00:00Z,1,2023,20,0.00,0.00,0.00,-2.42
266,2023-01-12T02:00:00Z,1,2023,21,0.00,0.00,0.00,-2.24
267,2023-01-12T03:00:00Z,1,2023,22,0.00,0.00,0.00,-2.08
268,2023-01-12T04:00:00Z,1,2023,23,0.00,0.00,0.00,-1.94
269,2023-01-12T05:00:00Z,1,2023,0,0.00,0.00,0.00,-1.94
270,2023-01-12T06:00:00Z,1,2023,1,0.00,0.00,0.00,-2.02
271,2023-01-12T07:00:00Z,1,2023,2,0.00,0.00,0.00,-2.11
272,2023-01-12T08:00:00Z,1,2023,3,0.00,0.00,0.00,-2.24
273,2023-01-12T09:00:00Z,1,2023,4,0.00,0.00,0.00,-2.36
274,2023-01-12T10:00:00Z,1,2023,5,0.00,0.00,0.00,-2.31
275,2023-01-12T11:00:00Z,1,2023,6,0.00,0.00,0.00,-2.12
276,2023-01-12T12:00:00Z,1,2023,7,5.18,0.00,5.43,-1.64
277,2023-01-12T13:00:00Z,1,2023,8,34.85,16.82,30.70,0.36
278,2023-01-12T14:00:00Z,1,2023,9,65.70,26.78,54.66,1.98
279,2023-01-12T15:00:00Z,1,2023,10,91.65,52.50,74.62,3.16
280,2023-01-12T16:00:00Z,1,2023,11,102.50,40.28,83.72,3.64
281,2023-01-12T17:00:00Z,1,2023,12,89.75,26.78,72.55,3.88
282,2023-01-12T18:00:00Z,1,2023,13,20.75,0.19,18.01,4.09
283,2023-01-12T19:00:00Z,1,2023,14,16.20,0.00,14.03,3.93
284,2023-01-12T20:00:00Z,1,2023,15,9.10,0.00,7.97,3.41
285,2023-01-12T21:00:00Z,1,2023,16,1.52,0.00,1.75,3.25
286,2023-01-12T22:00:00Z,1,2023,17,0.00,0.00,0.00,3.28
287,2023-01-12T23:00:00Z,1,2023,18,0.00,0.00,0.00,3.46
288,2023-01-13T00:00:00Z,1,2023,19,0.00,0.00,0.00,3.63
289,2023-01-13T01:00:00Z,1,2023,20,0.00,0.00,0.00,3.79
290,2023-01-13T02:00:00Z,1,2023,21,0.00,0.00,0.00,3.93
291,2023-01-13T03:00:00Z,1,2023,22,0.00,0.00,0.00,5.00
292,2023-01-13T04:00:00Z,1,2023,23,0.00,0.00,0.00,5.77
293,2023-01-13T05:00:00Z,1,2023,0,0.00,0.00,0.00,6.62
294,2023-01-13T06:00:00Z,1,2023,1,0.00,0.00,0.00,8.08
295,2023-01-13T07:00:00Z,1,2023,2,0.00,0.00,0.00,8.91
296,2023-01-13T08:00:00Z,1,2023,3,0.00,0.00,0.00,9.46
297,2023-01-13T09:00:00Z,1,2023,4,0.00,0.00,0.00,10.48
298,2023-01-13T10:00:00Z,1,2023,5,0.00,0.00,0.00,11.05
299,2023-01-13T11:00:00Z,1,2023,6,0.00,0.00,0.00,11.33
300,2023-01-13T12:00:00Z,1,2023,7,6.60,0.00,6.93,11.22
301,2023-01-13T13:00:00Z,1,2023,8,41.72,10.27,37.09,11.20
302,2023-01-13T14:00:00Z,1,2023,9,93.62,14.54,79.97,11.22
303,2023-01-13T15:00:00Z,1,2023,10,128.05,17.76,109.35,11.24
304,2023-01-13T16:00:00Z,1,2023,11,130.12,17.96,110.79,11.33
305,2023-01-13T17:00:00Z,1,2023,12,130.52,33.17,107.60,11.66
306,2023-01-13T18:00:00Z,1,2023,13,102.12,36.77,84.46,12.08
307,2023-01-13T19:00:00Z,1,2023,14,68.40,31.66,55.78,11.54
308,2023-01-13T20:00:00Z,1,2023,15,32.10,8.75,27.88,10.42
309,2023-01-13T21:00:00Z,1,2023,16,3.10,0.00,3.32,8.94
310,2023-01-13T22:00:00Z,1,2023,17,0.00,0.00,0.00,7.58
311,2023-01-13T23:00:00Z,1,2023,18,0.00,0.00,0.00,6.18
312,2023-01-14T00:00:00Z,1,2023,19,0.00,0.00,0.00,4.46
313,2023-01-14T01:00:00Z,1,2023,20,0.00,0.00,0.00,3.16
314,2023-01-14T02:00:00Z,1,2023,21,0.00,0.00,0.00,2.42
315,2023-01-14T03:00:00Z,1,2023,22,0.00,0.00,0.00,1.93
316,2023-01-14T04:00:00Z,1,2023,23,0.00,0.00,0.00,1.32
317,2023-01-14T05:00:00Z,1,2023,0,0.00,0.00,0.00,0.78
318,2023-01-14T06:00:00Z,1,2023,1,0.00,0.00,0.00,0.31
319,2023-01-14T07:00:00Z,1,2023,2,0.00,0.00,0.00,0.17
320,2023-01-14T08:00:00Z,1,2023,3,0.00,0.00,0.00,-0.10
321,2023-01-14T09:00:00Z,1,2023,4,0.00,0.00,0.00,-0.35
322,2023-01-14T10:00:00Z,1,2023,5,0.00,0.00,0.00,-0.55
323,2023-01-14T11:00:00Z,1,2023,6,0.00,0.00,0.00,-0.89
324,2023-01-14T12:00:00Z,1,2023,7,9.05,9.48,9.37,-1.19
325,2023-01-14T13:00:00Z,1,2023,8,57.40,120.26,47.28,-0.58
326,2023-01-14T14:00:00Z,1,2023,9,109.47,148.91,81.79,0.56
327,2023-01-14T15:00:00Z,1,2023,10,145.27,192.33,102.19,1.56
328,2023-01-14T16:00:00Z,1,2023,11,133.45,4.90,115.46,2.13
329,2023-01-14T17:00:00Z,1,2023,12,121.28,10.36,104.13,2.50
330,2023-01-14T18:00:00Z,1,2023,13,88.57,5.42,76.98,2.64
331,2023-01-14T19:00:00Z,1,2023,14,72.20,10.60,61.68,2.40
332,2023-01-14T20:00:00Z,1,2023,15,37.35,3.27,32.86,1.59
333,2023-01-14T21:00:00Z,1,2023,16,5.15,2.64,6.53,0.51
334,2023-01-14T22:00:00Z,1,2023,17,0.00,0.00,0.00,-0.08
335,2023-01-14T23:00:00Z,1,2023,18,0.00,0.00,0.00,-0.53
336,2023-01-15T00:00:00Z,1,2023,19,0.00,0.00,0.00,-0.96
337,2023-01-15T01:00:00Z,1,2023,20,0.00,0.00,0.00,-1.31
338,2023-01-15T02:00:00Z,1,2023,21,0.00,0.00,0.00,-1.53
339,2023-01-15T03:00:00Z,1,2023,22,0.00,0.00,0.00,-1.67
340,2023-01-15T04:00:00Z,1,2023,23,0.00,0.00,0.00,-1.82
341,2023-01-15T05:00:00Z,1,2023,0,0.00,0.00,0.00,-1.97
342,2023-01-15T06:00:00Z,1,2023,1,0.00,0.00,0.00,-2.14
343,2023-01-15T07:00:00Z,1,2023,2,0.00,0.00,0.00,-2.26
344,2023-01-15T08:00:00Z,1,2023,3,0.00,0.00,0.00,-2.36
345,2023-01-15T09:00:00Z,1,2023,4,0.00,0.00,0.00,-2.44
346,2023-01-15T10:00:00Z,1,2023,5,0.00,0.00,0.00,-2.42
347,2023-01-15T11:00:00Z,1,2023,6,0.00,0.00,0.00,-2.46
348,2023-01-15T12:00:00Z,1,2023,7,12.07,45.92,13.58,-2.44
349,2023-01-15T13:00:00Z,1,2023,8,65.75,46.79,52.98,-1.87
350,2023-01-15T14:00:00Z,1,2023,9,125.18,67.22,104.42,-1.08
351,2023-01-15T15:00:00Z,1,2023,10,165.20,46.26,136.02,-0.50
352,2023-01-15T16:00:00Z,1,2023,11,179.50,41.66,148.45,-0.21
353,2023-01-15T17:00:00Z,1,2023,12,174.98,0.47,152.21,-0.16
354,2023-01-15T18:00:00Z,1,2023,13,141.35,3.10,123.43,-0.31
355,2023-01-15T19:00:00Z,1,2023,14,82.35,7.35,71.14,-0.44
356,2023-01-15T20:00:00Z,1,2023,15,44.10,17.62,38.44,-0.65
357,2023-01-15T21:00:00Z,1,2023,16,5.38,0.00,5.75,-0.97
358,2023-01-15T22:00:00Z,1,2023,17,0.00,0.00,0.00,-1.20
359,2023-01-15T23:00:00Z,1,2023,18,0.00,0.00,0.00,-1.49
360,2023-01-16T00:00:00Z,1,2023,19,0.00,0.00,0.00,-1.84
361,2023-01-16T01:00:00Z,1,2023,20,0.00,0.00,0.00,-2.10
362,2023-01-16T02:00:00Z,1,2023,21,0.00,0.00,0.00,-2.18
363,2023-01-16T03:00:00Z,1,2023,22,0.00,0.00,0.00,-2.23
364,2023-01-16T04:00:00Z,1,2023,23,0.00,0.00,0.00,-2.39
365,2023-01-16T05:00:00Z,1,2023,0,0.00,0.00,0.00,-2.56
366,2023-01-16T06:00:00Z,1,2023,1,0.00,0.00,0.00,-2.59
367,2023-01-16T07:00:00Z,1,2023,2,0.00,0.00,0.00,-2.56
368,2023-01-16T08:00:00Z,1,2023,3,0.00,0.00,0.00,-2.58
369,2023-01-16T09:00:00Z,1,2023,4,0.00,0.00,0.00,-2.49
370,2023-01-16T10:00:00Z,1,2023,5,0.00,0.00,0.00,-2.30
371,2023-01-16T11:00:00Z,1,2023,6,0.00,0.00,0.00,-2.24
372,2023-01-16T12:00:00Z,1,2023,7,9.88,4.75,10.11,-2.20
373,2023-01-16T13:00:00Z,1,2023,8,57.28,35.06,50.31,-1.79
374,2023-01-16T14:00:00Z,1,2023,9,111.25,20.65,95.17,-1.40
375,2023-01-16T15:00:00Z,1,2023,10,144.88,8.13,125.22,-1.29
376,2023-01-16T16:00:00Z,1,2023,11,169.00,3.58,145.84,-1.31
377,2023-01-16T17:00:00Z,1,2023,12,166.32,6.28,143.88,-1.23
378,2023-01-16T18:00:00Z,1,2023,13,129.43,14.36,111.81,-1.02
379,2023-01-16T19:00:00Z,1,2023,14,97.85,15.41,84.03,-0.83
380,2023-01-16T20:00:00Z,1,2023,15,49.62,18.04,43.27,-1.00
381,2023-01-16T21:00:00Z,1,2023,16,7.38,7.06,7.87,-1.34
382,2023-01-16T22:00:00Z,1,2023,17,0.00,0.00,0.00,-1.70
383,2023-01-16T23:00:00Z,1,2023,18,0.00,0.00,0.00,-2.02
384,2023-01-17T00:00:00Z,1,2023,19,0.00,0.00,0.00,-2.28
385,2023-01-17T01:00:00Z,1,2023,20,0.00,0.00,0.00,-2.46
386,2023-01-17T02:00:00Z,1,2023,21,0.00,0.00,0.00,-2.49
387,2023-01-17T03:00:00Z,1,2023,22,0.00,0.00,0.00,-2.41
388,2023-01-17T04:00:00Z,1,2023,23,0.00,0.00,0.00,-2.34
389,2023-01-17T05:00:00Z,1,2023,0,0.00,0.00,0.00,-2.27
390,2023-01-17T06:00:00Z,1,2023,1,0.00,0.00,0.00,-2.23
391,2023-01-17T07:00:00Z,1,2023,2,0.00,0.00,0.00,-2.32
392,2023-01-17T08:00:00Z,1,2023,3,0.00,0.00,0.00,-2.51
393,2023-01-17T09:00:00Z,1,2023,4,0.00,0.00,0.00,-2.97
394,2023-01-17T10:00:00Z,1,2023,5,0.00,0.00,0.00,-3.73
395,2023-01-17T11:00:00Z,1,2023,6,0.00,0.00,0.00,-4.29
396,2023-01-17T12:00:00Z,1,2023,7,24.62,241.45,13.75,-4.05
397,2023-01-17T13:00:00Z,1,2023,8,163.88,630.64,48.07,-1.69
398,2023-01-17T14:00:00Z,1,2023,9,298.35,720.16,76.14,0.64
399,2023-01-17T15:00:00Z,1,2023,10,397.20,826.91,86.30,2.33
400,2023-01-17T16:00:00Z,1,2023,11,442.08,779.29,107.53,3.62
401,2023-01-17T17:00:00Z,1,2023,12,433.98,755.23,117.04,4.67
402,2023-01-17T18:00:00Z,1,2023,13,357.12,554.03,150.97,4.96
403,2023-01-17T19:00:00Z,1,2023,14,243.68,376.58,139.29,4.04
404,2023-01-17T20:00:00Z,1,2023,15,113.53,221.57,74.23,2.48
405,2023-01-17T21:00:00Z,1,2023,16,8.82,13.22,11.96,1.54
406,2023-01-17T22:00:00Z,1,2023,17,0.00,0.00,0.00,1.36
407,2023-01-17T23:00:00Z,1,2023,18,0.00,0.00,0.00,1.24
408,2023-01-18T00:00:00Z,1,2023,19,0.00,0.00,0.00,1.36
409,2023-01-18T01:00:00Z,1,2023,20,0.00,0.00,0.00,1.30
410,2023-01-18T02:00:00Z,1,2023,21,0.00,0.00,0.00,0.88
411,2023-01-18T03:00:00Z,1,2023,22,0.00,0.00,0.00,0.83
412,2023-01-18T04:00:00Z,1,2023,23,0.00,0.00,0.00,1.03
413,2023-01-18T05:00:00Z,1,2023,0,0.00,0.00,0.00,1.05
414,2023-01-18T06:00:00Z,1,2023,1,0.00,0.00,0.00,0.89
415,2023-01-18T07:00:00Z,1,2023,2,0.00,0.00,0.00,0.21
416,2023-01-18T08:00:00Z,1,2023,3,0.00,0.00,0.00,-0.25
417,2023-01-18T09:00:00Z,1,2023,4,0.00,0.00,0.00,-0.77
418,2023-01-18T10:00:00Z,1,2023,5,0.00,0.00,0.00,-0.63
419,2023-01-18T11:00:00Z,1,2023,6,0.00,0.00,0.00,-0.07
420,2023-01-18T12:00:00Z,1,2023,7,14.90,13.13,17.14,1.17
421,2023-01-18T13:00:00Z,1,2023,8,103.55,70.26,85.44,2.55
422,2023-01-18T14:00:00Z,1,2023,9,200.43,107.37,159.55,3.68
423,2023-01-18T15:00:00Z,1,2023,10,275.48,120.82,215.98,4.72
424,2023-01-18T16:00:00Z,1,2023,11,311.62,161.07,231.38,5.80
425,2023-01-18T17:00:00Z,1,2023,12,309.15,298.26,194.98,6.58
426,2023-01-18T18:00:00Z,1,2023,13,281.35,282.42,189.28,6.81
427,2023-01-18T19:00:00Z,1,2023,14,196.68,384.79,95.58,6.39
428,2023-01-18T20:00:00Z,1,2023,15,99.30,279.91,54.29,5.35
429,2023-01-18T21:00:00Z,1,2023,16,11.27,47.01,12.43,4.09
430,2023-01-18T22:00:00Z,1,2023,17,0.00,0.00,0.00,3.47
431,2023-01-18T23:00:00Z,1,2023,18,0.00,0.00,0.00,3.07
432,2023-01-19T00:00:00Z,1,2023,19,0.00,0.00,0.00,2.72
433,2023-01-19T01:00:00Z,1,2023,20,0.00,0.00,0.00,2.36
434,2023-01-19T02:00:00Z,1,2023,21,0.00,0.00,0.00,1.94
435,2023-01-19T03:00:00Z,1,2023,22,0.00,0.00,0.00,1.69
436,2023-01-19T04:00:00Z,1,2023,23,0.00,0.00,0.00,1.28
437,2023-01-19T05:00:00Z,1,2023,0,0.00,0.00,0.00,0.54
438,2023-01-19T06:00:00Z,1,2023,1,0.00,0.00,0.00,0.04
439,2023-01-19T07:00:00Z,1,2023,2,0.00,0.00,0.00,-0.36
440,2023-01-19T08:00:00Z,1,2023,3,0.00,0.00,0.00,-0.99
441,2023-01-19T09:00:00Z,1,2023,4,0.00,0.00,0.00,-1.45
442,2023-01-19T10:00:00Z,1,2023,5,0.00,0.00,0.00,-1.50
443,2023-01-19T11:00:00Z,1,2023,6,0.00,0.00,0.00,-1.78
444,2023-01-19T12:00:00Z,1,2023,7,13.43,0.00,13.81,-1.05
445,2023-01-19T13:00:00Z,1,2023,8,66.53,0.00,60.11,0.37
446,2023-01-19T14:00:00Z,1,2023,9,121.10,0.00,105.59,1.42
447,2023-01-19T15:00:00Z,1,2023,10,161.00,0.00,140.35,2.00
448,2023-01-19T16:00:00Z,1,2023,11,193.77,0.00,165.21,2.29
449,2023-01-19T17:00:00Z,1,2023,12,122.82,7.20,105.28,2.50
450,2023-01-19T18:00:00Z,1,2023,13,71.62,0.00,62.42,2.60
451,2023-01-19T19:00:00Z,1,2023,14,115.55,0.00,100.25,2.32
452,2023-01-19T20:00:00Z,1,2023,15,55.47,0.00,48.54,0.84
453,2023-01-19T21:00:00Z,1,2023,16,3.60,0.00,3.78,0.27
454,2023-01-19T22:00:00Z,1,2023,17,0.00,0.00,0.00,0.05
455,2023-01-19T23:00:00Z,1,2023,18,0.00,0.00,0.00,0.27
456,2023-01-20T00:00:00Z,1,2023,19,0.00,0.00,0.00,0.47
457,2023-01-20T01:00:00Z,1,2023,20,0.00,0.00,0.00,0.52
458,2023-01-20T02:00:00Z,1,2023,21,0.00,0.00,0.00,0.58
459,2023-01-20T03:00:00Z,1,2023,22,0.00,0.00,0.00,0.60
460,2023-01-20T04:00:00Z,1,2023,23,0.00,0.00,0.00,0.50
461,2023-01-20T05:00:00Z,1,2023,0,0.00,0.00,0.00,0.53
462,2023-01-20T06:00:00Z,1,2023,1,0.00,0.00,0.00,0.55
463,2023-01-20T07:00:00Z,1,2023,2,0.00,0.00,0.00,0.63
464,2023-01-20T08:00:00Z,1,2023,3,0.00,0.00,0.00,0.73
465,2023-01-20T09:00:00Z,1,2023,4,0.00,0.00,0.00,0.86
466,2023-01-20T10:00:00Z,1,2023,5,0.00,0.00,0.00,0.90
467,2023-01-20T11:00:00Z,1,2023,6,0.00,0.00,0.00,0.76
468,2023-01-20T12:00:00Z,1,2023,7,11.60,44.45,12.44,0.64
469,2023-01-20T13:00:00Z,1,2023,8,60.53,79.91,46.12,0.75
470,2023-01-20T14:00:00Z,1,2023,9,104.15,65.15,76.09,0.91
471,2023-01-20T15:00:00Z,1,2023,10,130.00,60.05,101.00,1.00
472,2023-01-20T16:00:00Z,1,2023,11,136.57,39.94,110.53,0.94
473,2023-01-20T17:00:00Z,1,2023,12,131.18,2.98,111.37,0.82
474,2023-01-20T18:00:00Z,1,2023,13,111.00,10.21,95.31,0.67
475,2023-01-20T19:00:00Z,1,2023,14,85.90,13.05,73.75,0.54
476,2023-01-20T20:00:00Z,1,2023,15,46.65,16.05,41.29,0.24
477,2023-01-20T21:00:00Z,1,2023,16,7.68,2.61,8.03,-0.27
478,2023-01-20T22:00:00Z,1,2023,17,0.00,0.00,0.00,-0.80
479,2023-01-20T23:00:00Z,1,2023,18,0.00,0.00,0.00,-1.36
480,2023-01-21T00:00:00Z,1,2023,19,0.00,0.00,0.00,-1.61
481,2023-01-21T01:00:00Z,1,2023,20,0.00,0.00,0.00,-1.83
482,2023-01-21T02:00:00Z,1,2023,21,0.00,0.00,0.00,-2.43
483,2023-01-21T03:00:00Z,1,2023,22,0.00,0.00,0.00,-3.05
484,2023-01-21T04:00:00Z,1,2023,23,0.00,0.00,0.00,-3.62
485,2023-01-21T05:00:00Z,1,2023,0,0.00,0.00,0.00,-4.11
486,2023-01-21T06:00:00Z,1,2023,1,0.00,0.00,0.00,-4.41
487,2023-01-21T07:00:00Z,1,2023,2,0.00,0.00,0.00,-4.74
488,2023-01-21T08:00:00Z,1,2023,3,0.00,0.00,0.00,-5.32
489,2023-01-21T09:00:00Z,1,2023,4,0.00,0.00,0.00,-6.00
490,2023-01-21T10:00:00Z,1,2023,5,0.00,0.00,0.00,-6.44
491,2023-01-21T11:00:00Z,1,2023,6,0.00,0.00,0.00,-6.57
492,2023-01-21T12:00:00Z,1,2023,7,18.25,150.35,13.15,-6.25
493,2023-01-21T13:00:00Z,1,2023,8,100.05,339.90,42.83,-4.12
494,2023-01-21T14:00:00Z,1,2023,9,165.90,342.01,67.41,-1.22
495,2023-01-21T15:00:00Z,1,2023,10,208.98,377.66,89.18,-0.21
496,2023-01-21T16:00:00Z,1,2023,11,234.95,411.62,109.20,0.10
497,2023-01-21T17:00:00Z,1,2023,12,144.20,15.04,120.56,0.08
498,2023-01-21T18:00:00Z,1,2023,13,137.75,42.58,112.66,-0.16
499,2023-01-21T19:00:00Z,1,2023,14,98.75,48.75,80.87,-0.61
500,2023-01-21T20:00:00Z,1,2023,15,50.65,55.04,39.58,-1.43
501,2023-01-21T21:00:00Z,1,2023,16,6.38,34.48,7.13,-3.96
502,2023-01-21T22:00:00Z,1,2023,17,0.00,0.00,0.00,-6.12
503,2023-01-21T23:00:00Z,1,2023,18,0.00,0.00,0.00,-7.18
504,2023-01-22T00:00:00Z,1,2023,19,0.00,0.00,0.00,-8.03
505,2023-01-22T01:00:00Z,1,2023,20,0.00,0.00,0.00,-8.56
506,2023-01-22T02:00:00Z,1,2023,21,0.00,0.00,0.00,-8.74
507,2023-01-22T03:00:00Z,1,2023,22,0.00,0.00,0.00,-8.62
508,2023-01-22T04:00:00Z,1,2023,23,0.00,0.00,0.00,-8.60
509,2023-01-22T05:00:00Z,1,2023,0,0.00,0.00,0.00,-8.53
510,2023-01-22T06:00:00Z,1,2023,1,0.00,0.00,0.00,-8.31
511,2023-01-22T07:00:00Z,1,2023,2,0.00,0.00,0.00,-9.26
512,2023-01-22T08:00:00Z,1,2023,3,0.00,0.00,0.00,-9.19
513,2023-01-22T09:00:00Z,1,2023,4,0.00,0.00,0.00,-7.75
514,2023-01-22T10:00:00Z,1,2023,5,0.00,0.00,0.00,-7.06
515,2023-01-22T11:00:00Z,1,2023,6,0.00,0.00,0.00,-7.02
516,2023-01-22T12:00:00Z,1,2023,7,15.88,99.82,13.87,-7.46
517,2023-01-22T13:00:00Z,1,2023,8,89.82,241.54,48.99,-5.84
518,2023-01-22T14:00:00Z,1,2023,9,144.38,245.20,74.17,-2.49
519,2023-01-22T15:00:00Z,1,2023,10,185.88,283.19,96.22,-0.86
520,2023-01-22T16:00:00Z,1,2023,11,204.65,240.62,118.56,-0.06
521,2023-01-22T17:00:00Z,1,2023,12,145.45,1.33,123.77,0.36
522,2023-01-22T18:00:00Z,1,2023,13,131.55,79.36,102.71,0.64
523,2023-01-22T19:00:00Z,1,2023,14,120.00,81.46,89.00,0.73
524,2023-01-22T20:00:00Z,1,2023,15,64.38,73.10,47.18,0.46
525,2023-01-22T21:00:00Z,1,2023,16,6.05,2.41,6.20,-0.37
526,2023-01-22T22:00:00Z,1,2023,17,0.00,0.00,0.00,-0.36
527,2023-01-22T23:00:00Z,1,2023,18,0.00,0.00,0.00,0.02
528,2023-01-23T00:00:00Z,1,2023,19,0.00,0.00,0.00,0.60
529,2023-01-23T01:00:00Z,1,2023,20,0.00,0.00,0.00,0.78
530,2023-01-23T02:00:00Z,1,2023,21,0.00,0.00,0.00,0.97
531,2023-01-23T03:00:00Z,1,2023,22,0.00,0.00,0.00,0.78
532,2023-01-23T04:00:00Z,1,2023,23,0.00,0.00,0.00,0.76
533,2023-01-23T05:00:00Z,1,2023,0,0.00,0.00,0.00,0.72
534,2023-01-23T06:00:00Z,1,2023,1,0.00,0.00,0.00,0.68
535,2023-01-23T07:00:00Z,1,2023,2,0.00,0.00,0.00,0.52
536,2023-01-23T08:00:00Z,1,2023,3,0.00,0.00,0.00,0.44
537,2023-01-23T09:00:00Z,1,2023,4,0.00,0.00,0.00,0.51
538,2023-01-23T10:00:00Z,1,2023,5,0.00,0.00,0.00,0.47
539,2023-01-23T11:00:00Z,1,2023,6,0.00,0.00,0.00,0.41
540,2023-01-23T12:00:00Z,1,2023,7,11.27,31.73,12.00,0.50
541,2023-01-23T13:00:00Z,1,2023,8,57.80,124.84,45.25,0.63
542,2023-01-23T14:00:00Z,1,2023,9,109.53,186.97,79.21,0.70
543,2023-01-23T15:00:00Z,1,2023,10,146.30,206.60,97.55,0.53
544,2023-01-23T16:00:00Z,1,2023,11,107.85,18.73,88.48,0.30
545,2023-01-23T17:00:00Z,1,2023,12,127.12,49.44,100.04,0.27
546,2023-01-23T18:00:00Z,1,2023,13,110.15,109.14,76.60,0.27
547,2023-01-23T19:00:00Z,1,2023,14,75.20,87.03,58.24,0.36
548,2023-01-23T20:00:00Z,1,2023,15,54.83,20.74,47.03,0.36
549,2023-01-23T21:00:00Z,1,2023,16,10.18,6.79,10.39,0.19
550,2023-01-23T22:00:00Z,1,2023,17,0.00,0.00,0.00,-0.04
551,2023-01-23T23:00:00Z,1,2023,18,0.00,0.00,0.00,-0.35
552,2023-01-24T00:00:00Z,1,2023,19,0.00,0.00,0.00,-1.10
553,2023-01-24T01:00:00Z,1,2023,20,0.00,0.00,0.00,-1.81
554,2023-01-24T02:00:00Z,1,2023,21,0.00,0.00,0.00,-2.29
555,2023-01-24T03:00:00Z,1,2023,22,0.00,0.00,0.00,-2.70
556,2023-01-24T04:00:00Z,1,2023,23,0.00,0.00,0.00,-3.14
557,2023-01-24T05:00:00Z,1,2023,0,0.00,0.00,0.00,-3.53
558,2023-01-24T06:00:00Z,1,2023,1,0.00,0.00,0.00,-3.93
559,2023-01-24T07:00:00Z,1,2023,2,0.00,0.00,0.00,-4.47
560,2023-01-24T08:00:00Z,1,2023,3,0.00,0.00,0.00,-5.45
561,2023-01-24T09:00:00Z,1,2023,4,0.00,0.00,0.00,-5.95
562,2023-01-24T10:00:00Z,1,2023,5,0.00,0.00,0.00,-6.17
563,2023-01-24T11:00:00Z,1,2023,6,0.00,0.00,0.00,-6.05
564,2023-01-24T12:00:00Z,1,2023,7,19.02,36.62,20.34,-5.40
565,2023-01-24T13:00:00Z,1,2023,8,116.32,142.57,84.46,-3.90
566,2023-01-24T14:00:00Z,1,2023,9,207.20,262.78,132.16,-2.19
567,2023-01-24T15:00:00Z,1,2023,10,273.48,370.97,140.46,-0.27
568,2023-01-24T16:00:00Z,1,2023,11,305.92,493.39,106.24,0.63
569,2023-01-24T17:00:00Z,1,2023,12,262.02,401.01,114.97,0.79
570,2023-01-24T18:00:00Z,1,2023,13,172.12,78.48,135.68,0.89
571,2023-01-24T19:00:00Z,1,2023,14,160.00,367.93,66.02,0.88
572,2023-01-24T20:00:00Z,1,2023,15,98.65,324.31,44.53,0.74
573,2023-01-24T21:00:00Z,1,2023,16,17.65,118.56,14.11,0.49
574,2023-01-24T22:00:00Z,1,2023,17,0.00,0.00,0.00,0.28
575,2023-01-24T23:00:00Z,1,2023,18,0.00,0.00,0.00,-0.10
576,2023-01-25T00:00:00Z,1,2023,19,0.00,0.00,0.00,-0.72
577,2023-01-25T01:00:00Z,1,2023,20,0.00,0.00,0.00,-1.20
578,2023-01-25T02:00:00Z,1,2023,21,0.00,0.00,0.00,-1.54
579,2023-01-25T03:00:00Z,1,2023,22,0.00,0.00,0.00,-1.72
580,2023-01-25T04:00:00Z,1,2023,23,0.00,0.00,0.00,-2.04
581,2023-01-25T05:00:00Z,1,2023,0,0.00,0.00,0.00,-2.11
582,2023-01-25T06:00:00Z,1,2023,1,0.00,0.00,0.00,-2.32
583,2023-01-25T07:00:00Z,1,2023,2,0.00,0.00,0.00,-2.76
584,2023-01-25T08:00:00Z,1,2023,3,0.00,0.00,0.00,-3.55
585,2023-01-25T09:00:00Z,1,2023,4,0.00,0.00,0.00,-4.33
586,2023-01-25T10:00:00Z,1,2023,5,0.00,0.00,0.00,-4.90
587,2023-01-25T11:00:00Z,1,2023,6,0.00,0.00,0.00,-5.22
588,2023-01-25T12:00:00Z,1,2023,7,15.15,0.00,15.41,-4.57
589,2023-01-25T13:00:00Z,1,2023,8,80.18,0.00,70.96,-2.83
590,2023-01-25T14:00:00Z,1,2023,9,148.00,0.00,126.48,-1.24
591,2023-01-25T15:00:00Z,1,2023,10,197.23,0.45,167.87,-0.75
592,2023-01-25T16:00:00Z,1,2023,11,209.98,0.13,177.67,0.25
593,2023-01-25T17:00:00Z,1,2023,12,217.32,0.13,183.90,0.84
594,2023-01-25T18:00:00Z,1,2023,13,112.43,0.00,95.73,0.87
595,2023-01-25T19:00:00Z,1,2023,14,71.47,0.00,61.08,0.77
596,2023-01-25T20:00:00Z,1,2023,15,41.05,0.00,36.33,0.57
597,2023-01-25T21:00:00Z,1,2023,16,9.73,0.00,10.01,0.45
598,2023-01-25T22:00:00Z,1,2023,17,0.00,0.00,0.00,0.47
599,2023-01-25T23:00:00Z,1,2023,18,0.00,0.00,0.00,0.47
600,2023-01-26T00:00:00Z,1,2023,19,0.00,0.00,0.00,0.37
601,2023-01-26T01:00:00Z,1,2023,20,0.00,0.00,0.00,0.43
602,2023-01-26T02:00:00Z,1,2023,21,0.00,0.00,0.00,0.60
603,2023-01-26T03:00:00Z,1,2023,22,0.00,0.00,0.00,1.16
604,2023-01-26T04:00:00Z,1,2023,23,0.00,0.00,0.00,1.85
605,2023-01-26T05:00:00Z,1,2023,0,0.00,0.00,0.00,2.57
606,2023-01-26T06:00:00Z,1,2023,1,0.00,0.00,0.00,3.29
607,2023-01-26T07:00:00Z,1,2023,2,0.00,0.00,0.00,3.69
608,2023-01-26T08:00:00Z,1,2023,3,0.00,0.00,0.00,4.00
609,2023-01-26T09:00:00Z,1,2023,4,0.00,0.00,0.00,4.18
610,2023-01-26T10:00:00Z,1,2023,5,0.00,0.00,0.00,4.05
611,2023-01-26T11:00:00Z,1,2023,6,0.00,0.00,0.00,3.45
612,2023-01-26T12:00:00Z,1,2023,7,16.38,6.07,16.58,3.16
613,2023-01-26T13:00:00Z,1,2023,8,64.53,57.14,53.71,3.44
614,2023-01-26T14:00:00Z,1,2023,9,130.20,81.13,97.47,3.21
615,2023-01-26T15:00:00Z,1,2023,10,180.75,140.29,128.30,2.86
616,2023-01-26T16:00:00Z,1,2023,11,213.15,175.09,138.36,3.19
617,2023-01-26T17:00:00Z,1,2023,12,185.15,78.07,140.91,3.71
618,2023-01-26T18:00:00Z,1,2023,13,174.93,102.93,132.70,4.09
619,2023-01-26T19:00:00Z,1,2023,14,129.38,116.58,92.32,4.03
620,2023-01-26T20:00:00Z,1,2023,15,67.90,113.72,48.22,3.27
621,2023-01-26T21:00:00Z,1,2023,16,8.65,36.37,8.65,2.10
622,2023-01-26T22:00:00Z,1,2023,17,0.00,0.00,0.00,1.12
623,2023-01-26T23:00:00Z,1,2023,18,0.00,0.00,0.00,0.38
624,2023-01-27T00:00:00Z,1,2023,19,0.00,0.00,0.00,-0.31
625,2023-01-27T01:00:00Z,1,2023,20,0.00,0.00,0.00,-0.86
626,2023-01-27T02:00:00Z,1,2023,21,0.00,0.00,0.00,-1.31
627,2023-01-27T03:00:00Z,1,2023,22,0.00,0.00,0.00,-1.82
628,2023-01-27T04:00:00Z,1,2023,23,0.00,0.00,0.00,-2.45
629,2023-01-27T05:00:00Z,1,2023,0,0.00,0.00,0.00,-3.20
630,2023-01-27T06:00:00Z,1,2023,1,0.00,0.00,0.00,-3.86
631,2023-01-27T07:00:00Z,1,2023,2,0.00,0.00,0.00,-4.33
632,2023-01-27T08:00:00Z,1,2023,3,0.00,0.00,0.00,-4.44
633,2023-01-27T09:00:00Z,1,2023,4,0.00,0.00,0.00,-4.27
634,2023-01-27T10:00:00Z,1,2023,5,0.00,0.00,0.00,-4.03
635,2023-01-27T11:00:00Z,1,2023,6,0.00,0.00,0.00,-3.85
636,2023-01-27T12:00:00Z,1,2023,7,35.15,219.66,21.31,-3.29
637,2023-01-27T13:00:00Z,1,2023,8,184.57,617.24,57.52,-1.46
638,2023-01-27T14:00:00Z,1,2023,9,324.00,733.56,85.64,0.11
639,2023-01-27T15:00:00Z,1,2023,10,427.48,781.67,96.95,1.26
640,2023-01-27T16:00:00Z,1,2023,11,478.38,827.52,101.09,2.10
641,2023-01-27T17:00:00Z,1,2023,12,477.85,798.19,106.86,2.68
642,2023-01-27T18:00:00Z,1,2023,13,398.23,751.25,88.76,3.01
643,2023-01-27T19:00:00Z,1,2023,14,291.50,622.49,89.07,3.03
644,2023-01-27T20:00:00Z,1,2023,15,159.05,489.18,61.44,2.57
645,2023-01-27T21:00:00Z,1,2023,16,25.60,129.20,21.51,2.01
646,2023-01-27T22:00:00Z,1,2023,17,0.00,0.00,0.00,1.47
647,2023-01-27T23:00:00Z,1,2023,18,0.00,0.00,0.00,0.37
648,2023-01-28T00:00:00Z,1,2023,19,0.00,0.00,0.00,-0.98
649,2023-01-28T01:00:00Z,1,2023,20,0.00,0.00,0.00,-1.50
650,2023-01-28T02:00:00Z,1,2023,21,0.00,0.00,0.00,-1.38
651,2023-01-28T03:00:00Z,1,2023,22,0.00,0.00,0.00,-0.81
652,2023-01-28T04:00:00Z,1,2023,23,0.00,0.00,0.00,-0.77
653,2023-01-28T05:00:00Z,1,2023,0,0.00,0.00,0.00,-1.17
654,2023-01-28T06:00:00Z,1,2023,1,0.00,0.00,0.00,-1.51
655,2023-01-28T07:00:00Z,1,2023,2,0.00,0.00,0.00,-1.91
656,2023-01-28T08:00:00Z,1,2023,3,0.00,0.00,0.00,-2.00
657,2023-01-28T09:00:00Z,1,2023,4,0.00,0.00,0.00,-2.05
658,2023-01-28T10:00:00Z,1,2023,5,0.00,0.00,0.00,-1.68
659,2023-01-28T11:00:00Z,1,2023,6,0.00,0.00,0.00,-1.13
660,2023-01-28T12:00:00Z,1,2023,7,20.65,73.46,19.16,-0.51
661,2023-01-28T13:00:00Z,1,2023,8,153.98,382.04,82.10,0.93
662,2023-01-28T14:00:00Z,1,2023,9,287.65,539.53,105.61,2.82
663,2023-01-28T15:00:00Z,1,2023,10,399.38,655.28,119.40,4.37
664,2023-01-28T16:00:00Z,1,2023,11,464.23,772.66,100.97,5.48
665,2023-01-28T17:00:00Z,1,2023,12,495.65,871.96,81.36,6.16
666,2023-01-28T18:00:00Z,1,2023,13,416.92,641.16,164.70,6.33
667,2023-01-28T19:00:00Z,1,2023,14,296.95,572.55,113.99,5.94
668,2023-01-28T20:00:00Z,1,2023,15,167.15,468.97,73.52,4.58
669,2023-01-28T21:00:00Z,1,2023,16,28.55,127.04,25.03,2.69
670,2023-01-28T22:00:00Z,1,2023,17,0.00,0.00,0.00,2.35
671,2023-01-28T23:00:00Z,1,2023,18,0.00,0.00,0.00,1.90
672,2023-01-29T00:00:00Z,1,2023,19,0.00,0.00,0.00,1.24
673,2023-01-29T01:00:00Z,1,2023,20,0.00,0.00,0.00,0.62
674,2023-01-29T02:00:00Z,1,2023,21,0.00,0.00,0.00,-0.06
675,2023-01-29T03:00:00Z,1,2023,22,0.00,0.00,0.00,-0.15
676,2023-01-29T04:00:00Z,1,2023,23,0.00,0.00,0.00,0.11
677,2023-01-29T05:00:00Z,1,2023,0,0.00,0.00,0.00,0.04
678,2023-01-29T06:00:00Z,1,2023,1,0.00,0.00,0.00,-0.04
679,2023-01-29T07:00:00Z,1,2023,2,0.00,0.00,0.00,0.58
680,2023-01-29T08:00:00Z,1,2023,3,0.00,0.00,0.00,1.18
681,2023-01-29T09:00:00Z,1,2023,4,0.00,0.00,0.00,1.19
682,2023-01-29T10:00:00Z,1,2023,5,0.00,0.00,0.00,0.27
683,2023-01-29T11:00:00Z,1,2023,6,0.00,0.00,0.00,-0.97
684,2023-01-29T12:00:00Z,1,2023,7,14.45,0.00,14.45,-0.13
685,2023-01-29T13:00:00Z,1,2023,8,62.22,7.15,53.26,1.98
686,2023-01-29T14:00:00Z,1,2023,9,110.38,15.61,94.98,3.38
687,2023-01-29T15:00:00Z,1,2023,10,175.10,11.51,149.93,4.63
688,2023-01-29T16:00:00Z,1,2023,11,233.62,19.54,197.34,5.71
689,2023-01-29T17:00:00Z,1,2023,12,200.85,0.00,172.41,5.92
690,2023-01-29T18:00:00Z,1,2023,13,77.72,0.00,67.64,6.11
691,2023-01-29T19:00:00Z,1,2023,14,119.30,3.26,101.56,6.08
692,2023-01-29T20:00:00Z,1,2023,15,65.85,3.69,57.90,5.77
693,2023-01-29T21:00:00Z,1,2023,16,12.30,0.00,12.30,4.87
694,2023-01-29T22:00:00Z,1,2023,17,0.00,0.00,0.00,4.62
695,2023-01-29T23:00:00Z,1,2023,18,0.00,0.00,0.00,4.51
696,2023-01-30T00:00:00Z,1,2023,19,0.00,0.00,0.00,4.05
697,2023-01-30T01:00:00Z,1,2023,20,0.00,0.00,0.00,3.40
698,2023-01-30T02:00:00Z,1,2023,21,0.00,0.00,0.00,3.22
699,2023-01-30T03:00:00Z,1,2023,22,0.00,0.00,0.00,3.19
700,2023-01-30T04:00:00Z,1,2023,23,0.00,0.00,0.00,2.60
701,2023-01-30T05:00:00Z,1,2023,0,0.00,0.00,0.00,2.47
702,2023-01-30T06:00:00Z,1,2023,1,0.00,0.00,0.00,2.25
703,2023-01-30T07:00:00Z,1,2023,2,0.00,0.00,0.00,1.89
704,2023-01-30T08:00:00Z,1,2023,3,0.00,0.00,0.00,1.55
705,2023-01-30T09:00:00Z,1,2023,4,0.00,0.00,0.00,1.21
706,2023-01-30T10:00:00Z,1,2023,5,0.00,0.00,0.00,0.76
707,2023-01-30T11:00:00Z,1,2023,6,0.00,0.00,0.00,0.39
708,2023-01-30T12:00:00Z,1,2023,7,30.08,30.34,29.99,0.63
709,2023-01-30T13:00:00Z,1,2023,8,142.52,187.33,103.86,1.96
710,2023-01-30T14:00:00Z,1,2023,9,240.02,336.06,148.28,3.79
711,2023-01-30T15:00:00Z,1,2023,10,309.40,400.17,148.53,5.64
712,2023-01-30T16:00:00Z,1,2023,11,373.33,316.62,217.49,7.06
713,2023-01-30T17:00:00Z,1,2023,12,321.65,403.14,152.28,7.85
714,2023-01-30T18:00:00Z,1,2023,13,273.23,265.92,167.78,8.18
715,2023-01-30T19:00:00Z,1,2023,14,180.05,236.96,105.54,8.06
716,2023-01-30T20:00:00Z,1,2023,15,98.22,208.80,60.07,7.16
717,2023-01-30T21:00:00Z,1,2023,16,18.15,52.71,16.31,4.87
718,2023-01-30T22:00:00Z,1,2023,17,0.00,0.00,0.00,3.61
719,2023-01-30T23:00:00Z,1,2023,18,0.00,0.00,0.00,2.50
720,2023-01-31T00:00:00Z,1,2023,19,0.00,0.00,0.00,1.59
721,2023-01-31T01:00:00Z,1,2023,20,0.00,0.00,0.00,1.56
722,2023-01-31T02:00:00Z,1,2023,21,0.00,0.00,0.00,1.40
723,2023-01-31T03:00:00Z,1,2023,22,0.00,0.00,0.00,1.14
724,2023-01-31T04:00:00Z,1,2023,23,0.00,0.00,0.00,1.02
725,2023-01-31T05:00:00Z,1,2023,0,0.00,0.00,0.00,0.70
726,2023-01-31T06:00:00Z,1,2023,1,0.00,0.00,0.00,0.29
727,2023-01-31T07:00:00Z,1,2023,2,0.00,0.00,0.00,-0.06
728,2023-01-31T08:00:00Z,1,2023,3,0.00,0.00,0.00,-0.35
729,2023-01-31T09:00:00Z,1,2023,4,0.00,0.00,0.00,-0.61
730,2023-01-31T10:00:00Z,1,2023,5,0.00,0.00,0.00,-0.89
731,2023-01-31T11:00:00Z,1,2023,6,0.00,0.00,0.00,-1.35
732,2023-01-31T12:00:00Z,1,2023,7,16.73,6.31,17.53,-1.23
733,2023-01-31T13:00:00Z,1,2023,8,125.15,146.45,94.58,-0.38
734,2023-01-31T14:00:00Z,1,2023,9,217.52,231.47,146.35,0.48
735,2023-01-31T15:00:00Z,1,2023,10,305.50,295.55,171.63,1.07
736,2023-01-31T16:00:00Z,1,2023,11,367.67,379.38,191.25,1.32
737,2023-01-31T17:00:00Z,1,2023,12,368.35,435.91,164.12,1.10
738,2023-01-31T18:00:00Z,1,2023,13,339.40,498.90,135.83,0.58
739,2023-01-31T19:00:00Z,1,2023,14,269.20,498.30,98.83,-0.22
740,2023-01-31T20:00:00Z,1,2023,15,166.93,475.30,65.71,-1.48
741,2023-01-31T21:00:00Z,1,2023,16,37.33,172.21,24.66,-3.23
742,2023-01-31T22:00:00Z,1,2023,17,0.00,0.00,0.00,-4.61
743,2023-01-31T23:00:00Z,1,2023,18,0.00,0.00,0.00,-5.25
744,2023-02-01T00:00:00Z,2,2023,19,0.00,0.00,0.00,-5.61
745,2023-02-01T01:00:00Z,2,2023,20,0.00,0.00,0.00,-5.85
746,2023-02-01T02:00:00Z,2,2023,21,0.00,0.00,0.00,-6.01
747,2023-02-01T03:00:00Z,2,2023,22,0.00,0.00,0.00,-6.02
748,2023-02-01T04:00:00Z,2,2023,23,0.00,0.00,0.00,-5.96
749,2023-02-01T05:00:00Z,2,2023,0,0.00,0.00,0.00,-5.86
750,2023-02-01T06:00:00Z,2,2023,1,0.00,0.00,0.00,-5.78
751,2023-02-01T07:00:00Z,2,2023,2,0.00,0.00,0.00,-5.79
752,2023-02-01T08:00:00Z,2,2023,3,0.00,0.00,0.00,-5.89
753,2023-02-01T09:00:00Z,2,2023,4,0.00,0.00,0.00,-5.95
754,2023-02-01T10:00:00Z,2,2023,5,0.00,0.00,0.00,-5.90
755,2023-02-01T11:00:00Z,2,2023,6,0.00,0.00,0.00,-5.89
756,2023-02-01T12:00:00Z,2,2023,7,37.50,193.44,25.74,-5.63
757,2023-02-01T13:00:00Z,2,2023,8,186.55,567.59,66.35,-4.65
758,2023-02-01T14:00:00Z,2,2023,9,330.95,712.10,90.47,-3.57
759,2023-02-01T15:00:00Z,2,2023,10,441.50,800.85,96.29,-2.53
760,2023-02-01T16:00:00Z,2,2023,11,510.15,826.63,101.62,-1.73
761,2023-02-01T17:00:00Z,2,2023,12,516.45,867.71,90.04,-1.21
762,2023-02-01T18:00:00Z,2,2023,13,457.55,785.69,99.45,-0.96
763,2023-02-01T19:00:00Z,2,2023,14,346.17,725.80,86.19,-1.06
764,2023-02-01T20:00:00Z,2,2023,15,197.48,557.33,66.09,-1.66
765,2023-02-01T21:00:00Z,2,2023,16,40.47,168.01,25.31,-3.33
766,2023-02-01T22:00:00Z,2,2023,17,0.00,0.00,0.00,-3.78
767,2023-02-01T23:00:00Z,2,2023,18,0.00,0.00,0.00,-3.63
768,2023-02-02T00:00:00Z,2,2023,19,0.00,0.00,0.00,-4.16
769,2023-02-02T01:00:00Z,2,2023,20,0.00,0.00,0.00,-5.05
770,2023-02-02T02:00:00Z,2,2023,21,0.00,0.00,0.00,-5.72
771,2023-02-02T03:00:00Z,2,2023,22,0.00,0.00,0.00,-5.90
772,2023-02-02T04:00:00Z,2,2023,23,0.00,0.00,0.00,-5.88
773,2023-02-02T05:00:00Z,2,2023,0,0.00,0.00,0.00,-6.27
774,2023-02-02T06:00:00Z,2,2023,1,0.00,0.00,0.00,-6.83
775,2023-02-02T07:00:00Z,2,2023,2,0.00,0.00,0.00,-6.79
776,2023-02-02T08:00:00Z,2,2023,3,0.00,0.00,0.00,-6.75
777,2023-02-02T09:00:00Z,2,2023,4,0.00,0.00,0.00,-6.85
778,2023-02-02T10:00:00Z,2,2023,5,0.00,0.00,0.00,-6.77
779,2023-02-02T11:00:00Z,2,2023,6,0.00,0.00,0.00,-6.60
780,2023-02-02T12:00:00Z,2,2023,7,30.08,67.62,29.07,-5.95
781,2023-02-02T13:00:00Z,2,2023,8,130.30,112.35,105.04,-4.17
782,2023-02-02T14:00:00Z,2,2023,9,231.45,128.71,179.74,-2.16
783,2023-02-02T15:00:00Z,2,2023,10,313.00,127.14,241.08,-1.02
784,2023-02-02T16:00:00Z,2,2023,11,357.15,115.54,266.68,0.15
785,2023-02-02T17:00:00Z,2,2023,12,445.33,507.77,229.51,1.06
786,2023-02-02T18:00:00Z,2,2023,13,380.83,563.69,157.92,1.51
787,2023-02-02T19:00:00Z,2,2023,14,298.05,546.12,120.36,1.50
788,2023-02-02T20:00:00Z,2,2023,15,172.45,464.70,68.29,0.86
789,2023-02-02T21:00:00Z,2,2023,16,41.20,228.49,25.19,-0.57
790,2023-02-02T22:00:00Z,2,2023,17,0.00,0.00,0.00,-1.49
791,2023-02-02T23:00:00Z,2,2023,18,0.00,0.00,0.00,-2.04
792,2023-02-03T00:00:00Z,2,2023,19,0.00,0.00,0.00,-2.41
793,2023-02-03T01:00:00Z,2,2023,20,0.00,0.00,0.00,-2.75
794,2023-02-03T02:00:00Z,2,2023,21,0.00,0.00,0.00,-3.02
795,2023-02-03T03:00:00Z,2,2023,22,0.00,0.00,0.00,-3.19
796,2023-02-03T04:00:00Z,2,2023,23,0.00,0.00,0.00,-3.26
797,2023-02-03T05:00:00Z,2,2023,0,0.00,0.00,0.00,-3.40
798,2023-02-03T06:00:00Z,2,2023,1,0.00,0.00,0.00,-3.20
799,2023-02-03T07:00:00Z,2,2023,2,0.00,0.00,0.00,-3.16
800,2023-02-03T08:00:00Z,2,2023,3,0.00,0.00,0.00,-3.13
801,2023-02-03T09:00:00Z,2,2023,4,0.00,0.00,0.00,-3.13
802,2023-02-03T10:00:00Z,2,2023,5,0.00,0.00,0.00,-4.06
803,2023-02-03T11:00:00Z,2,2023,6,0.00,0.00,0.00,-7.11
804,2023-02-03T12:00:00Z,2,2023,7,54.00,352.24,22.14,-9.79
805,2023-02-03T13:00:00Z,2,2023,8,224.85,816.15,43.33,-10.90
806,2023-02-03T14:00:00Z,2,2023,9,392.83,933.82,56.79,-10.97
807,2023-02-03T15:00:00Z,2,2023,10,508.88,1020.29,61.89,-10.87
808,2023-02-03T16:00:00Z,2,2023,11,564.67,1045.10,74.52,-10.92
809,2023-02-03T17:00:00Z,2,2023,12,573.62,1010.73,66.72,-11.19
810,2023-02-03T18:00:00Z,2,2023,13,515.25,1002.01,55.87,-11.83
811,2023-02-03T19:00:00Z,2,2023,14,389.95,869.36,81.40,-12.89
812,2023-02-03T20:00:00Z,2,2023,15,224.02,662.90,78.66,-14.30
813,2023-02-03T21:00:00Z,2,2023,16,51.10,219.94,38.50,-15.73
814,2023-02-03T22:00:00Z,2,2023,17,0.00,0.00,0.00,-16.92
815,2023-02-03T23:00:00Z,2,2023,18,0.00,0.00,0.00,-18.17
816,2023-02-04T00:00:00Z,2,2023,19,0.00,0.00,0.00,-19.35
817,2023-02-04T01:00:00Z,2,2023,20,0.00,0.00,0.00,-20.28
818,2023-02-04T02:00:00Z,2,2023,21,0.00,0.00,0.00,-21.14
819,2023-02-04T03:00:00Z,2,2023,22,0.00,0.00,0.00,-22.00
820,2023-02-04T04:00:00Z,2,2023,23,0.00,0.00,0.00,-22.85
821,2023-02-04T05:00:00Z,2,2023,0,0.00,0.00,0.00,-23.48
822,2023-02-04T06:00:00Z,2,2023,1,0.00,0.00,0.00,-23.97
823,2023-02-04T07:00:00Z,2,2023,2,0.00,0.00,0.00,-24.33
824,2023-02-04T08:00:00Z,2,2023,3,0.00,0.00,0.00,-24.58
825,2023-02-04T09:00:00Z,2,2023,4,0.00,0.00,0.00,-24.73
826,2023-02-04T10:00:00Z,2,2023,5,0.00,0.00,0.00,-24.75
827,2023-02-04T11:00:00Z,2,2023,6,0.00,0.00,0.00,-24.69
828,2023-02-04T12:00:00Z,2,2023,7,60.40,409.70,26.46,-24.11
829,2023-02-04T13:00:00Z,2,2023,8,234.57,738.92,56.69,-22.55
830,2023-02-04T14:00:00Z,2,2023,9,398.30,926.09,66.23,-20.51
831,2023-02-04T15:00:00Z,2,2023,10,513.90,993.11,68.93,-18.12
832,2023-02-04T16:00:00Z,2,2023,11,568.95,1001.53,73.49,-16.04
833,2023-02-04T17:00:00Z,2,2023,12,572.90,1013.37,59.70,-14.63
834,2023-02-04T18:00:00Z,2,2023,13,487.20,924.64,78.33,-13.46
835,2023-02-04T19:00:00Z,2,2023,14,358.62,745.07,89.50,-12.63
836,2023-02-04T20:00:00Z,2,2023,15,197.23,619.58,64.11,-12.20
837,2023-02-04T21:00:00Z,2,2023,16,40.88,181.68,25.86,-12.19
838,2023-02-04T22:00:00Z,2,2023,17,0.00,0.00,0.00,-12.38
839,2023-02-04T23:00:00Z,2,2023,18,0.00,0.00,0.00,-12.59
840,2023-02-05T00:00:00Z,2,2023,19,0.00,0.00,0.00,-12.71
841,2023-02-05T01:00:00Z,2,2023,20,0.00,0.00,0.00,-12.45
842,2023-02-05T02:00:00Z,2,2023,21,0.00,0.00,0.00,-11.85
843,2023-02-05T03:00:00Z,2,2023,22,0.00,0.00,0.00,-11.69
844,2023-02-05T04:00:00Z,2,2023,23,0.00,0.00,0.00,-11.43
845,2023-02-05T05:00:00Z,2,2023,0,0.00,0.00,0.00,-10.77
846,2023-02-05T06:00:00Z,2,2023,1,0.00,0.00,0.00,-9.94
847,2023-02-05T07:00:00Z,2,2023,2,0.00,0.00,0.00,-9.09
848,2023-02-05T08:00:00Z,2,2023,3,0.00,0.00,0.00,-8.40
849,2023-02-05T09:00:00Z,2,2023,4,0.00,0.00,0.00,-7.54
850,2023-02-05T10:00:00Z,2,2023,5,0.00,0.00,0.00,-6.77
851,2023-02-05T11:00:00Z,2,2023,6,0.00,0.00,0.00,-6.02
852,2023-02-05T12:00:00Z,2,2023,7,34.25,19.29,34.24,-5.06
853,2023-02-05T13:00:00Z,2,2023,8,149.90,88.23,125.41,-3.49
854,2023-02-05T14:00:00Z,2,2023,9,266.02,193.69,191.51,-1.31
855,2023-02-05T15:00:00Z,2,2023,10,372.77,295.09,240.15,0.84
856,2023-02-05T16:00:00Z,2,2023,11,428.85,395.02,228.50,2.73
857,2023-02-05T17:00:00Z,2,2023,12,426.88,567.45,215.01,4.24
858,2023-02-05T18:00:00Z,2,2023,13,364.17,349.90,228.08,5.14
859,2023-02-05T19:00:00Z,2,2023,14,264.02,191.92,198.32,4.89
860,2023-02-05T20:00:00Z,2,2023,15,152.60,124.20,122.84,3.96
861,2023-02-05T21:00:00Z,2,2023,16,35.33,11.10,36.30,2.25
862,2023-02-05T22:00:00Z,2,2023,17,0.00,0.00,0.00,1.22
863,2023-02-05T23:00:00Z,2,2023,18,0.00,0.00,0.00,0.87
864,2023-02-06T00:00:00Z,2,2023,19,0.00,0.00,0.00,0.59
865,2023-02-06T01:00:00Z,2,2023,20,0.00,0.00,0.00,0.48
866,2023-02-06T02:00:00Z,2,2023,21,0.00,0.00,0.00,0.48
867,2023-02-06T03:00:00Z,2,2023,22,0.00,0.00,0.00,0.69
868,2023-02-06T04:00:00Z,2,2023,23,0.00,0.00,0.00,0.79
869,2023-02-06T05:00:00Z,2,2023,0,0.00,0.00,0.00,0.64
870,2023-02-06T06:00:00Z,2,2023,1,0.00,0.00,0.00,0.40
871,2023-02-06T07:00:00Z,2,2023,2,0.00,0.00,0.00,0.30
872,2023-02-06T08:00:00Z,2,2023,3,0.00,0.00,0.00,0.11
873,2023-02-06T09:00:00Z,2,2023,4,0.00,0.00,0.00,-0.10
874,2023-02-06T10:00:00Z,2,2023,5,0.00,0.00,0.00,-0.45
875,2023-02-06T11:00:00Z,2,2023,6,0.00,0.00,0.00,-0.84
876,2023-02-06T12:00:00Z,2,2023,7,34.08,12.53,33.40,-0.03
877,2023-02-06T13:00:00Z,2,2023,8,135.05,39.00,115.27,1.07
878,2023-02-06T14:00:00Z,2,2023,9,233.65,61.85,197.95,1.91
879,2023-02-06T15:00:00Z,2,2023,10,306.02,63.58,247.20,2.89
880,2023-02-06T16:00:00Z,2,2023,11,351.62,89.92,270.76,3.87
881,2023-02-06T17:00:00Z,2,2023,12,310.05,22.77,265.38,4.42
882,2023-02-06T18:00:00Z,2,2023,13,281.10,25.70,235.69,4.37
883,2023-02-06T19:00:00Z,2,2023,14,211.85,21.12,183.28,3.86
884,2023-02-06T20:00:00Z,2,2023,15,129.57,18.46,110.76,3.05
885,2023-02-06T21:00:00Z,2,2023,16,35.42,0.00,32.95,2.17
886,2023-02-06T22:00:00Z,2,2023,17,0.00,0.00,0.00,1.69
887,2023-02-06T23:00:00Z,2,2023,18,0.00,0.00,0.00,1.24
888,2023-02-07T00:00:00Z,2,2023,19,0.00,0.00,0.00,0.55
889,2023-02-07T01:00:00Z,2,2023,20,0.00,0.00,0.00,-0.12
890,2023-02-07T02:00:00Z,2,2023,21,0.00,0.00,0.00,-0.64
891,2023-02-07T03:00:00Z,2,2023,22,0.00,0.00,0.00,-1.14
892,2023-02-07T04:00:00Z,2,2023,23,0.00,0.00,0.00,-1.74
893,2023-02-07T05:00:00Z,2,2023,0,0.00,0.00,0.00,-2.35
894,2023-02-07T06:00:00Z,2,2023,1,0.00,0.00,0.00,-2.97
895,2023-02-07T07:00:00Z,2,2023,2,0.00,0.00,0.00,-3.52
896,2023-02-07T08:00:00Z,2,2023,3,0.00,0.00,0.00,-3.99
897,2023-02-07T09:00:00Z,2,2023,4,0.00,0.00,0.00,-4.59
898,2023-02-07T10:00:00Z,2,2023,5,0.00,0.00,0.00,-5.36
899,2023-02-07T11:00:00Z,2,2023,6,0.00,0.00,0.00,-6.02
900,2023-02-07T12:00:00Z,2,2023,7,69.22,415.49,25.01,-5.72
901,2023-02-07T13:00:00Z,2,2023,8,242.57,800.06,47.46,-4.36
902,2023-02-07T14:00:00Z,2,2023,9,403.92,918.57,55.52,-2.65
903,2023-02-07T15:00:00Z,2,2023,10,516.42,972.56,59.86,-1.15
904,2023-02-07T16:00:00Z,2,2023,11,559.15,886.93,94.61,0.19
905,2023-02-07T17:00:00Z,2,2023,12,551.78,863.23,101.45,1.12
906,2023-02-07T18:00:00Z,2,2023,13,463.83,653.35,153.01,1.41
907,2023-02-07T19:00:00Z,2,2023,14,336.58,487.16,153.16,1.09
908,2023-02-07T20:00:00Z,2,2023,15,187.30,335.13,103.51,0.33
909,2023-02-07T21:00:00Z,2,2023,16,42.42,59.13,37.62,-0.85
910,2023-02-07T22:00:00Z,2,2023,17,0.00,0.00,0.00,-1.02
911,2023-02-07T23:00:00Z,2,2023,18,0.00,0.00,0.00,-0.98
912,2023-02-08T00:00:00Z,2,2023,19,0.00,0.00,0.00,-1.42
913,2023-02-08T01:00:00Z,2,2023,20,0.00,0.00,0.00,-1.86
914,2023-02-08T02:00:00Z,2,2023,21,0.00,0.00,0.00,-1.31
915,2023-02-08T03:00:00Z,2,2023,22,0.00,0.00,0.00,-1.14
916,2023-02-08T04:00:00Z,2,2023,23,0.00,0.00,0.00,-1.30
917,2023-02-08T05:00:00Z,2,2023,0,0.00,0.00,0.00,-0.25
918,2023-02-08T06:00:00Z,2,2023,1,0.00,0.00,0.00,0.21
919,2023-02-08T07:00:00Z,2,2023,2,0.00,0.00,0.00,0.43
920,2023-02-08T08:00:00Z,2,2023,3,0.00,0.00,0.00,0.42
921,2023-02-08T09:00:00Z,2,2023,4,0.00,0.00,0.00,0.23
922,2023-02-08T10:00:00Z,2,2023,5,0.00,0.00,0.00,0.02
923,2023-02-08T11:00:00Z,2,2023,6,0.00,0.00,0.00,-0.14
924,2023-02-08T12:00:00Z,2,2023,7,26.02,77.96,20.77,0.38
925,2023-02-08T13:00:00Z,2,2023,8,124.78,163.66,80.78,1.82
926,2023-02-08T14:00:00Z,2,2023,9,227.10,211.39,160.63,3.62
927,2023-02-08T15:00:00Z,2,2023,10,313.35,234.64,206.73,4.85
928,2023-02-08T16:00:00Z,2,2023,11,360.08,269.93,224.74,5.59
929,2023-02-08T17:00:00Z,2,2023,12,465.65,482.05,215.46,5.88
930,2023-02-08T18:00:00Z,2,2023,13,490.25,886.56,72.31,5.80
931,2023-02-08T19:00:00Z,2,2023,14,381.05,831.60,66.29,5.33
932,2023-02-08T20:00:00Z,2,2023,15,231.35,699.73,52.34,4.20
933,2023-02-08T21:00:00Z,2,2023,16,67.68,335.09,28.97,1.66
934,2023-02-08T22:00:00Z,2,2023,17,0.00,0.00,0.00,0.02
935,2023-02-08T23:00:00Z,2,2023,18,0.00,0.00,0.00,-0.10
936,2023-02-09T00:00:00Z,2,2023,19,0.00,0.00,0.00,-0.45
937,2023-02-09T01:00:00Z,2,2023,20,0.00,0.00,0.00,-0.26
938,2023-02-09T02:00:00Z,2,2023,21,0.00,0.00,0.00,-0.30
939,2023-02-09T03:00:00Z,2,2023,22,0.00,0.00,0.00,-0.40
940,2023-02-09T04:00:00Z,2,2023,23,0.00,0.00,0.00,-0.52
941,2023-02-09T05:00:00Z,2,2023,0,0.00,0.00,0.00,-0.96
942,2023-02-09T06:00:00Z,2,2023,1,0.00,0.00,0.00,-1.35
943,2023-02-09T07:00:00Z,2,2023,2,0.00,0.00,0.00,-1.30
944,2023-02-09T08:00:00Z,2,2023,3,0.00,0.00,0.00,-1.30
945,2023-02-09T09:00:00Z,2,2023,4,0.00,0.00,0.00,-1.03
946,2023-02-09T10:00:00Z,2,2023,5,0.00,0.00,0.00,-0.88
947,2023-02-09T11:00:00Z,2,2023,6,0.00,0.00,0.00,-0.51
948,2023-02-09T12:00:00Z,2,2023,7,49.90,184.91,32.11,0.99
949,2023-02-09T13:00:00Z,2,2023,8,139.55,239.42,78.66,2.71
950,2023-02-09T14:00:00Z,2,2023,9,202.27,229.62,126.81,3.61
951,2023-02-09T15:00:00Z,2,2023,10,234.00,140.53,162.99,4.44
952,2023-02-09T16:00:00Z,2,2023,11,232.40,44.79,196.75,5.67
953,2023-02-09T17:00:00Z,2,2023,12,230.45,0.00,200.65,6.33
954,2023-02-09T18:00:00Z,2,2023,13,152.57,0.00,130.95,5.72
955,2023-02-09T19:00:00Z,2,2023,14,96.90,0.00,84.45,4.34
956,2023-02-09T20:00:00Z,2,2023,15,59.03,0.00,51.66,3.84
957,2023-02-09T21:00:00Z,2,2023,16,17.42,0.00,15.74,3.05
958,2023-02-09T22:00:00Z,2,2023,17,0.00,0.00,0.00,2.71
959,2023-02-09T23:00:00Z,2,2023,18,0.00,0.00,0.00,2.61
960,2023-02-10T00:00:00Z,2,2023,19,0.00,0.00,0.00,2.52
961,2023-02-10T01:00:00Z,2,2023,20,0.00,0.00,0.00,2.96
962,2023-02-10T02:00:00Z,2,2023,21,0.00,0.00,0.00,3.91
963,2023-02-10T03:00:00Z,2,2023,22,0.00,0.00,0.00,5.05
964,2023-02-10T04:00:00Z,2,2023,23,0.00,0.00,0.00,6.83
965,2023-02-10T05:00:00Z,2,2023,0,0.00,0.00,0.00,7.59
966,2023-02-10T06:00:00Z,2,2023,1,0.00,0.00,0.00,6.81
967,2023-02-10T07:00:00Z,2,2023,2,0.00,0.00,0.00,6.38
968,2023-02-10T08:00:00Z,2,2023,3,0.00,0.00,0.00,6.15
969,2023-02-10T09:00:00Z,2,2023,4,0.00,0.00,0.00,6.42
970,2023-02-10T10:00:00Z,2,2023,5,0.00,0.00,0.00,6.40
971,2023-02-10T11:00:00Z,2,2023,6,0.00,0.00,0.00,5.96
972,2023-02-10T12:00:00Z,2,2023,7,59.70,206.17,38.02,6.13
973,2023-02-10T13:00:00Z,2,2023,8,208.98,467.99,84.25,6.67
974,2023-02-10T14:00:00Z,2,2023,9,360.35,647.62,108.05,7.51
975,2023-02-10T15:00:00Z,2,2023,10,473.58,763.14,113.83,9.21
976,2023-02-10T16:00:00Z,2,2023,11,536.10,826.76,102.75,10.52
977,2023-02-10T17:00:00Z,2,2023,12,536.75,813.08,106.90,10.77
978,2023-02-10T18:00:00Z,2,2023,13,469.75,779.95,97.91,10.45
979,2023-02-10T19:00:00Z,2,2023,14,378.02,772.66,77.26,9.74
980,2023-02-10T20:00:00Z,2,2023,15,225.75,627.31,60.93,8.63
981,2023-02-10T21:00:00Z,2,2023,16,70.30,316.20,29.15,6.96
982,2023-02-10T22:00:00Z,2,2023,17,0.00,0.00,0.00,5.44
983,2023-02-10T23:00:00Z,2,2023,18,0.00,0.00,0.00,4.47
984,2023-02-11T00:00:00Z,2,2023,19,0.00,0.00,0.00,3.64
985,2023-02-11T01:00:00Z,2,2023,20,0.00,0.00,0.00,2.95
986,2023-02-11T02:00:00Z,2,2023,21,0.00,0.00,0.00,2.44
987,2023-02-11T03:00:00Z,2,2023,22,0.00,0.00,0.00,2.07
988,2023-02-11T04:00:00Z,2,2023,23,0.00,0.00,0.00,1.78
989,2023-02-11T05:00:00Z,2,2023,0,0.00,0.00,0.00,1.49
990,2023-02-11T06:00:00Z,2,2023,1,0.00,0.00,0.00,1.17
991,2023-02-11T07:00:00Z,2,2023,2,0.00,0.00,0.00,0.80
992,2023-02-11T08:00:00Z,2,2023,3,0.00,0.00,0.00,0.45
993,2023-02-11T09:00:00Z,2,2023,4,0.00,0.00,0.00,0.14
994,2023-02-11T10:00:00Z,2,2023,5,0.00,0.00,0.00,-0.14
995,2023-02-11T11:00:00Z,2,2023,6,0.00,0.00,0.00,-0.31
996,2023-02-11T12:00:00Z,2,2023,7,82.53,417.93,28.04,0.15
997,2023-02-11T13:00:00Z,2,2023,8,257.45,765.26,52.63,1.34
998,2023-02-11T14:00:00Z,2,2023,9,422.77,936.56,49.65,2.33
999,2023-02-11T15:00:00Z,2,2023,10,534.33,967.91,62.89,3.32
1000,2023-02-11T16:00:00Z,2,2023,11,595.05,1013.07,55.45,4.11
1001,2023-02-11T17:00:00Z,2,2023,12,598.15,1016.39,53.02,4.65
1002,2023-02-11T18:00:00Z,2,2023,13,536.38,996.22,50.23,4.87
1003,2023-02-11T19:00:00Z,2,2023,14,420.35,940.41,48.68,4.72
1004,2023-02-11T20:00:00Z,2,2023,15,262.00,859.68,39.93,4.02
1005,2023-02-11T21:00:00Z,2,2023,16,86.78,520.12,24.52,1.23
1006,2023-02-11T22:00:00Z,2,2023,17,0.00,0.00,0.00,-0.13
1007,2023-02-11T23:00:00Z,2,2023,18,0.00,0.00,0.00,-1.08
1008,2023-02-12T00:00:00Z,2,2023,19,0.00,0.00,0.00,-2.03
1009,2023-02-12T01:00:00Z,2,2023,20,0.00,0.00,0.00,-2.20
1010,2023-02-12T02:00:00Z,2,2023,21,0.00,0.00,0.00,-2.37
1011,2023-02-12T03:00:00Z,2,2023,22,0.00,0.00,0.00,-2.06
1012,2023-02-12T04:00:00Z,2,2023,23,0.00,0.00,0.00,-2.26
1013,2023-02-12T05:00:00Z,2,2023,0,0.00,0.00,0.00,-2.54
1014,2023-02-12T06:00:00Z,2,2023,1,0.00,0.00,0.00,-2.29
1015,2023-02-12T07:00:00Z,2,2023,2,0.00,0.00,0.00,-2.31
1016,2023-02-12T08:00:00Z,2,2023,3,0.00,0.00,0.00,-2.31
1017,2023-02-12T09:00:00Z,2,2023,4,0.00,0.00,0.00,-2.37
1018,2023-02-12T10:00:00Z,2,2023,5,0.00,0.00,0.00,-2.41
1019,2023-02-12T11:00:00Z,2,2023,6,0.00,0.00,0.00,-2.42
1020,2023-02-12T12:00:00Z,2,2023,7,67.28,204.88,42.26,-1.41
1021,2023-02-12T13:00:00Z,2,2023,8,204.73,352.86,116.86,0.82
1022,2023-02-12T14:00:00Z,2,2023,9,348.77,449.83,196.28,3.35
1023,2023-02-12T15:00:00Z,2,2023,10,445.05,510.57,240.99,5.20
1024,2023-02-12T16:00:00Z,2,2023,11,427.88,202.36,300.45,6.38
1025,2023-02-12T17:00:00Z,2,2023,12,465.70,481.30,332.83,7.24
1026,2023-02-12T18:00:00Z,2,2023,13,354.67,92.79,273.59,7.72
1027,2023-02-12T19:00:00Z,2,2023,14,260.88,77.77,217.81,7.38
1028,2023-02-12T20:00:00Z,2,2023,15,147.88,51.16,117.59,5.67
1029,2023-02-12T21:00:00Z,2,2023,16,47.85,34.05,41.16,2.67
1030,2023-02-12T22:00:00Z,2,2023,17,0.00,0.00,0.00,1.85
1031,2023-02-12T23:00:00Z,2,2023,18,0.00,0.00,0.00,1.83
1032,2023-02-13T00:00:00Z,2,2023,19,0.00,0.00,0.00,2.20
1033,2023-02-13T01:00:00Z,2,2023,20,0.00,0.00,0.00,3.09
1034,2023-02-13T02:00:00Z,2,2023,21,0.00,0.00,0.00,3.10
1035,2023-02-13T03:00:00Z,2,2023,22,0.00,0.00,0.00,1.38
1036,2023-02-13T04:00:00Z,2,2023,23,0.00,0.00,0.00,0.45
1037,2023-02-13T05:00:00Z,2,2023,0,0.00,0.00,0.00,0.11
1038,2023-02-13T06:00:00Z,2,2023,1,0.00,0.00,0.00,0.93
1039,2023-02-13T07:00:00Z,2,2023,2,0.00,0.00,0.00,1.58
1040,2023-02-13T08:00:00Z,2,2023,3,0.00,0.00,0.00,1.62
1041,2023-02-13T09:00:00Z,2,2023,4,0.00,0.00,0.00,1.41
1042,2023-02-13T10:00:00Z,2,2023,5,0.00,0.00,0.00,1.13
1043,2023-02-13T11:00:00Z,2,2023,6,0.00,0.00,0.00,1.10
1044,2023-02-13T12:00:00Z,2,2023,7,43.70,23.72,38.99,1.77
1045,2023-02-13T13:00:00Z,2,2023,8,128.93,28.55,107.62,3.01
1046,2023-02-13T14:00:00Z,2,2023,9,206.18,39.28,172.70,4.33
1047,2023-02-13T15:00:00Z,2,2023,10,272.85,20.18,235.91,5.31
1048,2023-02-13T16:00:00Z,2,2023,11,352.38,119.53,261.31,5.91
1049,2023-02-13T17:00:00Z,2,2023,12,349.30,147.05,254.79,6.01
1050,2023-02-13T18:00:00Z,2,2023,13,438.52,562.70,162.63,5.85
1051,2023-02-13T19:00:00Z,2,2023,14,346.12,618.08,103.26,5.45
1052,2023-02-13T20:00:00Z,2,2023,15,212.40,463.72,77.43,4.64
1053,2023-02-13T21:00:00Z,2,2023,16,72.32,240.93,39.11,2.79
1054,2023-02-13T22:00:00Z,2,2023,17,0.00,0.00,0.00,0.55
1055,2023-02-13T23:00:00Z,2,2023,18,0.00,0.00,0.00,-0.25
1056,2023-02-14T00:00:00Z,2,2023,19,0.00,0.00,0.00,-0.26
1057,2023-02-14T01:00:00Z,2,2023,20,0.00,0.00,0.00,-0.13
1058,2023-02-14T02:00:00Z,2,2023,21,0.00,0.00,0.00,-0.13
1059,2023-02-14T03:00:00Z,2,2023,22,0.00,0.00,0.00,-0.05
1060,2023-02-14T04:00:00Z,2,2023,23,0.00,0.00,0.00,0.14
1061,2023-02-14T05:00:00Z,2,2023,0,0.00,0.00,0.00,0.49
1062,2023-02-14T06:00:00Z,2,2023,1,0.00,0.00,0.00,0.70
1063,2023-02-14T07:00:00Z,2,2023,2,0.00,0.00,0.00,0.41
1064,2023-02-14T08:00:00Z,2,2023,3,0.00,0.00,0.00,1.09
1065,2023-02-14T09:00:00Z,2,2023,4,0.00,0.00,0.00,1.54
1066,2023-02-14T10:00:00Z,2,2023,5,0.00,0.00,0.00,1.38
1067,2023-02-14T11:00:00Z,2,2023,6,0.00,0.00,0.00,1.03
1068,2023-02-14T12:00:00Z,2,2023,7,56.97,111.48,42.81,1.73
1069,2023-02-14T13:00:00Z,2,2023,8,191.20,355.87,101.46,3.47
1070,2023-02-14T14:00:00Z,2,2023,9,328.17,474.64,146.76,5.01
1071,2023-02-14T15:00:00Z,2,2023,10,439.40,575.69,161.71,6.17
1072,2023-02-14T16:00:00Z,2,2023,11,559.15,731.59,158.35,7.09
1073,2023-02-14T17:00:00Z,2,2023,12,574.05,789.67,130.40,7.70
1074,2023-02-14T18:00:00Z,2,2023,13,510.12,736.77,130.97,7.89
1075,2023-02-14T19:00:00Z,2,2023,14,399.12,693.86,106.09,7.77
1076,2023-02-14T20:00:00Z,2,2023,15,246.02,559.38,80.55,7.01
1077,2023-02-14T21:00:00Z,2,2023,16,83.07,267.30,42.02,3.99
1078,2023-02-14T22:00:00Z,2,2023,17,0.00,0.00,0.00,1.33
1079,2023-02-14T23:00:00Z,2,2023,18,0.00,0.00,0.00,0.57
1080,2023-02-15T00:00:00Z,2,2023,19,0.00,0.00,0.00,0.05
1081,2023-02-15T01:00:00Z,2,2023,20,0.00,0.00,0.00,0.74
1082,2023-02-15T02:00:00Z,2,2023,21,0.00,0.00,0.00,1.70
1083,2023-02-15T03:00:00Z,2,2023,22,0.00,0.00,0.00,1.69
1084,2023-02-15T04:00:00Z,2,2023,23,0.00,0.00,0.00,0.09
1085,2023-02-15T05:00:00Z,2,2023,0,0.00,0.00,0.00,-0.92
1086,2023-02-15T06:00:00Z,2,2023,1,0.00,0.00,0.00,-0.59
1087,2023-02-15T07:00:00Z,2,2023,2,0.00,0.00,0.00,-0.26
1088,2023-02-15T08:00:00Z,2,2023,3,0.00,0.00,0.00,-0.07
1089,2023-02-15T09:00:00Z,2,2023,4,0.00,0.00,0.00,-0.17
1090,2023-02-15T10:00:00Z,2,2023,5,0.00,0.00,0.00,-0.03
1091,2023-02-15T11:00:00Z,2,2023,6,0.00,0.00,0.00,-0.10
1092,2023-02-15T12:00:00Z,2,2023,7,42.10,17.51,37.71,1.15
1093,2023-02-15T13:00:00Z,2,2023,8,118.90,21.21,100.87,2.63
1094,2023-02-15T14:00:00Z,2,2023,9,150.15,7.94,126.72,4.49
1095,2023-02-15T15:00:00Z,2,2023,10,186.07,18.41,159.01,7.16
1096,2023-02-15T16:00:00Z,2,2023,11,437.12,397.00,227.68,9.04
1097,2023-02-15T17:00:00Z,2,2023,12,546.15,715.17,149.64,10.05
1098,2023-02-15T18:00:00Z,2,2023,13,492.98,746.14,127.01,10.69
1099,2023-02-15T19:00:00Z,2,2023,14,392.60,711.12,100.77,10.80
1100,2023-02-15T20:00:00Z,2,2023,15,238.93,603.82,69.38,10.44
1101,2023-02-15T21:00:00Z,2,2023,16,88.70,345.37,36.77,9.48
1102,2023-02-15T22:00:00Z,2,2023,17,0.00,0.00,0.00,8.44
1103,2023-02-15T23:00:00Z,2,2023,18,0.00,0.00,0.00,7.66
1104,2023-02-16T00:00:00Z,2,2023,19,0.00,0.00,0.00,7.13
1105,2023-02-16T01:00:00Z,2,2023,20,0.00,0.00,0.00,7.02
1106,2023-02-16T02:00:00Z,2,2023,21,0.00,0.00,0.00,7.02
1107,2023-02-16T03:00:00Z,2,2023,22,0.00,0.00,0.00,7.04
1108,2023-02-16T04:00:00Z,2,2023,23,0.00,0.00,0.00,7.42
1109,2023-02-16T05:00:00Z,2,2023,0,0.00,0.00,0.00,7.59
1110,2023-02-16T06:00:00Z,2,2023,1,0.00,0.00,0.00,7.38
1111,2023-02-16T07:00:00Z,2,2023,2,0.00,0.00,0.00,7.30
1112,2023-02-16T08:00:00Z,2,2023,3,0.00,0.00,0.00,7.09
1113,2023-02-16T09:00:00Z,2,2023,4,0.00,0.00,0.00,6.77
1114,2023-02-16T10:00:00Z,2,2023,5,0.00,0.00,0.00,6.36
1115,2023-02-16T11:00:00Z,2,2023,6,0.00,0.00,0.00,6.12
1116,2023-02-16T12:00:00Z,2,2023,7,81.93,248.28,49.10,6.77
1117,2023-02-16T13:00:00Z,2,2023,8,182.80,307.77,102.88,8.28
1118,2023-02-16T14:00:00Z,2,2023,9,267.25,193.36,193.80,10.27
1119,2023-02-16T15:00:00Z,2,2023,10,311.02,14.26,267.42,11.57
1120,2023-02-16T16:00:00Z,2,2023,11,337.08,3.84,292.18,12.18
1121,2023-02-16T17:00:00Z,2,2023,12,255.48,1.18,221.72,12.32
1122,2023-02-16T18:00:00Z,2,2023,13,319.40,148.62,256.29,12.32
1123,2023-02-16T19:00:00Z,2,2023,14,186.10,0.89,158.33,11.70
1124,2023-02-16T20:00:00Z,2,2023,15,110.90,0.00,96.54,10.11
1125,2023-02-16T21:00:00Z,2,2023,16,43.88,0.00,38.34,8.35
1126,2023-02-16T22:00:00Z,2,2023,17,0.00,0.00,0.00,7.66
1127,2023-02-16T23:00:00Z,2,2023,18,0.00,0.00,0.00,6.87
1128,2023-02-17T00:00:00Z,2,2023,19,0.00,0.00,0.00,6.60
1129,2023-02-17T01:00:00Z,2,2023,20,0.00,0.00,0.00,6.77
1130,2023-02-17T02:00:00Z,2,2023,21,0.00,0.00,0.00,7.24
1131,2023-02-17T03:00:00Z,2,2023,22,0.00,0.00,0.00,7.41
1132,2023-02-17T04:00:00Z,2,2023,23,0.00,0.00,0.00,5.91
1133,2023-02-17T05:00:00Z,2,2023,0,0.00,0.00,0.00,5.54
1134,2023-02-17T06:00:00Z,2,2023,1,0.00,0.00,0.00,5.77
1135,2023-02-17T07:00:00Z,2,2023,2,0.00,0.00,0.00,5.74
1136,2023-02-17T08:00:00Z,2,2023,3,0.00,0.00,0.00,5.43
1137,2023-02-17T09:00:00Z,2,2023,4,0.00,0.00,0.00,5.50
1138,2023-02-17T10:00:00Z,2,2023,5,0.00,0.00,0.00,5.55
1139,2023-02-17T11:00:00Z,2,2023,6,0.00,0.00,0.00,5.95
1140,2023-02-17T12:00:00Z,2,2023,7,30.83,0.00,26.90,6.77
1141,2023-02-17T13:00:00Z,2,2023,8,81.38,0.00,70.84,7.79
1142,2023-02-17T14:00:00Z,2,2023,9,167.20,0.00,145.51,8.97
1143,2023-02-17T15:00:00Z,2,2023,10,72.75,28.44,58.37,10.14
1144,2023-02-17T16:00:00Z,2,2023,11,101.43,20.00,85.04,11.00
1145,2023-02-17T17:00:00Z,2,2023,12,75.65,0.00,65.59,11.59
1146,2023-02-17T18:00:00Z,2,2023,13,58.62,14.27,48.80,11.64
1147,2023-02-17T19:00:00Z,2,2023,14,174.18,16.27,149.36,11.48
1148,2023-02-17T20:00:00Z,2,2023,15,118.25,25.64,100.98,8.94
1149,2023-02-17T21:00:00Z,2,2023,16,43.42,11.63,37.52,5.36
1150,2023-02-17T22:00:00Z,2,2023,17,0.00,0.00,0.00,2.81
1151,2023-02-17T23:00:00Z,2,2023,18,0.00,0.00,0.00,0.75
1152,2023-02-18T00:00:00Z,2,2023,19,0.00,0.00,0.00,-1.21
1153,2023-02-18T01:00:00Z,2,2023,20,0.00,0.00,0.00,-2.57
1154,2023-02-18T02:00:00Z,2,2023,21,0.00,0.00,0.00,-3.43
1155,2023-02-18T03:00:00Z,2,2023,22,0.00,0.00,0.00,-4.02
1156,2023-02-18T04:00:00Z,2,2023,23,0.00,0.00,0.00,-4.53
1157,2023-02-18T05:00:00Z,2,2023,0,0.00,0.00,0.00,-4.93
1158,2023-02-18T06:00:00Z,2,2023,1,0.00,0.00,0.00,-5.25
1159,2023-02-18T07:00:00Z,2,2023,2,0.00,0.00,0.00,-5.45
1160,2023-02-18T08:00:00Z,2,2023,3,0.00,0.00,0.00,-5.58
1161,2023-02-18T09:00:00Z,2,2023,4,0.00,0.00,0.00,-5.67
1162,2023-02-18T10:00:00Z,2,2023,5,0.00,0.00,0.00,-5.68
1163,2023-02-18T11:00:00Z,2,2023,6,0.00,0.00,0.00,-5.57
1164,2023-02-18T12:00:00Z,2,2023,7,124.43,554.92,33.17,-4.54
1165,2023-02-18T13:00:00Z,2,2023,8,303.12,827.62,53.70,-3.13
1166,2023-02-18T14:00:00Z,2,2023,9,462.90,939.04,60.65,-1.56
1167,2023-02-18T15:00:00Z,2,2023,10,575.55,970.08,67.89,-0.02
1168,2023-02-18T16:00:00Z,2,2023,11,629.35,974.63,74.82,1.35
1169,2023-02-18T17:00:00Z,2,2023,12,626.30,949.59,78.44,2.45
1170,2023-02-18T18:00:00Z,2,2023,13,560.35,904.55,84.10,3.13
1171,2023-02-18T19:00:00Z,2,2023,14,444.67,859.83,72.72,3.26
1172,2023-02-18T20:00:00Z,2,2023,15,285.42,745.44,59.87,2.68
1173,2023-02-18T21:00:00Z,2,2023,16,112.82,440.51,38.70,0.46
1174,2023-02-18T22:00:00Z,2,2023,17,0.00,0.00,0.00,-1.44
1175,2023-02-18T23:00:00Z,2,2023,18,0.00,0.00,0.00,-1.55
1176,2023-02-19T00:00:00Z,2,2023,19,0.00,0.00,0.00,-1.52
1177,2023-02-19T01:00:00Z,2,2023,20,0.00,0.00,0.00,-1.67
1178,2023-02-19T02:00:00Z,2,2023,21,0.00,0.00,0.00,-1.73
1179,2023-02-19T03:00:00Z,2,2023,22,0.00,0.00,0.00,-1.77
1180,2023-02-19T04:00:00Z,2,2023,23,0.00,0.00,0.00,-1.80
1181,2023-02-19T05:00:00Z,2,2023,0,0.00,0.00,0.00,-1.80
1182,2023-02-19T06:00:00Z,2,2023,1,0.00,0.00,0.00,-1.89
1183,2023-02-19T07:00:00Z,2,2023,2,0.00,0.00,0.00,-1.95
1184,2023-02-19T08:00:00Z,2,2023,3,0.00,0.00,0.00,-2.18
1185,2023-02-19T09:00:00Z,2,2023,4,0.00,0.00,0.00,-1.97
1186,2023-02-19T10:00:00Z,2,2023,5,0.00,0.00,0.00,-1.88
1187,2023-02-19T11:00:00Z,2,2023,6,0.00,0.00,0.00,-1.63
1188,2023-02-19T12:00:00Z,2,2023,7,56.72,4.09,49.59,-0.46
1189,2023-02-19T13:00:00Z,2,2023,8,148.62,17.37,127.40,0.82
1190,2023-02-19T14:00:00Z,2,2023,9,247.70,15.36,212.23,2.61
1191,2023-02-19T15:00:00Z,2,2023,10,328.10,21.08,283.06,4.09
1192,2023-02-19T16:00:00Z,2,2023,11,353.10,3.80,306.35,4.46
1193,2023-02-19T17:00:00Z,2,2023,12,319.02,0.88,277.19,4.56
1194,2023-02-19T18:00:00Z,2,2023,13,262.85,0.17,228.84,4.40
1195,2023-02-19T19:00:00Z,2,2023,14,206.65,1.58,178.75,3.92
1196,2023-02-19T20:00:00Z,2,2023,15,130.20,1.47,112.83,3.38
1197,2023-02-19T21:00:00Z,2,2023,16,58.28,0.81,51.03,2.81
1198,2023-02-19T22:00:00Z,2,2023,17,0.00,0.00,0.00,2.38
1199,2023-02-19T23:00:00Z,2,2023,18,0.00,0.00,0.00,2.35
1200,2023-02-20T00:00:00Z,2,2023,19,0.00,0.00,0.00,2.42
1201,2023-02-20T01:00:00Z,2,2023,20,0.00,0.00,0.00,2.55
1202,2023-02-20T02:00:00Z,2,2023,21,0.00,0.00,0.00,2.53
1203,2023-02-20T03:00:00Z,2,2023,22,0.00,0.00,0.00,2.42
1204,2023-02-20T04:00:00Z,2,2023,23,0.00,0.00,0.00,2.65
1205,2023-02-20T05:00:00Z,2,2023,0,0.00,0.00,0.00,3.21
1206,2023-02-20T06:00:00Z,2,2023,1,0.00,0.00,0.00,3.78
1207,2023-02-20T07:00:00Z,2,2023,2,0.00,0.00,0.00,4.69
1208,2023-02-20T08:00:00Z,2,2023,3,0.00,0.00,0.00,4.71
1209,2023-02-20T09:00:00Z,2,2023,4,0.00,0.00,0.00,4.56
1210,2023-02-20T10:00:00Z,2,2023,5,0.00,0.00,0.00,3.98
1211,2023-02-20T11:00:00Z,2,2023,6,0.00,0.00,0.00,4.01
1212,2023-02-20T12:00:00Z,2,2023,7,62.58,14.00,55.06,4.34
1213,2023-02-20T13:00:00Z,2,2023,8,145.70,0.00,127.02,4.83
1214,2023-02-20T14:00:00Z,2,2023,9,238.48,1.14,206.38,5.52
1215,2023-02-20T15:00:00Z,2,2023,10,319.10,13.44,274.82,6.58
1216,2023-02-20T16:00:00Z,2,2023,11,312.73,15.20,269.56,7.73
1217,2023-02-20T17:00:00Z,2,2023,12,346.38,36.05,295.68,8.88
1218,2023-02-20T18:00:00Z,2,2023,13,462.35,507.67,198.01,10.00
1219,2023-02-20T19:00:00Z,2,2023,14,365.95,411.91,179.03,10.85
1220,2023-02-20T20:00:00Z,2,2023,15,230.73,371.84,118.35,10.60
1221,2023-02-20T21:00:00Z,2,2023,16,94.07,230.23,58.18,8.67
1222,2023-02-20T22:00:00Z,2,2023,17,0.00,0.00,0.00,6.55
1223,2023-02-20T23:00:00Z,2,2023,18,0.00,0.00,0.00,5.91
1224,2023-02-21T00:00:00Z,2,2023,19,0.00,0.00,0.00,4.87
1225,2023-02-21T01:00:00Z,2,2023,20,0.00,0.00,0.00,3.69
1226,2023-02-21T02:00:00Z,2,2023,21,0.00,0.00,0.00,2.86
1227,2023-02-21T03:00:00Z,2,2023,22,0.00,0.00,0.00,1.43
1228,2023-02-21T04:00:00Z,2,2023,23,0.00,0.00,0.00,1.08
1229,2023-02-21T05:00:00Z,2,2023,0,0.00,0.00,0.00,1.30
1230,2023-02-21T06:00:00Z,2,2023,1,0.00,0.00,0.00,1.26
1231,2023-02-21T07:00:00Z,2,2023,2,0.00,0.00,0.00,1.13
1232,2023-02-21T08:00:00Z,2,2023,3,0.00,0.00,0.00,0.83
1233,2023-02-21T09:00:00Z,2,2023,4,0.00,0.00,0.00,0.53
1234,2023-02-21T10:00:00Z,2,2023,5,0.00,0.00,0.00,0.17
1235,2023-02-21T11:00:00Z,2,2023,6,1.42,0.00,1.63,0.08
1236,2023-02-21T12:00:00Z,2,2023,7,29.05,12.99,25.10,0.57
1237,2023-02-21T13:00:00Z,2,2023,8,68.85,19.53,58.25,1.40
1238,2023-02-21T14:00:00Z,2,2023,9,123.53,47.26,98.45,2.62
1239,2023-02-21T15:00:00Z,2,2023,10,150.88,63.72,115.66,3.78
1240,2023-02-21T16:00:00Z,2,2023,11,136.93,33.40,113.12,4.28
1241,2023-02-21T17:00:00Z,2,2023,12,106.40,9.73,90.31,4.41
1242,2023-02-21T18:00:00Z,2,2023,13,95.45,28.25,75.51,4.44
1243,2023-02-21T19:00:00Z,2,2023,14,80.55,9.64,67.16,4.17
1244,2023-02-21T20:00:00Z,2,2023,15,51.25,3.14,44.38,3.66
1245,2023-02-21T21:00:00Z,2,2023,16,18.15,0.82,15.88,2.95
1246,2023-02-21T22:00:00Z,2,2023,17,1.30,0.00,1.49,2.32
1247,2023-02-21T23:00:00Z,2,2023,18,0.00,0.00,0.00,2.48
1248,2023-02-22T00:00:00Z,2,2023,19,0.00,0.00,0.00,2.61
1249,2023-02-22T01:00:00Z,2,2023,20,0.00,0.00,0.00,2.70
1250,2023-02-22T02:00:00Z,2,2023,21,0.00,0.00,0.00,2.66
1251,2023-02-22T03:00:00Z,2,2023,22,0.00,0.00,0.00,2.29
1252,2023-02-22T04:00:00Z,2,2023,23,0.00,0.00,0.00,1.60
1253,2023-02-22T05:00:00Z,2,2023,0,0.00,0.00,0.00,0.63
1254,2023-02-22T06:00:00Z,2,2023,1,0.00,0.00,0.00,-0.14
1255,2023-02-22T07:00:00Z,2,2023,2,0.00,0.00,0.00,-0.73
1256,2023-02-22T08:00:00Z,2,2023,3,0.00,0.00,0.00,-1.14
1257,2023-02-22T09:00:00Z,2,2023,4,0.00,0.00,0.00,-1.86
1258,2023-02-22T10:00:00Z,2,2023,5,0.00,0.00,0.00,-2.05
1259,2023-02-22T11:00:00Z,2,2023,6,5.50,45.48,6.55,-1.74
1260,2023-02-22T12:00:00Z,2,2023,7,96.15,280.47,51.32,0.21
1261,2023-02-22T13:00:00Z,2,2023,8,236.30,334.41,142.31,2.18
1262,2023-02-22T14:00:00Z,2,2023,9,356.15,216.58,255.31,3.44
1263,2023-02-22T15:00:00Z,2,2023,10,439.75,166.88,361.22,4.57
1264,2023-02-22T16:00:00Z,2,2023,11,353.55,9.50,303.47,5.33
1265,2023-02-22T17:00:00Z,2,2023,12,273.12,26.51,231.57,4.61
1266,2023-02-22T18:00:00Z,2,2023,13,235.98,0.00,204.65,4.49
1267,2023-02-22T19:00:00Z,2,2023,14,183.27,0.00,156.26,4.53
1268,2023-02-22T20:00:00Z,2,2023,15,113.55,0.00,99.30,4.16
1269,2023-02-22T21:00:00Z,2,2023,16,50.78,0.00,44.48,2.96
1270,2023-02-22T22:00:00Z,2,2023,17,2.70,0.00,3.09,1.85
1271,2023-02-22T23:00:00Z,2,2023,18,0.00,0.00,0.00,1.75
1272,2023-02-23T00:00:00Z,2,2023,19,0.00,0.00,0.00,1.35
1273,2023-02-23T01:00:00Z,2,2023,20,0.00,0.00,0.00,0.56
1274,2023-02-23T02:00:00Z,2,2023,21,0.00,0.00,0.00,0.04
1275,2023-02-23T03:00:00Z,2,2023,22,0.00,0.00,0.00,-0.04
1276,2023-02-23T04:00:00Z,2,2023,23,0.00,0.00,0.00,-0.12
1277,2023-02-23T05:00:00Z,2,2023,0,0.00,0.00,0.00,-0.25
1278,2023-02-23T06:00:00Z,2,2023,1,0.00,0.00,0.00,-0.35
1279,2023-02-23T07:00:00Z,2,2023,2,0.00,0.00,0.00,-0.60
1280,2023-02-23T08:00:00Z,2,2023,3,0.00,0.00,0.00,-0.98
1281,2023-02-23T09:00:00Z,2,2023,4,0.00,0.00,0.00,-1.07
1282,2023-02-23T10:00:00Z,2,2023,5,0.00,0.00,0.00,-1.31
1283,2023-02-23T11:00:00Z,2,2023,6,2.60,5.64,3.46,-1.84
1284,2023-02-23T12:00:00Z,2,2023,7,21.52,28.72,18.77,-1.82
1285,2023-02-23T13:00:00Z,2,2023,8,43.15,23.82,35.30,-1.39
1286,2023-02-23T14:00:00Z,2,2023,9,55.72,11.88,45.36,-0.85
1287,2023-02-23T15:00:00Z,2,2023,10,59.03,0.00,51.64,-0.42
1288,2023-02-23T16:00:00Z,2,2023,11,99.57,3.01,85.04,-0.31
1289,2023-02-23T17:00:00Z,2,2023,12,137.93,0.00,118.42,-0.45
1290,2023-02-23T18:00:00Z,2,2023,13,71.60,7.34,61.62,-0.66
1291,2023-02-23T19:00:00Z,2,2023,14,60.70,0.00,51.75,-0.96
1292,2023-02-23T20:00:00Z,2,2023,15,41.70,0.00,36.47,-1.29
1293,2023-02-23T21:00:00Z,2,2023,16,20.85,0.00,18.39,-1.70
1294,2023-02-23T22:00:00Z,2,2023,17,1.65,0.00,1.89,-2.35
1295,2023-02-23T23:00:00Z,2,2023,18,0.00,0.00,0.00,-2.86
1296,2023-02-24T00:00:00Z,2,2023,19,0.00,0.00,0.00,-2.70
1297,2023-02-24T01:00:00Z,2,2023,20,0.00,0.00,0.00,-1.95
1298,2023-02-24T02:00:00Z,2,2023,21,0.00,0.00,0.00,-1.50
1299,2023-02-24T03:00:00Z,2,2023,22,0.00,0.00,0.00,-1.41
1300,2023-02-24T04:00:00Z,2,2023,23,0.00,0.00,0.00,-1.82
1301,2023-02-24T05:00:00Z,2,2023,0,0.00,0.00,0.00,-2.05
1302,2023-02-24T06:00:00Z,2,2023,1,0.00,0.00,0.00,-2.45
1303,2023-02-24T07:00:00Z,2,2023,2,0.00,0.00,0.00,-3.02
1304,2023-02-24T08:00:00Z,2,2023,3,0.00,0.00,0.00,-3.16
1305,2023-02-24T09:00:00Z,2,2023,4,0.00,0.00,0.00,-2.08
1306,2023-02-24T10:00:00Z,2,2023,5,0.00,0.00,0.00,-0.96
1307,2023-02-24T11:00:00Z,2,2023,6,6.07,22.27,7.84,-0.80
1308,2023-02-24T12:00:00Z,2,2023,7,94.85,248.46,51.35,-0.78
1309,2023-02-24T13:00:00Z,2,2023,8,225.30,341.61,125.26,-1.22
1310,2023-02-24T14:00:00Z,2,2023,9,346.55,346.55,207.58,-1.74
1311,2023-02-24T15:00:00Z,2,2023,10,445.25,290.59,278.67,-2.00
1312,2023-02-24T16:00:00Z,2,2023,11,514.53,359.50,273.27,-2.36
1313,2023-02-24T17:00:00Z,2,2023,12,518.25,480.73,246.61,-3.21
1314,2023-02-24T18:00:00Z,2,2023,13,505.02,524.95,228.47,-3.97
1315,2023-02-24T19:00:00Z,2,2023,14,410.45,558.80,175.73,-4.27
1316,2023-02-24T20:00:00Z,2,2023,15,273.55,554.35,100.79,-4.58
1317,2023-02-24T21:00:00Z,2,2023,16,119.10,453.97,48.62,-5.21
1318,2023-02-24T22:00:00Z,2,2023,17,7.60,66.15,7.30,-6.37
1319,2023-02-24T23:00:00Z,2,2023,18,0.00,0.00,0.00,-7.32
1320,2023-02-25T00:00:00Z,2,2023,19,0.00,0.00,0.00,-7.83
1321,2023-02-25T01:00:00Z,2,2023,20,0.00,0.00,0.00,-8.40
1322,2023-02-25T02:00:00Z,2,2023,21,0.00,0.00,0.00,-9.15
1323,2023-02-25T03:00:00Z,2,2023,22,0.00,0.00,0.00,-10.14
1324,2023-02-25T04:00:00Z,2,2023,23,0.00,0.00,0.00,-11.27
1325,2023-02-25T05:00:00Z,2,2023,0,0.00,0.00,0.00,-12.16
1326,2023-02-25T06:00:00Z,2,2023,1,0.00,0.00,0.00,-12.92
1327,2023-02-25T07:00:00Z,2,2023,2,0.00,0.00,0.00,-13.53
1328,2023-02-25T08:00:00Z,2,2023,3,0.00,0.00,0.00,-14.24
1329,2023-02-25T09:00:00Z,2,2023,4,0.00,0.00,0.00,-14.80
1330,2023-02-25T10:00:00Z,2,2023,5,0.00,0.00,0.00,-15.09
1331,2023-02-25T11:00:00Z,2,2023,6,6.70,18.40,8.60,-14.22
1332,2023-02-25T12:00:00Z,2,2023,7,68.20,45.04,59.09,-11.98
1333,2023-02-25T13:00:00Z,2,2023,8,159.93,24.62,136.91,-10.19
1334,2023-02-25T14:00:00Z,2,2023,9,256.55,38.55,212.16,-9.23
1335,2023-02-25T15:00:00Z,2,2023,10,243.70,25.30,201.27,-8.21
1336,2023-02-25T16:00:00Z,2,2023,11,248.62,0.00,212.54,-7.48
1337,2023-02-25T17:00:00Z,2,2023,12,334.83,0.28,286.21,-6.98
1338,2023-02-25T18:00:00Z,2,2023,13,304.73,0.30,264.63,-6.91
1339,2023-02-25T19:00:00Z,2,2023,14,264.20,32.33,224.76,-7.00
1340,2023-02-25T20:00:00Z,2,2023,15,175.52,39.44,140.47,-7.11
1341,2023-02-25T21:00:00Z,2,2023,16,72.07,28.77,61.28,-7.39
1342,2023-02-25T22:00:00Z,2,2023,17,5.05,5.40,6.73,-7.78
1343,2023-02-25T23:00:00Z,2,2023,18,0.00,0.00,0.00,-7.82
1344,2023-02-26T00:00:00Z,2,2023,19,0.00,0.00,0.00,-7.87
1345,2023-02-26T01:00:00Z,2,2023,20,0.00,0.00,0.00,-7.86
1346,2023-02-26T02:00:00Z,2,2023,21,0.00,0.00,0.00,-7.79
1347,2023-02-26T03:00:00Z,2,2023,22,0.00,0.00,0.00,-7.77
1348,2023-02-26T04:00:00Z,2,2023,23,0.00,0.00,0.00,-7.66
1349,2023-02-26T05:00:00Z,2,2023,0,0.00,0.00,0.00,-7.72
1350,2023-02-26T06:00:00Z,2,2023,1,0.00,0.00,0.00,-7.75
1351,2023-02-26T07:00:00Z,2,2023,2,0.00,0.00,0.00,-7.64
1352,2023-02-26T08:00:00Z,2,2023,3,0.00,0.00,0.00,-7.50
1353,2023-02-26T09:00:00Z,2,2023,4,0.00,0.00,0.00,-7.29
1354,2023-02-26T10:00:00Z,2,2023,5,0.00,0.00,0.00,-7.21
1355,2023-02-26T11:00:00Z,2,2023,6,4.47,7.55,5.60,-7.45
1356,2023-02-26T12:00:00Z,2,2023,7,50.50,24.72,44.18,-6.62
1357,2023-02-26T13:00:00Z,2,2023,8,104.97,19.16,87.70,-5.03
1358,2023-02-26T14:00:00Z,2,2023,9,203.25,9.47,170.48,-4.00
1359,2023-02-26T15:00:00Z,2,2023,10,172.40,45.51,134.39,-3.15
1360,2023-02-26T16:00:00Z,2,2023,11,147.15,32.38,115.35,-2.22
1361,2023-02-26T17:00:00Z,2,2023,12,60.10,8.59,50.08,-1.18
1362,2023-02-26T18:00:00Z,2,2023,13,121.85,5.75,104.99,-0.27
1363,2023-02-26T19:00:00Z,2,2023,14,103.35,59.43,71.75,0.48
1364,2023-02-26T20:00:00Z,2,2023,15,82.53,99.18,55.18,0.71
1365,2023-02-26T21:00:00Z,2,2023,16,46.50,78.14,33.44,0.32
1366,2023-02-26T22:00:00Z,2,2023,17,4.68,6.02,6.96,-0.63
1367,2023-02-26T23:00:00Z,2,2023,18,0.00,0.00,0.00,-0.95
1368,2023-02-27T00:00:00Z,2,2023,19,0.00,0.00,0.00,-1.27
1369,2023-02-27T01:00:00Z,2,2023,20,0.00,0.00,0.00,-2.04
1370,2023-02-27T02:00:00Z,2,2023,21,0.00,0.00,0.00,-3.47
1371,2023-02-27T03:00:00Z,2,2023,22,0.00,0.00,0.00,-4.77
1372,2023-02-27T04:00:00Z,2,2023,23,0.00,0.00,0.00,-5.75
1373,2023-02-27T05:00:00Z,2,2023,0,0.00,0.00,0.00,-6.57
1374,2023-02-27T06:00:00Z,2,2023,1,0.00,0.00,0.00,-7.19
1375,2023-02-27T07:00:00Z,2,2023,2,0.00,0.00,0.00,-7.80
1376,2023-02-27T08:00:00Z,2,2023,3,0.00,0.00,0.00,-7.47
1377,2023-02-27T09:00:00Z,2,2023,4,0.00,0.00,0.00,-6.68
1378,2023-02-27T10:00:00Z,2,2023,5,0.00,0.00,0.00,-7.14
1379,2023-02-27T11:00:00Z,2,2023,6,8.52,33.90,10.15,-7.83
1380,2023-02-27T12:00:00Z,2,2023,7,116.30,218.73,79.01,-6.07
1381,2023-02-27T13:00:00Z,2,2023,8,274.12,299.46,176.84,-3.89
1382,2023-02-27T14:00:00Z,2,2023,9,405.48,270.42,270.89,-3.15
1383,2023-02-27T15:00:00Z,2,2023,10,520.30,401.32,321.67,-2.21
1384,2023-02-27T16:00:00Z,2,2023,11,536.67,339.52,331.56,-1.28
1385,2023-02-27T17:00:00Z,2,2023,12,519.62,411.51,277.57,-0.70
1386,2023-02-27T18:00:00Z,2,2023,13,478.33,253.89,350.12,-0.45
1387,2023-02-27T19:00:00Z,2,2023,14,368.50,134.88,283.75,-0.51
1388,2023-02-27T20:00:00Z,2,2023,15,233.20,87.84,189.68,-1.17
1389,2023-02-27T21:00:00Z,2,2023,16,95.75,43.61,81.22,-2.18
1390,2023-02-27T22:00:00Z,2,2023,17,5.70,0.00,6.10,-3.66
1391,2023-02-27T23:00:00Z,2,2023,18,0.00,0.00,0.00,-4.21
1392,2023-02-28T00:00:00Z,2,2023,19,0.00,0.00,0.00,-4.56
1393,2023-02-28T01:00:00Z,2,2023,20,0.00,0.00,0.00,-4.18
1394,2023-02-28T02:00:00Z,2,2023,21,0.00,0.00,0.00,-3.78
1395,2023-02-28T03:00:00Z,2,2023,22,0.00,0.00,0.00,-3.52
1396,2023-02-28T04:00:00Z,2,2023,23,0.00,0.00,0.00,-3.51
1397,2023-02-28T05:00:00Z,2,2023,0,0.00,0.00,0.00,-3.40
1398,2023-02-28T06:00:00Z,2,2023,1,0.00,0.00,0.00,-2.71
1399,2023-02-28T07:00:00Z,2,2023,2,0.00,0.00,0.00,-2.50
1400,2023-02-28T08:00:00Z,2,2023,3,0.00,0.00,0.00,-2.44
1401,2023-02-28T09:00:00Z,2,2023,4,0.00,0.00,0.00,-2.24
1402,2023-02-28T10:00:00Z,2,2023,5,0.00,0.00,0.00,-1.96
1403,2023-02-28T11:00:00Z,2,2023,6,3.53,0.00,3.77,-1.53
1404,2023-02-28T12:00:00Z,2,2023,7,25.08,0.00,22.51,-0.72
1405,2023-02-28T13:00:00Z,2,2023,8,57.83,0.40,49.21,0.22
1406,2023-02-28T14:00:00Z,2,2023,9,107.32,4.32,91.42,0.86
1407,2023-02-28T15:00:00Z,2,2023,10,154.48,19.50,131.37,1.12
1408,2023-02-28T16:00:00Z,2,2023,11,189.75,1.23,162.91,1.35
1409,2023-02-28T17:00:00Z,2,2023,12,217.75,2.19,186.85,1.44
1410,2023-02-28T18:00:00Z,2,2023,13,143.57,1.62,124.27,1.45
1411,2023-02-28T19:00:00Z,2,2023,14,114.28,0.13,98.05,1.35
1412,2023-02-28T20:00:00Z,2,2023,15,86.25,0.20,73.65,1.08
1413,2023-02-28T21:00:00Z,2,2023,16,43.60,17.28,38.53,0.73
1414,2023-02-28T22:00:00Z,2,2023,17,3.95,0.00,4.23,0.26
1415,2023-02-28T23:00:00Z,2,2023,18,0.00,0.00,0.00,0.00
1416,2023-03-01T00:00:00Z,3,2023,19,0.00,0.00,0.00,0.03
1417,2023-03-01T01:00:00Z,3,2023,20,0.00,0.00,0.00,-0.07
1418,2023-03-01T02:00:00Z,3,2023,21,0.00,0.00,0.00,-0.93
1419,2023-03-01T03:00:00Z,3,2023,22,0.00,0.00,0.00,-1.21
1420,2023-03-01T04:00:00Z,3,2023,23,0.00,0.00,0.00,-0.67
1421,2023-03-01T05:00:00Z,3,2023,0,0.00,0.00,0.00,-0.98
1422,2023-03-01T06:00:00Z,3,2023,1,0.00,0.00,0.00,-1.47
1423,2023-03-01T07:00:00Z,3,2023,2,0.00,0.00,0.00,-2.41
1424,2023-03-01T08:00:00Z,3,2023,3,0.00,0.00,0.00,-3.16
1425,2023-03-01T09:00:00Z,3,2023,4,0.00,0.00,0.00,-4.14
1426,2023-03-01T10:00:00Z,3,2023,5,0.00,0.00,0.00,-5.29
1427,2023-03-01T11:00:00Z,3,2023,6,15.73,95.64,12.28,-5.82
1428,2023-03-01T12:00:00Z,3,2023,7,151.77,531.88,55.19,-3.84
1429,2023-03-01T13:00:00Z,3,2023,8,321.23,618.23,97.80,-0.97
1430,2023-03-01T14:00:00Z,3,2023,9,445.20,683.94,135.45,1.31
1431,2023-03-01T15:00:00Z,3,2023,10,558.35,640.43,180.64,2.32
1432,2023-03-01T16:00:00Z,3,2023,11,567.78,575.75,211.69,3.07
1433,2023-03-01T17:00:00Z,3,2023,12,517.30,402.15,265.68,3.68
1434,2023-03-01T18:00:00Z,3,2023,13,228.73,0.00,198.83,3.61
1435,2023-03-01T19:00:00Z,3,2023,14,160.82,21.22,134.57,2.89
1436,2023-03-01T20:00:00Z,3,2023,15,112.82,26.69,92.86,2.07
1437,2023-03-01T21:00:00Z,3,2023,16,56.97,33.27,47.90,1.53
1438,2023-03-01T22:00:00Z,3,2023,17,4.28,0.00,4.58,-0.23
1439,2023-03-01T23:00:00Z,3,2023,18,0.00,0.00,0.00,-0.56
1440,2023-03-02T00:00:00Z,3,2023,19,0.00,0.00,0.00,-0.73
1441,2023-03-02T01:00:00Z,3,2023,20,0.00,0.00,0.00,-0.49
1442,2023-03-02T02:00:00Z,3,2023,21,0.00,0.00,0.00,-0.63
1443,2023-03-02T03:00:00Z,3,2023,22,0.00,0.00,0.00,-0.66
1444,2023-03-02T04:00:00Z,3,2023,23,0.00,0.00,0.00,0.06
1445,2023-03-02T05:00:00Z,3,2023,0,0.00,0.00,0.00,0.49
1446,2023-03-02T06:00:00Z,3,2023,1,0.00,0.00,0.00,0.71
1447,2023-03-02T07:00:00Z,3,2023,2,0.00,0.00,0.00,0.97
1448,2023-03-02T08:00:00Z,3,2023,3,0.00,0.00,0.00,1.05
1449,2023-03-02T09:00:00Z,3,2023,4,0.00,0.00,0.00,1.15
1450,2023-03-02T10:00:00Z,3,2023,5,0.00,0.00,0.00,1.16
1451,2023-03-02T11:00:00Z,3,2023,6,3.47,0.00,3.65,1.43
1452,2023-03-02T12:00:00Z,3,2023,7,37.08,16.59,32.04,1.69
1453,2023-03-02T13:00:00Z,3,2023,8,80.15,30.67,65.64,1.80
1454,2023-03-02T14:00:00Z,3,2023,9,127.65,64.36,95.51,2.08
1455,2023-03-02T15:00:00Z,3,2023,10,130.02,27.97,107.97,2.43
1456,2023-03-02T16:00:00Z,3,2023,11,171.45,0.00,146.00,2.79
1457,2023-03-02T17:00:00Z,3,2023,12,146.55,111.82,86.95,2.96
1458,2023-03-02T18:00:00Z,3,2023,13,218.23,0.00,189.70,2.90
1459,2023-03-02T19:00:00Z,3,2023,14,184.43,90.81,129.55,2.87
1460,2023-03-02T20:00:00Z,3,2023,15,142.15,148.36,99.75,2.78
1461,2023-03-02T21:00:00Z,3,2023,16,67.85,133.85,43.75,2.32
1462,2023-03-02T22:00:00Z,3,2023,17,7.82,24.63,8.88,1.53
1463,2023-03-02T23:00:00Z,3,2023,18,0.00,0.00,0.00,1.15
1464,2023-03-03T00:00:00Z,3,2023,19,0.00,0.00,0.00,0.97
1465,2023-03-03T01:00:00Z,3,2023,20,0.00,0.00,0.00,0.73
1466,2023-03-03T02:00:00Z,3,2023,21,0.00,0.00,0.00,0.36
1467,2023-03-03T03:00:00Z,3,2023,22,0.00,0.00,0.00,0.00
1468,2023-03-03T04:00:00Z,3,2023,23,0.00,0.00,0.00,-0.24
1469,2023-03-03T05:00:00Z,3,2023,0,0.00,0.00,0.00,-0.43
1470,2023-03-03T06:00:00Z,3,2023,1,0.00,0.00,0.00,-0.77
1471,2023-03-03T07:00:00Z,3,2023,2,0.00,0.00,0.00,-1.35
1472,2023-03-03T08:00:00Z,3,2023,3,0.00,0.00,0.00,-2.33
1473,2023-03-03T09:00:00Z,3,2023,4,0.00,0.00,0.00,-3.03
1474,2023-03-03T10:00:00Z,3,2023,5,0.00,0.00,0.00,-3.75
1475,2023-03-03T11:00:00Z,3,2023,6,19.77,172.07,11.99,-3.68
1476,2023-03-03T12:00:00Z,3,2023,7,177.45,660.90,45.27,-1.39
1477,2023-03-03T13:00:00Z,3,2023,8,366.30,828.48,64.59,0.51
1478,2023-03-03T14:00:00Z,3,2023,9,533.03,906.14,86.24,1.63
1479,2023-03-03T15:00:00Z,3,2023,10,591.88,706.39,206.28,2.72
1480,2023-03-03T16:00:00Z,3,2023,11,661.50,832.35,256.63,3.58
1481,2023-03-03T17:00:00Z,3,2023,12,661.00,760.29,185.25,4.60
1482,2023-03-03T18:00:00Z,3,2023,13,492.48,237.69,389.49,5.02
1483,2023-03-03T19:00:00Z,3,2023,14,380.25,115.51,297.03,4.85
1484,2023-03-03T20:00:00Z,3,2023,15,244.62,68.25,203.46,4.64
1485,2023-03-03T21:00:00Z,3,2023,16,115.10,79.69,98.80,2.65
1486,2023-03-03T22:00:00Z,3,2023,17,7.78,4.15,9.85,0.39
1487,2023-03-03T23:00:00Z,3,2023,18,0.00,0.00,0.00,-0.11
1488,2023-03-04T00:00:00Z,3,2023,19,0.00,0.00,0.00,0.49
1489,2023-03-04T01:00:00Z,3,2023,20,0.00,0.00,0.00,0.51
1490,2023-03-04T02:00:00Z,3,2023,21,0.00,0.00,0.00,0.43
1491,2023-03-04T03:00:00Z,3,2023,22,0.00,0.00,0.00,0.47
1492,2023-03-04T04:00:00Z,3,2023,23,0.00,0.00,0.00,0.07
1493,2023-03-04T05:00:00Z,3,2023,0,0.00,0.00,0.00,0.46
1494,2023-03-04T06:00:00Z,3,2023,1,0.00,0.00,0.00,0.76
1495,2023-03-04T07:00:00Z,3,2023,2,0.00,0.00,0.00,0.59
1496,2023-03-04T08:00:00Z,3,2023,3,0.00,0.00,0.00,0.45
1497,2023-03-04T09:00:00Z,3,2023,4,0.00,0.00,0.00,0.45
1498,2023-03-04T10:00:00Z,3,2023,5,0.00,0.00,0.00,0.43
1499,2023-03-04T11:00:00Z,3,2023,6,5.68,4.72,5.88,0.46
1500,2023-03-04T12:00:00Z,3,2023,7,35.10,5.23,30.69,0.61
1501,2023-03-04T13:00:00Z,3,2023,8,71.88,5.10,61.87,0.75
1502,2023-03-04T14:00:00Z,3,2023,9,93.03,1.97,81.07,0.82
1503,2023-03-04T15:00:00Z,3,2023,10,126.28,22.00,105.15,0.95
1504,2023-03-04T16:00:00Z,3,2023,11,203.20,0.57,171.44,0.99
1505,2023-03-04T17:00:00Z,3,2023,12,268.77,0.98,228.74,1.02
1506,2023-03-04T18:00:00Z,3,2023,13,199.23,0.00,171.78,1.09
1507,2023-03-04T19:00:00Z,3,2023,14,156.65,1.17,136.81,1.15
1508,2023-03-04T20:00:00Z,3,2023,15,119.22,61.63,95.85,1.05
1509,2023-03-04T21:00:00Z,3,2023,16,56.92,39.02,49.63,0.74
1510,2023-03-04T22:00:00Z,3,2023,17,6.95,2.92,7.27,0.18
1511,2023-03-04T23:00:00Z,3,2023,18,0.00,0.00,0.00,-0.32
1512,2023-03-05T00:00:00Z,3,2023,19,0.00,0.00,0.00,-0.89
1513,2023-03-05T01:00:00Z,3,2023,20,0.00,0.00,0.00,-1.85
1514,2023-03-05T02:00:00Z,3,2023,21,0.00,0.00,0.00,-2.94
1515,2023-03-05T03:00:00Z,3,2023,22,0.00,0.00,0.00,-3.53
1516,2023-03-05T04:00:00Z,3,2023,23,0.00,0.00,0.00,-3.90
1517,2023-03-05T05:00:00Z,3,2023,0,0.00,0.00,0.00,-4.08
1518,2023-03-05T06:00:00Z,3,2023,1,0.00,0.00,0.00,-4.51
1519,2023-03-05T07:00:00Z,3,2023,2,0.00,0.00,0.00,-4.84
1520,2023-03-05T08:00:00Z,3,2023,3,0.00,0.00,0.00,-4.57
1521,2023-03-05T09:00:00Z,3,2023,4,0.00,0.00,0.00,-4.33
1522,2023-03-05T10:00:00Z,3,2023,5,0.00,0.00,0.00,-4.79
1523,2023-03-05T11:00:00Z,3,2023,6,14.73,38.36,16.59,-4.35
1524,2023-03-05T12:00:00Z,3,2023,7,106.40,137.53,76.03,-2.08
1525,2023-03-05T13:00:00Z,3,2023,8,236.60,290.25,139.59,-0.35
1526,2023-03-05T14:00:00Z,3,2023,9,356.75,327.32,193.89,0.93
1527,2023-03-05T15:00:00Z,3,2023,10,516.72,537.28,211.29,1.73
1528,2023-03-05T16:00:00Z,3,2023,11,500.85,341.84,269.35,2.52
1529,2023-03-05T17:00:00Z,3,2023,12,381.05,277.32,227.17,3.22
1530,2023-03-05T18:00:00Z,3,2023,13,310.08,75.46,232.21,3.62
1531,2023-03-05T19:00:00Z,3,2023,14,301.73,225.47,197.74,3.61
1532,2023-03-05T20:00:00Z,3,2023,15,223.80,318.15,123.52,3.22
1533,2023-03-05T21:00:00Z,3,2023,16,116.15,289.72,54.69,2.38
1534,2023-03-05T22:00:00Z,3,2023,17,15.00,101.32,12.91,1.19
1535,2023-03-05T23:00:00Z,3,2023,18,0.00,0.00,0.00,0.73
1536,2023-03-06T00:00:00Z,3,2023,19,0.00,0.00,0.00,0.61
1537,2023-03-06T01:00:00Z,3,2023,20,0.00,0.00,0.00,0.59
1538,2023-03-06T02:00:00Z,3,2023,21,0.00,0.00,0.00,0.65
1539,2023-03-06T03:00:00Z,3,2023,22,0.00,0.00,0.00,0.70
1540,2023-03-06T04:00:00Z,3,2023,23,0.00,0.00,0.00,0.74
1541,2023-03-06T05:00:00Z,3,2023,0,0.00,0.00,0.00,0.78
1542,2023-03-06T06:00:00Z,3,2023,1,0.00,0.00,0.00,0.78
1543,2023-03-06T07:00:00Z,3,2023,2,0.00,0.00,0.00,0.67
1544,2023-03-06T08:00:00Z,3,2023,3,0.00,0.00,0.00,0.53
1545,2023-03-06T09:00:00Z,3,2023,4,0.00,0.00,0.00,0.37
1546,2023-03-06T10:00:00Z,3,2023,5,0.00,0.00,0.00,0.19
1547,2023-03-06T11:00:00Z,3,2023,6,28.33,243.69,12.77,0.10
1548,2023-03-06T12:00:00Z,3,2023,7,205.98,761.43,37.77,1.08
1549,2023-03-06T13:00:00Z,3,2023,8,399.38,909.80,53.33,2.29
1550,2023-03-06T14:00:00Z,3,2023,9,562.42,966.74,65.03,3.11
1551,2023-03-06T15:00:00Z,3,2023,10,679.45,1023.54,67.72,3.75
1552,2023-03-06T16:00:00Z,3,2023,11,736.70,1023.12,72.96,4.31
1553,2023-03-06T17:00:00Z,3,2023,12,733.50,1036.89,73.95,4.56
1554,2023-03-06T18:00:00Z,3,2023,13,655.12,912.02,118.98,4.40
1555,2023-03-06T19:00:00Z,3,2023,14,499.25,593.39,228.23,3.80
1556,2023-03-06T20:00:00Z,3,2023,15,352.62,601.31,148.55,3.26
1557,2023-03-06T21:00:00Z,3,2023,16,160.57,498.73,70.45,2.48
1558,2023-03-06T22:00:00Z,3,2023,17,19.00,139.01,14.23,1.14
1559,2023-03-06T23:00:00Z,3,2023,18,0.00,0.00,0.00,0.45
1560,2023-03-07T00:00:00Z,3,2023,19,0.00,0.00,0.00,0.15
1561,2023-03-07T01:00:00Z,3,2023,20,0.00,0.00,0.00,0.03
1562,2023-03-07T02:00:00Z,3,2023,21,0.00,0.00,0.00,-0.11
1563,2023-03-07T03:00:00Z,3,2023,22,0.00,0.00,0.00,-0.24
1564,2023-03-07T04:00:00Z,3,2023,23,0.00,0.00,0.00,-0.48
1565,2023-03-07T05:00:00Z,3,2023,0,0.00,0.00,0.00,-0.87
1566,2023-03-07T06:00:00Z,3,2023,1,0.00,0.00,0.00,-1.40
1567,2023-03-07T07:00:00Z,3,2023,2,0.00,0.00,0.00,-1.84
1568,2023-03-07T08:00:00Z,3,2023,3,0.00,0.00,0.00,-2.31
1569,2023-03-07T09:00:00Z,3,2023,4,0.00,0.00,0.00,-2.82
1570,2023-03-07T10:00:00Z,3,2023,5,0.00,0.00,0.00,-3.02
1571,2023-03-07T11:00:00Z,3,2023,6,17.90,50.09,19.91,-2.93
1572,2023-03-07T12:00:00Z,3,2023,7,137.75,243.71,91.10,-1.84
1573,2023-03-07T13:00:00Z,3,2023,8,317.95,440.00,151.60,-0.80
1574,2023-03-07T14:00:00Z,3,2023,9,470.70,605.59,166.03,-0.01
1575,2023-03-07T15:00:00Z,3,2023,10,526.90,357.84,292.74,0.44
1576,2023-03-07T16:00:00Z,3,2023,11,515.33,253.29,330.18,0.51
1577,2023-03-07T17:00:00Z,3,2023,12,548.28,302.32,311.02,0.27
1578,2023-03-07T18:00:00Z,3,2023,13,357.12,67.56,280.85,-0.01
1579,2023-03-07T19:00:00Z,3,2023,14,272.65,83.36,203.38,-0.30
1580,2023-03-07T20:00:00Z,3,2023,15,188.70,40.76,155.91,-0.62
1581,2023-03-07T21:00:00Z,3,2023,16,91.85,27.23,79.19,-1.15
1582,2023-03-07T22:00:00Z,3,2023,17,12.48,6.74,14.74,-1.88
1583,2023-03-07T23:00:00Z,3,2023,18,0.00,0.00,0.00,-2.35
1584,2023-03-08T00:00:00Z,3,2023,19,0.00,0.00,0.00,-2.70
1585,2023-03-08T01:00:00Z,3,2023,20,0.00,0.00,0.00,-3.00
1586,2023-03-08T02:00:00Z,3,2023,21,0.00,0.00,0.00,-3.27
1587,2023-03-08T03:00:00Z,3,2023,22,0.00,0.00,0.00,-3.58
1588,2023-03-08T04:00:00Z,3,2023,23,0.00,0.00,0.00,-3.88
1589,2023-03-08T05:00:00Z,3,2023,0,0.00,0.00,0.00,-4.10
1590,2023-03-08T06:00:00Z,3,2023,1,0.00,0.00,0.00,-4.20
1591,2023-03-08T07:00:00Z,3,2023,2,0.00,0.00,0.00,-4.13
1592,2023-03-08T08:00:00Z,3,2023,3,0.00,0.00,0.00,-3.97
1593,2023-03-08T09:00:00Z,3,2023,4,0.00,0.00,0.00,-3.91
1594,2023-03-08T10:00:00Z,3,2023,5,0.00,0.00,0.00,-4.08
1595,2023-03-08T11:00:00Z,3,2023,6,20.98,56.20,21.31,-4.06
1596,2023-03-08T12:00:00Z,3,2023,7,127.53,139.07,92.49,-2.84
1597,2023-03-08T13:00:00Z,3,2023,8,266.65,226.37,186.92,-1.04
1598,2023-03-08T14:00:00Z,3,2023,9,387.05,261.27,246.67,0.43
1599,2023-03-08T15:00:00Z,3,2023,10,404.52,65.23,337.62,1.55
1600,2023-03-08T16:00:00Z,3,2023,11,430.23,42.01,354.89,2.93
1601,2023-03-08T17:00:00Z,3,2023,12,556.10,282.42,336.93,4.41
1602,2023-03-08T18:00:00Z,3,2023,13,451.75,221.73,303.18,5.22
1603,2023-03-08T19:00:00Z,3,2023,14,478.73,565.64,196.43,5.11
1604,2023-03-08T20:00:00Z,3,2023,15,305.45,595.64,100.80,4.32
1605,2023-03-08T21:00:00Z,3,2023,16,147.40,449.50,59.16,3.05
1606,2023-03-08T22:00:00Z,3,2023,17,17.08,72.08,15.50,1.49
1607,2023-03-08T23:00:00Z,3,2023,18,0.00,0.00,0.00,0.70
1608,2023-03-09T00:00:00Z,3,2023,19,0.00,0.00,0.00,0.37
1609,2023-03-09T01:00:00Z,3,2023,20,0.00,0.00,0.00,-0.10
1610,2023-03-09T02:00:00Z,3,2023,21,0.00,0.00,0.00,-0.53
1611,2023-03-09T03:00:00Z,3,2023,22,0.00,0.00,0.00,-0.81
1612,2023-03-09T04:00:00Z,3,2023,23,0.00,0.00,0.00,-1.08
1613,2023-03-09T05:00:00Z,3,2023,0,0.00,0.00,0.00,-1.26
1614,2023-03-09T06:00:00Z,3,2023,1,0.00,0.00,0.00,-1.42
1615,2023-03-09T07:00:00Z,3,2023,2,0.00,0.00,0.00,-1.51
1616,2023-03-09T08:00:00Z,3,2023,3,0.00,0.00,0.00,-1.57
1617,2023-03-09T09:00:00Z,3,2023,4,0.00,0.00,0.00,-1.64
1618,2023-03-09T10:00:00Z,3,2023,5,0.00,0.00,0.00,-1.78
1619,2023-03-09T11:00:00Z,3,2023,6,25.08,57.93,25.60,-1.73
1620,2023-03-09T12:00:00Z,3,2023,7,174.25,332.23,99.26,-0.52
1621,2023-03-09T13:00:00Z,3,2023,8,370.52,574.77,145.00,1.32
1622,2023-03-09T14:00:00Z,3,2023,9,532.92,705.59,157.83,3.13
1623,2023-03-09T15:00:00Z,3,2023,10,658.58,818.28,141.17,4.62
1624,2023-03-09T16:00:00Z,3,2023,11,708.65,831.33,160.43,5.85
1625,2023-03-09T17:00:00Z,3,2023,12,695.60,794.20,162.77,6.58
1626,2023-03-09T18:00:00Z,3,2023,13,635.67,737.06,188.51,6.73
1627,2023-03-09T19:00:00Z,3,2023,14,503.05,648.81,189.52,6.29
1628,2023-03-09T20:00:00Z,3,2023,15,314.65,557.74,127.72,5.35
1629,2023-03-09T21:00:00Z,3,2023,16,139.88,309.78,75.77,4.04
1630,2023-03-09T22:00:00Z,3,2023,17,15.70,111.65,14.44,2.14
1631,2023-03-09T23:00:00Z,3,2023,18,0.00,0.00,0.00,1.47
1632,2023-03-10T00:00:00Z,3,2023,19,0.00,0.00,0.00,0.72
1633,2023-03-10T01:00:00Z,3,2023,20,0.00,0.00,0.00,0.34
1634,2023-03-10T02:00:00Z,3,2023,21,0.00,0.00,0.00,-0.31
1635,2023-03-10T03:00:00Z,3,2023,22,0.00,0.00,0.00,-0.40
1636,2023-03-10T04:00:00Z,3,2023,23,0.00,0.00,0.00,-0.83
1637,2023-03-10T05:00:00Z,3,2023,0,0.00,0.00,0.00,-1.37
1638,2023-03-10T06:00:00Z,3,2023,1,0.00,0.00,0.00,-1.96
1639,2023-03-10T07:00:00Z,3,2023,2,0.00,0.00,0.00,-2.52
1640,2023-03-10T08:00:00Z,3,2023,3,0.00,0.00,0.00,-2.80
1641,2023-03-10T09:00:00Z,3,2023,4,0.00,0.00,0.00,-2.97
1642,2023-03-10T10:00:00Z,3,2023,5,0.00,0.00,0.00,-3.19
1643,2023-03-10T11:00:00Z,3,2023,6,38.45,254.05,19.23,-2.44
1644,2023-03-10T12:00:00Z,3,2023,7,212.43,641.19,61.17,-0.15
1645,2023-03-10T13:00:00Z,3,2023,8,397.77,750.74,100.58,2.65
1646,2023-03-10T14:00:00Z,3,2023,9,553.42,828.24,125.09,4.61
1647,2023-03-10T15:00:00Z,3,2023,10,653.00,758.39,183.70,5.95
1648,2023-03-10T16:00:00Z,3,2023,11,682.30,718.01,218.47,7.03
1649,2023-03-10T17:00:00Z,3,2023,12,634.60,492.46,352.61,7.54
1650,2023-03-10T18:00:00Z,3,2023,13,600.60,584.81,220.45,7.75
1651,2023-03-10T19:00:00Z,3,2023,14,505.35,684.61,154.07,7.99
1652,2023-03-10T20:00:00Z,3,2023,15,315.95,427.46,151.38,7.50
1653,2023-03-10T21:00:00Z,3,2023,16,140.10,201.64,97.26,6.35
1654,2023-03-10T22:00:00Z,3,2023,17,16.48,18.33,18.53,4.47
1655,2023-03-10T23:00:00Z,3,2023,18,0.00,0.00,0.00,3.23
1656,2023-03-11T00:00:00Z,3,2023,19,0.00,0.00,0.00,2.60
1657,2023-03-11T01:00:00Z,3,2023,20,0.00,0.00,0.00,2.29
1658,2023-03-11T02:00:00Z,3,2023,21,0.00,0.00,0.00,2.12
1659,2023-03-11T03:00:00Z,3,2023,22,0.00,0.00,0.00,1.95
1660,2023-03-11T04:00:00Z,3,2023,23,0.00,0.00,0.00,1.80
1661,2023-03-11T05:00:00Z,3,2023,0,0.00,0.00,0.00,1.51
1662,2023-03-11T06:00:00Z,3,2023,1,0.00,0.00,0.00,1.55
1663,2023-03-11T07:00:00Z,3,2023,2,0.00,0.00,0.00,1.74
1664,2023-03-11T08:00:00Z,3,2023,3,0.00,0.00,0.00,1.77
1665,2023-03-11T09:00:00Z,3,2023,4,0.00,0.00,0.00,1.73
1666,2023-03-11T10:00:00Z,3,2023,5,0.00,0.00,0.00,1.53
1667,2023-03-11T11:00:00Z,3,2023,6,10.48,1.79,10.45,1.38
1668,2023-03-11T12:00:00Z,3,2023,7,77.20,13.51,66.76,1.75
1669,2023-03-11T13:00:00Z,3,2023,8,146.80,12.58,124.93,2.14
1670,2023-03-11T14:00:00Z,3,2023,9,221.12,24.50,188.19,2.30
1671,2023-03-11T15:00:00Z,3,2023,10,243.73,34.44,200.85,2.48
1672,2023-03-11T16:00:00Z,3,2023,11,235.30,1.39,197.64,2.77
1673,2023-03-11T17:00:00Z,3,2023,12,239.38,0.00,201.28,3.17
1674,2023-03-11T18:00:00Z,3,2023,13,213.57,16.51,178.00,3.40
1675,2023-03-11T19:00:00Z,3,2023,14,279.33,14.02,241.46,3.19
1676,2023-03-11T20:00:00Z,3,2023,15,188.48,8.55,163.17,2.71
1677,2023-03-11T21:00:00Z,3,2023,16,90.15,7.76,77.31,2.07
1678,2023-03-11T22:00:00Z,3,2023,17,13.95,3.95,14.30,1.18
1679,2023-03-11T23:00:00Z,3,2023,18,0.00,0.00,0.00,0.38
1680,2023-03-12T00:00:00Z,3,2023,19,0.00,0.00,0.00,0.23
1681,2023-03-12T01:00:00Z,3,2023,20,0.00,0.00,0.00,0.31
1682,2023-03-12T02:00:00Z,3,2023,21,0.00,0.00,0.00,0.32
1683,2023-03-12T03:00:00Z,3,2023,22,0.00,0.00,0.00,0.33
1684,2023-03-12T04:00:00Z,3,2023,23,0.00,0.00,0.00,-0.02
1685,2023-03-12T05:00:00Z,3,2023,0,0.00,0.00,0.00,-0.37
1686,2023-03-12T06:00:00Z,3,2023,1,0.00,0.00,0.00,-0.53
1687,2023-03-12T07:00:00Z,3,2023,3,0.00,0.00,0.00,-0.71
1688,2023-03-12T08:00:00Z,3,2023,4,0.00,0.00,0.00,-0.93
1689,2023-03-12T09:00:00Z,3,2023,5,0.00,0.00,0.00,-1.56
1690,2023-03-12T10:00:00Z,3,2023,6,0.00,0.00,0.00,-2.07
1691,2023-03-12T11:00:00Z,3,2023,7,46.08,338.71,18.49,-1.59
1692,2023-03-12T12:00:00Z,3,2023,8,234.68,736.59,43.89,0.52
1693,2023-03-12T13:00:00Z,3,2023,9,427.38,899.56,54.89,2.49
1694,2023-03-12T14:00:00Z,3,2023,10,587.55,955.07,65.78,3.92
1695,2023-03-12T15:00:00Z,3,2023,11,699.45,987.92,68.26,5.03
1696,2023-03-12T16:00:00Z,3,2023,12,718.38,908.66,103.50,5.96
1697,2023-03-12T17:00:00Z,3,2023,13,737.12,921.53,107.76,6.59
1698,2023-03-12T18:00:00Z,3,2023,14,646.42,774.92,187.14,6.67
1699,2023-03-12T19:00:00Z,3,2023,15,527.10,727.42,151.47,6.19
1700,2023-03-12T20:00:00Z,3,2023,16,354.33,509.13,160.02,5.10
1701,2023-03-12T21:00:00Z,3,2023,17,168.98,303.28,102.52,3.25
1702,2023-03-12T22:00:00Z,3,2023,18,21.75,37.09,22.47,0.70
1703,2023-03-12T23:00:00Z,3,2023,19,0.00,0.00,0.00,-0.21
1704,2023-03-13T00:00:00Z,3,2023,20,0.00,0.00,0.00,-0.67
1705,2023-03-13T01:00:00Z,3,2023,21,0.00,0.00,0.00,-1.02
1706,2023-03-13T02:00:00Z,3,2023,22,0.00,0.00,0.00,-1.01
1707,2023-03-13T03:00:00Z,3,2023,23,0.00,0.00,0.00,-0.69
1708,2023-03-13T04:00:00Z,3,2023,0,0.00,0.00,0.00,-0.32
1709,2023-03-13T05:00:00Z,3,2023,1,0.00,0.00,0.00,-0.07
1710,2023-03-13T06:00:00Z,3,2023,2,0.00,0.00,0.00,0.26
1711,2023-03-13T07:00:00Z,3,2023,3,0.00,0.00,0.00,0.78
1712,2023-03-13T08:00:00Z,3,2023,4,0.00,0.00,0.00,1.20
1713,2023-03-13T09:00:00Z,3,2023,5,0.00,0.00,0.00,1.01
1714,2023-03-13T10:00:00Z,3,2023,6,0.00,0.00,0.00,0.47
1715,2023-03-13T11:00:00Z,3,2023,7,23.60,0.00,23.40,0.77
1716,2023-03-13T12:00:00Z,3,2023,8,65.12,0.00,56.32,2.74
1717,2023-03-13T13:00:00Z,3,2023,9,121.50,0.00,103.45,4.27
1718,2023-03-13T14:00:00Z,3,2023,10,176.57,0.00,154.55,5.39
1719,2023-03-13T15:00:00Z,3,2023,11,232.57,79.38,162.41,6.14
1720,2023-03-13T16:00:00Z,3,2023,12,215.65,76.68,168.73,6.58
1721,2023-03-13T17:00:00Z,3,2023,13,209.23,9.53,173.47,6.75
1722,2023-03-13T18:00:00Z,3,2023,14,178.43,55.80,142.56,6.80
1723,2023-03-13T19:00:00Z,3,2023,15,143.75,3.58,124.16,6.38
1724,2023-03-13T20:00:00Z,3,2023,16,71.62,2.13,62.13,5.61
1725,2023-03-13T21:00:00Z,3,2023,17,39.10,1.98,34.18,4.69
1726,2023-03-13T22:00:00Z,3,2023,18,4.97,0.00,5.06,3.83
1727,2023-03-13T23:00:00Z,3,2023,19,0.00,0.00,0.00,3.46
1728,2023-03-14T00:00:00Z,3,2023,20,0.00,0.00,0.00,3.27
1729,2023-03-14T01:00:00Z,3,2023,21,0.00,0.00,0.00,2.98
1730,2023-03-14T02:00:00Z,3,2023,22,0.00,0.00,0.00,2.76
1731,2023-03-14T03:00:00Z,3,2023,23,0.00,0.00,0.00,2.64
1732,2023-03-14T04:00:00Z,3,2023,0,0.00,0.00,0.00,2.58
1733,2023-03-14T05:00:00Z,3,2023,1,0.00,0.00,0.00,2.36
1734,2023-03-14T06:00:00Z,3,2023,2,0.00,0.00,0.00,2.30
1735,2023-03-14T07:00:00Z,3,2023,3,0.00,0.00,0.00,2.22
1736,2023-03-14T08:00:00Z,3,2023,4,0.00,0.00,0.00,2.21
1737,2023-03-14T09:00:00Z,3,2023,5,0.00,0.00,0.00,2.22
1738,2023-03-14T10:00:00Z,3,2023,6,0.00,0.00,0.00,2.14
1739,2023-03-14T11:00:00Z,3,2023,7,11.18,0.00,10.91,1.85
1740,2023-03-14T12:00:00Z,3,2023,8,43.55,0.00,38.09,1.84
1741,2023-03-14T13:00:00Z,3,2023,9,67.55,0.00,57.52,1.87
1742,2023-03-14T14:00:00Z,3,2023,10,41.53,0.00,36.07,1.84
1743,2023-03-14T15:00:00Z,3,2023,11,55.55,16.97,44.34,1.75
1744,2023-03-14T16:00:00Z,3,2023,12,184.70,52.49,138.57,1.67
1745,2023-03-14T17:00:00Z,3,2023,13,175.15,33.26,136.98,1.62
1746,2023-03-14T18:00:00Z,3,2023,14,167.07,8.92,140.96,1.47
1747,2023-03-14T19:00:00Z,3,2023,15,85.57,0.00,74.22,1.28
1748,2023-03-14T20:00:00Z,3,2023,16,46.17,0.00,40.25,0.96
1749,2023-03-14T21:00:00Z,3,2023,17,23.08,0.65,20.19,0.74
1750,2023-03-14T22:00:00Z,3,2023,18,4.60,0.00,4.65,0.58
1751,2023-03-14T23:00:00Z,3,2023,19,0.00,0.00,0.00,0.51
1752,2023-03-15T00:00:00Z,3,2023,20,0.00,0.00,0.00,0.48
1753,2023-03-15T01:00:00Z,3,2023,21,0.00,0.00,0.00,0.45
1754,2023-03-15T02:00:00Z,3,2023,22,0.00,0.00,0.00,0.44
1755,2023-03-15T03:00:00Z,3,2023,23,0.00,0.00,0.00,0.53
1756,2023-03-15T04:00:00Z,3,2023,0,0.00,0.00,0.00,0.64
1757,2023-03-15T05:00:00Z,3,2023,1,0.00,0.00,0.00,0.70
1758,2023-03-15T06:00:00Z,3,2023,2,0.00,0.00,0.00,0.68
1759,2023-03-15T07:00:00Z,3,2023,3,0.00,0.00,0.00,0.63
1760,2023-03-15T08:00:00Z,3,2023,4,0.00,0.00,0.00,0.58
1761,2023-03-15T09:00:00Z,3,2023,5,0.00,0.00,0.00,0.44
1762,2023-03-15T10:00:00Z,3,2023,6,0.00,0.00,0.00,0.28
1763,2023-03-15T11:00:00Z,3,2023,7,30.80,63.69,28.51,0.30
1764,2023-03-15T12:00:00Z,3,2023,8,150.73,180.83,103.27,0.70
1765,2023-03-15T13:00:00Z,3,2023,9,293.70,300.21,167.60,1.27
1766,2023-03-15T14:00:00Z,3,2023,10,410.42,397.70,188.46,1.88
1767,2023-03-15T15:00:00Z,3,2023,11,505.38,216.83,320.64,2.45
1768,2023-03-15T16:00:00Z,3,2023,12,522.35,361.01,278.07,2.77
1769,2023-03-15T17:00:00Z,3,2023,13,416.25,205.78,260.87,2.71
1770,2023-03-15T18:00:00Z,3,2023,14,376.62,110.43,267.18,2.49
1771,2023-03-15T19:00:00Z,3,2023,15,345.15,168.58,238.68,2.34
1772,2023-03-15T20:00:00Z,3,2023,16,230.05,219.54,144.03,2.12
1773,2023-03-15T21:00:00Z,3,2023,17,114.78,251.41,61.80,1.83
1774,2023-03-15T22:00:00Z,3,2023,18,27.35,88.05,23.29,1.33
1775,2023-03-15T23:00:00Z,3,2023,19,0.00,0.00,0.00,1.01
1776,2023-03-16T00:00:00Z,3,2023,20,0.00,0.00,0.00,0.82
1777,2023-03-16T01:00:00Z,3,2023,21,0.00,0.00,0.00,0.68
1778,2023-03-16T02:00:00Z,3,2023,22,0.00,0.00,0.00,0.61
1779,2023-03-16T03:00:00Z,3,2023,23,0.00,0.00,0.00,0.60
1780,2023-03-16T04:00:00Z,3,2023,0,0.00,0.00,0.00,0.56
1781,2023-03-16T05:00:00Z,3,2023,1,0.00,0.00,0.00,0.40
1782,2023-03-16T06:00:00Z,3,2023,2,0.00,0.00,0.00,-0.06
1783,2023-03-16T07:00:00Z,3,2023,3,0.00,0.00,0.00,-0.70
1784,2023-03-16T08:00:00Z,3,2023,4,0.00,0.00,0.00,-1.65
1785,2023-03-16T09:00:00Z,3,2023,5,0.00,0.00,0.00,-2.31
1786,2023-03-16T10:00:00Z,3,2023,6,0.00,0.00,0.00,-2.63
1787,2023-03-16T11:00:00Z,3,2023,7,47.35,121.23,37.97,-2.50
1788,2023-03-16T12:00:00Z,3,2023,8,199.40,325.50,119.51,-0.97
1789,2023-03-16T13:00:00Z,3,2023,9,379.83,514.49,173.18,1.14
1790,2023-03-16T14:00:00Z,3,2023,10,533.65,625.43,191.17,2.84
1791,2023-03-16T15:00:00Z,3,2023,11,637.03,565.35,273.07,4.01
1792,2023-03-16T16:00:00Z,3,2023,12,662.35,603.26,247.15,5.03
1793,2023-03-16T17:00:00Z,3,2023,13,672.05,711.49,164.44,5.64
1794,2023-03-16T18:00:00Z,3,2023,14,521.15,587.94,177.02,5.82
1795,2023-03-16T19:00:00Z,3,2023,15,357.60,529.64,169.78,5.76
1796,2023-03-16T20:00:00Z,3,2023,16,249.80,364.82,129.40,5.77
1797,2023-03-16T21:00:00Z,3,2023,17,124.55,227.41,75.65,5.08
1798,2023-03-16T22:00:00Z,3,2023,18,18.40,31.10,19.03,3.27
1799,2023-03-16T23:00:00Z,3,2023,19,0.00,0.00,0.00,1.49
1800,2023-03-17T00:00:00Z,3,2023,20,0.00,0.00,0.00,0.94
1801,2023-03-17T01:00:00Z,3,2023,21,0.00,0.00,0.00,0.34
1802,2023-03-17T02:00:00Z,3,2023,22,0.00,0.00,0.00,-0.22
1803,2023-03-17T03:00:00Z,3,2023,23,0.00,0.00,0.00,-0.70
1804,2023-03-17T04:00:00Z,3,2023,0,0.00,0.00,0.00,-1.00
1805,2023-03-17T05:00:00Z,3,2023,1,0.00,0.00,0.00,-0.95
1806,2023-03-17T06:00:00Z,3,2023,2,0.00,0.00,0.00,-0.67
1807,2023-03-17T07:00:00Z,3,2023,3,0.00,0.00,0.00,0.43
1808,2023-03-17T08:00:00Z,3,2023,4,0.00,0.00,0.00,1.61
1809,2023-03-17T09:00:00Z,3,2023,5,0.00,0.00,0.00,1.61
1810,2023-03-17T10:00:00Z,3,2023,6,0.00,0.00,0.00,0.27
1811,2023-03-17T11:00:00Z,3,2023,7,25.77,1.34,23.95,0.87
1812,2023-03-17T12:00:00Z,3,2023,8,109.38,21.50,93.03,2.63
1813,2023-03-17T13:00:00Z,3,2023,9,221.82,39.60,181.87,4.31
1814,2023-03-17T14:00:00Z,3,2023,10,319.52,99.29,253.01,5.20
1815,2023-03-17T15:00:00Z,3,2023,11,391.25,115.18,310.90,6.94
1816,2023-03-17T16:00:00Z,3,2023,12,376.45,45.98,306.55,7.85
1817,2023-03-17T17:00:00Z,3,2023,13,329.73,22.05,271.35,8.88
1818,2023-03-17T18:00:00Z,3,2023,14,360.17,2.24,303.73,9.19
1819,2023-03-17T19:00:00Z,3,2023,15,314.42,10.34,273.71,8.68
1820,2023-03-17T20:00:00Z,3,2023,16,214.95,3.57,184.98,7.95
1821,2023-03-17T21:00:00Z,3,2023,17,108.12,7.55,95.67,7.23
1822,2023-03-17T22:00:00Z,3,2023,18,18.25,1.80,18.22,5.81
1823,2023-03-17T23:00:00Z,3,2023,19,0.00,0.00,0.00,5.12
1824,2023-03-18T00:00:00Z,3,2023,20,0.00,0.00,0.00,5.08
1825,2023-03-18T01:00:00Z,3,2023,21,0.00,0.00,0.00,4.80
1826,2023-03-18T02:00:00Z,3,2023,22,0.00,0.00,0.00,4.72
1827,2023-03-18T03:00:00Z,3,2023,23,0.00,0.00,0.00,4.86
1828,2023-03-18T04:00:00Z,3,2023,0,0.00,0.00,0.00,5.20
1829,2023-03-18T05:00:00Z,3,2023,1,0.00,0.00,0.00,5.16
1830,2023-03-18T06:00:00Z,3,2023,2,0.00,0.00,0.00,5.20
1831,2023-03-18T07:00:00Z,3,2023,3,0.00,0.00,0.00,5.15
1832,2023-03-18T08:00:00Z,3,2023,4,0.00,0.00,0.00,4.38
1833,2023-03-18T09:00:00Z,3,2023,5,0.00,0.00,0.00,3.51
1834,2023-03-18T10:00:00Z,3,2023,6,0.00,0.00,0.00,2.77
1835,2023-03-18T11:00:00Z,3,2023,7,34.08,74.18,27.73,2.89
1836,2023-03-18T12:00:00Z,3,2023,8,147.55,181.62,102.00,3.87
1837,2023-03-18T13:00:00Z,3,2023,9,276.70,212.91,181.17,4.94
1838,2023-03-18T14:00:00Z,3,2023,10,407.95,289.92,230.19,5.96
1839,2023-03-18T15:00:00Z,3,2023,11,574.25,456.86,263.54,6.80
1840,2023-03-18T16:00:00Z,3,2023,12,666.90,652.79,198.89,7.60
1841,2023-03-18T17:00:00Z,3,2023,13,691.60,638.57,211.19,8.52
1842,2023-03-18T18:00:00Z,3,2023,14,585.70,499.24,294.08,8.97
1843,2023-03-18T19:00:00Z,3,2023,15,465.52,307.46,272.22,8.69
1844,2023-03-18T20:00:00Z,3,2023,16,329.10,298.57,195.33,7.65
1845,2023-03-18T21:00:00Z,3,2023,17,185.32,337.46,101.62,6.15
1846,2023-03-18T22:00:00Z,3,2023,18,35.78,133.57,28.00,4.11
1847,2023-03-18T23:00:00Z,3,2023,19,0.00,0.00,0.00,1.98
1848,2023-03-19T00:00:00Z,3,2023,20,0.00,0.00,0.00,0.70
1849,2023-03-19T01:00:00Z,3,2023,21,0.00,0.00,0.00,-0.12
1850,2023-03-19T02:00:00Z,3,2023,22,0.00,0.00,0.00,-0.82
1851,2023-03-19T03:00:00Z,3,2023,23,0.00,0.00,0.00,-1.22
1852,2023-03-19T04:00:00Z,3,2023,0,0.00,0.00,0.00,-1.49
1853,2023-03-19T05:00:00Z,3,2023,1,0.00,0.00,0.00,-1.44
1854,2023-03-19T06:00:00Z,3,2023,2,0.00,0.00,0.00,-0.87
1855,2023-03-19T07:00:00Z,3,2023,3,0.00,0.00,0.00,-0.70
1856,2023-03-19T08:00:00Z,3,2023,4,0.00,0.00,0.00,-1.32
1857,2023-03-19T09:00:00Z,3,2023,5,0.00,0.00,0.00,-2.53
1858,2023-03-19T10:00:00Z,3,2023,6,0.00,0.00,0.00,-3.45
1859,2023-03-19T11:00:00Z,3,2023,7,70.68,296.09,34.40,-3.35
1860,2023-03-19T12:00:00Z,3,2023,8,255.32,585.53,84.04,-2.23
1861,2023-03-19T13:00:00Z,3,2023,9,447.50,746.97,110.66,-1.03
1862,2023-03-19T14:00:00Z,3,2023,10,613.88,814.01,146.49,-0.17
1863,2023-03-19T15:00:00Z,3,2023,11,658.28,682.56,225.11,0.38
1864,2023-03-19T16:00:00Z,3,2023,12,609.88,297.10,365.72,0.68
1865,2023-03-19T17:00:00Z,3,2023,13,594.35,315.50,336.95,0.92
1866,2023-03-19T18:00:00Z,3,2023,14,536.05,692.35,155.42,1.02
1867,2023-03-19T19:00:00Z,3,2023,15,485.98,426.93,267.25,0.66
1868,2023-03-19T20:00:00Z,3,2023,16,346.45,475.09,158.24,0.12
1869,2023-03-19T21:00:00Z,3,2023,17,190.93,468.46,77.02,-0.75
1870,2023-03-19T22:00:00Z,3,2023,18,42.62,277.97,24.04,-1.66
1871,2023-03-19T23:00:00Z,3,2023,19,0.00,0.00,0.00,-2.21
1872,2023-03-20T00:00:00Z,3,2023,20,0.00,0.00,0.00,-2.62
1873,2023-03-20T01:00:00Z,3,2023,21,0.00,0.00,0.00,-3.07
1874,2023-03-20T02:00:00Z,3,2023,22,0.00,0.00,0.00,-3.28
1875,2023-03-20T03:00:00Z,3,2023,23,0.00,0.00,0.00,-3.30
1876,2023-03-20T04:00:00Z,3,2023,0,0.00,0.00,0.00,-3.19
1877,2023-03-20T05:00:00Z,3,2023,1,0.00,0.00,0.00,-3.04
1878,2023-03-20T06:00:00Z,3,2023,2,0.00,0.00,0.00,-3.00
1879,2023-03-20T07:00:00Z,3,2023,3,0.00,0.00,0.00,-3.01
1880,2023-03-20T08:00:00Z,3,2023,4,0.00,0.00,0.00,-3.13
1881,2023-03-20T09:00:00Z,3,2023,5,0.00,0.00,0.00,-3.20
1882,2023-03-20T10:00:00Z,3,2023,6,0.00,0.00,0.00,-3.28
1883,2023-03-20T11:00:00Z,3,2023,7,77.50,316.98,33.63,-2.38
1884,2023-03-20T12:00:00Z,3,2023,8,265.83,639.10,71.15,-0.25
1885,2023-03-20T13:00:00Z,3,2023,9,447.98,730.75,106.62,1.91
1886,2023-03-20T14:00:00Z,3,2023,10,619.50,862.78,105.40,3.69
1887,2023-03-20T15:00:00Z,3,2023,11,734.60,925.35,102.33,5.14
1888,2023-03-20T16:00:00Z,3,2023,12,792.22,945.49,105.19,6.34
1889,2023-03-20T17:00:00Z,3,2023,13,781.42,931.33,110.98,7.17
1890,2023-03-20T18:00:00Z,3,2023,14,710.83,909.68,106.11,7.67
1891,2023-03-20T19:00:00Z,3,2023,15,583.33,845.68,103.10,7.82
1892,2023-03-20T20:00:00Z,3,2023,16,411.67,727.88,95.65,7.49
1893,2023-03-20T21:00:00Z,3,2023,17,216.20,536.94,71.23,6.17
1894,2023-03-20T22:00:00Z,3,2023,18,40.90,160.83,24.82,2.65
1895,2023-03-20T23:00:00Z,3,2023,19,0.00,0.00,0.00,1.34
1896,2023-03-21T00:00:00Z,3,2023,20,0.00,0.00,0.00,1.24
1897,2023-03-21T01:00:00Z,3,2023,21,0.00,0.00,0.00,0.70
1898,2023-03-21T02:00:00Z,3,2023,22,0.00,0.00,0.00,0.26
1899,2023-03-21T03:00:00Z,3,2023,23,0.00,0.00,0.00,0.06
1900,2023-03-21T04:00:00Z,3,2023,0,0.00,0.00,0.00,-0.29
1901,2023-03-21T05:00:00Z,3,2023,1,0.00,0.00,0.00,-0.88
1902,2023-03-21T06:00:00Z,3,2023,2,0.00,0.00,0.00,-1.54
1903,2023-03-21T07:00:00Z,3,2023,3,0.00,0.00,0.00,-1.89
1904,2023-03-21T08:00:00Z,3,2023,4,0.00,0.00,0.00,-2.20
1905,2023-03-21T09:00:00Z,3,2023,5,0.00,0.00,0.00,-2.60
1906,2023-03-21T10:00:00Z,3,2023,6,0.00,0.00,0.00,-2.57
1907,2023-03-21T11:00:00Z,3,2023,7,73.03,230.35,39.59,-0.47
1908,2023-03-21T12:00:00Z,3,2023,8,214.82,464.85,81.79,2.19
1909,2023-03-21T13:00:00Z,3,2023,9,341.20,496.48,121.63,5.25
1910,2023-03-21T14:00:00Z,3,2023,10,482.35,493.08,200.65,8.22
1911,2023-03-21T15:00:00Z,3,2023,11,650.12,635.43,202.15,9.61
1912,2023-03-21T16:00:00Z,3,2023,12,742.78,770.01,172.96,10.53
1913,2023-03-21T17:00:00Z,3,2023,13,760.92,832.72,145.88,11.09
1914,2023-03-21T18:00:00Z,3,2023,14,682.83,761.61,156.90,11.33
1915,2023-03-21T19:00:00Z,3,2023,15,519.25,573.47,179.50,11.28
1916,2023-03-21T20:00:00Z,3,2023,16,376.23,621.62,111.20,10.87
1917,2023-03-21T21:00:00Z,3,2023,17,191.93,392.70,86.83,9.72
1918,2023-03-21T22:00:00Z,3,2023,18,36.92,104.35,30.17,6.43
1919,2023-03-21T23:00:00Z,3,2023,19,0.00,0.00,0.00,4.59
1920,2023-03-22T00:00:00Z,3,2023,20,0.00,0.00,0.00,3.89
1921,2023-03-22T01:00:00Z,3,2023,21,0.00,0.00,0.00,3.22
1922,2023-03-22T02:00:00Z,3,2023,22,0.00,0.00,0.00,2.99
1923,2023-03-22T03:00:00Z,3,2023,23,0.00,0.00,0.00,2.66
1924,2023-03-22T04:00:00Z,3,2023,0,0.00,0.00,0.00,2.37
1925,2023-03-22T05:00:00Z,3,2023,1,0.00,0.00,0.00,1.86
1926,2023-03-22T06:00:00Z,3,2023,2,0.00,0.00,0.00,1.63
1927,2023-03-22T07:00:00Z,3,2023,3,0.00,0.00,0.00,1.47
1928,2023-03-22T08:00:00Z,3,2023,4,0.00,0.00,0.00,1.24
1929,2023-03-22T09:00:00Z,3,2023,5,0.00,0.00,0.00,1.09
1930,2023-03-22T10:00:00Z,3,2023,6,0.00,0.00,0.00,0.92
1931,2023-03-22T11:00:00Z,3,2023,7,57.85,29.73,52.72,2.42
1932,2023-03-22T12:00:00Z,3,2023,8,185.25,124.16,155.66,4.01
1933,2023-03-22T13:00:00Z,3,2023,9,342.67,243.41,220.79,5.67
1934,2023-03-22T14:00:00Z,3,2023,10,482.33,298.30,266.28,7.33
1935,2023-03-22T15:00:00Z,3,2023,11,600.53,439.90,295.56,8.70
1936,2023-03-22T16:00:00Z,3,2023,12,686.67,599.34,241.45,9.81
1937,2023-03-22T17:00:00Z,3,2023,13,700.33,649.84,216.66,10.83
1938,2023-03-22T18:00:00Z,3,2023,14,674.92,720.42,169.32,11.36
1939,2023-03-22T19:00:00Z,3,2023,15,525.22,593.60,173.63,11.33
1940,2023-03-22T20:00:00Z,3,2023,16,351.33,430.43,150.48,10.63
1941,2023-03-22T21:00:00Z,3,2023,17,179.75,231.13,119.66,9.19
1942,2023-03-22T22:00:00Z,3,2023,18,35.12,25.52,35.75,6.80
1943,2023-03-22T23:00:00Z,3,2023,19,0.00,0.00,0.00,5.56
1944,2023-03-23T00:00:00Z,3,2023,20,0.00,0.00,0.00,5.04
1945,2023-03-23T01:00:00Z,3,2023,21,0.00,0.00,0.00,4.96
1946,2023-03-23T02:00:00Z,3,2023,22,0.00,0.00,0.00,4.84
1947,2023-03-23T03:00:00Z,3,2023,23,0.00,0.00,0.00,4.77
1948,2023-03-23T04:00:00Z,3,2023,0,0.00,0.00,0.00,4.79
1949,2023-03-23T05:00:00Z,3,2023,1,0.00,0.00,0.00,4.86
1950,2023-03-23T06:00:00Z,3,2023,2,0.00,0.00,0.00,5.00
1951,2023-03-23T07:00:00Z,3,2023,3,0.00,0.00,0.00,5.13
1952,2023-03-23T08:00:00Z,3,2023,4,0.00,0.00,0.00,5.12
1953,2023-03-23T09:00:00Z,3,2023,5,0.00,0.00,0.00,5.25
1954,2023-03-23T10:00:00Z,3,2023,6,0.00,0.00,0.00,5.41
1955,2023-03-23T11:00:00Z,3,2023,7,15.95,0.00,13.94,5.70
1956,2023-03-23T12:00:00Z,3,2023,8,79.00,15.55,67.52,6.37
1957,2023-03-23T13:00:00Z,3,2023,9,148.93,11.50,124.16,6.85
1958,2023-03-23T14:00:00Z,3,2023,10,204.75,1.28,175.60,8.44
1959,2023-03-23T15:00:00Z,3,2023,11,279.08,35.50,229.00,10.26
1960,2023-03-23T16:00:00Z,3,2023,12,310.70,1.53,256.17,11.41
1961,2023-03-23T17:00:00Z,3,2023,13,192.27,12.33,155.89,11.51
1962,2023-03-23T18:00:00Z,3,2023,14,95.95,0.00,80.68,11.64
1963,2023-03-23T19:00:00Z,3,2023,15,199.50,0.00,173.42,11.79
1964,2023-03-23T20:00:00Z,3,2023,16,127.85,104.84,86.36,11.93
1965,2023-03-23T21:00:00Z,3,2023,17,87.68,120.43,57.89,11.48
1966,2023-03-23T22:00:00Z,3,2023,18,24.23,50.32,22.67,10.50
1967,2023-03-23T23:00:00Z,3,2023,19,0.00,0.00,0.00,9.42
1968,2023-03-24T00:00:00Z,3,2023,20,0.00,0.00,0.00,9.65
1969,2023-03-24T01:00:00Z,3,2023,21,0.00,0.00,0.00,9.69
1970,2023-03-24T02:00:00Z,3,2023,22,0.00,0.00,0.00,9.37
1971,2023-03-24T03:00:00Z,3,2023,23,0.00,0.00,0.00,8.96
1972,2023-03-24T04:00:00Z,3,2023,0,0.00,0.00,0.00,7.98
1973,2023-03-24T05:00:00Z,3,2023,1,0.00,0.00,0.00,6.68
1974,2023-03-24T06:00:00Z,3,2023,2,0.00,0.00,0.00,5.62
1975,2023-03-24T07:00:00Z,3,2023,3,0.00,0.00,0.00,4.85
1976,2023-03-24T08:00:00Z,3,2023,4,0.00,0.00,0.00,4.20
1977,2023-03-24T09:00:00Z,3,2023,5,0.00,0.00,0.00,3.66
1978,2023-03-24T10:00:00Z,3,2023,6,0.00,0.00,0.00,2.87
1979,2023-03-24T11:00:00Z,3,2023,7,31.73,0.00,27.68,3.21
1980,2023-03-24T12:00:00Z,3,2023,8,93.53,0.00,81.79,4.16
1981,2023-03-24T13:00:00Z,3,2023,9,129.38,0.00,111.05,5.29
1982,2023-03-24T14:00:00Z,3,2023,10,392.83,57.14,327.23,5.46
1983,2023-03-24T15:00:00Z,3,2023,11,456.50,30.16,378.71,5.64
1984,2023-03-24T16:00:00Z,3,2023,12,755.10,663.66,283.70,6.03
1985,2023-03-24T17:00:00Z,3,2023,13,726.15,628.28,275.55,7.20
1986,2023-03-24T18:00:00Z,3,2023,14,602.70,387.94,337.31,7.67
1987,2023-03-24T19:00:00Z,3,2023,15,428.15,126.74,317.36,8.29
1988,2023-03-24T20:00:00Z,3,2023,16,295.77,97.75,237.74,8.47
1989,2023-03-24T21:00:00Z,3,2023,17,153.40,57.64,129.83,7.43
1990,2023-03-24T22:00:00Z,3,2023,18,33.85,34.30,31.05,4.80
1991,2023-03-24T23:00:00Z,3,2023,19,0.00,0.00,0.00,2.92
1992,2023-03-25T00:00:00Z,3,2023,20,0.00,0.00,0.00,3.00
1993,2023-03-25T01:00:00Z,3,2023,21,0.00,0.00,0.00,2.68
1994,2023-03-25T02:00:00Z,3,2023,22,0.00,0.00,0.00,1.38
1995,2023-03-25T03:00:00Z,3,2023,23,0.00,0.00,0.00,0.30
1996,2023-03-25T04:00:00Z,3,2023,0,0.00,0.00,0.00,-0.46
1997,2023-03-25T05:00:00Z,3,2023,1,0.00,0.00,0.00,-1.06
1998,2023-03-25T06:00:00Z,3,2023,2,0.00,0.00,0.00,-1.79
1999,2023-03-25T07:00:00Z,3,2023,3,0.00,0.00,0.00,-2.21
2000,2023-03-25T08:00:00Z,3,2023,4,0.00,0.00,0.00,-2.47
2001,2023-03-25T09:00:00Z,3,2023,5,0.00,0.00,0.00,-2.12
2002,2023-03-25T10:00:00Z,3,2023,6,0.00,0.00,0.00,-1.45
2003,2023-03-25T11:00:00Z,3,2023,7,52.30,25.35,45.60,0.63
2004,2023-03-25T12:00:00Z,3,2023,8,141.75,24.43,123.18,1.99
2005,2023-03-25T13:00:00Z,3,2023,9,217.07,19.31,183.16,2.76
2006,2023-03-25T14:00:00Z,3,2023,10,163.05,0.00,140.17,3.31
2007,2023-03-25T15:00:00Z,3,2023,11,134.32,7.86,110.72,3.77
2008,2023-03-25T16:00:00Z,3,2023,12,120.70,16.74,96.01,3.99
2009,2023-03-25T17:00:00Z,3,2023,13,67.95,7.61,54.84,4.10
2010,2023-03-25T18:00:00Z,3,2023,14,63.17,13.48,50.80,4.02
2011,2023-03-25T19:00:00Z,3,2023,15,58.83,0.00,51.14,3.76
2012,2023-03-25T20:00:00Z,3,2023,16,156.88,0.99,135.72,3.04
2013,2023-03-25T21:00:00Z,3,2023,17,66.15,0.00,57.29,2.67
2014,2023-03-25T22:00:00Z,3,2023,18,25.27,0.00,23.51,2.58
2015,2023-03-25T23:00:00Z,3,2023,19,0.00,0.00,0.00,2.59
2016,2023-03-26T00:00:00Z,3,2023,20,0.00,0.00,0.00,2.60
2017,2023-03-26T01:00:00Z,3,2023,21,0.00,0.00,0.00,2.59
2018,2023-03-26T02:00:00Z,3,2023,22,0.00,0.00,0.00,2.74
2019,2023-03-26T03:00:00Z,3,2023,23,0.00,0.00,0.00,2.99
2020,2023-03-26T04:00:00Z,3,2023,0,0.00,0.00,0.00,3.28
2021,2023-03-26T05:00:00Z,3,2023,1,0.00,0.00,0.00,3.40
2022,2023-03-26T06:00:00Z,3,2023,2,0.00,0.00,0.00,3.49
2023,2023-03-26T07:00:00Z,3,2023,3,0.00,0.00,0.00,3.08
2024,2023-03-26T08:00:00Z,3,2023,4,0.00,0.00,0.00,2.81
2025,2023-03-26T09:00:00Z,3,2023,5,0.00,0.00,0.00,2.69
2026,2023-03-26T10:00:00Z,3,2023,6,0.00,0.00,0.00,2.87
2027,2023-03-26T11:00:00Z,3,2023,7,47.75,35.31,38.57,3.43
2028,2023-03-26T12:00:00Z,3,2023,8,161.68,105.56,127.63,4.56
2029,2023-03-26T13:00:00Z,3,2023,9,302.05,157.81,216.30,6.31
2030,2023-03-26T14:00:00Z,3,2023,10,434.75,277.82,264.19,7.87
2031,2023-03-26T15:00:00Z,3,2023,11,491.12,176.58,317.21,9.01
2032,2023-03-26T16:00:00Z,3,2023,12,595.47,506.43,254.18,9.85
2033,2023-03-26T17:00:00Z,3,2023,13,677.45,607.45,236.72,10.39
2034,2023-03-26T18:00:00Z,3,2023,14,652.10,717.64,184.75,10.60
2035,2023-03-26T19:00:00Z,3,2023,15,577.47,767.64,131.89,10.52
2036,2023-03-26T20:00:00Z,3,2023,16,424.35,756.51,95.40,10.08
2037,2023-03-26T21:00:00Z,3,2023,17,239.75,578.76,75.46,9.17
2038,2023-03-26T22:00:00Z,3,2023,18,62.15,323.15,28.62,7.34
2039,2023-03-26T23:00:00Z,3,2023,19,0.00,0.00,0.00,5.64
2040,2023-03-27T00:00:00Z,3,2023,20,0.00,0.00,0.00,5.05
2041,2023-03-27T01:00:00Z,3,2023,21,0.00,0.00,0.00,4.30
2042,2023-03-27T02:00:00Z,3,2023,22,0.00,0.00,0.00,3.04
2043,2023-03-27T03:00:00Z,3,2023,23,0.00,0.00,0.00,1.84
2044,2023-03-27T04:00:00Z,3,2023,0,0.00,0.00,0.00,1.19
2045,2023-03-27T05:00:00Z,3,2023,1,0.00,0.00,0.00,0.65
2046,2023-03-27T06:00:00Z,3,2023,2,0.00,0.00,0.00,0.02
2047,2023-03-27T07:00:00Z,3,2023,3,0.00,0.00,0.00,-0.52
2048,2023-03-27T08:00:00Z,3,2023,4,0.00,0.00,0.00,-0.78
2049,2023-03-27T09:00:00Z,3,2023,5,0.00,0.00,0.00,-1.32
2050,2023-03-27T10:00:00Z,3,2023,6,0.00,0.00,0.00,-1.56
2051,2023-03-27T11:00:00Z,3,2023,7,114.35,371.96,46.84,1.08
2052,2023-03-27T12:00:00Z,3,2023,8,297.15,638.25,79.88,4.14
2053,2023-03-27T13:00:00Z,3,2023,9,487.05,780.97,95.91,7.69
2054,2023-03-27T14:00:00Z,3,2023,10,640.05,826.48,113.46,9.77
2055,2023-03-27T15:00:00Z,3,2023,11,742.47,838.78,130.05,11.50
2056,2023-03-27T16:00:00Z,3,2023,12,769.03,766.41,185.10,12.25
2057,2023-03-27T17:00:00Z,3,2023,13,761.58,751.78,177.34,12.64
2058,2023-03-27T18:00:00Z,3,2023,14,430.40,157.40,267.10,12.77
2059,2023-03-27T19:00:00Z,3,2023,15,246.57,0.00,212.64,12.44
2060,2023-03-27T20:00:00Z,3,2023,16,166.20,0.00,141.70,11.99
2061,2023-03-27T21:00:00Z,3,2023,17,94.43,0.00,81.78,10.33
2062,2023-03-27T22:00:00Z,3,2023,18,19.80,0.00,17.88,8.26
2063,2023-03-27T23:00:00Z,3,2023,19,0.00,0.00,0.00,5.90
2064,2023-03-28T00:00:00Z,3,2023,20,0.00,0.00,0.00,5.39
2065,2023-03-28T01:00:00Z,3,2023,21,0.00,0.00,0.00,4.81
2066,2023-03-28T02:00:00Z,3,2023,22,0.00,0.00,0.00,4.64
2067,2023-03-28T03:00:00Z,3,2023,23,0.00,0.00,0.00,4.57
2068,2023-03-28T04:00:00Z,3,2023,0,0.00,0.00,0.00,4.37
2069,2023-03-28T05:00:00Z,3,2023,1,0.00,0.00,0.00,3.97
2070,2023-03-28T06:00:00Z,3,2023,2,0.00,0.00,0.00,3.56
2071,2023-03-28T07:00:00Z,3,2023,3,0.00,0.00,0.00,3.13
2072,2023-03-28T08:00:00Z,3,2023,4,0.00,0.00,0.00,2.73
2073,2023-03-28T09:00:00Z,3,2023,5,0.00,0.00,0.00,2.45
2074,2023-03-28T10:00:00Z,3,2023,6,1.90,0.00,2.18,2.20
2075,2023-03-28T11:00:00Z,3,2023,7,45.38,48.00,38.42,2.29
2076,2023-03-28T12:00:00Z,3,2023,8,124.60,113.39,94.71,2.88
2077,2023-03-28T13:00:00Z,3,2023,9,93.62,21.06,76.19,3.71
2078,2023-03-28T14:00:00Z,3,2023,10,117.05,14.34,96.78,4.54
2079,2023-03-28T15:00:00Z,3,2023,11,362.98,415.30,239.83,5.44
2080,2023-03-28T16:00:00Z,3,2023,12,402.50,86.86,279.73,6.27
2081,2023-03-28T17:00:00Z,3,2023,13,361.05,82.21,262.79,7.12
2082,2023-03-28T18:00:00Z,3,2023,14,362.38,53.39,270.83,7.78
2083,2023-03-28T19:00:00Z,3,2023,15,337.08,143.81,259.66,8.02
2084,2023-03-28T20:00:00Z,3,2023,16,233.88,289.19,124.65,7.75
2085,2023-03-28T21:00:00Z,3,2023,17,149.98,240.54,85.76,7.27
2086,2023-03-28T22:00:00Z,3,2023,18,47.25,118.34,34.23,5.35
2087,2023-03-28T23:00:00Z,3,2023,19,0.00,0.00,0.00,3.43
2088,2023-03-29T00:00:00Z,3,2023,20,0.00,0.00,0.00,2.96
2089,2023-03-29T01:00:00Z,3,2023,21,0.00,0.00,0.00,2.40
2090,2023-03-29T02:00:00Z,3,2023,22,0.00,0.00,0.00,1.60
2091,2023-03-29T03:00:00Z,3,2023,23,0.00,0.00,0.00,0.03
2092,2023-03-29T04:00:00Z,3,2023,0,0.00,0.00,0.00,-1.08
2093,2023-03-29T05:00:00Z,3,2023,1,0.00,0.00,0.00,-1.71
2094,2023-03-29T06:00:00Z,3,2023,2,0.00,0.00,0.00,-1.99
2095,2023-03-29T07:00:00Z,3,2023,3,0.00,0.00,0.00,-2.36
2096,2023-03-29T08:00:00Z,3,2023,4,0.00,0.00,0.00,-2.75
2097,2023-03-29T09:00:00Z,3,2023,5,0.00,0.00,0.00,-2.94
2098,2023-03-29T10:00:00Z,3,2023,6,4.55,16.11,6.83,-3.06
2099,2023-03-29T11:00:00Z,3,2023,7,113.88,309.54,64.15,-0.61
2100,2023-03-29T12:00:00Z,3,2023,8,305.05,560.25,114.35,2.14
2101,2023-03-29T13:00:00Z,3,2023,9,495.23,733.29,136.30,4.29
2102,2023-03-29T14:00:00Z,3,2023,10,656.78,847.60,140.01,5.93
2103,2023-03-29T15:00:00Z,3,2023,11,769.67,889.25,141.35,7.62
2104,2023-03-29T16:00:00Z,3,2023,12,828.12,888.31,139.20,9.19
2105,2023-03-29T17:00:00Z,3,2023,13,823.03,949.01,111.31,10.44
2106,2023-03-29T18:00:00Z,3,2023,14,754.38,934.04,92.86,11.02
2107,2023-03-29T19:00:00Z,3,2023,15,611.55,812.59,132.50,10.81
2108,2023-03-29T20:00:00Z,3,2023,16,416.80,565.11,162.25,10.04
2109,2023-03-29T21:00:00Z,3,2023,17,223.10,322.84,124.50,8.90
2110,2023-03-29T22:00:00Z,3,2023,18,54.15,75.39,47.36,5.95
2111,2023-03-29T23:00:00Z,3,2023,19,0.00,0.00,0.00,4.71
2112,2023-03-30T00:00:00Z,3,2023,20,0.00,0.00,0.00,4.28
2113,2023-03-30T01:00:00Z,3,2023,21,0.00,0.00,0.00,3.54
2114,2023-03-30T02:00:00Z,3,2023,22,0.00,0.00,0.00,2.67
2115,2023-03-30T03:00:00Z,3,2023,23,0.00,0.00,0.00,2.09
2116,2023-03-30T04:00:00Z,3,2023,0,0.00,0.00,0.00,1.70
2117,2023-03-30T05:00:00Z,3,2023,1,0.00,0.00,0.00,1.62
2118,2023-03-30T06:00:00Z,3,2023,2,0.00,0.00,0.00,1.36
2119,2023-03-30T07:00:00Z,3,2023,3,0.00,0.00,0.00,0.20
2120,2023-03-30T08:00:00Z,3,2023,4,0.00,0.00,0.00,-1.15
2121,2023-03-30T09:00:00Z,3,2023,5,0.00,0.00,0.00,-2.51
2122,2023-03-30T10:00:00Z,3,2023,6,6.70,60.99,6.26,-3.05
2123,2023-03-30T11:00:00Z,3,2023,7,142.60,618.13,36.47,-2.25
2124,2023-03-30T12:00:00Z,3,2023,8,352.08,817.18,63.08,-1.02
2125,2023-03-30T13:00:00Z,3,2023,9,549.75,926.01,77.42,0.06
2126,2023-03-30T14:00:00Z,3,2023,10,715.47,1052.25,55.81,1.06
2127,2023-03-30T15:00:00Z,3,2023,11,825.45,1067.48,54.73,1.88
2128,2023-03-30T16:00:00Z,3,2023,12,873.60,1056.06,61.85,2.58
2129,2023-03-30T17:00:00Z,3,2023,13,860.45,1043.09,69.01,3.10
2130,2023-03-30T18:00:00Z,3,2023,14,789.22,1042.83,57.88,3.42
2131,2023-03-30T19:00:00Z,3,2023,15,661.20,998.12,59.05,3.46
2132,2023-03-30T20:00:00Z,3,2023,16,488.38,949.96,52.37,3.16
2133,2023-03-30T21:00:00Z,3,2023,17,287.48,826.83,42.37,2.48
2134,2023-03-30T22:00:00Z,3,2023,18,85.22,487.32,22.84,0.82
2135,2023-03-30T23:00:00Z,3,2023,19,0.00,0.00,0.00,-1.89
2136,2023-03-31T00:00:00Z,3,2023,20,0.00,0.00,0.00,-2.55
2137,2023-03-31T01:00:00Z,3,2023,21,0.00,0.00,0.00,-3.15
2138,2023-03-31T02:00:00Z,3,2023,22,0.00,0.00,0.00,-3.53
2139,2023-03-31T03:00:00Z,3,2023,23,0.00,0.00,0.00,-3.71
2140,2023-03-31T04:00:00Z,3,2023,0,0.00,0.00,0.00,-3.72
2141,2023-03-31T05:00:00Z,3,2023,1,0.00,0.00,0.00,-3.63
2142,2023-03-31T06:00:00Z,3,2023,2,0.00,0.00,0.00,-3.55
2143,2023-03-31T07:00:00Z,3,2023,3,0.00,0.00,0.00,-3.81
2144,2023-03-31T08:00:00Z,3,2023,4,0.00,0.00,0.00,-3.82
2145,2023-03-31T09:00:00Z,3,2023,5,0.00,0.00,0.00,-3.61
2146,2023-03-31T10:00:00Z,3,2023,6,6.70,49.33,8.08,-3.21
2147,2023-03-31T11:00:00Z,3,2023,7,121.25,394.15,55.60,-1.42
2148,2023-03-31T12:00:00Z,3,2023,8,299.23,535.47,119.91,1.14
2149,2023-03-31T13:00:00Z,3,2023,9,482.40,624.63,173.54,3.23
2150,2023-03-31T14:00:00Z,3,2023,10,648.53,777.69,152.54,4.86
2151,2023-03-31T15:00:00Z,3,2023,11,712.85,618.22,257.11,6.56
2152,2023-03-31T16:00:00Z,3,2023,12,744.38,646.52,223.07,7.80
2153,2023-03-31T17:00:00Z,3,2023,13,551.85,263.37,310.98,7.75
2154,2023-03-31T18:00:00Z,3,2023,14,420.48,124.25,278.16,7.57
2155,2023-03-31T19:00:00Z,3,2023,15,220.07,0.00,188.15,6.78
2156,2023-03-31T20:00:00Z,3,2023,16,192.98,0.92,163.18,5.85
2157,2023-03-31T21:00:00Z,3,2023,17,122.38,2.74,105.93,5.24
2158,2023-03-31T22:00:00Z,3,2023,18,25.67,0.00,23.33,4.22
2159,2023-03-31T23:00:00Z,3,2023,19,0.00,0.00,0.00,3.02
2160,2023-04-01T00:00:00Z,4,2023,20,0.00,0.00,0.00,2.43
2161,2023-04-01T01:00:00Z,4,2023,21,0.00,0.00,0.00,2.15
2162,2023-04-01T02:00:00Z,4,2023,22,0.00,0.00,0.00,2.30
2163,2023-04-01T03:00:00Z,4,2023,23,0.00,0.00,0.00,2.84
2164,2023-04-01T04:00:00Z,4,2023,0,0.00,0.00,0.00,3.05
2165,2023-04-01T05:00:00Z,4,2023,1,0.00,0.00,0.00,3.09
2166,2023-04-01T06:00:00Z,4,2023,2,0.00,0.00,0.00,2.95
2167,2023-04-01T07:00:00Z,4,2023,3,0.00,0.00,0.00,2.86
2168,2023-04-01T08:00:00Z,4,2023,4,0.00,0.00,0.00,2.87
2169,2023-04-01T09:00:00Z,4,2023,5,0.00,0.00,0.00,2.95
2170,2023-04-01T10:00:00Z,4,2023,6,3.25,0.00,3.72,3.33
2171,2023-04-01T11:00:00Z,4,2023,7,30.40,0.00,27.29,4.11
2172,2023-04-01T12:00:00Z,4,2023,8,47.62,0.00,41.05,5.46
2173,2023-04-01T13:00:00Z,4,2023,9,99.57,51.91,68.13,7.55
2174,2023-04-01T14:00:00Z,4,2023,10,160.05,16.43,132.65,9.55
2175,2023-04-01T15:00:00Z,4,2023,11,120.65,0.00,99.57,10.84
2176,2023-04-01T16:00:00Z,4,2023,12,282.62,23.96,218.48,12.24
2177,2023-04-01T17:00:00Z,4,2023,13,395.23,19.17,322.68,14.26
2178,2023-04-01T18:00:00Z,4,2023,14,246.23,45.29,182.75,14.46
2179,2023-04-01T19:00:00Z,4,2023,15,319.70,180.36,197.82,13.56
2180,2023-04-01T20:00:00Z,4,2023,16,176.43,215.73,95.41,14.23
2181,2023-04-01T21:00:00Z,4,2023,17,125.03,268.76,54.93,14.62
2182,2023-04-01T22:00:00Z,4,2023,18,57.95,163.48,38.88,13.03
2183,2023-04-01T23:00:00Z,4,2023,19,0.00,0.00,0.00,11.24
2184,2023-04-02T00:00:00Z,4,2023,20,0.00,0.00,0.00,10.33
2185,2023-04-02T01:00:00Z,4,2023,21,0.00,0.00,0.00,9.02
2186,2023-04-02T02:00:00Z,4,2023,22,0.00,0.00,0.00,8.22
2187,2023-04-02T03:00:00Z,4,2023,23,0.00,0.00,0.00,9.21
2188,2023-04-02T04:00:00Z,4,2023,0,0.00,0.00,0.00,9.50
2189,2023-04-02T05:00:00Z,4,2023,1,0.00,0.00,0.00,9.24
2190,2023-04-02T06:00:00Z,4,2023,2,0.00,0.00,0.00,6.86
2191,2023-04-02T07:00:00Z,4,2023,3,0.00,0.00,0.00,4.08
2192,2023-04-02T08:00:00Z,4,2023,4,0.00,0.00,0.00,3.00
2193,2023-04-02T09:00:00Z,4,2023,5,0.00,0.00,0.00,2.59
2194,2023-04-02T10:00:00Z,4,2023,6,7.80,29.94,9.07,2.35
2195,2023-04-02T11:00:00Z,4,2023,7,139.15,472.87,51.87,1.86
2196,2023-04-02T12:00:00Z,4,2023,8,344.48,727.86,79.99,1.62
2197,2023-04-02T13:00:00Z,4,2023,9,539.65,863.95,88.79,1.98
2198,2023-04-02T14:00:00Z,4,2023,10,723.10,1041.85,49.37,2.91
2199,2023-04-02T15:00:00Z,4,2023,11,832.33,1056.53,54.02,3.96
2200,2023-04-02T16:00:00Z,4,2023,12,882.00,1067.41,55.60,4.85
2201,2023-04-02T17:00:00Z,4,2023,13,871.35,1063.71,56.60,5.54
2202,2023-04-02T18:00:00Z,4,2023,14,500.27,384.22,208.45,6.02
2203,2023-04-02T19:00:00Z,4,2023,15,674.55,1022.19,51.34,6.07
2204,2023-04-02T20:00:00Z,4,2023,16,502.20,945.80,51.51,5.66
2205,2023-04-02T21:00:00Z,4,2023,17,300.05,840.84,43.16,4.68
2206,2023-04-02T22:00:00Z,4,2023,18,95.75,491.44,25.95,2.77
2207,2023-04-02T23:00:00Z,4,2023,19,0.00,0.00,0.00,0.33
2208,2023-04-03T00:00:00Z,4,2023,20,0.00,0.00,0.00,-1.01
2209,2023-04-03T01:00:00Z,4,2023,21,0.00,0.00,0.00,-2.23
2210,2023-04-03T02:00:00Z,4,2023,22,0.00,0.00,0.00,-3.13
2211,2023-04-03T03:00:00Z,4,2023,23,0.00,0.00,0.00,-3.69
2212,2023-04-03T04:00:00Z,4,2023,0,0.00,0.00,0.00,-3.98
2213,2023-04-03T05:00:00Z,4,2023,1,0.00,0.00,0.00,-4.07
2214,2023-04-03T06:00:00Z,4,2023,2,0.00,0.00,0.00,-4.14
2215,2023-04-03T07:00:00Z,4,2023,3,0.00,0.00,0.00,-3.63
2216,2023-04-03T08:00:00Z,4,2023,4,0.00,0.00,0.00,-2.85
2217,2023-04-03T09:00:00Z,4,2023,5,0.00,0.00,0.00,-1.91
2218,2023-04-03T10:00:00Z,4,2023,6,10.27,65.01,9.17,-1.59
2219,2023-04-03T11:00:00Z,4,2023,7,145.93,502.30,47.64,0.02
2220,2023-04-03T12:00:00Z,4,2023,8,339.00,730.88,76.61,2.33
2221,2023-04-03T13:00:00Z,4,2023,9,524.67,821.22,90.71,4.26
2222,2023-04-03T14:00:00Z,4,2023,10,679.90,890.40,97.23,5.86
2223,2023-04-03T15:00:00Z,4,2023,11,789.35,918.10,107.42,7.25
2224,2023-04-03T16:00:00Z,4,2023,12,845.12,956.51,99.98,8.46
2225,2023-04-03T17:00:00Z,4,2023,13,833.42,955.29,98.02,9.36
2226,2023-04-03T18:00:00Z,4,2023,14,764.20,927.39,91.75,9.80
2227,2023-04-03T19:00:00Z,4,2023,15,633.58,854.64,102.46,9.87
2228,2023-04-03T20:00:00Z,4,2023,16,448.23,712.66,117.33,9.54
2229,2023-04-03T21:00:00Z,4,2023,17,241.23,458.30,102.43,8.83
2230,2023-04-03T22:00:00Z,4,2023,18,67.15,152.99,47.94,7.50
2231,2023-04-03T23:00:00Z,4,2023,19,0.00,0.00,0.00,6.26
2232,2023-04-04T00:00:00Z,4,2023,20,0.00,0.00,0.00,5.53
2233,2023-04-04T01:00:00Z,4,2023,21,0.00,0.00,0.00,4.84
2234,2023-04-04T02:00:00Z,4,2023,22,0.00,0.00,0.00,4.57
2235,2023-04-04T03:00:00Z,4,2023,23,0.00,0.00,0.00,4.31
2236,2023-04-04T04:00:00Z,4,2023,0,0.00,0.00,0.00,4.44
2237,2023-04-04T05:00:00Z,4,2023,1,0.00,0.00,0.00,4.65
2238,2023-04-04T06:00:00Z,4,2023,2,0.00,0.00,0.00,4.28
2239,2023-04-04T07:00:00Z,4,2023,3,0.00,0.00,0.00,3.39
2240,2023-04-04T08:00:00Z,4,2023,4,0.00,0.00,0.00,3.67
2241,2023-04-04T09:00:00Z,4,2023,5,0.00,0.00,0.00,3.97
2242,2023-04-04T10:00:00Z,4,2023,6,4.78,0.00,5.11,4.83
2243,2023-04-04T11:00:00Z,4,2023,7,52.83,4.38,47.53,6.50
2244,2023-04-04T12:00:00Z,4,2023,8,164.20,13.26,141.13,8.16
2245,2023-04-04T13:00:00Z,4,2023,9,284.35,41.61,242.31,10.00
2246,2023-04-04T14:00:00Z,4,2023,10,454.27,184.53,289.50,12.58
2247,2023-04-04T15:00:00Z,4,2023,11,569.78,341.11,285.42,14.46
2248,2023-04-04T16:00:00Z,4,2023,12,411.10,86.43,278.20,15.70
2249,2023-04-04T17:00:00Z,4,2023,13,685.55,488.39,285.19,16.01
2250,2023-04-04T18:00:00Z,4,2023,14,605.58,413.84,289.48,15.41
2251,2023-04-04T19:00:00Z,4,2023,15,473.67,378.30,224.92,14.50
2252,2023-04-04T20:00:00Z,4,2023,16,307.33,289.07,177.72,13.24
2253,2023-04-04T21:00:00Z,4,2023,17,193.45,255.15,122.63,11.77
2254,2023-04-04T22:00:00Z,4,2023,18,51.12,39.80,41.22,10.06
2255,2023-04-04T23:00:00Z,4,2023,19,0.00,0.00,0.00,8.78
2256,2023-04-05T00:00:00Z,4,2023,20,0.00,0.00,0.00,7.83
2257,2023-04-05T01:00:00Z,4,2023,21,0.00,0.00,0.00,7.18
2258,2023-04-05T02:00:00Z,4,2023,22,0.00,0.00,0.00,6.75
2259,2023-04-05T03:00:00Z,4,2023,23,0.00,0.00,0.00,6.46
2260,2023-04-05T04:00:00Z,4,2023,0,0.00,0.00,0.00,6.06
2261,2023-04-05T05:00:00Z,4,2023,1,0.00,0.00,0.00,5.70
2262,2023-04-05T06:00:00Z,4,2023,2,0.00,0.00,0.00,6.14
2263,2023-04-05T07:00:00Z,4,2023,3,0.00,0.00,0.00,6.45
2264,2023-04-05T08:00:00Z,4,2023,4,0.00,0.00,0.00,6.55
2265,2023-04-05T09:00:00Z,4,2023,5,0.00,0.00,0.00,6.21
2266,2023-04-05T10:00:00Z,4,2023,6,5.28,0.00,5.65,5.44
2267,2023-04-05T11:00:00Z,4,2023,7,33.88,1.41,29.91,4.85
2268,2023-04-05T12:00:00Z,4,2023,8,97.72,10.59,84.45,4.80
2269,2023-04-05T13:00:00Z,4,2023,9,160.62,19.84,136.41,5.26
2270,2023-04-05T14:00:00Z,4,2023,10,190.68,0.00,160.13,5.93
2271,2023-04-05T15:00:00Z,4,2023,11,211.88,32.19,159.85,6.38
2272,2023-04-05T16:00:00Z,4,2023,12,290.67,9.53,237.17,6.24
2273,2023-04-05T17:00:00Z,4,2023,13,161.73,1.27,132.18,5.89
2274,2023-04-05T18:00:00Z,4,2023,14,171.10,0.00,140.53,5.50
2275,2023-04-05T19:00:00Z,4,2023,15,48.72,2.36,40.83,5.06
2276,2023-04-05T20:00:00Z,4,2023,16,21.38,1.70,18.07,4.48
2277,2023-04-05T21:00:00Z,4,2023,17,16.77,2.40,14.41,3.99
2278,2023-04-05T22:00:00Z,4,2023,18,2.20,1.25,1.88,3.52
2279,2023-04-05T23:00:00Z,4,2023,19,0.00,0.00,0.00,3.32
2280,2023-04-06T00:00:00Z,4,2023,20,0.00,0.00,0.00,3.39
2281,2023-04-06T01:00:00Z,4,2023,21,0.00,0.00,0.00,3.46
2282,2023-04-06T02:00:00Z,4,2023,22,0.00,0.00,0.00,3.65
2283,2023-04-06T03:00:00Z,4,2023,23,0.00,0.00,0.00,3.74
2284,2023-04-06T04:00:00Z,4,2023,0,0.00,0.00,0.00,3.69
2285,2023-04-06T05:00:00Z,4,2023,1,0.00,0.00,0.00,3.65
2286,2023-04-06T06:00:00Z,4,2023,2,0.00,0.00,0.00,3.61
2287,2023-04-06T07:00:00Z,4,2023,3,0.00,0.00,0.00,3.58
2288,2023-04-06T08:00:00Z,4,2023,4,0.00,0.00,0.00,3.59
2289,2023-04-06T09:00:00Z,4,2023,5,0.00,0.00,0.00,3.66
2290,2023-04-06T10:00:00Z,4,2023,6,4.68,0.00,4.91,3.73
2291,2023-04-06T11:00:00Z,4,2023,7,43.30,1.83,38.23,4.06
2292,2023-04-06T12:00:00Z,4,2023,8,109.25,2.46,95.39,4.71
2293,2023-04-06T13:00:00Z,4,2023,9,175.15,1.47,151.72,6.10
2294,2023-04-06T14:00:00Z,4,2023,10,285.88,5.27,239.32,8.25
2295,2023-04-06T15:00:00Z,4,2023,11,417.35,195.05,251.37,10.45
2296,2023-04-06T16:00:00Z,4,2023,12,497.10,169.86,380.65,12.95
2297,2023-04-06T17:00:00Z,4,2023,13,472.92,448.12,251.17,15.17
2298,2023-04-06T18:00:00Z,4,2023,14,403.67,19.22,328.41,16.75
2299,2023-04-06T19:00:00Z,4,2023,15,274.75,273.98,150.39,17.55
2300,2023-04-06T20:00:00Z,4,2023,16,206.07,37.47,167.84,16.86
2301,2023-04-06T21:00:00Z,4,2023,17,118.03,17.10,98.99,15.88
2302,2023-04-06T22:00:00Z,4,2023,18,28.50,4.91,25.16,13.97
2303,2023-04-06T23:00:00Z,4,2023,19,0.00,0.00,0.00,12.59
2304,2023-04-07T00:00:00Z,4,2023,20,0.00,0.00,0.00,11.74
2305,2023-04-07T01:00:00Z,4,2023,21,0.00,0.00,0.00,11.06
2306,2023-04-07T02:00:00Z,4,2023,22,0.00,0.00,0.00,9.99
2307,2023-04-07T03:00:00Z,4,2023,23,0.00,0.00,0.00,9.56
2308,2023-04-07T04:00:00Z,4,2023,0,0.00,0.00,0.00,8.68
2309,2023-04-07T05:00:00Z,4,2023,1,0.00,0.00,0.00,7.52
2310,2023-04-07T06:00:00Z,4,2023,2,0.00,0.00,0.00,6.51
2311,2023-04-07T07:00:00Z,4,2023,3,0.00,0.00,0.00,5.66
2312,2023-04-07T08:00:00Z,4,2023,4,0.00,0.00,0.00,4.98
2313,2023-04-07T09:00:00Z,4,2023,5,0.00,0.00,0.00,4.06
2314,2023-04-07T10:00:00Z,4,2023,6,13.10,42.70,14.63,3.77
2315,2023-04-07T11:00:00Z,4,2023,7,143.07,261.49,93.79,5.55
2316,2023-04-07T12:00:00Z,4,2023,8,336.35,504.07,164.35,7.74
2317,2023-04-07T13:00:00Z,4,2023,9,531.00,624.84,216.81,9.30
2318,2023-04-07T14:00:00Z,4,2023,10,593.10,537.78,251.77,10.23
2319,2023-04-07T15:00:00Z,4,2023,11,579.80,169.10,448.11,10.76
2320,2023-04-07T16:00:00Z,4,2023,12,575.03,122.84,452.18,10.81
2321,2023-04-07T17:00:00Z,4,2023,13,425.40,37.03,341.67,10.40
2322,2023-04-07T18:00:00Z,4,2023,14,312.25,46.72,240.04,9.55
2323,2023-04-07T19:00:00Z,4,2023,15,221.57,28.16,183.05,8.43
2324,2023-04-07T20:00:00Z,4,2023,16,235.55,0.13,195.60,7.43
2325,2023-04-07T21:00:00Z,4,2023,17,136.07,0.00,119.00,6.53
2326,2023-04-07T22:00:00Z,4,2023,18,53.53,0.00,46.70,5.59
2327,2023-04-07T23:00:00Z,4,2023,19,0.00,0.00,0.00,4.38
2328,2023-04-08T00:00:00Z,4,2023,20,0.00,0.00,0.00,3.59
2329,2023-04-08T01:00:00Z,4,2023,21,0.00,0.00,0.00,2.92
2330,2023-04-08T02:00:00Z,4,2023,22,0.00,0.00,0.00,2.24
2331,2023-04-08T03:00:00Z,4,2023,23,0.00,0.00,0.00,1.38
2332,2023-04-08T04:00:00Z,4,2023,0,0.00,0.00,0.00,0.42
2333,2023-04-08T05:00:00Z,4,2023,1,0.00,0.00,0.00,-0.44
2334,2023-04-08T06:00:00Z,4,2023,2,0.00,0.00,0.00,-1.38
2335,2023-04-08T07:00:00Z,4,2023,3,0.00,0.00,0.00,-2.49
2336,2023-04-08T08:00:00Z,4,2023,4,0.00,0.00,0.00,-3.16
2337,2023-04-08T09:00:00Z,4,2023,5,0.00,0.00,0.00,-3.61
2338,2023-04-08T10:00:00Z,4,2023,6,20.35,118.39,15.49,-3.49
2339,2023-04-08T11:00:00Z,4,2023,7,181.90,584.80,55.71,-0.91
2340,2023-04-08T12:00:00Z,4,2023,8,395.58,812.55,78.65,1.45
2341,2023-04-08T13:00:00Z,4,2023,9,597.88,953.15,67.42,3.17
2342,2023-04-08T14:00:00Z,4,2023,10,757.38,1038.28,57.56,4.75
2343,2023-04-08T15:00:00Z,4,2023,11,855.90,995.59,93.81,6.26
2344,2023-04-08T16:00:00Z,4,2023,12,905.03,1036.94,76.72,7.58
2345,2023-04-08T17:00:00Z,4,2023,13,880.47,967.03,110.42,8.51
2346,2023-04-08T18:00:00Z,4,2023,14,802.35,995.33,126.59,9.03
2347,2023-04-08T19:00:00Z,4,2023,15,680.30,949.08,103.25,9.16
2348,2023-04-08T20:00:00Z,4,2023,16,496.90,799.63,113.64,8.87
2349,2023-04-08T21:00:00Z,4,2023,17,299.15,713.97,91.09,7.99
2350,2023-04-08T22:00:00Z,4,2023,18,104.95,313.25,57.42,5.63
2351,2023-04-08T23:00:00Z,4,2023,19,0.00,0.00,0.00,3.30
2352,2023-04-09T00:00:00Z,4,2023,20,0.00,0.00,0.00,2.03
2353,2023-04-09T01:00:00Z,4,2023,21,0.00,0.00,0.00,0.94
2354,2023-04-09T02:00:00Z,4,2023,22,0.00,0.00,0.00,0.12
2355,2023-04-09T03:00:00Z,4,2023,23,0.00,0.00,0.00,-0.52
2356,2023-04-09T04:00:00Z,4,2023,0,0.00,0.00,0.00,-0.81
2357,2023-04-09T05:00:00Z,4,2023,1,0.00,0.00,0.00,-1.02
2358,2023-04-09T06:00:00Z,4,2023,2,0.00,0.00,0.00,-1.68
2359,2023-04-09T07:00:00Z,4,2023,3,0.00,0.00,0.00,-2.16
2360,2023-04-09T08:00:00Z,4,2023,4,0.00,0.00,0.00,-2.21
2361,2023-04-09T09:00:00Z,4,2023,5,0.00,0.00,0.00,-1.81
2362,2023-04-09T10:00:00Z,4,2023,6,22.67,155.84,13.40,-0.84
2363,2023-04-09T11:00:00Z,4,2023,7,189.40,627.72,47.84,1.79
2364,2023-04-09T12:00:00Z,4,2023,8,399.48,848.92,58.47,4.51
2365,2023-04-09T13:00:00Z,4,2023,9,591.17,948.48,63.03,6.70
2366,2023-04-09T14:00:00Z,4,2023,10,746.12,1001.55,63.85,8.19
2367,2023-04-09T15:00:00Z,4,2023,11,851.42,1016.72,67.27,9.45
2368,2023-04-09T16:00:00Z,4,2023,12,895.28,1019.18,73.56,10.61
2369,2023-04-09T17:00:00Z,4,2023,13,882.40,1010.58,75.07,11.56
2370,2023-04-09T18:00:00Z,4,2023,14,809.25,990.70,74.02,12.05
2371,2023-04-09T19:00:00Z,4,2023,15,680.28,948.99,73.77,12.05
2372,2023-04-09T20:00:00Z,4,2023,16,507.85,881.47,68.84,11.59
2373,2023-04-09T21:00:00Z,4,2023,17,307.77,768.69,57.05,10.89
2374,2023-04-09T22:00:00Z,4,2023,18,112.72,467.98,38.19,8.40
2375,2023-04-09T23:00:00Z,4,2023,19,0.00,0.00,0.00,4.92
2376,2023-04-10T00:00:00Z,4,2023,20,0.00,0.00,0.00,3.37
2377,2023-04-10T01:00:00Z,4,2023,21,0.00,0.00,0.00,2.89
2378,2023-04-10T02:00:00Z,4,2023,22,0.00,0.00,0.00,2.33
2379,2023-04-10T03:00:00Z,4,2023,23,0.00,0.00,0.00,1.63
2380,2023-04-10T04:00:00Z,4,2023,0,0.00,0.00,0.00,1.21
2381,2023-04-10T05:00:00Z,4,2023,1,0.00,0.00,0.00,0.66
2382,2023-04-10T06:00:00Z,4,2023,2,0.00,0.00,0.00,0.41
2383,2023-04-10T07:00:00Z,4,2023,3,0.00,0.00,0.00,-0.06
2384,2023-04-10T08:00:00Z,4,2023,4,0.00,0.00,0.00,-0.57
2385,2023-04-10T09:00:00Z,4,2023,5,0.00,0.00,0.00,-0.88
2386,2023-04-10T10:00:00Z,4,2023,6,22.12,121.51,15.11,-0.86
2387,2023-04-10T11:00:00Z,4,2023,7,181.95,548.37,54.45,1.21
2388,2023-04-10T12:00:00Z,4,2023,8,378.80,709.50,87.81,4.44
2389,2023-04-10T13:00:00Z,4,2023,9,563.90,813.50,101.83,9.09
2390,2023-04-10T14:00:00Z,4,2023,10,714.03,838.01,127.02,11.81
2391,2023-04-10T15:00:00Z,4,2023,11,822.10,877.30,132.41,13.50
2392,2023-04-10T16:00:00Z,4,2023,12,890.20,970.44,96.15,14.88
2393,2023-04-10T17:00:00Z,4,2023,13,874.53,959.72,98.94,15.80
2394,2023-04-10T18:00:00Z,4,2023,14,795.55,909.68,109.99,16.29
2395,2023-04-10T19:00:00Z,4,2023,15,662.20,861.06,106.36,16.34
2396,2023-04-10T20:00:00Z,4,2023,16,485.60,755.98,104.84,16.42
2397,2023-04-10T21:00:00Z,4,2023,17,284.48,578.24,83.39,15.87
2398,2023-04-10T22:00:00Z,4,2023,18,100.55,277.69,47.76,12.78
2399,2023-04-10T23:00:00Z,4,2023,19,0.00,0.00,0.00,9.79
2400,2023-04-11T00:00:00Z,4,2023,20,0.00,0.00,0.00,7.49
2401,2023-04-11T01:00:00Z,4,2023,21,0.00,0.00,0.00,6.19
2402,2023-04-11T02:00:00Z,4,2023,22,0.00,0.00,0.00,5.72
2403,2023-04-11T03:00:00Z,4,2023,23,0.00,0.00,0.00,5.51
2404,2023-04-11T04:00:00Z,4,2023,0,0.00,0.00,0.00,5.46
2405,2023-04-11T05:00:00Z,4,2023,1,0.00,0.00,0.00,5.07
2406,2023-04-11T06:00:00Z,4,2023,2,0.00,0.00,0.00,4.60
2407,2023-04-11T07:00:00Z,4,2023,3,0.00,0.00,0.00,4.23
2408,2023-04-11T08:00:00Z,4,2023,4,0.00,0.00,0.00,4.03
2409,2023-04-11T09:00:00Z,4,2023,5,0.00,0.00,0.00,4.03
2410,2023-04-11T10:00:00Z,4,2023,6,17.30,5.42,20.42,4.38
2411,2023-04-11T11:00:00Z,4,2023,7,126.38,74.42,100.93,5.82
2412,2023-04-11T12:00:00Z,4,2023,8,294.58,212.29,219.02,8.08
2413,2023-04-11T13:00:00Z,4,2023,9,450.88,440.51,326.61,11.37
2414,2023-04-11T14:00:00Z,4,2023,10,586.08,643.34,392.98,14.82
2415,2023-04-11T15:00:00Z,4,2023,11,641.00,391.92,462.56,16.97
2416,2023-04-11T16:00:00Z,4,2023,12,742.80,645.71,239.72,17.49
2417,2023-04-11T17:00:00Z,4,2023,13,777.83,662.30,253.71,17.72
2418,2023-04-11T18:00:00Z,4,2023,14,572.78,284.60,327.55,17.84
2419,2023-04-11T19:00:00Z,4,2023,15,417.88,63.76,343.24,17.11
2420,2023-04-11T20:00:00Z,4,2023,16,262.92,69.17,211.44,15.89
2421,2023-04-11T21:00:00Z,4,2023,17,144.00,27.44,118.27,14.77
2422,2023-04-11T22:00:00Z,4,2023,18,58.55,14.61,52.39,13.92
2423,2023-04-11T23:00:00Z,4,2023,19,0.00,0.00,0.00,13.33
2424,2023-04-12T00:00:00Z,4,2023,20,0.00,0.00,0.00,12.79
2425,2023-04-12T01:00:00Z,4,2023,21,0.00,0.00,0.00,12.29
2426,2023-04-12T02:00:00Z,4,2023,22,0.00,0.00,0.00,12.61
2427,2023-04-12T03:00:00Z,4,2023,23,0.00,0.00,0.00,12.96
2428,2023-04-12T04:00:00Z,4,2023,0,0.00,0.00,0.00,13.10
2429,2023-04-12T05:00:00Z,4,2023,1,0.00,0.00,0.00,12.97
2430,2023-04-12T06:00:00Z,4,2023,2,0.00,0.00,0.00,12.67
2431,2023-04-12T07:00:00Z,4,2023,3,0.00,0.00,0.00,12.33
2432,2023-04-12T08:00:00Z,4,2023,4,0.00,0.00,0.00,11.87
2433,2023-04-12T09:00:00Z,4,2023,5,0.00,0.00,0.00,11.26
2434,2023-04-12T10:00:00Z,4,2023,6,20.55,24.56,22.51,10.73
2435,2023-04-12T11:00:00Z,4,2023,7,132.30,62.87,108.16,11.03
2436,2023-04-12T12:00:00Z,4,2023,8,283.40,93.71,222.37,11.32
2437,2023-04-12T13:00:00Z,4,2023,9,438.12,244.53,290.46,12.16
2438,2023-04-12T14:00:00Z,4,2023,10,535.75,290.02,324.23,13.34
2439,2023-04-12T15:00:00Z,4,2023,11,769.55,691.26,251.58,14.62
2440,2023-04-12T16:00:00Z,4,2023,12,738.17,579.65,285.02,15.82
2441,2023-04-12T17:00:00Z,4,2023,13,683.78,440.77,362.31,16.88
2442,2023-04-12T18:00:00Z,4,2023,14,642.78,437.31,320.57,17.66
2443,2023-04-12T19:00:00Z,4,2023,15,534.30,386.62,274.12,17.96
2444,2023-04-12T20:00:00Z,4,2023,16,412.35,520.55,169.46,17.71
2445,2023-04-12T21:00:00Z,4,2023,17,241.25,331.41,132.79,16.66
2446,2023-04-12T22:00:00Z,4,2023,18,82.70,144.86,57.57,14.56
2447,2023-04-12T23:00:00Z,4,2023,19,3.05,2.21,4.81,12.23
2448,2023-04-13T00:00:00Z,4,2023,20,0.00,0.00,0.00,11.43
2449,2023-04-13T01:00:00Z,4,2023,21,0.00,0.00,0.00,10.80
2450,2023-04-13T02:00:00Z,4,2023,22,0.00,0.00,0.00,10.36
2451,2023-04-13T03:00:00Z,4,2023,23,0.00,0.00,0.00,10.43
2452,2023-04-13T04:00:00Z,4,2023,0,0.00,0.00,0.00,10.46
2453,2023-04-13T05:00:00Z,4,2023,1,0.00,0.00,0.00,9.42
2454,2023-04-13T06:00:00Z,4,2023,2,0.00,0.00,0.00,8.21
2455,2023-04-13T07:00:00Z,4,2023,3,0.00,0.00,0.00,7.66
2456,2023-04-13T08:00:00Z,4,2023,4,0.00,0.00,0.00,8.02
2457,2023-04-13T09:00:00Z,4,2023,5,0.00,0.00,0.00,8.59
2458,2023-04-13T10:00:00Z,4,2023,6,23.27,54.19,19.66,8.93
2459,2023-04-13T11:00:00Z,4,2023,7,166.93,372.82,70.25,10.93
2460,2023-04-13T12:00:00Z,4,2023,8,350.40,553.77,109.15,13.77
2461,2023-04-13T13:00:00Z,4,2023,9,530.97,681.05,123.29,17.36
2462,2023-04-13T14:00:00Z,4,2023,10,678.62,748.50,135.76,20.51
2463,2023-04-13T15:00:00Z,4,2023,11,777.10,779.30,145.91,22.65
2464,2023-04-13T16:00:00Z,4,2023,12,852.05,898.31,103.99,24.49
2465,2023-04-13T17:00:00Z,4,2023,13,838.00,881.36,111.61,25.84
2466,2023-04-13T18:00:00Z,4,2023,14,763.30,846.03,114.03,26.58
2467,2023-04-13T19:00:00Z,4,2023,15,639.45,825.81,99.42,26.73
2468,2023-04-13T20:00:00Z,4,2023,16,475.60,750.13,88.91,26.25
2469,2023-04-13T21:00:00Z,4,2023,17,285.08,606.35,76.97,24.64
2470,2023-04-13T22:00:00Z,4,2023,18,101.35,315.28,45.45,21.68
2471,2023-04-13T23:00:00Z,4,2023,19,3.85,11.05,5.51,18.73
2472,2023-04-14T00:00:00Z,4,2023,20,0.00,0.00,0.00,17.64
2473,2023-04-14T01:00:00Z,4,2023,21,0.00,0.00,0.00,16.91
2474,2023-04-14T02:00:00Z,4,2023,22,0.00,0.00,0.00,16.26
2475,2023-04-14T03:00:00Z,4,2023,23,0.00,0.00,0.00,15.60
2476,2023-04-14T04:00:00Z,4,2023,0,0.00,0.00,0.00,15.01
2477,2023-04-14T05:00:00Z,4,2023,1,0.00,0.00,0.00,14.59
2478,2023-04-14T06:00:00Z,4,2023,2,0.00,0.00,0.00,14.29
2479,2023-04-14T07:00:00Z,4,2023,3,0.00,0.00,0.00,13.87
2480,2023-04-14T08:00:00Z,4,2023,4,0.00,0.00,0.00,13.33
2481,2023-04-14T09:00:00Z,4,2023,5,0.00,0.00,0.00,12.56
2482,2023-04-14T10:00:00Z,4,2023,6,24.62,19.87,26.48,12.58
2483,2023-04-14T11:00:00Z,4,2023,7,164.82,253.76,106.06,15.29
2484,2023-04-14T12:00:00Z,4,2023,8,336.77,476.11,165.56,18.36
2485,2023-04-14T13:00:00Z,4,2023,9,499.40,582.78,198.11,21.98
2486,2023-04-14T14:00:00Z,4,2023,10,665.67,642.92,215.06,25.07
2487,2023-04-14T15:00:00Z,4,2023,11,764.28,651.19,230.45,27.01
2488,2023-04-14T16:00:00Z,4,2023,12,821.05,786.09,211.34,26.85
2489,2023-04-14T17:00:00Z,4,2023,13,821.83,815.79,151.74,27.08
2490,2023-04-14T18:00:00Z,4,2023,14,751.78,796.12,145.60,26.81
2491,2023-04-14T19:00:00Z,4,2023,15,612.60,687.21,150.47,25.55
2492,2023-04-14T20:00:00Z,4,2023,16,440.60,524.58,174.81,23.49
2493,2023-04-14T21:00:00Z,4,2023,17,253.43,349.98,142.65,20.28
2494,2023-04-14T22:00:00Z,4,2023,18,88.03,141.20,59.94,16.30
2495,2023-04-14T23:00:00Z,4,2023,19,3.72,3.87,5.30,13.00
2496,2023-04-15T00:00:00Z,4,2023,20,0.00,0.00,0.00,11.28
2497,2023-04-15T01:00:00Z,4,2023,21,0.00,0.00,0.00,10.45
2498,2023-04-15T02:00:00Z,4,2023,22,0.00,0.00,0.00,9.85
2499,2023-04-15T03:00:00Z,4,2023,23,0.00,0.00,0.00,9.37
2500,2023-04-15T04:00:00Z,4,2023,0,0.00,0.00,0.00,8.87
2501,2023-04-15T05:00:00Z,4,2023,1,0.00,0.00,0.00,8.54
2502,2023-04-15T06:00:00Z,4,2023,2,0.00,0.00,0.00,8.21
2503,2023-04-15T07:00:00Z,4,2023,3,0.00,0.00,0.00,7.98
2504,2023-04-15T08:00:00Z,4,2023,4,0.00,0.00,0.00,7.80
2505,2023-04-15T09:00:00Z,4,2023,5,0.00,0.00,0.00,7.57
2506,2023-04-15T10:00:00Z,4,2023,6,26.50,37.10,27.23,7.45
2507,2023-04-15T11:00:00Z,4,2023,7,153.90,205.89,106.01,8.38
2508,2023-04-15T12:00:00Z,4,2023,8,294.52,264.79,182.13,9.63
2509,2023-04-15T13:00:00Z,4,2023,9,437.80,293.83,242.56,11.16
2510,2023-04-15T14:00:00Z,4,2023,10,555.95,343.90,292.33,12.95
2511,2023-04-15T15:00:00Z,4,2023,11,679.62,356.23,366.48,14.92
2512,2023-04-15T16:00:00Z,4,2023,12,632.80,308.64,461.66,16.58
2513,2023-04-15T17:00:00Z,4,2023,13,622.33,291.96,435.12,17.78
2514,2023-04-15T18:00:00Z,4,2023,14,584.33,415.25,316.03,18.69
2515,2023-04-15T19:00:00Z,4,2023,15,514.65,465.77,222.91,19.08
2516,2023-04-15T20:00:00Z,4,2023,16,371.85,479.28,136.53,18.81
2517,2023-04-15T21:00:00Z,4,2023,17,217.52,312.06,116.98,17.48
2518,2023-04-15T22:00:00Z,4,2023,18,76.93,154.69,54.42,15.41
2519,2023-04-15T23:00:00Z,4,2023,19,4.00,4.96,5.90,13.39
2520,2023-04-16T00:00:00Z,4,2023,20,0.00,0.00,0.00,12.18
2521,2023-04-16T01:00:00Z,4,2023,21,0.00,0.00,0.00,11.28
2522,2023-04-16T02:00:00Z,4,2023,22,0.00,0.00,0.00,10.55
2523,2023-04-16T03:00:00Z,4,2023,23,0.00,0.00,0.00,9.84
2524,2023-04-16T04:00:00Z,4,2023,0,0.00,0.00,0.00,9.32
2525,2023-04-16T05:00:00Z,4,2023,1,0.00,0.00,0.00,8.94
2526,2023-04-16T06:00:00Z,4,2023,2,0.00,0.00,0.00,8.61
2527,2023-04-16T07:00:00Z,4,2023,3,0.00,0.00,0.00,8.35
2528,2023-04-16T08:00:00Z,4,2023,4,0.00,0.00,0.00,8.17
2529,2023-04-16T09:00:00Z,4,2023,5,0.00,0.00,0.00,8.03
2530,2023-04-16T10:00:00Z,4,2023,6,14.18,13.88,14.06,8.03
2531,2023-04-16T11:00:00Z,4,2023,7,69.95,78.76,52.05,8.69
2532,2023-04-16T12:00:00Z,4,2023,8,152.77,159.03,89.84,9.99
2533,2023-04-16T13:00:00Z,4,2023,9,255.40,262.03,113.26,11.80
2534,2023-04-16T14:00:00Z,4,2023,10,242.20,227.97,110.11,13.20
2535,2023-04-16T15:00:00Z,4,2023,11,250.27,6.97,204.40,14.01
2536,2023-04-16T16:00:00Z,4,2023,12,349.48,333.54,113.29,14.53
2537,2023-04-16T17:00:00Z,4,2023,13,325.42,2.61,261.31,15.27
2538,2023-04-16T18:00:00Z,4,2023,14,309.25,81.44,211.90,16.08
2539,2023-04-16T19:00:00Z,4,2023,15,344.33,261.32,173.10,16.55
2540,2023-04-16T20:00:00Z,4,2023,16,296.73,382.57,116.25,16.30
2541,2023-04-16T21:00:00Z,4,2023,17,179.15,218.19,95.80,15.35
2542,2023-04-16T22:00:00Z,4,2023,18,63.72,114.01,47.96,13.82
2543,2023-04-16T23:00:00Z,4,2023,19,4.35,5.42,6.40,11.80
2544,2023-04-17T00:00:00Z,4,2023,20,0.00,0.00,0.00,10.45
2545,2023-04-17T01:00:00Z,4,2023,21,0.00,0.00,0.00,9.55
2546,2023-04-17T02:00:00Z,4,2023,22,0.00,0.00,0.00,8.98
2547,2023-04-17T03:00:00Z,4,2023,23,0.00,0.00,0.00,8.61
2548,2023-04-17T04:00:00Z,4,2023,0,0.00,0.00,0.00,8.48
2549,2023-04-17T05:00:00Z,4,2023,1,0.00,0.00,0.00,8.35
2550,2023-04-17T06:00:00Z,4,2023,2,0.00,0.00,0.00,8.25
2551,2023-04-17T07:00:00Z,4,2023,3,0.00,0.00,0.00,8.14
2552,2023-04-17T08:00:00Z,4,2023,4,0.00,0.00,0.00,8.02
2553,2023-04-17T09:00:00Z,4,2023,5,0.00,0.00,0.00,7.83
2554,2023-04-17T10:00:00Z,4,2023,6,16.77,0.00,16.63,7.84
2555,2023-04-17T11:00:00Z,4,2023,7,81.38,2.95,71.00,8.58
2556,2023-04-17T12:00:00Z,4,2023,8,162.62,3.59,140.31,9.87
2557,2023-04-17T13:00:00Z,4,2023,9,93.10,21.92,77.03,11.25
2558,2023-04-17T14:00:00Z,4,2023,10,130.27,21.35,106.74,12.94
2559,2023-04-17T15:00:00Z,4,2023,11,200.50,33.41,159.21,14.38
2560,2023-04-17T16:00:00Z,4,2023,12,179.43,46.83,134.31,15.12
2561,2023-04-17T17:00:00Z,4,2023,13,250.43,121.59,168.50,15.15
2562,2023-04-17T18:00:00Z,4,2023,14,160.00,53.80,122.69,15.10
2563,2023-04-17T19:00:00Z,4,2023,15,138.60,23.49,113.77,14.58
2564,2023-04-17T20:00:00Z,4,2023,16,52.20,21.95,41.61,13.93
2565,2023-04-17T21:00:00Z,4,2023,17,71.90,130.35,47.21,13.48
2566,2023-04-17T22:00:00Z,4,2023,18,29.30,96.67,22.47,13.07
2567,2023-04-17T23:00:00Z,4,2023,19,1.98,5.43,2.20,12.53
2568,2023-04-18T00:00:00Z,4,2023,20,0.00,0.00,0.00,12.23
2569,2023-04-18T01:00:00Z,4,2023,21,0.00,0.00,0.00,11.76
2570,2023-04-18T02:00:00Z,4,2023,22,0.00,0.00,0.00,10.72
2571,2023-04-18T03:00:00Z,4,2023,23,0.00,0.00,0.00,9.84
2572,2023-04-18T04:00:00Z,4,2023,0,0.00,0.00,0.00,9.17
2573,2023-04-18T05:00:00Z,4,2023,1,0.00,0.00,0.00,8.41
2574,2023-04-18T06:00:00Z,4,2023,2,0.00,0.00,0.00,8.12
2575,2023-04-18T07:00:00Z,4,2023,3,0.00,0.00,0.00,7.91
2576,2023-04-18T08:00:00Z,4,2023,4,0.00,0.00,0.00,7.66
2577,2023-04-18T09:00:00Z,4,2023,5,0.00,0.00,0.00,7.40
2578,2023-04-18T10:00:00Z,4,2023,6,24.40,96.46,18.48,7.39
2579,2023-04-18T11:00:00Z,4,2023,7,124.07,296.07,62.96,8.44
2580,2023-04-18T12:00:00Z,4,2023,8,248.45,328.34,116.68,9.96
2581,2023-04-18T13:00:00Z,4,2023,9,396.05,272.71,225.52,11.14
2582,2023-04-18T14:00:00Z,4,2023,10,459.25,321.84,239.95,11.82
2583,2023-04-18T15:00:00Z,4,2023,11,394.83,264.38,242.51,12.20
2584,2023-04-18T16:00:00Z,4,2023,12,502.12,107.44,392.94,12.39
2585,2023-04-18T17:00:00Z,4,2023,13,393.70,195.07,263.86,12.42
2586,2023-04-18T18:00:00Z,4,2023,14,425.85,54.25,307.75,12.26
2587,2023-04-18T19:00:00Z,4,2023,15,288.92,211.43,193.07,11.90
2588,2023-04-18T20:00:00Z,4,2023,16,289.55,175.76,190.22,11.41
2589,2023-04-18T21:00:00Z,4,2023,17,158.48,97.94,120.24,10.73
2590,2023-04-18T22:00:00Z,4,2023,18,58.47,45.63,49.69,9.66
2591,2023-04-18T23:00:00Z,4,2023,19,3.20,1.65,4.41,6.98
2592,2023-04-19T00:00:00Z,4,2023,20,0.00,0.00,0.00,6.05
2593,2023-04-19T01:00:00Z,4,2023,21,0.00,0.00,0.00,5.61
2594,2023-04-19T02:00:00Z,4,2023,22,0.00,0.00,0.00,5.17
2595,2023-04-19T03:00:00Z,4,2023,23,0.00,0.00,0.00,4.86
2596,2023-04-19T04:00:00Z,4,2023,0,0.00,0.00,0.00,4.67
2597,2023-04-19T05:00:00Z,4,2023,1,0.00,0.00,0.00,4.63
2598,2023-04-19T06:00:00Z,4,2023,2,0.00,0.00,0.00,4.68
2599,2023-04-19T07:00:00Z,4,2023,3,0.00,0.00,0.00,4.66
2600,2023-04-19T08:00:00Z,4,2023,4,0.00,0.00,0.00,4.49
2601,2023-04-19T09:00:00Z,4,2023,5,0.00,0.00,0.00,3.95
2602,2023-04-19T10:00:00Z,4,2023,6,33.08,118.59,25.94,3.68
2603,2023-04-19T11:00:00Z,4,2023,7,164.23,344.51,78.49,4.75
2604,2023-04-19T12:00:00Z,4,2023,8,315.75,455.10,131.09,6.03
2605,2023-04-19T13:00:00Z,4,2023,9,508.45,412.25,239.95,7.35
2606,2023-04-19T14:00:00Z,4,2023,10,513.65,253.96,319.01,8.51
2607,2023-04-19T15:00:00Z,4,2023,11,404.62,81.96,318.74,9.41
2608,2023-04-19T16:00:00Z,4,2023,12,324.88,20.28,258.59,9.46
2609,2023-04-19T17:00:00Z,4,2023,13,434.58,152.16,327.95,9.55
2610,2023-04-19T18:00:00Z,4,2023,14,376.80,46.05,290.07,9.75
2611,2023-04-19T19:00:00Z,4,2023,15,274.95,25.51,226.99,9.68
2612,2023-04-19T20:00:00Z,4,2023,16,195.18,51.87,158.90,9.33
2613,2023-04-19T21:00:00Z,4,2023,17,130.70,172.02,85.44,8.80
2614,2023-04-19T22:00:00Z,4,2023,18,56.65,92.39,43.44,7.91
2615,2023-04-19T23:00:00Z,4,2023,19,3.72,4.60,4.24,6.03
2616,2023-04-20T00:00:00Z,4,2023,20,0.00,0.00,0.00,4.95
2617,2023-04-20T01:00:00Z,4,2023,21,0.00,0.00,0.00,4.09
2618,2023-04-20T02:00:00Z,4,2023,22,0.00,0.00,0.00,3.13
2619,2023-04-20T03:00:00Z,4,2023,23,0.00,0.00,0.00,2.58
2620,2023-04-20T04:00:00Z,4,2023,0,0.00,0.00,0.00,2.17
2621,2023-04-20T05:00:00Z,4,2023,1,0.00,0.00,0.00,1.69
2622,2023-04-20T06:00:00Z,4,2023,2,0.00,0.00,0.00,1.41
2623,2023-04-20T07:00:00Z,4,2023,3,0.00,0.00,0.00,1.23
2624,2023-04-20T08:00:00Z,4,2023,4,0.00,0.00,0.00,1.00
2625,2023-04-20T09:00:00Z,4,2023,5,0.00,0.00,0.00,1.35
2626,2023-04-20T10:00:00Z,4,2023,6,38.72,106.74,30.55,1.64
2627,2023-04-20T11:00:00Z,4,2023,7,206.05,465.61,88.17,3.68
2628,2023-04-20T12:00:00Z,4,2023,8,403.23,642.60,127.08,5.40
2629,2023-04-20T13:00:00Z,4,2023,9,581.97,756.44,130.22,7.03
2630,2023-04-20T14:00:00Z,4,2023,10,746.50,883.87,123.22,8.81
2631,2023-04-20T15:00:00Z,4,2023,11,858.62,927.98,106.95,10.62
2632,2023-04-20T16:00:00Z,4,2023,12,919.00,995.61,76.98,12.25
2633,2023-04-20T17:00:00Z,4,2023,13,907.65,986.45,80.94,13.64
2634,2023-04-20T18:00:00Z,4,2023,14,834.45,977.25,78.90,14.68
2635,2023-04-20T19:00:00Z,4,2023,15,702.92,906.78,92.98,15.29
2636,2023-04-20T20:00:00Z,4,2023,16,527.62,822.75,101.16,15.40
2637,2023-04-20T21:00:00Z,4,2023,17,318.92,684.91,73.99,15.20
2638,2023-04-20T22:00:00Z,4,2023,18,124.43,390.51,55.76,13.21
2639,2023-04-20T23:00:00Z,4,2023,19,7.57,22.27,8.98,10.47
2640,2023-04-21T00:00:00Z,4,2023,20,0.00,0.00,0.00,8.51
2641,2023-04-21T01:00:00Z,4,2023,21,0.00,0.00,0.00,7.05
2642,2023-04-21T02:00:00Z,4,2023,22,0.00,0.00,0.00,6.03
2643,2023-04-21T03:00:00Z,4,2023,23,0.00,0.00,0.00,5.44
2644,2023-04-21T04:00:00Z,4,2023,0,0.00,0.00,0.00,5.52
2645,2023-04-21T05:00:00Z,4,2023,1,0.00,0.00,0.00,5.23
2646,2023-04-21T06:00:00Z,4,2023,2,0.00,0.00,0.00,5.25
2647,2023-04-21T07:00:00Z,4,2023,3,0.00,0.00,0.00,5.50
2648,2023-04-21T08:00:00Z,4,2023,4,0.00,0.00,0.00,5.30
2649,2023-04-21T09:00:00Z,4,2023,5,0.00,0.00,0.00,4.94
2650,2023-04-21T10:00:00Z,4,2023,6,33.90,14.82,31.20,5.08
2651,2023-04-21T11:00:00Z,4,2023,7,157.12,137.59,120.83,6.36
2652,2023-04-21T12:00:00Z,4,2023,8,318.55,314.85,174.99,8.25
2653,2023-04-21T13:00:00Z,4,2023,9,502.62,442.28,220.65,9.93
2654,2023-04-21T14:00:00Z,4,2023,10,707.72,691.80,185.68,11.44
2655,2023-04-21T15:00:00Z,4,2023,11,801.25,708.35,199.00,12.76
2656,2023-04-21T16:00:00Z,4,2023,12,877.80,865.56,127.25,13.72
2657,2023-04-21T17:00:00Z,4,2023,13,856.90,830.38,142.35,14.41
2658,2023-04-21T18:00:00Z,4,2023,14,778.60,766.52,165.50,14.98
2659,2023-04-21T19:00:00Z,4,2023,15,646.28,688.03,170.50,14.99
2660,2023-04-21T20:00:00Z,4,2023,16,488.10,666.39,131.02,14.37
2661,2023-04-21T21:00:00Z,4,2023,17,301.67,527.42,109.65,13.11
2662,2023-04-21T22:00:00Z,4,2023,18,121.68,316.87,61.19,11.21
2663,2023-04-21T23:00:00Z,4,2023,19,8.27,18.44,9.67,8.89
2664,2023-04-22T00:00:00Z,4,2023,20,0.00,0.00,0.00,7.54
2665,2023-04-22T01:00:00Z,4,2023,21,0.00,0.00,0.00,6.80
2666,2023-04-22T02:00:00Z,4,2023,22,0.00,0.00,0.00,6.46
2667,2023-04-22T03:00:00Z,4,2023,23,0.00,0.00,0.00,6.40
2668,2023-04-22T04:00:00Z,4,2023,0,0.00,0.00,0.00,6.62
2669,2023-04-22T05:00:00Z,4,2023,1,0.00,0.00,0.00,6.59
2670,2023-04-22T06:00:00Z,4,2023,2,0.00,0.00,0.00,6.43
2671,2023-04-22T07:00:00Z,4,2023,3,0.00,0.00,0.00,6.31
2672,2023-04-22T08:00:00Z,4,2023,4,0.00,0.00,0.00,6.06
2673,2023-04-22T09:00:00Z,4,2023,5,0.00,0.00,0.00,5.62
2674,2023-04-22T10:00:00Z,4,2023,6,29.80,53.54,24.35,6.01
2675,2023-04-22T11:00:00Z,4,2023,7,102.70,120.92,70.44,7.25
2676,2023-04-22T12:00:00Z,4,2023,8,165.73,222.54,93.43,8.82
2677,2023-04-22T13:00:00Z,4,2023,9,201.20,5.65,171.16,10.35
2678,2023-04-22T14:00:00Z,4,2023,10,382.42,19.31,312.50,11.67
2679,2023-04-22T15:00:00Z,4,2023,11,435.88,62.95,317.42,12.51
2680,2023-04-22T16:00:00Z,4,2023,12,450.30,0.55,365.59,12.93
2681,2023-04-22T17:00:00Z,4,2023,13,444.27,31.49,359.30,13.18
2682,2023-04-22T18:00:00Z,4,2023,14,335.92,34.13,258.48,13.15
2683,2023-04-22T19:00:00Z,4,2023,15,230.93,18.75,191.38,13.02
2684,2023-04-22T20:00:00Z,4,2023,16,124.47,28.74,100.07,12.62
2685,2023-04-22T21:00:00Z,4,2023,17,58.70,7.96,50.09,11.86
2686,2023-04-22T22:00:00Z,4,2023,18,32.35,6.77,28.81,10.69
2687,2023-04-22T23:00:00Z,4,2023,19,3.05,0.00,3.26,9.26
2688,2023-04-23T00:00:00Z,4,2023,20,0.00,0.00,0.00,8.34
2689,2023-04-23T01:00:00Z,4,2023,21,0.00,0.00,0.00,7.82
2690,2023-04-23T02:00:00Z,4,2023,22,0.00,0.00,0.00,7.57
2691,2023-04-23T03:00:00Z,4,2023,23,0.00,0.00,0.00,7.52
2692,2023-04-23T04:00:00Z,4,2023,0,0.00,0.00,0.00,7.52
2693,2023-04-23T05:00:00Z,4,2023,1,0.00,0.00,0.00,7.46
2694,2023-04-23T06:00:00Z,4,2023,2,0.00,0.00,0.00,7.41
2695,2023-04-23T07:00:00Z,4,2023,3,0.00,0.00,0.00,7.36
2696,2023-04-23T08:00:00Z,4,2023,4,0.00,0.00,0.00,7.29
2697,2023-04-23T09:00:00Z,4,2023,5,0.00,0.00,0.00,7.17
2698,2023-04-23T10:00:00Z,4,2023,6,12.02,0.00,10.86,7.11
2699,2023-04-23T11:00:00Z,4,2023,7,35.58,0.00,30.81,7.41
2700,2023-04-23T12:00:00Z,4,2023,8,55.30,0.00,46.87,8.10
2701,2023-04-23T13:00:00Z,4,2023,9,68.85,0.00,59.19,8.70
2702,2023-04-23T14:00:00Z,4,2023,10,101.05,0.00,83.40,8.71
2703,2023-04-23T15:00:00Z,4,2023,11,135.68,10.71,107.37,8.60
2704,2023-04-23T16:00:00Z,4,2023,12,152.05,21.52,115.55,8.87
2705,2023-04-23T17:00:00Z,4,2023,13,119.97,11.39,94.77,9.40
2706,2023-04-23T18:00:00Z,4,2023,14,104.03,0.00,85.17,9.94
2707,2023-04-23T19:00:00Z,4,2023,15,95.50,0.14,80.30,10.16
2708,2023-04-23T20:00:00Z,4,2023,16,58.78,28.68,43.72,10.01
2709,2023-04-23T21:00:00Z,4,2023,17,42.03,19.15,32.56,9.59
2710,2023-04-23T22:00:00Z,4,2023,18,19.55,20.84,16.26,9.16
2711,2023-04-23T23:00:00Z,4,2023,19,3.05,3.15,3.89,8.87
2712,2023-04-24T00:00:00Z,4,2023,20,0.00,0.00,0.00,8.79
2713,2023-04-24T01:00:00Z,4,2023,21,0.00,0.00,0.00,8.79
2714,2023-04-24T02:00:00Z,4,2023,22,0.00,0.00,0.00,8.68
2715,2023-04-24T03:00:00Z,4,2023,23,0.00,0.00,0.00,8.49
2716,2023-04-24T04:00:00Z,4,2023,0,0.00,0.00,0.00,8.06
2717,2023-04-24T05:00:00Z,4,2023,1,0.00,0.00,0.00,7.85
2718,2023-04-24T06:00:00Z,4,2023,2,0.00,0.00,0.00,7.32
2719,2023-04-24T07:00:00Z,4,2023,3,0.00,0.00,0.00,6.77
2720,2023-04-24T08:00:00Z,4,2023,4,0.00,0.00,0.00,6.37
2721,2023-04-24T09:00:00Z,4,2023,5,0.00,0.00,0.00,6.25
2722,2023-04-24T10:00:00Z,4,2023,6,23.80,28.03,21.16,6.29
2723,2023-04-24T11:00:00Z,4,2023,7,136.23,90.61,104.87,6.77
2724,2023-04-24T12:00:00Z,4,2023,8,239.73,142.48,173.02,7.89
2725,2023-04-24T13:00:00Z,4,2023,9,342.27,238.06,194.83,9.61
2726,2023-04-24T14:00:00Z,4,2023,10,518.95,223.12,328.56,11.79
2727,2023-04-24T15:00:00Z,4,2023,11,578.70,206.56,367.62,13.72
2728,2023-04-24T16:00:00Z,4,2023,12,553.85,532.81,184.04,14.92
2729,2023-04-24T17:00:00Z,4,2023,13,610.45,169.97,397.86,15.14
2730,2023-04-24T18:00:00Z,4,2023,14,492.20,546.62,150.55,14.95
2731,2023-04-24T19:00:00Z,4,2023,15,444.33,168.42,295.95,14.44
2732,2023-04-24T20:00:00Z,4,2023,16,353.20,252.07,201.99,13.67
2733,2023-04-24T21:00:00Z,4,2023,17,190.18,292.46,97.10,12.73
2734,2023-04-24T22:00:00Z,4,2023,18,76.85,152.90,48.74,11.50
2735,2023-04-24T23:00:00Z,4,2023,19,6.88,8.25,9.04,9.63
2736,2023-04-25T00:00:00Z,4,2023,20,0.00,0.00,0.00,8.60
2737,2023-04-25T01:00:00Z,4,2023,21,0.00,0.00,0.00,7.77
2738,2023-04-25T02:00:00Z,4,2023,22,0.00,0.00,0.00,7.03
2739,2023-04-25T03:00:00Z,4,2023,23,0.00,0.00,0.00,6.66
2740,2023-04-25T04:00:00Z,4,2023,0,0.00,0.00,0.00,6.41
2741,2023-04-25T05:00:00Z,4,2023,1,0.00,0.00,0.00,6.13
2742,2023-04-25T06:00:00Z,4,2023,2,0.00,0.00,0.00,5.98
2743,2023-04-25T07:00:00Z,4,2023,3,0.00,0.00,0.00,5.92
2744,2023-04-25T08:00:00Z,4,2023,4,0.00,0.00,0.00,5.89
2745,2023-04-25T09:00:00Z,4,2023,5,0.00,0.00,0.00,5.96
2746,2023-04-25T10:00:00Z,4,2023,6,44.10,52.34,37.76,6.05
2747,2023-04-25T11:00:00Z,4,2023,7,183.65,170.49,128.56,6.45
2748,2023-04-25T12:00:00Z,4,2023,8,347.67,315.15,199.90,7.71
2749,2023-04-25T13:00:00Z,4,2023,9,527.92,451.77,232.56,10.12
2750,2023-04-25T14:00:00Z,4,2023,10,695.50,532.67,265.64,12.62
2751,2023-04-25T15:00:00Z,4,2023,11,687.40,335.34,352.31,14.35
2752,2023-04-25T16:00:00Z,4,2023,12,643.47,318.47,327.07,15.10
2753,2023-04-25T17:00:00Z,4,2023,13,496.75,212.71,305.11,15.26
2754,2023-04-25T18:00:00Z,4,2023,14,472.17,296.79,263.53,15.08
2755,2023-04-25T19:00:00Z,4,2023,15,382.05,206.25,252.29,14.73
2756,2023-04-25T20:00:00Z,4,2023,16,252.70,124.34,178.76,14.10
2757,2023-04-25T21:00:00Z,4,2023,17,160.62,91.33,122.58,12.91
2758,2023-04-25T22:00:00Z,4,2023,18,69.40,48.37,58.06,11.37
2759,2023-04-25T23:00:00Z,4,2023,19,6.85,4.82,8.38,9.32
2760,2023-04-26T00:00:00Z,4,2023,20,0.00,0.00,0.00,8.28
2761,2023-04-26T01:00:00Z,4,2023,21,0.00,0.00,0.00,7.59
2762,2023-04-26T02:00:00Z,4,2023,22,0.00,0.00,0.00,7.14
2763,2023-04-26T03:00:00Z,4,2023,23,0.00,0.00,0.00,6.75
2764,2023-04-26T04:00:00Z,4,2023,0,0.00,0.00,0.00,6.40
2765,2023-04-26T05:00:00Z,4,2023,1,0.00,0.00,0.00,6.34
2766,2023-04-26T06:00:00Z,4,2023,2,0.00,0.00,0.00,6.14
2767,2023-04-26T07:00:00Z,4,2023,3,0.00,0.00,0.00,5.85
2768,2023-04-26T08:00:00Z,4,2023,4,0.00,0.00,0.00,5.53
2769,2023-04-26T09:00:00Z,4,2023,5,0.00,0.00,0.00,5.30
2770,2023-04-26T10:00:00Z,4,2023,6,17.10,13.81,14.58,5.85
2771,2023-04-26T11:00:00Z,4,2023,7,121.20,95.26,91.98,6.83
2772,2023-04-26T12:00:00Z,4,2023,8,240.57,136.67,173.32,8.25
2773,2023-04-26T13:00:00Z,4,2023,9,380.90,259.72,220.37,10.17
2774,2023-04-26T14:00:00Z,4,2023,10,524.62,254.06,311.17,11.86
2775,2023-04-26T15:00:00Z,4,2023,11,594.92,233.73,354.53,12.82
2776,2023-04-26T16:00:00Z,4,2023,12,613.40,245.15,365.84,13.06
2777,2023-04-26T17:00:00Z,4,2023,13,588.85,313.67,309.64,12.78
2778,2023-04-26T18:00:00Z,4,2023,14,542.25,205.14,332.07,12.41
2779,2023-04-26T19:00:00Z,4,2023,15,463.20,280.65,251.89,11.72
2780,2023-04-26T20:00:00Z,4,2023,16,347.85,387.27,158.89,10.78
2781,2023-04-26T21:00:00Z,4,2023,17,211.77,252.26,118.21,9.83
2782,2023-04-26T22:00:00Z,4,2023,18,88.32,140.30,62.63,8.76
2783,2023-04-26T23:00:00Z,4,2023,19,8.43,10.05,10.32,7.41
2784,2023-04-27T00:00:00Z,4,2023,20,0.00,0.00,0.00,6.55
2785,2023-04-27T01:00:00Z,4,2023,21,0.00,0.00,0.00,6.28
2786,2023-04-27T02:00:00Z,4,2023,22,0.00,0.00,0.00,6.38
2787,2023-04-27T03:00:00Z,4,2023,23,0.00,0.00,0.00,6.43
2788,2023-04-27T04:00:00Z,4,2023,0,0.00,0.00,0.00,6.41
2789,2023-04-27T05:00:00Z,4,2023,1,0.00,0.00,0.00,6.37
2790,2023-04-27T06:00:00Z,4,2023,2,0.00,0.00,0.00,6.39
2791,2023-04-27T07:00:00Z,4,2023,3,0.00,0.00,0.00,6.49
2792,2023-04-27T08:00:00Z,4,2023,4,0.00,0.00,0.00,6.48
2793,2023-04-27T09:00:00Z,4,2023,5,0.00,0.00,0.00,6.30
2794,2023-04-27T10:00:00Z,4,2023,6,27.05,21.94,21.96,6.56
2795,2023-04-27T11:00:00Z,4,2023,7,140.90,70.52,112.08,7.18
2796,2023-04-27T12:00:00Z,4,2023,8,291.20,106.21,222.06,8.42
2797,2023-04-27T13:00:00Z,4,2023,9,376.45,176.68,253.60,10.52
2798,2023-04-27T14:00:00Z,4,2023,10,475.17,162.90,301.99,12.41
2799,2023-04-27T15:00:00Z,4,2023,11,491.02,109.46,337.63,13.37
2800,2023-04-27T16:00:00Z,4,2023,12,470.17,229.63,286.29,13.38
2801,2023-04-27T17:00:00Z,4,2023,13,487.98,438.79,221.13,12.91
2802,2023-04-27T18:00:00Z,4,2023,14,540.65,288.38,297.23,12.60
2803,2023-04-27T19:00:00Z,4,2023,15,454.20,294.93,240.16,12.49
2804,2023-04-27T20:00:00Z,4,2023,16,316.08,247.81,172.24,12.63
2805,2023-04-27T21:00:00Z,4,2023,17,200.00,230.96,113.29,12.60
2806,2023-04-27T22:00:00Z,4,2023,18,90.10,165.09,56.13,12.07
2807,2023-04-27T23:00:00Z,4,2023,19,11.25,31.04,12.04,9.63
2808,2023-04-28T00:00:00Z,4,2023,20,0.00,0.00,0.00,7.56
2809,2023-04-28T01:00:00Z,4,2023,21,0.00,0.00,0.00,6.72
2810,2023-04-28T02:00:00Z,4,2023,22,0.00,0.00,0.00,6.14
2811,2023-04-28T03:00:00Z,4,2023,23,0.00,0.00,0.00,5.69
2812,2023-04-28T04:00:00Z,4,2023,0,0.00,0.00,0.00,5.64
2813,2023-04-28T05:00:00Z,4,2023,1,0.00,0.00,0.00,5.77
2814,2023-04-28T06:00:00Z,4,2023,2,0.00,0.00,0.00,5.77
2815,2023-04-28T07:00:00Z,4,2023,3,0.00,0.00,0.00,5.79
2816,2023-04-28T08:00:00Z,4,2023,4,0.00,0.00,0.00,5.68
2817,2023-04-28T09:00:00Z,4,2023,5,0.00,0.00,0.00,5.49
2818,2023-04-28T10:00:00Z,4,2023,6,71.05,251.81,40.36,5.71
2819,2023-04-28T11:00:00Z,4,2023,7,237.68,521.90,93.27,7.17
2820,2023-04-28T12:00:00Z,4,2023,8,421.42,611.05,144.90,9.66
2821,2023-04-28T13:00:00Z,4,2023,9,589.80,607.94,204.59,13.07
2822,2023-04-28T14:00:00Z,4,2023,10,699.28,515.44,314.81,14.99
2823,2023-04-28T15:00:00Z,4,2023,11,715.50,311.43,406.82,15.76
2824,2023-04-28T16:00:00Z,4,2023,12,771.50,366.33,529.70,16.07
2825,2023-04-28T17:00:00Z,4,2023,13,802.08,1053.45,349.47,16.06
2826,2023-04-28T18:00:00Z,4,2023,14,655.10,362.60,479.22,15.85
2827,2023-04-28T19:00:00Z,4,2023,15,535.58,259.96,408.52,15.32
2828,2023-04-28T20:00:00Z,4,2023,16,334.90,28.10,289.07,14.33
2829,2023-04-28T21:00:00Z,4,2023,17,193.75,1.21,168.71,12.93
2830,2023-04-28T22:00:00Z,4,2023,18,79.32,3.18,70.03,11.30
2831,2023-04-28T23:00:00Z,4,2023,19,8.52,0.00,8.92,9.72
2832,2023-04-29T00:00:00Z,4,2023,20,0.00,0.00,0.00,8.91
2833,2023-04-29T01:00:00Z,4,2023,21,0.00,0.00,0.00,8.35
2834,2023-04-29T02:00:00Z,4,2023,22,0.00,0.00,0.00,7.83
2835,2023-04-29T03:00:00Z,4,2023,23,0.00,0.00,0.00,7.38
2836,2023-04-29T04:00:00Z,4,2023,0,0.00,0.00,0.00,7.04
2837,2023-04-29T05:00:00Z,4,2023,1,0.00,0.00,0.00,6.76
2838,2023-04-29T06:00:00Z,4,2023,2,0.00,0.00,0.00,6.61
2839,2023-04-29T07:00:00Z,4,2023,3,0.00,0.00,0.00,6.49
2840,2023-04-29T08:00:00Z,4,2023,4,0.00,0.00,0.00,6.58
2841,2023-04-29T09:00:00Z,4,2023,5,0.00,0.00,0.00,6.83
2842,2023-04-29T10:00:00Z,4,2023,6,26.12,0.00,22.83,7.37
2843,2023-04-29T11:00:00Z,4,2023,7,92.78,0.00,80.90,7.85
2844,2023-04-29T12:00:00Z,4,2023,8,165.25,0.00,141.85,9.26
2845,2023-04-29T13:00:00Z,4,2023,9,160.18,0.00,136.40,10.43
2846,2023-04-29T14:00:00Z,4,2023,10,239.70,0.00,197.12,10.41
2847,2023-04-29T15:00:00Z,4,2023,11,227.77,0.00,187.18,10.30
2848,2023-04-29T16:00:00Z,4,2023,12,210.30,0.00,167.99,10.40
2849,2023-04-29T17:00:00Z,4,2023,13,183.43,2.40,148.54,10.70
2850,2023-04-29T18:00:00Z,4,2023,14,263.67,16.80,213.80,11.33
2851,2023-04-29T19:00:00Z,4,2023,15,410.48,6.41,343.60,11.82
2852,2023-04-29T20:00:00Z,4,2023,16,206.95,13.31,177.82,11.50
2853,2023-04-29T21:00:00Z,4,2023,17,157.38,10.95,135.78,10.50
2854,2023-04-29T22:00:00Z,4,2023,18,57.12,7.09,50.05,9.26
2855,2023-04-29T23:00:00Z,4,2023,19,6.25,0.00,6.56,8.30
2856,2023-04-30T00:00:00Z,4,2023,20,0.00,0.00,0.00,7.87
2857,2023-04-30T01:00:00Z,4,2023,21,0.00,0.00,0.00,7.75
2858,2023-04-30T02:00:00Z,4,2023,22,0.00,0.00,0.00,7.77
2859,2023-04-30T03:00:00Z,4,2023,23,0.00,0.00,0.00,7.87
2860,2023-04-30T04:00:00Z,4,2023,0,0.00,0.00,0.00,8.00
2861,2023-04-30T05:00:00Z,4,2023,1,0.00,0.00,0.00,8.14
2862,2023-04-30T06:00:00Z,4,2023,2,0.00,0.00,0.00,8.29
2863,2023-04-30T07:00:00Z,4,2023,3,0.00,0.00,0.00,8.41
2864,2023-04-30T08:00:00Z,4,2023,4,0.00,0.00,0.00,8.51
2865,2023-04-30T09:00:00Z,4,2023,5,0.00,0.00,0.00,8.64
2866,2023-04-30T10:00:00Z,4,2023,6,24.95,6.31,21.58,8.80
2867,2023-04-30T11:00:00Z,4,2023,7,65.85,8.23,56.68,9.19
2868,2023-04-30T12:00:00Z,4,2023,8,101.15,1.55,83.76,9.76
2869,2023-04-30T13:00:00Z,4,2023,9,114.60,0.14,97.59,10.30
2870,2023-04-30T14:00:00Z,4,2023,10,164.30,0.24,135.07,10.73
2871,2023-04-30T15:00:00Z,4,2023,11,153.77,15.81,123.47,10.94
2872,2023-04-30T16:00:00Z,4,2023,12,140.88,12.48,112.69,11.23
2873,2023-04-30T17:00:00Z,4,2023,13,204.57,27.58,160.98,11.61
2874,2023-04-30T18:00:00Z,4,2023,14,138.75,7.31,112.77,11.49
2875,2023-04-30T19:00:00Z,4,2023,15,119.70,28.24,96.30,11.21
2876,2023-04-30T20:00:00Z,4,2023,16,86.32,0.00,74.98,11.03
2877,2023-04-30T21:00:00Z,4,2023,17,51.58,0.00,44.95,10.73
2878,2023-04-30T22:00:00Z,4,2023,18,22.30,0.00,19.67,10.31
2879,2023-04-30T23:00:00Z,4,2023,19,2.80,0.00,2.88,10.12
2880,2023-05-01T00:00:00Z,5,2023,20,0.00,0.00,0.00,10.22
2881,2023-05-01T01:00:00Z,5,2023,21,0.00,0.00,0.00,10.57
2882,2023-05-01T02:00:00Z,5,2023,22,0.00,0.00,0.00,11.28
2883,2023-05-01T03:00:00Z,5,2023,23,0.00,0.00,0.00,11.97
2884,2023-05-01T04:00:00Z,5,2023,0,0.00,0.00,0.00,12.42
2885,2023-05-01T05:00:00Z,5,2023,1,0.00,0.00,0.00,13.08
2886,2023-05-01T06:00:00Z,5,2023,2,0.00,0.00,0.00,13.56
2887,2023-05-01T07:00:00Z,5,2023,3,0.00,0.00,0.00,13.38
2888,2023-05-01T08:00:00Z,5,2023,4,0.00,0.00,0.00,13.00
2889,2023-05-01T09:00:00Z,5,2023,5,0.00,0.00,0.00,12.72
2890,2023-05-01T10:00:00Z,5,2023,6,39.60,55.66,29.88,12.61
2891,2023-05-01T11:00:00Z,5,2023,7,121.00,118.02,83.84,13.03
2892,2023-05-01T12:00:00Z,5,2023,8,220.12,169.52,142.48,13.64
2893,2023-05-01T13:00:00Z,5,2023,9,290.58,228.34,156.15,13.98
2894,2023-05-01T14:00:00Z,5,2023,10,539.53,398.68,261.43,14.20
2895,2023-05-01T15:00:00Z,5,2023,11,677.53,357.10,363.13,14.84
2896,2023-05-01T16:00:00Z,5,2023,12,806.62,497.09,336.44,15.60
2897,2023-05-01T17:00:00Z,5,2023,13,708.53,266.53,428.57,16.08
2898,2023-05-01T18:00:00Z,5,2023,14,512.75,544.81,160.16,16.08
2899,2023-05-01T19:00:00Z,5,2023,15,386.30,314.43,230.20,15.53
2900,2023-05-01T20:00:00Z,5,2023,16,247.25,176.91,153.58,14.54
2901,2023-05-01T21:00:00Z,5,2023,17,169.55,182.13,99.57,13.52
2902,2023-05-01T22:00:00Z,5,2023,18,93.03,179.49,56.89,12.45
2903,2023-05-01T23:00:00Z,5,2023,19,13.50,31.09,14.91,10.94
2904,2023-05-02T00:00:00Z,5,2023,20,0.00,0.00,0.00,9.69
2905,2023-05-02T01:00:00Z,5,2023,21,0.00,0.00,0.00,8.51
2906,2023-05-02T02:00:00Z,5,2023,22,0.00,0.00,0.00,7.79
2907,2023-05-02T03:00:00Z,5,2023,23,0.00,0.00,0.00,7.20
2908,2023-05-02T04:00:00Z,5,2023,0,0.00,0.00,0.00,6.66
2909,2023-05-02T05:00:00Z,5,2023,1,0.00,0.00,0.00,6.51
2910,2023-05-02T06:00:00Z,5,2023,2,0.00,0.00,0.00,6.50
2911,2023-05-02T07:00:00Z,5,2023,3,0.00,0.00,0.00,6.69
2912,2023-05-02T08:00:00Z,5,2023,4,0.00,0.00,0.00,6.88
2913,2023-05-02T09:00:00Z,5,2023,5,0.00,0.00,0.00,7.04
2914,2023-05-02T10:00:00Z,5,2023,6,58.67,19.32,50.71,7.60
2915,2023-05-02T11:00:00Z,5,2023,7,159.88,55.57,130.45,8.73
2916,2023-05-02T12:00:00Z,5,2023,8,276.58,83.04,214.14,9.57
2917,2023-05-02T13:00:00Z,5,2023,9,421.80,140.34,291.54,10.01
2918,2023-05-02T14:00:00Z,5,2023,10,357.62,7.30,293.73,11.30
2919,2023-05-02T15:00:00Z,5,2023,11,273.20,4.22,219.84,12.17
2920,2023-05-02T16:00:00Z,5,2023,12,282.38,0.00,230.58,11.93
2921,2023-05-02T17:00:00Z,5,2023,13,373.10,10.13,296.29,11.59
2922,2023-05-02T18:00:00Z,5,2023,14,397.60,39.81,306.40,11.26
2923,2023-05-02T19:00:00Z,5,2023,15,305.55,5.64,255.63,10.73
2924,2023-05-02T20:00:00Z,5,2023,16,170.05,38.07,142.10,10.13
2925,2023-05-02T21:00:00Z,5,2023,17,150.77,3.51,130.94,9.71
2926,2023-05-02T22:00:00Z,5,2023,18,61.10,4.20,52.48,9.32
2927,2023-05-02T23:00:00Z,5,2023,19,8.98,2.18,9.21,7.92
2928,2023-05-03T00:00:00Z,5,2023,20,0.00,0.00,0.00,6.92
2929,2023-05-03T01:00:00Z,5,2023,21,0.00,0.00,0.00,6.72
2930,2023-05-03T02:00:00Z,5,2023,22,0.00,0.00,0.00,6.50
2931,2023-05-03T03:00:00Z,5,2023,23,0.00,0.00,0.00,6.15
2932,2023-05-03T04:00:00Z,5,2023,0,0.00,0.00,0.00,5.99
2933,2023-05-03T05:00:00Z,5,2023,1,0.00,0.00,0.00,5.98
2934,2023-05-03T06:00:00Z,5,2023,2,0.00,0.00,0.00,5.96
2935,2023-05-03T07:00:00Z,5,2023,3,0.00,0.00,0.00,5.93
2936,2023-05-03T08:00:00Z,5,2023,4,0.00,0.00,0.00,5.95
2937,2023-05-03T09:00:00Z,5,2023,5,0.00,0.00,0.00,5.96
2938,2023-05-03T10:00:00Z,5,2023,6,68.07,16.95,59.22,6.47
2939,2023-05-03T11:00:00Z,5,2023,7,174.65,72.62,144.47,7.45
2940,2023-05-03T12:00:00Z,5,2023,8,298.38,232.02,193.86,9.31
2941,2023-05-03T13:00:00Z,5,2023,9,447.08,131.56,326.28,11.30
2942,2023-05-03T14:00:00Z,5,2023,10,368.02,137.01,279.85,12.60
2943,2023-05-03T15:00:00Z,5,2023,11,379.62,20.72,302.70,13.09
2944,2023-05-03T16:00:00Z,5,2023,12,317.35,0.00,259.14,12.99
2945,2023-05-03T17:00:00Z,5,2023,13,312.33,49.70,240.83,12.70
2946,2023-05-03T18:00:00Z,5,2023,14,238.48,2.30,195.65,12.28
2947,2023-05-03T19:00:00Z,5,2023,15,215.05,24.36,175.44,11.75
2948,2023-05-03T20:00:00Z,5,2023,16,142.35,13.10,121.50,10.97
2949,2023-05-03T21:00:00Z,5,2023,17,101.80,10.60,87.22,10.31
2950,2023-05-03T22:00:00Z,5,2023,18,48.97,12.01,41.60,9.61
2951,2023-05-03T23:00:00Z,5,2023,19,6.40,0.00,6.58,8.78
2952,2023-05-04T00:00:00Z,5,2023,20,0.00,0.00,0.00,8.24
2953,2023-05-04T01:00:00Z,5,2023,21,0.00,0.00,0.00,7.92
2954,2023-05-04T02:00:00Z,5,2023,22,0.00,0.00,0.00,7.75
2955,2023-05-04T03:00:00Z,5,2023,23,0.00,0.00,0.00,7.59
2956,2023-05-04T04:00:00Z,5,2023,0,0.00,0.00,0.00,7.42
2957,2023-05-04T05:00:00Z,5,2023,1,0.00,0.00,0.00,7.22
2958,2023-05-04T06:00:00Z,5,2023,2,0.00,0.00,0.00,6.96
2959,2023-05-04T07:00:00Z,5,2023,3,0.00,0.00,0.00,6.58
2960,2023-05-04T08:00:00Z,5,2023,4,0.00,0.00,0.00,6.23
2961,2023-05-04T09:00:00Z,5,2023,5,0.00,0.00,0.00,5.91
2962,2023-05-04T10:00:00Z,5,2023,6,33.97,1.62,29.72,5.78
2963,2023-05-04T11:00:00Z,5,2023,7,103.95,33.49,85.76,5.91
2964,2023-05-04T12:00:00Z,5,2023,8,179.23,17.56,154.38,6.25
2965,2023-05-04T13:00:00Z,5,2023,9,254.00,29.93,209.91,6.73
2966,2023-05-04T14:00:00Z,5,2023,10,283.27,4.28,232.93,7.41
2967,2023-05-04T15:00:00Z,5,2023,11,286.52,18.51,227.92,8.53
2968,2023-05-04T16:00:00Z,5,2023,12,314.30,120.96,231.35,9.45
2969,2023-05-04T17:00:00Z,5,2023,13,258.98,11.33,204.90,10.14
2970,2023-05-04T18:00:00Z,5,2023,14,359.52,116.68,275.70,10.69
2971,2023-05-04T19:00:00Z,5,2023,15,267.17,4.18,221.98,10.73
2972,2023-05-04T20:00:00Z,5,2023,16,209.52,104.01,166.46,10.38
2973,2023-05-04T21:00:00Z,5,2023,17,170.27,339.38,99.29,9.95
2974,2023-05-04T22:00:00Z,5,2023,18,77.15,318.90,49.70,9.37
2975,2023-05-04T23:00:00Z,5,2023,19,11.25,78.93,10.55,7.87
2976,2023-05-05T00:00:00Z,5,2023,20,0.00,0.00,0.00,7.03
2977,2023-05-05T01:00:00Z,5,2023,21,0.00,0.00,0.00,6.41
2978,2023-05-05T02:00:00Z,5,2023,22,0.00,0.00,0.00,5.62
2979,2023-05-05T03:00:00Z,5,2023,23,0.00,0.00,0.00,5.10
2980,2023-05-05T04:00:00Z,5,2023,0,0.00,0.00,0.00,5.37
2981,2023-05-05T05:00:00Z,5,2023,1,0.00,0.00,0.00,5.52
2982,2023-05-05T06:00:00Z,5,2023,2,0.00,0.00,0.00,6.10
2983,2023-05-05T07:00:00Z,5,2023,3,0.00,0.00,0.00,6.17
2984,2023-05-05T08:00:00Z,5,2023,4,0.00,0.00,0.00,6.08
2985,2023-05-05T09:00:00Z,5,2023,5,0.00,0.00,0.00,6.17
2986,2023-05-05T10:00:00Z,5,2023,6,44.40,16.02,38.82,6.86
2987,2023-05-05T11:00:00Z,5,2023,7,104.43,19.46,88.91,7.83
2988,2023-05-05T12:00:00Z,5,2023,8,186.68,37.92,152.58,9.02
2989,2023-05-05T13:00:00Z,5,2023,9,233.20,9.05,195.50,10.24
2990,2023-05-05T14:00:00Z,5,2023,10,305.60,3.31,251.56,10.88
2991,2023-05-05T15:00:00Z,5,2023,11,333.55,23.26,266.58,11.48
2992,2023-05-05T16:00:00Z,5,2023,12,465.33,487.37,215.07,12.30
2993,2023-05-05T17:00:00Z,5,2023,13,613.90,116.63,418.10,13.57
2994,2023-05-05T18:00:00Z,5,2023,14,569.30,658.24,148.88,14.75
2995,2023-05-05T19:00:00Z,5,2023,15,608.45,597.53,201.69,15.49
2996,2023-05-05T20:00:00Z,5,2023,16,448.08,495.28,171.67,15.56
2997,2023-05-05T21:00:00Z,5,2023,17,289.08,547.51,82.55,15.24
2998,2023-05-05T22:00:00Z,5,2023,18,146.20,464.71,50.54,14.74
2999,2023-05-05T23:00:00Z,5,2023,19,22.75,119.33,17.22,12.09
3000,2023-05-06T00:00:00Z,5,2023,20,0.00,0.00,0.00,9.53
3001,2023-05-06T01:00:00Z,5,2023,21,0.00,0.00,0.00,9.27
3002,2023-05-06T02:00:00Z,5,2023,22,0.00,0.00,0.00,9.54
3003,2023-05-06T03:00:00Z,5,2023,23,0.00,0.00,0.00,9.24
3004,2023-05-06T04:00:00Z,5,2023,0,0.00,0.00,0.00,8.79
3005,2023-05-06T05:00:00Z,5,2023,1,0.00,0.00,0.00,8.29
3006,2023-05-06T06:00:00Z,5,2023,2,0.00,0.00,0.00,7.94
3007,2023-05-06T07:00:00Z,5,2023,3,0.00,0.00,0.00,7.65
3008,2023-05-06T08:00:00Z,5,2023,4,0.00,0.00,0.00,7.31
3009,2023-05-06T09:00:00Z,5,2023,5,3.70,21.94,4.85,6.83
3010,2023-05-06T10:00:00Z,5,2023,6,101.80,374.55,41.56,7.63
3011,2023-05-06T11:00:00Z,5,2023,7,286.70,643.68,69.03,9.93
3012,2023-05-06T12:00:00Z,5,2023,8,480.90,777.30,85.12,12.90
3013,2023-05-06T13:00:00Z,5,2023,9,655.15,835.08,99.75,15.42
3014,2023-05-06T14:00:00Z,5,2023,10,799.80,893.99,102.12,17.23
3015,2023-05-06T15:00:00Z,5,2023,11,884.30,852.20,153.21,18.35
3016,2023-05-06T16:00:00Z,5,2023,12,931.60,910.71,112.52,19.24
3017,2023-05-06T17:00:00Z,5,2023,13,919.65,897.61,123.70,19.90
3018,2023-05-06T18:00:00Z,5,2023,14,826.85,908.20,100.23,20.28
3019,2023-05-06T19:00:00Z,5,2023,15,669.90,684.28,195.02,20.28
3020,2023-05-06T20:00:00Z,5,2023,16,512.60,616.75,174.30,19.98
3021,2023-05-06T21:00:00Z,5,2023,17,330.38,483.64,133.08,19.14
3022,2023-05-06T22:00:00Z,5,2023,18,154.82,337.31,75.77,17.24
3023,2023-05-06T23:00:00Z,5,2023,19,22.10,67.03,20.33,14.49
3024,2023-05-07T00:00:00Z,5,2023,20,0.00,0.00,0.00,12.93
3025,2023-05-07T01:00:00Z,5,2023,21,0.00,0.00,0.00,12.10
3026,2023-05-07T02:00:00Z,5,2023,22,0.00,0.00,0.00,11.36
3027,2023-05-07T03:00:00Z,5,2023,23,0.00,0.00,0.00,10.82
3028,2023-05-07T04:00:00Z,5,2023,0,0.00,0.00,0.00,10.20
3029,2023-05-07T05:00:00Z,5,2023,1,0.00,0.00,0.00,9.84
3030,2023-05-07T06:00:00Z,5,2023,2,0.00,0.00,0.00,9.44
3031,2023-05-07T07:00:00Z,5,2023,3,0.00,0.00,0.00,9.35
3032,2023-05-07T08:00:00Z,5,2023,4,0.00,0.00,0.00,9.27
3033,2023-05-07T09:00:00Z,5,2023,5,4.20,25.15,5.34,9.02
3034,2023-05-07T10:00:00Z,5,2023,6,104.82,358.46,40.66,9.56
3035,2023-05-07T11:00:00Z,5,2023,7,288.27,638.31,72.47,11.53
3036,2023-05-07T12:00:00Z,5,2023,8,478.50,736.60,98.74,14.44
3037,2023-05-07T13:00:00Z,5,2023,9,647.30,768.63,129.24,17.06
3038,2023-05-07T14:00:00Z,5,2023,10,779.65,775.61,158.83,19.07
3039,2023-05-07T15:00:00Z,5,2023,11,890.80,872.04,134.74,20.58
3040,2023-05-07T16:00:00Z,5,2023,12,930.45,874.46,140.03,21.65
3041,2023-05-07T17:00:00Z,5,2023,13,920.80,940.68,90.66,22.08
3042,2023-05-07T18:00:00Z,5,2023,14,843.92,887.21,113.76,21.92
3043,2023-05-07T19:00:00Z,5,2023,15,652.20,562.47,292.89,21.35
3044,2023-05-07T20:00:00Z,5,2023,16,524.12,664.91,134.23,20.47
3045,2023-05-07T21:00:00Z,5,2023,17,319.15,394.11,149.58,19.40
3046,2023-05-07T22:00:00Z,5,2023,18,143.85,184.08,102.18,17.51
3047,2023-05-07T23:00:00Z,5,2023,19,18.58,13.90,20.17,15.65
3048,2023-05-08T00:00:00Z,5,2023,20,0.00,0.00,0.00,14.91
3049,2023-05-08T01:00:00Z,5,2023,21,0.00,0.00,0.00,14.72
3050,2023-05-08T02:00:00Z,5,2023,22,0.00,0.00,0.00,14.06
3051,2023-05-08T03:00:00Z,5,2023,23,0.00,0.00,0.00,13.39
3052,2023-05-08T04:00:00Z,5,2023,0,0.00,0.00,0.00,12.94
3053,2023-05-08T05:00:00Z,5,2023,1,0.00,0.00,0.00,12.83
3054,2023-05-08T06:00:00Z,5,2023,2,0.00,0.00,0.00,12.58
3055,2023-05-08T07:00:00Z,5,2023,3,0.00,0.00,0.00,12.28
3056,2023-05-08T08:00:00Z,5,2023,4,0.00,0.00,0.00,12.12
3057,2023-05-08T09:00:00Z,5,2023,5,2.85,2.55,4.32,11.84
3058,2023-05-08T10:00:00Z,5,2023,6,78.57,150.26,56.45,11.99
3059,2023-05-08T11:00:00Z,5,2023,7,241.75,354.58,124.81,13.33
3060,2023-05-08T12:00:00Z,5,2023,8,413.45,547.85,146.29,15.69
3061,2023-05-08T13:00:00Z,5,2023,9,602.92,690.07,145.12,17.40
3062,2023-05-08T14:00:00Z,5,2023,10,763.55,784.73,146.25,18.38
3063,2023-05-08T15:00:00Z,5,2023,11,901.00,906.65,117.29,19.05
3064,2023-05-08T16:00:00Z,5,2023,12,928.35,858.82,151.58,19.53
3065,2023-05-08T17:00:00Z,5,2023,13,895.00,805.91,173.37,19.75
3066,2023-05-08T18:00:00Z,5,2023,14,825.50,771.64,183.18,19.66
3067,2023-05-08T19:00:00Z,5,2023,15,699.35,719.46,174.64,19.29
3068,2023-05-08T20:00:00Z,5,2023,16,542.20,687.31,134.00,18.52
3069,2023-05-08T21:00:00Z,5,2023,17,349.15,548.83,113.03,17.21
3070,2023-05-08T22:00:00Z,5,2023,18,162.25,356.79,74.43,15.16
3071,2023-05-08T23:00:00Z,5,2023,19,24.75,68.48,20.68,12.40
3072,2023-05-09T00:00:00Z,5,2023,20,0.00,0.00,0.00,10.77
3073,2023-05-09T01:00:00Z,5,2023,21,0.00,0.00,0.00,9.75
3074,2023-05-09T02:00:00Z,5,2023,22,0.00,0.00,0.00,8.78
3075,2023-05-09T03:00:00Z,5,2023,23,0.00,0.00,0.00,7.96
3076,2023-05-09T04:00:00Z,5,2023,0,0.00,0.00,0.00,7.26
3077,2023-05-09T05:00:00Z,5,2023,1,0.00,0.00,0.00,6.65
3078,2023-05-09T06:00:00Z,5,2023,2,0.00,0.00,0.00,6.39
3079,2023-05-09T07:00:00Z,5,2023,3,0.00,0.00,0.00,6.12
3080,2023-05-09T08:00:00Z,5,2023,4,0.00,0.00,0.00,5.94
3081,2023-05-09T09:00:00Z,5,2023,5,4.20,2.31,6.39,5.89
3082,2023-05-09T10:00:00Z,5,2023,6,81.00,130.06,59.57,7.09
3083,2023-05-09T11:00:00Z,5,2023,7,221.18,351.08,103.61,9.39
3084,2023-05-09T12:00:00Z,5,2023,8,409.88,434.81,186.48,11.61
3085,2023-05-09T13:00:00Z,5,2023,9,600.20,529.07,230.87,13.12
3086,2023-05-09T14:00:00Z,5,2023,10,769.35,697.33,216.89,14.18
3087,2023-05-09T15:00:00Z,5,2023,11,874.78,762.45,215.35,14.99
3088,2023-05-09T16:00:00Z,5,2023,12,880.35,614.85,291.07,15.83
3089,2023-05-09T17:00:00Z,5,2023,13,874.97,638.63,289.59,16.49
3090,2023-05-09T18:00:00Z,5,2023,14,790.80,590.56,282.50,16.75
3091,2023-05-09T19:00:00Z,5,2023,15,662.33,527.03,254.33,16.67
3092,2023-05-09T20:00:00Z,5,2023,16,523.40,557.34,181.71,15.99
3093,2023-05-09T21:00:00Z,5,2023,17,350.02,577.66,108.32,15.23
3094,2023-05-09T22:00:00Z,5,2023,18,174.23,422.38,69.25,14.25
3095,2023-05-09T23:00:00Z,5,2023,19,27.80,93.93,21.70,11.94
3096,2023-05-10T00:00:00Z,5,2023,20,0.00,0.00,0.00,10.44
3097,2023-05-10T01:00:00Z,5,2023,21,0.00,0.00,0.00,8.90
3098,2023-05-10T02:00:00Z,5,2023,22,0.00,0.00,0.00,7.65
3099,2023-05-10T03:00:00Z,5,2023,23,0.00,0.00,0.00,6.95
3100,2023-05-10T04:00:00Z,5,2023,0,0.00,0.00,0.00,6.39
3101,2023-05-10T05:00:00Z,5,2023,1,0.00,0.00,0.00,5.84
3102,2023-05-10T06:00:00Z,5,2023,2,0.00,0.00,0.00,5.14
3103,2023-05-10T07:00:00Z,5,2023,3,0.00,0.00,0.00,4.61
3104,2023-05-10T08:00:00Z,5,2023,4,0.00,0.00,0.00,4.51
3105,2023-05-10T09:00:00Z,5,2023,5,5.80,19.40,7.73,4.57
3106,2023-05-10T10:00:00Z,5,2023,6,111.72,353.36,50.59,6.09
3107,2023-05-10T11:00:00Z,5,2023,7,294.02,605.77,84.70,8.50
3108,2023-05-10T12:00:00Z,5,2023,8,482.85,697.07,114.09,11.94
3109,2023-05-10T13:00:00Z,5,2023,9,653.40,764.76,127.92,14.58
3110,2023-05-10T14:00:00Z,5,2023,10,789.53,784.05,153.70,16.03
3111,2023-05-10T15:00:00Z,5,2023,11,879.08,794.77,169.38,17.18
3112,2023-05-10T16:00:00Z,5,2023,12,933.75,866.77,137.47,18.19
3113,2023-05-10T17:00:00Z,5,2023,13,912.72,845.06,145.12,18.98
3114,2023-05-10T18:00:00Z,5,2023,14,835.83,814.75,150.28,19.47
3115,2023-05-10T19:00:00Z,5,2023,15,710.00,779.36,136.01,19.58
3116,2023-05-10T20:00:00Z,5,2023,16,545.12,698.54,123.19,19.37
3117,2023-05-10T21:00:00Z,5,2023,17,355.35,564.78,112.08,18.59
3118,2023-05-10T22:00:00Z,5,2023,18,168.38,369.53,73.72,16.70
3119,2023-05-10T23:00:00Z,5,2023,19,25.98,50.36,22.50,14.31
3120,2023-05-11T00:00:00Z,5,2023,20,0.00,0.00,0.00,13.25
3121,2023-05-11T01:00:00Z,5,2023,21,0.00,0.00,0.00,12.74
3122,2023-05-11T02:00:00Z,5,2023,22,0.00,0.00,0.00,12.27
3123,2023-05-11T03:00:00Z,5,2023,23,0.00,0.00,0.00,11.81
3124,2023-05-11T04:00:00Z,5,2023,0,0.00,0.00,0.00,11.05
3125,2023-05-11T05:00:00Z,5,2023,1,0.00,0.00,0.00,10.58
3126,2023-05-11T06:00:00Z,5,2023,2,0.00,0.00,0.00,10.02
3127,2023-05-11T07:00:00Z,5,2023,3,0.00,0.00,0.00,9.48
3128,2023-05-11T08:00:00Z,5,2023,4,0.00,0.00,0.00,9.20
3129,2023-05-11T09:00:00Z,5,2023,5,5.45,4.92,7.88,8.88
3130,2023-05-11T10:00:00Z,5,2023,6,96.05,187.50,59.00,9.64
3131,2023-05-11T11:00:00Z,5,2023,7,259.62,408.15,109.38,11.41
3132,2023-05-11T12:00:00Z,5,2023,8,440.12,526.48,155.77,13.89
3133,2023-05-11T13:00:00Z,5,2023,9,607.50,613.16,163.13,16.65
3134,2023-05-11T14:00:00Z,5,2023,10,744.67,680.17,185.69,18.84
3135,2023-05-11T15:00:00Z,5,2023,11,828.72,679.17,212.57,20.93
3136,2023-05-11T16:00:00Z,5,2023,12,891.72,739.53,190.78,22.41
3137,2023-05-11T17:00:00Z,5,2023,13,842.05,623.14,266.71,23.22
3138,2023-05-11T18:00:00Z,5,2023,14,568.72,504.57,177.96,23.56
3139,2023-05-11T19:00:00Z,5,2023,15,464.85,235.85,272.04,23.57
3140,2023-05-11T20:00:00Z,5,2023,16,351.98,242.70,203.96,22.87
3141,2023-05-11T21:00:00Z,5,2023,17,213.48,211.89,118.13,21.33
3142,2023-05-11T22:00:00Z,5,2023,18,114.97,176.05,75.19,19.54
3143,2023-05-11T23:00:00Z,5,2023,19,22.12,33.59,23.99,17.05
3144,2023-05-12T00:00:00Z,5,2023,20,0.00,0.00,0.00,15.50
3145,2023-05-12T01:00:00Z,5,2023,21,0.00,0.00,0.00,14.82
3146,2023-05-12T02:00:00Z,5,2023,22,0.00,0.00,0.00,14.62
3147,2023-05-12T03:00:00Z,5,2023,23,0.00,0.00,0.00,14.51
3148,2023-05-12T04:00:00Z,5,2023,0,0.00,0.00,0.00,14.33
3149,2023-05-12T05:00:00Z,5,2023,1,0.00,0.00,0.00,13.96
3150,2023-05-12T06:00:00Z,5,2023,2,0.00,0.00,0.00,13.54
3151,2023-05-12T07:00:00Z,5,2023,3,0.00,0.00,0.00,13.28
3152,2023-05-12T08:00:00Z,5,2023,4,0.00,0.00,0.00,13.14
3153,2023-05-12T09:00:00Z,5,2023,5,4.85,3.64,7.52,13.12
3154,2023-05-12T10:00:00Z,5,2023,6,62.28,93.81,45.68,13.76
3155,2023-05-12T11:00:00Z,5,2023,7,147.50,175.41,91.83,14.89
3156,2023-05-12T12:00:00Z,5,2023,8,254.62,220.23,144.00,16.19
3157,2023-05-12T13:00:00Z,5,2023,9,587.95,591.49,183.10,19.18
3158,2023-05-12T14:00:00Z,5,2023,10,749.92,715.54,170.63,21.38
3159,2023-05-12T15:00:00Z,5,2023,11,870.30,821.77,140.98,22.72
3160,2023-05-12T16:00:00Z,5,2023,12,912.22,826.77,152.73,23.85
3161,2023-05-12T17:00:00Z,5,2023,13,743.00,513.01,269.12,24.56
3162,2023-05-12T18:00:00Z,5,2023,14,695.80,460.46,306.29,24.81
3163,2023-05-12T19:00:00Z,5,2023,15,590.88,565.48,192.04,24.68
3164,2023-05-12T20:00:00Z,5,2023,16,484.85,532.34,166.48,23.89
3165,2023-05-12T21:00:00Z,5,2023,17,320.80,479.88,130.15,23.13
3166,2023-05-12T22:00:00Z,5,2023,18,155.68,288.43,87.87,21.77
3167,2023-05-12T23:00:00Z,5,2023,19,27.23,43.33,27.75,19.17
3168,2023-05-13T00:00:00Z,5,2023,20,0.00,0.00,0.00,17.90
3169,2023-05-13T01:00:00Z,5,2023,21,0.00,0.00,0.00,17.45
3170,2023-05-13T02:00:00Z,5,2023,22,0.00,0.00,0.00,16.76
3171,2023-05-13T03:00:00Z,5,2023,23,0.00,0.00,0.00,16.38
3172,2023-05-13T04:00:00Z,5,2023,0,0.00,0.00,0.00,16.04
3173,2023-05-13T05:00:00Z,5,2023,1,0.00,0.00,0.00,15.69
3174,2023-05-13T06:00:00Z,5,2023,2,0.00,0.00,0.00,15.48
3175,2023-05-13T07:00:00Z,5,2023,3,0.00,0.00,0.00,15.14
3176,2023-05-13T08:00:00Z,5,2023,4,0.00,0.00,0.00,14.55
3177,2023-05-13T09:00:00Z,5,2023,5,6.45,3.78,9.95,14.13
3178,2023-05-13T10:00:00Z,5,2023,6,103.20,206.85,69.50,15.12
3179,2023-05-13T11:00:00Z,5,2023,7,275.75,471.17,118.95,16.70
3180,2023-05-13T12:00:00Z,5,2023,8,462.50,649.83,128.43,18.31
3181,2023-05-13T13:00:00Z,5,2023,9,642.33,768.30,137.02,19.63
3182,2023-05-13T14:00:00Z,5,2023,10,773.33,719.91,198.84,20.86
3183,2023-05-13T15:00:00Z,5,2023,11,867.53,801.48,212.59,21.90
3184,2023-05-13T16:00:00Z,5,2023,12,923.92,825.56,186.87,22.66
3185,2023-05-13T17:00:00Z,5,2023,13,926.30,905.48,112.13,22.96
3186,2023-05-13T18:00:00Z,5,2023,14,851.10,847.47,140.06,22.80
3187,2023-05-13T19:00:00Z,5,2023,15,719.85,764.20,175.30,22.34
3188,2023-05-13T20:00:00Z,5,2023,16,557.28,745.93,132.14,21.73
3189,2023-05-13T21:00:00Z,5,2023,17,380.42,651.80,101.80,20.77
3190,2023-05-13T22:00:00Z,5,2023,18,195.07,524.48,64.89,18.89
3191,2023-05-13T23:00:00Z,5,2023,19,37.17,182.09,21.86,16.13
3192,2023-05-14T00:00:00Z,5,2023,20,0.00,0.00,0.00,14.50
3193,2023-05-14T01:00:00Z,5,2023,21,0.00,0.00,0.00,13.85
3194,2023-05-14T02:00:00Z,5,2023,22,0.00,0.00,0.00,12.78
3195,2023-05-14T03:00:00Z,5,2023,23,0.00,0.00,0.00,11.50
3196,2023-05-14T04:00:00Z,5,2023,0,0.00,0.00,0.00,10.44
3197,2023-05-14T05:00:00Z,5,2023,1,0.00,0.00,0.00,9.51
3198,2023-05-14T06:00:00Z,5,2023,2,0.00,0.00,0.00,8.68
3199,2023-05-14T07:00:00Z,5,2023,3,0.00,0.00,0.00,7.94
3200,2023-05-14T08:00:00Z,5,2023,4,0.00,0.00,0.00,7.02
3201,2023-05-14T09:00:00Z,5,2023,5,8.25,22.98,9.81,6.50
3202,2023-05-14T10:00:00Z,5,2023,6,119.85,302.92,64.28,8.23
3203,2023-05-14T11:00:00Z,5,2023,7,300.42,488.77,129.64,10.10
3204,2023-05-14T12:00:00Z,5,2023,8,486.92,634.33,167.94,11.21
3205,2023-05-14T13:00:00Z,5,2023,9,640.80,657.87,237.47,12.23
3206,2023-05-14T14:00:00Z,5,2023,10,795.40,814.48,221.29,13.37
3207,2023-05-14T15:00:00Z,5,2023,11,879.05,752.28,245.50,14.54
3208,2023-05-14T16:00:00Z,5,2023,12,912.67,721.33,304.00,15.64
3209,2023-05-14T17:00:00Z,5,2023,13,923.35,828.05,246.95,16.43
3210,2023-05-14T18:00:00Z,5,2023,14,817.05,693.32,252.69,16.80
3211,2023-05-14T19:00:00Z,5,2023,15,704.00,644.95,252.14,16.72
3212,2023-05-14T20:00:00Z,5,2023,16,592.25,838.73,102.92,16.64
3213,2023-05-14T21:00:00Z,5,2023,17,402.67,733.52,89.36,16.19
3214,2023-05-14T22:00:00Z,5,2023,18,207.48,581.43,60.19,14.95
3215,2023-05-14T23:00:00Z,5,2023,19,41.00,214.05,23.42,12.84
3216,2023-05-15T00:00:00Z,5,2023,20,0.00,0.00,0.00,10.98
3217,2023-05-15T01:00:00Z,5,2023,21,0.00,0.00,0.00,9.43
3218,2023-05-15T02:00:00Z,5,2023,22,0.00,0.00,0.00,8.61
3219,2023-05-15T03:00:00Z,5,2023,23,0.00,0.00,0.00,8.04
3220,2023-05-15T04:00:00Z,5,2023,0,0.00,0.00,0.00,7.36
3221,2023-05-15T05:00:00Z,5,2023,1,0.00,0.00,0.00,6.85
3222,2023-05-15T06:00:00Z,5,2023,2,0.00,0.00,0.00,6.46
3223,2023-05-15T07:00:00Z,5,2023,3,0.00,0.00,0.00,6.00
3224,2023-05-15T08:00:00Z,5,2023,4,0.00,0.00,0.00,5.69
3225,2023-05-15T09:00:00Z,5,2023,5,7.82,13.31,9.39,5.56
3226,2023-05-15T10:00:00Z,5,2023,6,108.20,255.93,60.51,6.83
3227,2023-05-15T11:00:00Z,5,2023,7,270.00,419.04,120.16,9.30
3228,2023-05-15T12:00:00Z,5,2023,8,444.75,497.01,174.36,12.85
3229,2023-05-15T13:00:00Z,5,2023,9,640.58,673.26,166.47,15.49
3230,2023-05-15T14:00:00Z,5,2023,10,662.12,428.87,314.83,16.95
3231,2023-05-15T15:00:00Z,5,2023,11,749.85,464.74,333.71,18.21
3232,2023-05-15T16:00:00Z,5,2023,12,865.15,610.82,284.76,19.20
3233,2023-05-15T17:00:00Z,5,2023,13,844.50,624.42,256.02,19.95
3234,2023-05-15T18:00:00Z,5,2023,14,639.20,224.07,417.65,20.25
3235,2023-05-15T19:00:00Z,5,2023,15,408.65,38.74,327.96,20.36
3236,2023-05-15T20:00:00Z,5,2023,16,378.15,198.91,236.33,19.71
3237,2023-05-15T21:00:00Z,5,2023,17,245.32,135.62,179.67,18.60
3238,2023-05-15T22:00:00Z,5,2023,18,122.93,86.86,94.65,16.84
3239,2023-05-15T23:00:00Z,5,2023,19,25.48,10.72,26.96,15.43
3240,2023-05-16T00:00:00Z,5,2023,20,0.00,0.00,0.00,14.14
3241,2023-05-16T01:00:00Z,5,2023,21,0.00,0.00,0.00,13.43
3242,2023-05-16T02:00:00Z,5,2023,22,0.00,0.00,0.00,12.40
3243,2023-05-16T03:00:00Z,5,2023,23,0.00,0.00,0.00,11.65
3244,2023-05-16T04:00:00Z,5,2023,0,0.00,0.00,0.00,11.18
3245,2023-05-16T05:00:00Z,5,2023,1,0.00,0.00,0.00,11.14
3246,2023-05-16T06:00:00Z,5,2023,2,0.00,0.00,0.00,11.09
3247,2023-05-16T07:00:00Z,5,2023,3,0.00,0.00,0.00,11.08
3248,2023-05-16T08:00:00Z,5,2023,4,0.00,0.00,0.00,10.87
3249,2023-05-16T09:00:00Z,5,2023,5,4.38,0.00,4.68,10.60
3250,2023-05-16T10:00:00Z,5,2023,6,42.17,0.00,37.86,10.88
3251,2023-05-16T11:00:00Z,5,2023,7,90.12,0.00,77.68,11.84
3252,2023-05-16T12:00:00Z,5,2023,8,154.98,0.00,134.93,13.32
3253,2023-05-16T13:00:00Z,5,2023,9,272.25,0.28,228.88,14.88
3254,2023-05-16T14:00:00Z,5,2023,10,415.70,53.85,320.19,16.55
3255,2023-05-16T15:00:00Z,5,2023,11,581.53,256.47,316.87,18.33
3256,2023-05-16T16:00:00Z,5,2023,12,710.42,236.49,412.59,20.09
3257,2023-05-16T17:00:00Z,5,2023,13,778.83,448.93,330.14,21.30
3258,2023-05-16T18:00:00Z,5,2023,14,733.35,505.84,271.49,21.87
3259,2023-05-16T19:00:00Z,5,2023,15,529.95,250.92,303.48,21.80
3260,2023-05-16T20:00:00Z,5,2023,16,394.45,159.73,283.44,21.11
3261,2023-05-16T21:00:00Z,5,2023,17,237.50,52.16,193.45,19.98
3262,2023-05-16T22:00:00Z,5,2023,18,109.85,12.47,96.65,18.55
3263,2023-05-16T23:00:00Z,5,2023,19,24.80,1.10,25.33,17.00
3264,2023-05-17T00:00:00Z,5,2023,20,0.00,0.00,0.00,15.54
3265,2023-05-17T01:00:00Z,5,2023,21,0.00,0.00,0.00,14.70
3266,2023-05-17T02:00:00Z,5,2023,22,0.00,0.00,0.00,13.95
3267,2023-05-17T03:00:00Z,5,2023,23,0.00,0.00,0.00,13.41
3268,2023-05-17T04:00:00Z,5,2023,0,0.00,0.00,0.00,12.75
3269,2023-05-17T05:00:00Z,5,2023,1,0.00,0.00,0.00,11.79
3270,2023-05-17T06:00:00Z,5,2023,2,0.00,0.00,0.00,10.87
3271,2023-05-17T07:00:00Z,5,2023,3,0.00,0.00,0.00,10.26
3272,2023-05-17T08:00:00Z,5,2023,4,0.00,0.00,0.00,9.48
3273,2023-05-17T09:00:00Z,5,2023,5,7.82,7.82,10.44,8.59
3274,2023-05-17T10:00:00Z,5,2023,6,102.53,194.69,64.86,8.76
3275,2023-05-17T11:00:00Z,5,2023,7,280.20,482.32,108.87,9.22
3276,2023-05-17T12:00:00Z,5,2023,8,500.73,650.21,151.32,9.95
3277,2023-05-17T13:00:00Z,5,2023,9,683.17,794.80,141.16,10.65
3278,2023-05-17T14:00:00Z,5,2023,10,854.25,916.50,119.03,11.27
3279,2023-05-17T15:00:00Z,5,2023,11,947.17,907.97,145.03,11.85
3280,2023-05-17T16:00:00Z,5,2023,12,976.72,850.35,190.06,12.39
3281,2023-05-17T17:00:00Z,5,2023,13,966.65,896.01,160.30,12.56
3282,2023-05-17T18:00:00Z,5,2023,14,889.65,958.23,97.41,12.37
3283,2023-05-17T19:00:00Z,5,2023,15,775.22,948.10,87.47,11.93
3284,2023-05-17T20:00:00Z,5,2023,16,619.05,905.91,74.58,11.26
3285,2023-05-17T21:00:00Z,5,2023,17,428.48,832.68,65.68,10.41
3286,2023-05-17T22:00:00Z,5,2023,18,228.57,678.53,48.82,9.24
3287,2023-05-17T23:00:00Z,5,2023,19,51.03,291.72,21.28,7.52
3288,2023-05-18T00:00:00Z,5,2023,20,0.00,0.00,0.00,5.82
3289,2023-05-18T01:00:00Z,5,2023,21,0.00,0.00,0.00,4.75
3290,2023-05-18T02:00:00Z,5,2023,22,0.00,0.00,0.00,3.36
3291,2023-05-18T03:00:00Z,5,2023,23,0.00,0.00,0.00,2.33
3292,2023-05-18T04:00:00Z,5,2023,0,0.00,0.00,0.00,1.66
3293,2023-05-18T05:00:00Z,5,2023,1,0.00,0.00,0.00,1.24
3294,2023-05-18T06:00:00Z,5,2023,2,0.00,0.00,0.00,0.94
3295,2023-05-18T07:00:00Z,5,2023,3,0.00,0.00,0.00,0.60
3296,2023-05-18T08:00:00Z,5,2023,4,0.00,0.00,0.00,0.30
3297,2023-05-18T09:00:00Z,5,2023,5,10.75,37.19,13.28,0.10
3298,2023-05-18T10:00:00Z,5,2023,6,135.50,331.21,80.80,2.18
3299,2023-05-18T11:00:00Z,5,2023,7,333.75,644.61,115.81,4.85
3300,2023-05-18T12:00:00Z,5,2023,8,527.35,834.18,125.62,8.65
3301,2023-05-18T13:00:00Z,5,2023,9,706.65,891.14,131.05,10.55
3302,2023-05-18T14:00:00Z,5,2023,10,851.17,954.88,119.59,12.05
3303,2023-05-18T15:00:00Z,5,2023,11,950.00,955.96,110.34,13.53
3304,2023-05-18T16:00:00Z,5,2023,12,990.33,1002.87,92.73,14.85
3305,2023-05-18T17:00:00Z,5,2023,13,972.97,1003.67,76.46,15.84
3306,2023-05-18T18:00:00Z,5,2023,14,898.28,964.53,86.38,16.46
3307,2023-05-18T19:00:00Z,5,2023,15,774.30,936.31,83.71,16.66
3308,2023-05-18T20:00:00Z,5,2023,16,609.97,880.07,78.81,16.44
3309,2023-05-18T21:00:00Z,5,2023,17,418.62,785.24,72.47,15.85
3310,2023-05-18T22:00:00Z,5,2023,18,219.12,609.97,54.94,14.50
3311,2023-05-18T23:00:00Z,5,2023,19,47.88,221.79,23.98,11.39
3312,2023-05-19T00:00:00Z,5,2023,20,0.00,0.00,0.00,9.71
3313,2023-05-19T01:00:00Z,5,2023,21,0.00,0.00,0.00,8.56
3314,2023-05-19T02:00:00Z,5,2023,22,0.00,0.00,0.00,7.42
3315,2023-05-19T03:00:00Z,5,2023,23,0.00,0.00,0.00,6.65
3316,2023-05-19T04:00:00Z,5,2023,0,0.00,0.00,0.00,6.07
3317,2023-05-19T05:00:00Z,5,2023,1,0.00,0.00,0.00,5.55
3318,2023-05-19T06:00:00Z,5,2023,2,0.00,0.00,0.00,5.12
3319,2023-05-19T07:00:00Z,5,2023,3,0.00,0.00,0.00,4.81
3320,2023-05-19T08:00:00Z,5,2023,4,0.00,0.00,0.00,4.64
3321,2023-05-19T09:00:00Z,5,2023,5,10.75,22.14,12.29,4.70
3322,2023-05-19T10:00:00Z,5,2023,6,124.80,326.01,57.68,6.50
3323,2023-05-19T11:00:00Z,5,2023,7,299.88,516.64,101.60,8.95
3324,2023-05-19T12:00:00Z,5,2023,8,486.27,645.75,130.02,11.67
3325,2023-05-19T13:00:00Z,5,2023,9,656.67,715.11,147.00,13.93
3326,2023-05-19T14:00:00Z,5,2023,10,790.88,741.67,173.17,15.70
3327,2023-05-19T15:00:00Z,5,2023,11,862.47,673.84,242.55,17.03
3328,2023-05-19T16:00:00Z,5,2023,12,865.20,504.94,366.63,17.98
3329,2023-05-19T17:00:00Z,5,2023,13,771.78,624.20,274.02,18.50
3330,2023-05-19T18:00:00Z,5,2023,14,711.80,284.56,433.46,18.33
3331,2023-05-19T19:00:00Z,5,2023,15,553.67,164.18,369.69,17.55
3332,2023-05-19T20:00:00Z,5,2023,16,388.77,131.20,273.36,16.69
3333,2023-05-19T21:00:00Z,5,2023,17,256.90,159.77,184.28,15.97
3334,2023-05-19T22:00:00Z,5,2023,18,141.32,143.77,102.25,15.10
3335,2023-05-19T23:00:00Z,5,2023,19,34.53,41.42,33.08,13.67
3336,2023-05-20T00:00:00Z,5,2023,20,0.00,0.00,0.00,12.27
3337,2023-05-20T01:00:00Z,5,2023,21,0.00,0.00,0.00,11.43
3338,2023-05-20T02:00:00Z,5,2023,22,0.00,0.00,0.00,10.90
3339,2023-05-20T03:00:00Z,5,2023,23,0.00,0.00,0.00,10.53
3340,2023-05-20T04:00:00Z,5,2023,0,0.00,0.00,0.00,10.20
3341,2023-05-20T05:00:00Z,5,2023,1,0.00,0.00,0.00,9.20
3342,2023-05-20T06:00:00Z,5,2023,2,0.00,0.00,0.00,8.97
3343,2023-05-20T07:00:00Z,5,2023,3,0.00,0.00,0.00,9.94
3344,2023-05-20T08:00:00Z,5,2023,4,0.00,0.00,0.00,10.36
3345,2023-05-20T09:00:00Z,5,2023,5,8.45,0.00,10.77,10.65
3346,2023-05-20T10:00:00Z,5,2023,6,64.47,0.99,58.19,11.36
3347,2023-05-20T11:00:00Z,5,2023,7,149.70,0.19,130.05,12.59
3348,2023-05-20T12:00:00Z,5,2023,8,249.27,2.67,215.82,14.68
3349,2023-05-20T13:00:00Z,5,2023,9,280.80,7.43,233.59,16.20
3350,2023-05-20T14:00:00Z,5,2023,10,235.48,4.90,192.57,16.95
3351,2023-05-20T15:00:00Z,5,2023,11,212.55,0.00,173.56,17.38
3352,2023-05-20T16:00:00Z,5,2023,12,242.20,0.00,197.69,17.47
3353,2023-05-20T17:00:00Z,5,2023,13,211.00,0.00,169.90,17.46
3354,2023-05-20T18:00:00Z,5,2023,14,73.18,4.04,59.39,17.21
3355,2023-05-20T19:00:00Z,5,2023,15,109.82,0.00,90.62,17.11
3356,2023-05-20T20:00:00Z,5,2023,16,99.10,0.00,85.08,16.85
3357,2023-05-20T21:00:00Z,5,2023,17,69.88,0.00,60.52,16.62
3358,2023-05-20T22:00:00Z,5,2023,18,39.78,0.00,34.81,16.45
3359,2023-05-20T23:00:00Z,5,2023,19,10.65,0.00,9.91,16.23
3360,2023-05-21T00:00:00Z,5,2023,20,0.00,0.00,0.00,16.04
3361,2023-05-21T01:00:00Z,5,2023,21,0.00,0.00,0.00,16.00
3362,2023-05-21T02:00:00Z,5,2023,22,0.00,0.00,0.00,16.01
3363,2023-05-21T03:00:00Z,5,2023,23,0.00,0.00,0.00,16.00
3364,2023-05-21T04:00:00Z,5,2023,0,0.00,0.00,0.00,16.03
3365,2023-05-21T05:00:00Z,5,2023,1,0.00,0.00,0.00,16.08
3366,2023-05-21T06:00:00Z,5,2023,2,0.00,0.00,0.00,16.02
3367,2023-05-21T07:00:00Z,5,2023,3,0.00,0.00,0.00,15.29
3368,2023-05-21T08:00:00Z,5,2023,4,0.00,0.00,0.00,14.81
3369,2023-05-21T09:00:00Z,5,2023,5,7.55,0.00,8.99,14.43
3370,2023-05-21T10:00:00Z,5,2023,6,74.22,19.24,65.29,14.20
3371,2023-05-21T11:00:00Z,5,2023,7,199.65,51.52,168.70,13.82
3372,2023-05-21T12:00:00Z,5,2023,8,335.38,104.03,257.21,14.07
3373,2023-05-21T13:00:00Z,5,2023,9,596.47,486.90,244.82,15.06
3374,2023-05-21T14:00:00Z,5,2023,10,728.88,584.11,267.25,16.35
3375,2023-05-21T15:00:00Z,5,2023,11,862.17,725.95,225.90,17.81
3376,2023-05-21T16:00:00Z,5,2023,12,915.62,741.21,211.89,19.17
3377,2023-05-21T17:00:00Z,5,2023,13,905.72,761.66,195.18,20.18
3378,2023-05-21T18:00:00Z,5,2023,14,824.53,711.78,203.40,20.78
3379,2023-05-21T19:00:00Z,5,2023,15,645.83,520.74,232.18,21.03
3380,2023-05-21T20:00:00Z,5,2023,16,441.00,348.88,223.51,20.85
3381,2023-05-21T21:00:00Z,5,2023,17,283.27,288.00,157.67,20.28
3382,2023-05-21T22:00:00Z,5,2023,18,142.07,167.73,92.11,19.00
3383,2023-05-21T23:00:00Z,5,2023,19,33.20,33.88,31.09,16.46
3384,2023-05-22T00:00:00Z,5,2023,20,0.00,0.00,0.00,14.61
3385,2023-05-22T01:00:00Z,5,2023,21,0.00,0.00,0.00,14.00
3386,2023-05-22T02:00:00Z,5,2023,22,0.00,0.00,0.00,13.04
3387,2023-05-22T03:00:00Z,5,2023,23,0.00,0.00,0.00,12.32
3388,2023-05-22T04:00:00Z,5,2023,0,0.00,0.00,0.00,11.93
3389,2023-05-22T05:00:00Z,5,2023,1,0.00,0.00,0.00,11.86
3390,2023-05-22T06:00:00Z,5,2023,2,0.00,0.00,0.00,11.77
3391,2023-05-22T07:00:00Z,5,2023,3,0.00,0.00,0.00,11.68
3392,2023-05-22T08:00:00Z,5,2023,4,0.00,0.00,0.00,11.44
3393,2023-05-22T09:00:00Z,5,2023,5,11.55,17.75,12.06,11.02
3394,2023-05-22T10:00:00Z,5,2023,6,116.38,232.75,66.88,11.66
3395,2023-05-22T11:00:00Z,5,2023,7,279.77,429.22,110.99,12.57
3396,2023-05-22T12:00:00Z,5,2023,8,468.65,557.27,158.75,13.50
3397,2023-05-22T13:00:00Z,5,2023,9,637.05,626.43,188.77,14.37
3398,2023-05-22T14:00:00Z,5,2023,10,800.53,764.32,171.96,15.34
3399,2023-05-22T15:00:00Z,5,2023,11,896.08,805.64,165.39,16.14
3400,2023-05-22T16:00:00Z,5,2023,12,925.72,761.58,200.82,16.50
3401,2023-05-22T17:00:00Z,5,2023,13,907.65,758.12,203.68,16.92
3402,2023-05-22T18:00:00Z,5,2023,14,837.83,751.66,183.40,17.33
3403,2023-05-22T19:00:00Z,5,2023,15,716.62,697.66,178.31,17.38
3404,2023-05-22T20:00:00Z,5,2023,16,557.53,642.20,151.34,17.00
3405,2023-05-22T21:00:00Z,5,2023,17,371.12,512.73,127.14,16.23
3406,2023-05-22T22:00:00Z,5,2023,18,194.98,391.34,81.76,14.76
3407,2023-05-22T23:00:00Z,5,2023,19,45.42,117.89,30.38,12.38
3408,2023-05-23T00:00:00Z,5,2023,20,0.00,0.00,0.00,9.98
3409,2023-05-23T01:00:00Z,5,2023,21,0.00,0.00,0.00,8.99
3410,2023-05-23T02:00:00Z,5,2023,22,0.00,0.00,0.00,8.29
3411,2023-05-23T03:00:00Z,5,2023,23,0.00,0.00,0.00,7.64
3412,2023-05-23T04:00:00Z,5,2023,0,0.00,0.00,0.00,7.21
3413,2023-05-23T05:00:00Z,5,2023,1,0.00,0.00,0.00,7.45
3414,2023-05-23T06:00:00Z,5,2023,2,0.00,0.00,0.00,8.02
3415,2023-05-23T07:00:00Z,5,2023,3,0.00,0.00,0.00,8.31
3416,2023-05-23T08:00:00Z,5,2023,4,0.00,0.00,0.00,8.29
3417,2023-05-23T09:00:00Z,5,2023,5,11.90,18.12,12.80,8.18
3418,2023-05-23T10:00:00Z,5,2023,6,121.93,248.55,66.42,9.00
3419,2023-05-23T11:00:00Z,5,2023,7,290.65,451.28,120.96,11.27
3420,2023-05-23T12:00:00Z,5,2023,8,476.88,578.41,153.28,13.76
3421,2023-05-23T13:00:00Z,5,2023,9,656.67,683.95,163.47,15.61
3422,2023-05-23T14:00:00Z,5,2023,10,804.15,760.59,171.27,17.15
3423,2023-05-23T15:00:00Z,5,2023,11,898.03,799.58,164.21,18.16
3424,2023-05-23T16:00:00Z,5,2023,12,912.20,713.26,230.19,18.77
3425,2023-05-23T17:00:00Z,5,2023,13,879.72,711.62,207.12,19.05
3426,2023-05-23T18:00:00Z,5,2023,14,814.20,666.66,220.88,19.05
3427,2023-05-23T19:00:00Z,5,2023,15,684.10,597.72,214.58,18.67
3428,2023-05-23T20:00:00Z,5,2023,16,515.35,525.35,173.65,17.97
3429,2023-05-23T21:00:00Z,5,2023,17,347.62,436.96,138.71,17.01
3430,2023-05-23T22:00:00Z,5,2023,18,185.23,325.45,88.64,15.59
3431,2023-05-23T23:00:00Z,5,2023,19,43.80,81.61,32.06,13.42
3432,2023-05-24T00:00:00Z,5,2023,20,0.00,0.00,0.00,11.36
3433,2023-05-24T01:00:00Z,5,2023,21,0.00,0.00,0.00,10.51
3434,2023-05-24T02:00:00Z,5,2023,22,0.00,0.00,0.00,9.75
3435,2023-05-24T03:00:00Z,5,2023,23,0.00,0.00,0.00,8.98
3436,2023-05-24T04:00:00Z,5,2023,0,0.00,0.00,0.00,8.41
3437,2023-05-24T05:00:00Z,5,2023,1,0.00,0.00,0.00,8.01
3438,2023-05-24T06:00:00Z,5,2023,2,0.00,0.00,0.00,7.72
3439,2023-05-24T07:00:00Z,5,2023,3,0.00,0.00,0.00,7.37
3440,2023-05-24T08:00:00Z,5,2023,4,0.00,0.00,0.00,7.09
3441,2023-05-24T09:00:00Z,5,2023,5,10.77,5.77,11.86,7.00
3442,2023-05-24T10:00:00Z,5,2023,6,99.65,127.14,70.03,8.79
3443,2023-05-24T11:00:00Z,5,2023,7,238.93,252.93,138.01,10.85
3444,2023-05-24T12:00:00Z,5,2023,8,386.90,340.34,183.08,13.15
3445,2023-05-24T13:00:00Z,5,2023,9,466.27,342.13,210.61,15.38
3446,2023-05-24T14:00:00Z,5,2023,10,613.55,333.87,296.22,17.40
3447,2023-05-24T15:00:00Z,5,2023,11,773.08,454.12,313.13,19.09
3448,2023-05-24T16:00:00Z,5,2023,12,828.33,506.37,313.36,20.35
3449,2023-05-24T17:00:00Z,5,2023,13,827.53,530.31,302.78,21.15
3450,2023-05-24T18:00:00Z,5,2023,14,725.92,435.58,314.12,21.48
3451,2023-05-24T19:00:00Z,5,2023,15,533.60,266.28,280.24,21.30
3452,2023-05-24T20:00:00Z,5,2023,16,289.48,134.51,181.57,20.62
3453,2023-05-24T21:00:00Z,5,2023,17,202.00,90.26,147.62,19.57
3454,2023-05-24T22:00:00Z,5,2023,18,92.82,35.01,82.35,17.63
3455,2023-05-24T23:00:00Z,5,2023,19,17.23,5.16,17.16,15.36
3456,2023-05-25T00:00:00Z,5,2023,20,0.00,0.00,0.00,12.96
3457,2023-05-25T01:00:00Z,5,2023,21,0.00,0.00,0.00,11.33
3458,2023-05-25T02:00:00Z,5,2023,22,0.00,0.00,0.00,10.19
3459,2023-05-25T03:00:00Z,5,2023,23,0.00,0.00,0.00,9.66
3460,2023-05-25T04:00:00Z,5,2023,0,0.00,0.00,0.00,9.36
3461,2023-05-25T05:00:00Z,5,2023,1,0.00,0.00,0.00,9.12
3462,2023-05-25T06:00:00Z,5,2023,2,0.00,0.00,0.00,8.73
3463,2023-05-25T07:00:00Z,5,2023,3,0.00,0.00,0.00,8.30
3464,2023-05-25T08:00:00Z,5,2023,4,0.00,0.00,0.00,7.82
3465,2023-05-25T09:00:00Z,5,2023,5,14.73,76.82,14.29,7.33
3466,2023-05-25T10:00:00Z,5,2023,6,143.43,437.32,55.56,8.02
3467,2023-05-25T11:00:00Z,5,2023,7,339.38,697.74,73.75,9.59
3468,2023-05-25T12:00:00Z,5,2023,8,540.45,848.36,82.23,11.48
3469,2023-05-25T13:00:00Z,5,2023,9,711.15,881.93,100.20,13.22
3470,2023-05-25T14:00:00Z,5,2023,10,842.33,879.75,138.24,14.60
3471,2023-05-25T15:00:00Z,5,2023,11,887.22,719.73,252.56,15.76
3472,2023-05-25T16:00:00Z,5,2023,12,858.25,502.25,349.85,16.70
3473,2023-05-25T17:00:00Z,5,2023,13,853.15,649.08,269.62,17.41
3474,2023-05-25T18:00:00Z,5,2023,14,758.72,460.46,357.93,17.76
3475,2023-05-25T19:00:00Z,5,2023,15,630.25,436.43,306.18,17.71
3476,2023-05-25T20:00:00Z,5,2023,16,457.30,266.97,266.19,17.33
3477,2023-05-25T21:00:00Z,5,2023,17,312.65,301.68,175.60,16.61
3478,2023-05-25T22:00:00Z,5,2023,18,174.82,294.14,93.46,15.42
3479,2023-05-25T23:00:00Z,5,2023,19,49.88,119.17,36.47,13.13
3480,2023-05-26T00:00:00Z,5,2023,20,0.00,0.00,0.00,10.89
3481,2023-05-26T01:00:00Z,5,2023,21,0.00,0.00,0.00,10.14
3482,2023-05-26T02:00:00Z,5,2023,22,0.00,0.00,0.00,9.34
3483,2023-05-26T03:00:00Z,5,2023,23,0.00,0.00,0.00,8.60
3484,2023-05-26T04:00:00Z,5,2023,0,0.00,0.00,0.00,8.03
3485,2023-05-26T05:00:00Z,5,2023,1,0.00,0.00,0.00,7.33
3486,2023-05-26T06:00:00Z,5,2023,2,0.00,0.00,0.00,6.82
3487,2023-05-26T07:00:00Z,5,2023,3,0.00,0.00,0.00,6.48
3488,2023-05-26T08:00:00Z,5,2023,4,0.00,0.00,0.00,6.15
3489,2023-05-26T09:00:00Z,5,2023,5,16.38,74.14,14.05,6.22
3490,2023-05-26T10:00:00Z,5,2023,6,151.45,479.30,53.46,8.03
3491,2023-05-26T11:00:00Z,5,2023,7,338.00,666.38,82.23,10.45
3492,2023-05-26T12:00:00Z,5,2023,8,531.72,797.44,89.77,13.27
3493,2023-05-26T13:00:00Z,5,2023,9,703.97,873.85,90.43,15.24
3494,2023-05-26T14:00:00Z,5,2023,10,840.80,914.14,96.51,16.56
3495,2023-05-26T15:00:00Z,5,2023,11,932.20,932.26,97.40,17.55
3496,2023-05-26T16:00:00Z,5,2023,12,885.73,742.90,200.58,18.46
3497,2023-05-26T17:00:00Z,5,2023,13,950.78,915.76,111.20,19.18
3498,2023-05-26T18:00:00Z,5,2023,14,876.03,890.71,115.93,19.64
3499,2023-05-26T19:00:00Z,5,2023,15,757.60,845.21,118.37,19.80
3500,2023-05-26T20:00:00Z,5,2023,16,600.58,812.01,96.98,19.60
3501,2023-05-26T21:00:00Z,5,2023,17,416.95,729.11,79.69,19.19
3502,2023-05-26T22:00:00Z,5,2023,18,226.32,571.01,60.34,18.71
3503,2023-05-26T23:00:00Z,5,2023,19,60.65,250.76,28.42,16.72
3504,2023-05-27T00:00:00Z,5,2023,20,0.00,0.00,0.00,15.36
3505,2023-05-27T01:00:00Z,5,2023,21,0.00,0.00,0.00,14.02
3506,2023-05-27T02:00:00Z,5,2023,22,0.00,0.00,0.00,12.99
3507,2023-05-27T03:00:00Z,5,2023,23,0.00,0.00,0.00,12.05
3508,2023-05-27T04:00:00Z,5,2023,0,0.00,0.00,0.00,10.91
3509,2023-05-27T05:00:00Z,5,2023,1,0.00,0.00,0.00,9.65
3510,2023-05-27T06:00:00Z,5,2023,2,0.00,0.00,0.00,8.67
3511,2023-05-27T07:00:00Z,5,2023,3,0.00,0.00,0.00,8.31
3512,2023-05-27T08:00:00Z,5,2023,4,0.00,0.00,0.00,8.08
3513,2023-05-27T09:00:00Z,5,2023,5,14.15,25.84,13.49,8.12
3514,2023-05-27T10:00:00Z,5,2023,6,131.93,316.06,64.17,10.74
3515,2023-05-27T11:00:00Z,5,2023,7,304.38,503.71,103.06,13.08
3516,2023-05-27T12:00:00Z,5,2023,8,488.50,627.03,134.03,16.12
3517,2023-05-27T13:00:00Z,5,2023,9,658.90,712.57,148.93,18.71
3518,2023-05-27T14:00:00Z,5,2023,10,796.90,768.30,154.37,20.26
3519,2023-05-27T15:00:00Z,5,2023,11,888.67,795.12,157.15,21.68
3520,2023-05-27T16:00:00Z,5,2023,12,960.60,930.52,97.43,22.99
3521,2023-05-27T17:00:00Z,5,2023,13,942.83,912.58,106.28,23.93
3522,2023-05-27T18:00:00Z,5,2023,14,869.67,893.85,102.21,24.45
3523,2023-05-27T19:00:00Z,5,2023,15,750.28,853.92,101.83,24.61
3524,2023-05-27T20:00:00Z,5,2023,16,592.62,800.37,93.25,24.35
3525,2023-05-27T21:00:00Z,5,2023,17,410.48,713.54,80.66,26.11
3526,2023-05-27T22:00:00Z,5,2023,18,222.25,551.52,61.88,25.29
3527,2023-05-27T23:00:00Z,5,2023,19,60.05,235.62,29.91,20.34
3528,2023-05-28T00:00:00Z,5,2023,20,0.00,0.00,0.00,16.42
3529,2023-05-28T01:00:00Z,5,2023,21,0.00,0.00,0.00,15.52
3530,2023-05-28T02:00:00Z,5,2023,22,0.00,0.00,0.00,14.54
3531,2023-05-28T03:00:00Z,5,2023,23,0.00,0.00,0.00,13.83
3532,2023-05-28T04:00:00Z,5,2023,0,0.00,0.00,0.00,13.09
3533,2023-05-28T05:00:00Z,5,2023,1,0.00,0.00,0.00,12.60
3534,2023-05-28T06:00:00Z,5,2023,2,0.00,0.00,0.00,12.22
3535,2023-05-28T07:00:00Z,5,2023,3,0.00,0.00,0.00,11.92
3536,2023-05-28T08:00:00Z,5,2023,4,0.00,0.00,0.00,11.52
3537,2023-05-28T09:00:00Z,5,2023,5,15.70,55.99,13.56,11.26
3538,2023-05-28T10:00:00Z,5,2023,6,141.68,402.59,57.69,12.33
3539,2023-05-28T11:00:00Z,5,2023,7,321.85,604.33,87.66,14.76
3540,2023-05-28T12:00:00Z,5,2023,8,508.30,726.87,101.67,17.96
3541,2023-05-28T13:00:00Z,5,2023,9,676.80,805.46,105.17,21.34
3542,2023-05-28T14:00:00Z,5,2023,10,811.88,851.99,111.74,23.52
3543,2023-05-28T15:00:00Z,5,2023,11,902.00,870.69,114.68,24.80
3544,2023-05-28T16:00:00Z,5,2023,12,942.35,891.26,112.17,25.57
3545,2023-05-28T17:00:00Z,5,2023,13,927.33,894.68,105.82,26.00
3546,2023-05-28T18:00:00Z,5,2023,14,859.83,884.30,99.82,26.18
3547,2023-05-28T19:00:00Z,5,2023,15,744.05,849.71,98.19,26.07
3548,2023-05-28T20:00:00Z,5,2023,16,590.20,800.62,89.89,25.54
3549,2023-05-28T21:00:00Z,5,2023,17,411.00,718.72,77.94,24.54
3550,2023-05-28T22:00:00Z,5,2023,18,224.55,562.79,60.13,22.93
3551,2023-05-28T23:00:00Z,5,2023,19,62.30,249.93,30.04,20.69
3552,2023-05-29T00:00:00Z,5,2023,20,0.00,0.00,0.00,18.75
3553,2023-05-29T01:00:00Z,5,2023,21,0.00,0.00,0.00,17.89
3554,2023-05-29T02:00:00Z,5,2023,22,0.00,0.00,0.00,17.00
3555,2023-05-29T03:00:00Z,5,2023,23,0.00,0.00,0.00,16.23
3556,2023-05-29T04:00:00Z,5,2023,0,0.00,0.00,0.00,15.44
3557,2023-05-29T05:00:00Z,5,2023,1,0.00,0.00,0.00,14.68
3558,2023-05-29T06:00:00Z,5,2023,2,0.00,0.00,0.00,14.35
3559,2023-05-29T07:00:00Z,5,2023,3,0.00,0.00,0.00,14.49
3560,2023-05-29T08:00:00Z,5,2023,4,0.00,0.00,0.00,14.43
3561,2023-05-29T09:00:00Z,5,2023,5,15.68,39.40,14.41,14.22
3562,2023-05-29T10:00:00Z,5,2023,6,140.20,352.13,65.67,14.59
3563,2023-05-29T11:00:00Z,5,2023,7,324.25,575.39,99.82,15.51
3564,2023-05-29T12:00:00Z,5,2023,8,518.65,729.71,108.92,16.40
3565,2023-05-29T13:00:00Z,5,2023,9,696.00,831.39,105.76,17.17
3566,2023-05-29T14:00:00Z,5,2023,10,835.55,874.47,115.91,17.81
3567,2023-05-29T15:00:00Z,5,2023,11,933.50,914.42,108.79,18.27
3568,2023-05-29T16:00:00Z,5,2023,12,975.35,928.16,111.49,18.54
3569,2023-05-29T17:00:00Z,5,2023,13,961.88,917.97,116.14,18.55
3570,2023-05-29T18:00:00Z,5,2023,14,898.65,932.86,100.36,18.19
3571,2023-05-29T19:00:00Z,5,2023,15,779.95,889.58,100.89,17.58
3572,2023-05-29T20:00:00Z,5,2023,16,619.83,835.27,96.18,16.72
3573,2023-05-29T21:00:00Z,5,2023,17,432.25,738.58,87.63,15.65
3574,2023-05-29T22:00:00Z,5,2023,18,238.60,582.24,66.80,14.31
3575,2023-05-29T23:00:00Z,5,2023,19,68.50,267.76,33.13,12.28
3576,2023-05-30T00:00:00Z,5,2023,20,0.00,0.00,0.00,9.79
3577,2023-05-30T01:00:00Z,5,2023,21,0.00,0.00,0.00,9.05
3578,2023-05-30T02:00:00Z,5,2023,22,0.00,0.00,0.00,8.68
3579,2023-05-30T03:00:00Z,5,2023,23,0.00,0.00,0.00,8.71
3580,2023-05-30T04:00:00Z,5,2023,0,0.00,0.00,0.00,8.86
3581,2023-05-30T05:00:00Z,5,2023,1,0.00,0.00,0.00,8.87
3582,2023-05-30T06:00:00Z,5,2023,2,0.00,0.00,0.00,8.80
3583,2023-05-30T07:00:00Z,5,2023,3,0.00,0.00,0.00,8.64
3584,2023-05-30T08:00:00Z,5,2023,4,0.00,0.00,0.00,8.36
3585,2023-05-30T09:00:00Z,5,2023,5,18.17,66.38,14.30,7.96
3586,2023-05-30T10:00:00Z,5,2023,6,153.52,434.28,59.63,9.38
3587,2023-05-30T11:00:00Z,5,2023,7,341.60,640.26,88.32,11.68
3588,2023-05-30T12:00:00Z,5,2023,8,536.50,773.63,104.20,13.64
3589,2023-05-30T13:00:00Z,5,2023,9,711.90,854.53,105.22,15.44
3590,2023-05-30T14:00:00Z,5,2023,10,851.38,904.34,107.11,16.98
3591,2023-05-30T15:00:00Z,5,2023,11,948.45,945.68,98.36,18.20
3592,2023-05-30T16:00:00Z,5,2023,12,972.62,910.54,120.95,19.18
3593,2023-05-30T17:00:00Z,5,2023,13,956.72,903.78,121.41,19.88
3594,2023-05-30T18:00:00Z,5,2023,14,884.72,886.55,119.22,20.26
3595,2023-05-30T19:00:00Z,5,2023,15,766.70,843.82,117.76,20.31
3596,2023-05-30T20:00:00Z,5,2023,16,607.55,791.49,109.40,20.01
3597,2023-05-30T21:00:00Z,5,2023,17,423.65,709.16,91.31,19.41
3598,2023-05-30T22:00:00Z,5,2023,18,233.70,556.46,67.26,18.09
3599,2023-05-30T23:00:00Z,5,2023,19,68.15,245.22,33.33,15.20
3600,2023-05-31T00:00:00Z,5,2023,20,0.00,0.00,0.00,12.86
3601,2023-05-31T01:00:00Z,5,2023,21,0.00,0.00,0.00,12.05
3602,2023-05-31T02:00:00Z,5,2023,22,0.00,0.00,0.00,11.02
3603,2023-05-31T03:00:00Z,5,2023,23,0.00,0.00,0.00,10.13
3604,2023-05-31T04:00:00Z,5,2023,0,0.00,0.00,0.00,9.32
3605,2023-05-31T05:00:00Z,5,2023,1,0.00,0.00,0.00,8.84
3606,2023-05-31T06:00:00Z,5,2023,2,0.00,0.00,0.00,8.46
3607,2023-05-31T07:00:00Z,5,2023,3,0.00,0.00,0.00,8.11
3608,2023-05-31T08:00:00Z,5,2023,4,0.00,0.00,0.00,7.75
3609,2023-05-31T09:00:00Z,5,2023,5,18.55,64.65,15.73,7.67
3610,2023-05-31T10:00:00Z,5,2023,6,152.80,400.93,63.46,9.53
3611,2023-05-31T11:00:00Z,5,2023,7,336.55,596.43,101.89,11.74
3612,2023-05-31T12:00:00Z,5,2023,8,530.00,746.63,115.17,14.92
3613,2023-05-31T13:00:00Z,5,2023,9,706.70,827.86,118.23,17.61
3614,2023-05-31T14:00:00Z,5,2023,10,852.25,929.22,99.33,19.87
3615,2023-05-31T15:00:00Z,5,2023,11,947.10,957.56,91.44,21.56
3616,2023-05-31T16:00:00Z,5,2023,12,979.03,957.03,93.10,22.74
3617,2023-05-31T17:00:00Z,5,2023,13,964.25,950.33,92.62,23.54
3618,2023-05-31T18:00:00Z,5,2023,14,892.55,938.72,89.84,24.00
3619,2023-05-31T19:00:00Z,5,2023,15,774.45,898.26,88.60,24.07
3620,2023-05-31T20:00:00Z,5,2023,16,617.62,858.28,79.95,24.19
3621,2023-05-31T21:00:00Z,5,2023,17,434.85,783.78,69.65,24.11
3622,2023-05-31T22:00:00Z,5,2023,18,243.57,640.69,54.14,22.57
3623,2023-05-31T23:00:00Z,5,2023,19,72.05,329.95,28.84,18.15
3624,2023-06-01T00:00:00Z,6,2023,20,0.93,56.26,2.25,15.86
3625,2023-06-01T01:00:00Z,6,2023,21,0.00,0.00,0.00,15.33
3626,2023-06-01T02:00:00Z,6,2023,22,0.00,0.00,0.00,14.26
3627,2023-06-01T03:00:00Z,6,2023,23,0.00,0.00,0.00,13.45
3628,2023-06-01T04:00:00Z,6,2023,0,0.00,0.00,0.00,12.85
3629,2023-06-01T05:00:00Z,6,2023,1,0.00,0.00,0.00,12.40
3630,2023-06-01T06:00:00Z,6,2023,2,0.00,0.00,0.00,12.04
3631,2023-06-01T07:00:00Z,6,2023,3,0.00,0.00,0.00,11.71
3632,2023-06-01T08:00:00Z,6,2023,4,0.00,0.00,0.00,11.50
3633,2023-06-01T09:00:00Z,6,2023,5,19.35,107.77,13.90,11.55
3634,2023-06-01T10:00:00Z,6,2023,6,156.12,504.73,48.77,13.17
3635,2023-06-01T11:00:00Z,6,2023,7,338.83,703.69,68.45,15.57
3636,2023-06-01T12:00:00Z,6,2023,8,523.00,788.48,81.99,18.94
3637,2023-06-01T13:00:00Z,6,2023,9,690.00,857.61,84.20,22.42
3638,2023-06-01T14:00:00Z,6,2023,10,824.22,896.77,88.69,25.21
3639,2023-06-01T15:00:00Z,6,2023,11,913.75,923.10,87.70,27.10
3640,2023-06-01T16:00:00Z,6,2023,12,943.25,896.57,106.82,28.21
3641,2023-06-01T17:00:00Z,6,2023,13,930.35,883.69,112.39,28.85
3642,2023-06-01T18:00:00Z,6,2023,14,859.95,874.80,105.61,29.12
3643,2023-06-01T19:00:00Z,6,2023,15,742.95,827.61,105.95,29.13
3644,2023-06-01T20:00:00Z,6,2023,16,587.88,775.72,96.85,32.08
3645,2023-06-01T21:00:00Z,6,2023,17,408.95,676.19,87.24,32.93
3646,2023-06-01T22:00:00Z,6,2023,18,224.65,530.62,64.39,29.74
3647,2023-06-01T23:00:00Z,6,2023,19,66.10,222.96,32.92,26.51
3648,2023-06-02T00:00:00Z,6,2023,20,0.00,0.00,0.00,23.02
3649,2023-06-02T01:00:00Z,6,2023,21,0.00,0.00,0.00,19.68
3650,2023-06-02T02:00:00Z,6,2023,22,0.00,0.00,0.00,18.06
3651,2023-06-02T03:00:00Z,6,2023,23,0.00,0.00,0.00,17.32
3652,2023-06-02T04:00:00Z,6,2023,0,0.00,0.00,0.00,16.67
3653,2023-06-02T05:00:00Z,6,2023,1,0.00,0.00,0.00,16.27
3654,2023-06-02T06:00:00Z,6,2023,2,0.00,0.00,0.00,15.98
3655,2023-06-02T07:00:00Z,6,2023,3,0.00,0.00,0.00,15.77
3656,2023-06-02T08:00:00Z,6,2023,4,0.00,0.00,0.00,15.56
3657,2023-06-02T09:00:00Z,6,2023,5,15.40,36.44,15.15,15.65
3658,2023-06-02T10:00:00Z,6,2023,6,127.57,296.66,61.61,17.85
3659,2023-06-02T11:00:00Z,6,2023,7,293.12,461.79,108.69,20.03
3660,2023-06-02T12:00:00Z,6,2023,8,479.45,616.07,128.64,22.70
3661,2023-06-02T13:00:00Z,6,2023,9,644.95,693.81,144.13,24.65
3662,2023-06-02T14:00:00Z,6,2023,10,781.65,756.79,145.21,26.12
3663,2023-06-02T15:00:00Z,6,2023,11,829.25,700.63,184.61,27.58
3664,2023-06-02T16:00:00Z,6,2023,12,857.22,700.99,188.81,28.60
3665,2023-06-02T17:00:00Z,6,2023,13,759.83,555.55,238.78,28.92
3666,2023-06-02T18:00:00Z,6,2023,14,682.40,535.24,200.38,29.02
3667,2023-06-02T19:00:00Z,6,2023,15,397.12,220.88,215.11,28.79
3668,2023-06-02T20:00:00Z,6,2023,16,241.85,34.78,181.39,26.91
3669,2023-06-02T21:00:00Z,6,2023,17,164.62,15.25,137.40,24.92
3670,2023-06-02T22:00:00Z,6,2023,18,89.18,6.67,78.09,23.64
3671,2023-06-02T23:00:00Z,6,2023,19,30.83,2.51,27.75,20.80
3672,2023-06-03T00:00:00Z,6,2023,20,0.00,0.00,0.00,18.10
3673,2023-06-03T01:00:00Z,6,2023,21,0.00,0.00,0.00,16.07
3674,2023-06-03T02:00:00Z,6,2023,22,0.00,0.00,0.00,14.68
3675,2023-06-03T03:00:00Z,6,2023,23,0.00,0.00,0.00,13.93
3676,2023-06-03T04:00:00Z,6,2023,0,0.00,0.00,0.00,13.59
3677,2023-06-03T05:00:00Z,6,2023,1,0.00,0.00,0.00,13.39
3678,2023-06-03T06:00:00Z,6,2023,2,0.00,0.00,0.00,13.02
3679,2023-06-03T07:00:00Z,6,2023,3,0.00,0.00,0.00,12.37
3680,2023-06-03T08:00:00Z,6,2023,4,0.00,0.00,0.00,11.54
3681,2023-06-03T09:00:00Z,6,2023,5,8.32,0.00,8.54,11.01
3682,2023-06-03T10:00:00Z,6,2023,6,49.88,27.07,42.71,10.97
3683,2023-06-03T11:00:00Z,6,2023,7,102.97,60.61,82.08,11.31
3684,2023-06-03T12:00:00Z,6,2023,8,88.25,0.00,77.24,11.60
3685,2023-06-03T13:00:00Z,6,2023,9,147.05,4.80,122.70,11.63
3686,2023-06-03T14:00:00Z,6,2023,10,187.95,24.77,147.18,11.72
3687,2023-06-03T15:00:00Z,6,2023,11,234.35,17.48,185.32,11.79
3688,2023-06-03T16:00:00Z,6,2023,12,270.83,25.78,209.14,11.69
3689,2023-06-03T17:00:00Z,6,2023,13,220.55,6.52,178.71,11.84
3690,2023-06-03T18:00:00Z,6,2023,14,147.90,39.59,108.08,11.90
3691,2023-06-03T19:00:00Z,6,2023,15,148.40,48.05,102.06,11.67
3692,2023-06-03T20:00:00Z,6,2023,16,103.32,41.30,78.69,11.29
3693,2023-06-03T21:00:00Z,6,2023,17,70.88,10.58,58.25,10.84
3694,2023-06-03T22:00:00Z,6,2023,18,33.47,0.00,29.12,10.44
3695,2023-06-03T23:00:00Z,6,2023,19,9.93,0.00,8.96,9.94
3696,2023-06-04T00:00:00Z,6,2023,20,0.00,0.00,0.00,9.14
3697,2023-06-04T01:00:00Z,6,2023,21,0.00,0.00,0.00,8.69
3698,2023-06-04T02:00:00Z,6,2023,22,0.00,0.00,0.00,8.34
3699,2023-06-04T03:00:00Z,6,2023,23,0.00,0.00,0.00,8.16
3700,2023-06-04T04:00:00Z,6,2023,0,0.00,0.00,0.00,7.96
3701,2023-06-04T05:00:00Z,6,2023,1,0.00,0.00,0.00,7.60
3702,2023-06-04T06:00:00Z,6,2023,2,0.00,0.00,0.00,7.36
3703,2023-06-04T07:00:00Z,6,2023,3,0.00,0.00,0.00,7.08
3704,2023-06-04T08:00:00Z,6,2023,4,0.00,0.00,0.00,6.76
3705,2023-06-04T09:00:00Z,6,2023,5,7.75,8.38,8.76,6.77
3706,2023-06-04T10:00:00Z,6,2023,6,52.40,26.62,44.66,7.23
3707,2023-06-04T11:00:00Z,6,2023,7,115.22,16.57,98.50,7.91
3708,2023-06-04T12:00:00Z,6,2023,8,175.60,15.43,150.28,8.76
3709,2023-06-04T13:00:00Z,6,2023,9,247.90,75.38,176.83,9.69
3710,2023-06-04T14:00:00Z,6,2023,10,402.65,33.13,318.53,10.59
3711,2023-06-04T15:00:00Z,6,2023,11,371.48,25.16,294.24,11.15
3712,2023-06-04T16:00:00Z,6,2023,12,360.25,30.32,284.24,11.33
3713,2023-06-04T17:00:00Z,6,2023,13,353.27,23.77,283.55,11.31
3714,2023-06-04T18:00:00Z,6,2023,14,379.92,30.60,302.84,11.19
3715,2023-06-04T19:00:00Z,6,2023,15,303.08,13.96,246.89,10.72
3716,2023-06-04T20:00:00Z,6,2023,16,207.18,52.76,167.38,10.24
3717,2023-06-04T21:00:00Z,6,2023,17,122.85,25.53,99.83,9.95
3718,2023-06-04T22:00:00Z,6,2023,18,70.18,16.27,60.05,9.82
3719,2023-06-04T23:00:00Z,6,2023,19,24.02,0.81,21.66,9.64
3720,2023-06-05T00:00:00Z,6,2023,20,0.00,0.00,0.00,9.53
3721,2023-06-05T01:00:00Z,6,2023,21,0.00,0.00,0.00,9.49
3722,2023-06-05T02:00:00Z,6,2023,22,0.00,0.00,0.00,9.42
3723,2023-06-05T03:00:00Z,6,2023,23,0.00,0.00,0.00,9.33
3724,2023-06-05T04:00:00Z,6,2023,0,0.00,0.00,0.00,9.22
3725,2023-06-05T05:00:00Z,6,2023,1,0.00,0.00,0.00,9.22
3726,2023-06-05T06:00:00Z,6,2023,2,0.00,0.00,0.00,9.33
3727,2023-06-05T07:00:00Z,6,2023,3,0.00,0.00,0.00,9.36
3728,2023-06-05T08:00:00Z,6,2023,4,0.00,0.00,0.00,9.28
3729,2023-06-05T09:00:00Z,6,2023,5,11.18,6.34,12.88,9.20
3730,2023-06-05T10:00:00Z,6,2023,6,72.53,39.12,59.71,9.58
3731,2023-06-05T11:00:00Z,6,2023,7,137.98,55.73,111.26,10.38
3732,2023-06-05T12:00:00Z,6,2023,8,192.77,65.85,145.46,11.28
3733,2023-06-05T13:00:00Z,6,2023,9,290.17,51.35,213.17,12.22
3734,2023-06-05T14:00:00Z,6,2023,10,336.58,54.91,243.70,13.33
3735,2023-06-05T15:00:00Z,6,2023,11,424.12,19.12,337.78,14.41
3736,2023-06-05T16:00:00Z,6,2023,12,440.00,15.66,350.97,14.85
3737,2023-06-05T17:00:00Z,6,2023,13,420.73,60.26,303.58,15.26
3738,2023-06-05T18:00:00Z,6,2023,14,422.50,168.87,295.82,15.97
3739,2023-06-05T19:00:00Z,6,2023,15,310.60,16.24,252.69,16.21
3740,2023-06-05T20:00:00Z,6,2023,16,260.00,14.33,217.51,16.40
3741,2023-06-05T21:00:00Z,6,2023,17,192.02,243.80,122.79,16.30
3742,2023-06-05T22:00:00Z,6,2023,18,103.78,155.92,76.43,15.98
3743,2023-06-05T23:00:00Z,6,2023,19,36.53,48.93,30.28,14.50
3744,2023-06-06T00:00:00Z,6,2023,20,0.00,0.00,0.00,12.55
3745,2023-06-06T01:00:00Z,6,2023,21,0.00,0.00,0.00,12.34
3746,2023-06-06T02:00:00Z,6,2023,22,0.00,0.00,0.00,12.40
3747,2023-06-06T03:00:00Z,6,2023,23,0.00,0.00,0.00,12.56
3748,2023-06-06T04:00:00Z,6,2023,0,0.00,0.00,0.00,12.54
3749,2023-06-06T05:00:00Z,6,2023,1,0.00,0.00,0.00,12.28
3750,2023-06-06T06:00:00Z,6,2023,2,0.00,0.00,0.00,12.02
3751,2023-06-06T07:00:00Z,6,2023,3,0.00,0.00,0.00,11.64
3752,2023-06-06T08:00:00Z,6,2023,4,0.00,0.00,0.00,11.24
3753,2023-06-06T09:00:00Z,6,2023,5,14.50,8.85,17.51,11.05
3754,2023-06-06T10:00:00Z,6,2023,6,106.12,140.61,72.76,11.58
3755,2023-06-06T11:00:00Z,6,2023,7,260.38,325.63,123.59,12.99
3756,2023-06-06T12:00:00Z,6,2023,8,456.23,455.07,168.15,15.45
3757,2023-06-06T13:00:00Z,6,2023,9,643.83,587.95,204.70,17.45
3758,2023-06-06T14:00:00Z,6,2023,10,790.50,685.28,203.89,18.67
3759,2023-06-06T15:00:00Z,6,2023,11,886.80,723.66,207.44,19.35
3760,2023-06-06T16:00:00Z,6,2023,12,750.97,350.59,350.45,19.85
3761,2023-06-06T17:00:00Z,6,2023,13,758.35,393.57,336.62,20.21
3762,2023-06-06T18:00:00Z,6,2023,14,638.38,255.42,353.32,20.20
3763,2023-06-06T19:00:00Z,6,2023,15,425.38,196.15,231.59,19.90
3764,2023-06-06T20:00:00Z,6,2023,16,270.52,93.36,180.09,19.30
3765,2023-06-06T21:00:00Z,6,2023,17,212.82,85.08,163.95,18.34
3766,2023-06-06T22:00:00Z,6,2023,18,113.28,46.88,97.37,17.03
3767,2023-06-06T23:00:00Z,6,2023,19,37.33,11.06,32.98,15.22
3768,2023-06-07T00:00:00Z,6,2023,20,0.00,0.00,0.00,13.77
3769,2023-06-07T01:00:00Z,6,2023,21,0.00,0.00,0.00,13.17
3770,2023-06-07T02:00:00Z,6,2023,22,0.00,0.00,0.00,12.35
3771,2023-06-07T03:00:00Z,6,2023,23,0.00,0.00,0.00,11.80
3772,2023-06-07T04:00:00Z,6,2023,0,0.00,0.00,0.00,11.58
3773,2023-06-07T05:00:00Z,6,2023,1,0.00,0.00,0.00,11.51
3774,2023-06-07T06:00:00Z,6,2023,2,0.00,0.00,0.00,11.32
3775,2023-06-07T07:00:00Z,6,2023,3,0.00,0.00,0.00,11.35
3776,2023-06-07T08:00:00Z,6,2023,4,0.00,0.00,0.00,11.35
3777,2023-06-07T09:00:00Z,6,2023,5,13.32,7.84,16.10,11.23
3778,2023-06-07T10:00:00Z,6,2023,6,91.32,91.44,72.09,11.62
3779,2023-06-07T11:00:00Z,6,2023,7,209.52,206.79,133.32,12.96
3780,2023-06-07T12:00:00Z,6,2023,8,360.10,300.98,185.57,14.74
3781,2023-06-07T13:00:00Z,6,2023,9,416.65,158.57,267.19,16.17
3782,2023-06-07T14:00:00Z,6,2023,10,450.52,84.42,320.38,17.28
3783,2023-06-07T15:00:00Z,6,2023,11,400.33,19.93,318.47,18.17
3784,2023-06-07T16:00:00Z,6,2023,12,371.65,51.19,289.67,18.41
3785,2023-06-07T17:00:00Z,6,2023,13,375.27,29.11,300.41,17.85
3786,2023-06-07T18:00:00Z,6,2023,14,341.27,40.38,269.60,17.27
3787,2023-06-07T19:00:00Z,6,2023,15,281.52,232.87,192.15,16.82
3788,2023-06-07T20:00:00Z,6,2023,16,214.10,71.96,170.38,16.48
3789,2023-06-07T21:00:00Z,6,2023,17,142.85,34.58,115.23,16.06
3790,2023-06-07T22:00:00Z,6,2023,18,93.47,31.74,78.30,15.42
3791,2023-06-07T23:00:00Z,6,2023,19,33.20,3.79,28.88,13.99
3792,2023-06-08T00:00:00Z,6,2023,20,0.00,0.00,0.00,12.55
3793,2023-06-08T01:00:00Z,6,2023,21,0.00,0.00,0.00,12.08
3794,2023-06-08T02:00:00Z,6,2023,22,0.00,0.00,0.00,11.64
3795,2023-06-08T03:00:00Z,6,2023,23,0.00,0.00,0.00,11.30
3796,2023-06-08T04:00:00Z,6,2023,0,0.00,0.00,0.00,11.09
3797,2023-06-08T05:00:00Z,6,2023,1,0.00,0.00,0.00,10.85
3798,2023-06-08T06:00:00Z,6,2023,2,0.00,0.00,0.00,10.46
3799,2023-06-08T07:00:00Z,6,2023,3,0.00,0.00,0.00,10.16
3800,2023-06-08T08:00:00Z,6,2023,4,0.00,0.00,0.00,9.88
3801,2023-06-08T09:00:00Z,6,2023,5,9.10,6.22,10.49,10.00
3802,2023-06-08T10:00:00Z,6,2023,6,51.15,13.33,44.47,11.18
3803,2023-06-08T11:00:00Z,6,2023,7,110.25,10.43,94.76,12.17
3804,2023-06-08T12:00:00Z,6,2023,8,170.25,161.59,114.75,13.23
3805,2023-06-08T13:00:00Z,6,2023,9,219.75,26.58,171.73,14.34
3806,2023-06-08T14:00:00Z,6,2023,10,385.20,7.11,308.68,15.55
3807,2023-06-08T15:00:00Z,6,2023,11,536.40,25.00,427.05,16.45
3808,2023-06-08T16:00:00Z,6,2023,12,584.35,183.61,419.91,17.15
3809,2023-06-08T17:00:00Z,6,2023,13,575.62,199.11,366.14,17.54
3810,2023-06-08T18:00:00Z,6,2023,14,507.23,177.13,319.89,17.88
3811,2023-06-08T19:00:00Z,6,2023,15,353.62,210.41,218.93,17.87
3812,2023-06-08T20:00:00Z,6,2023,16,261.98,93.15,188.19,17.52
3813,2023-06-08T21:00:00Z,6,2023,17,173.73,122.50,114.16,16.88
3814,2023-06-08T22:00:00Z,6,2023,18,101.97,106.35,71.77,16.47
3815,2023-06-08T23:00:00Z,6,2023,19,40.38,56.42,29.61,15.17
3816,2023-06-09T00:00:00Z,6,2023,20,0.00,0.00,0.00,14.41
3817,2023-06-09T01:00:00Z,6,2023,21,0.00,0.00,0.00,13.84
3818,2023-06-09T02:00:00Z,6,2023,22,0.00,0.00,0.00,13.24
3819,2023-06-09T03:00:00Z,6,2023,23,0.00,0.00,0.00,12.67
3820,2023-06-09T04:00:00Z,6,2023,0,0.00,0.00,0.00,12.11
3821,2023-06-09T05:00:00Z,6,2023,1,0.00,0.00,0.00,11.53
3822,2023-06-09T06:00:00Z,6,2023,2,0.00,0.00,0.00,10.86
3823,2023-06-09T07:00:00Z,6,2023,3,0.00,0.00,0.00,10.25
3824,2023-06-09T08:00:00Z,6,2023,4,0.00,0.00,0.00,9.81
3825,2023-06-09T09:00:00Z,6,2023,5,12.98,21.31,14.62,9.83
3826,2023-06-09T10:00:00Z,6,2023,6,76.22,81.40,57.44,11.36
3827,2023-06-09T11:00:00Z,6,2023,7,168.75,96.34,131.92,12.92
3828,2023-06-09T12:00:00Z,6,2023,8,246.02,340.05,164.24,14.76
3829,2023-06-09T13:00:00Z,6,2023,9,413.92,265.80,260.81,16.30
3830,2023-06-09T14:00:00Z,6,2023,10,551.65,50.89,435.47,17.35
3831,2023-06-09T15:00:00Z,6,2023,11,599.97,114.23,393.48,17.64
3832,2023-06-09T16:00:00Z,6,2023,12,632.70,51.04,490.77,17.19
3833,2023-06-09T17:00:00Z,6,2023,13,518.40,158.62,307.73,17.24
3834,2023-06-09T18:00:00Z,6,2023,14,437.52,53.12,310.20,17.20
3835,2023-06-09T19:00:00Z,6,2023,15,168.52,0.84,138.86,16.93
3836,2023-06-09T20:00:00Z,6,2023,16,298.98,49.30,219.51,16.80
3837,2023-06-09T21:00:00Z,6,2023,17,168.52,46.94,131.74,16.82
3838,2023-06-09T22:00:00Z,6,2023,18,108.78,30.22,90.51,15.64
3839,2023-06-09T23:00:00Z,6,2023,19,41.17,16.62,36.01,14.54
3840,2023-06-10T00:00:00Z,6,2023,20,0.00,0.00,0.00,13.96
3841,2023-06-10T01:00:00Z,6,2023,21,0.00,0.00,0.00,13.58
3842,2023-06-10T02:00:00Z,6,2023,22,0.00,0.00,0.00,13.10
3843,2023-06-10T03:00:00Z,6,2023,23,0.00,0.00,0.00,12.55
3844,2023-06-10T04:00:00Z,6,2023,0,0.00,0.00,0.00,11.86
3845,2023-06-10T05:00:00Z,6,2023,1,0.00,0.00,0.00,11.35
3846,2023-06-10T06:00:00Z,6,2023,2,0.00,0.00,0.00,11.06
3847,2023-06-10T07:00:00Z,6,2023,3,0.00,0.00,0.00,10.91
3848,2023-06-10T08:00:00Z,6,2023,4,0.00,0.00,0.00,10.72
3849,2023-06-10T09:00:00Z,6,2023,5,12.23,4.02,13.81,10.59
3850,2023-06-10T10:00:00Z,6,2023,6,81.10,27.03,67.01,11.63
3851,2023-06-10T11:00:00Z,6,2023,7,181.23,43.71,156.53,12.69
3852,2023-06-10T12:00:00Z,6,2023,8,299.08,147.76,205.27,14.00
3853,2023-06-10T13:00:00Z,6,2023,9,441.45,171.08,283.89,15.72
3854,2023-06-10T14:00:00Z,6,2023,10,533.22,227.07,329.70,17.46
3855,2023-06-10T15:00:00Z,6,2023,11,600.05,258.53,336.09,18.44
3856,2023-06-10T16:00:00Z,6,2023,12,672.45,121.44,447.20,19.08
3857,2023-06-10T17:00:00Z,6,2023,13,566.53,252.11,322.68,19.64
3858,2023-06-10T18:00:00Z,6,2023,14,664.42,412.47,287.17,19.86
3859,2023-06-10T19:00:00Z,6,2023,15,588.95,384.51,255.62,19.85
3860,2023-06-10T20:00:00Z,6,2023,16,491.67,448.90,194.52,19.60
3861,2023-06-10T21:00:00Z,6,2023,17,326.90,403.09,138.98,19.31
3862,2023-06-10T22:00:00Z,6,2023,18,188.25,281.90,100.68,18.91
3863,2023-06-10T23:00:00Z,6,2023,19,63.83,115.14,49.10,17.31
3864,2023-06-11T00:00:00Z,6,2023,20,0.00,0.00,0.00,15.96
3865,2023-06-11T01:00:00Z,6,2023,21,0.00,0.00,0.00,14.40
3866,2023-06-11T02:00:00Z,6,2023,22,0.00,0.00,0.00,13.05
3867,2023-06-11T03:00:00Z,6,2023,23,0.00,0.00,0.00,12.62
3868,2023-06-11T04:00:00Z,6,2023,0,0.00,0.00,0.00,12.33
3869,2023-06-11T05:00:00Z,6,2023,1,0.00,0.00,0.00,11.98
3870,2023-06-11T06:00:00Z,6,2023,2,0.00,0.00,0.00,11.68
3871,2023-06-11T07:00:00Z,6,2023,3,0.00,0.00,0.00,11.44
3872,2023-06-11T08:00:00Z,6,2023,4,0.00,0.00,0.00,11.13
3873,2023-06-11T09:00:00Z,6,2023,5,17.48,22.06,19.09,11.29
3874,2023-06-11T10:00:00Z,6,2023,6,127.50,222.52,75.61,13.40
3875,2023-06-11T11:00:00Z,6,2023,7,284.17,366.44,136.85,15.31
3876,2023-06-11T12:00:00Z,6,2023,8,454.48,450.88,196.28,18.62
3877,2023-06-11T13:00:00Z,6,2023,9,638.78,599.80,195.39,21.06
3878,2023-06-11T14:00:00Z,6,2023,10,787.95,724.58,169.61,22.37
3879,2023-06-11T15:00:00Z,6,2023,11,878.00,749.36,180.68,23.53
3880,2023-06-11T16:00:00Z,6,2023,12,905.00,727.69,215.33,24.51
3881,2023-06-11T17:00:00Z,6,2023,13,825.28,444.66,371.58,25.09
3882,2023-06-11T18:00:00Z,6,2023,14,760.58,582.83,382.74,25.23
3883,2023-06-11T19:00:00Z,6,2023,15,588.75,229.83,377.07,25.04
3884,2023-06-11T20:00:00Z,6,2023,16,460.40,202.35,303.49,24.67
3885,2023-06-11T21:00:00Z,6,2023,17,273.17,266.14,164.77,24.20
3886,2023-06-11T22:00:00Z,6,2023,18,159.30,168.83,112.95,22.73
3887,2023-06-11T23:00:00Z,6,2023,19,56.40,53.48,46.92,20.10
3888,2023-06-12T00:00:00Z,6,2023,20,0.00,0.00,0.00,18.35
3889,2023-06-12T01:00:00Z,6,2023,21,0.00,0.00,0.00,17.44
3890,2023-06-12T02:00:00Z,6,2023,22,0.00,0.00,0.00,16.50
3891,2023-06-12T03:00:00Z,6,2023,23,0.00,0.00,0.00,15.84
3892,2023-06-12T04:00:00Z,6,2023,0,0.00,0.00,0.00,15.70
3893,2023-06-12T05:00:00Z,6,2023,1,0.00,0.00,0.00,15.66
3894,2023-06-12T06:00:00Z,6,2023,2,0.00,0.00,0.00,15.52
3895,2023-06-12T07:00:00Z,6,2023,3,0.00,0.00,0.00,15.40
3896,2023-06-12T08:00:00Z,6,2023,4,0.00,0.00,0.00,15.32
3897,2023-06-12T09:00:00Z,6,2023,5,7.00,0.00,7.12,15.09
3898,2023-06-12T10:00:00Z,6,2023,6,56.80,7.43,49.59,15.58
3899,2023-06-12T11:00:00Z,6,2023,7,117.72,12.80,100.97,16.50
3900,2023-06-12T12:00:00Z,6,2023,8,205.30,0.00,178.32,18.63
3901,2023-06-12T13:00:00Z,6,2023,9,314.65,204.58,233.62,21.02
3902,2023-06-12T14:00:00Z,6,2023,10,564.42,269.21,393.80,22.72
3903,2023-06-12T15:00:00Z,6,2023,11,685.53,227.26,440.43,23.78
3904,2023-06-12T16:00:00Z,6,2023,12,767.88,414.15,449.82,24.26
3905,2023-06-12T17:00:00Z,6,2023,13,663.88,145.20,512.25,24.32
3906,2023-06-12T18:00:00Z,6,2023,14,616.30,194.50,395.35,24.22
3907,2023-06-12T19:00:00Z,6,2023,15,521.33,127.59,407.92,23.92
3908,2023-06-12T20:00:00Z,6,2023,16,437.20,196.37,289.84,23.23
3909,2023-06-12T21:00:00Z,6,2023,17,281.30,70.41,221.69,22.26
3910,2023-06-12T22:00:00Z,6,2023,18,152.40,28.00,124.50,21.06
3911,2023-06-12T23:00:00Z,6,2023,19,53.72,5.54,47.94,19.54
3912,2023-06-13T00:00:00Z,6,2023,20,0.00,0.00,0.00,18.04
3913,2023-06-13T01:00:00Z,6,2023,21,0.00,0.00,0.00,17.27
3914,2023-06-13T02:00:00Z,6,2023,22,0.00,0.00,0.00,16.74
3915,2023-06-13T03:00:00Z,6,2023,23,0.00,0.00,0.00,16.36
3916,2023-06-13T04:00:00Z,6,2023,0,0.00,0.00,0.00,16.04
3917,2023-06-13T05:00:00Z,6,2023,1,0.00,0.00,0.00,15.83
3918,2023-06-13T06:00:00Z,6,2023,2,0.00,0.00,0.00,15.72
3919,2023-06-13T07:00:00Z,6,2023,3,0.00,0.00,0.00,15.86
3920,2023-06-13T08:00:00Z,6,2023,4,0.00,0.00,0.00,15.90
3921,2023-06-13T09:00:00Z,6,2023,5,8.50,2.15,9.33,15.81
3922,2023-06-13T10:00:00Z,6,2023,6,46.85,20.75,39.76,16.01
3923,2023-06-13T11:00:00Z,6,2023,7,118.57,74.01,89.87,16.94
3924,2023-06-13T12:00:00Z,6,2023,8,132.07,92.79,83.25,18.49
3925,2023-06-13T13:00:00Z,6,2023,9,195.00,27.80,151.55,20.60
3926,2023-06-13T14:00:00Z,6,2023,10,310.62,39.92,237.84,22.65
3927,2023-06-13T15:00:00Z,6,2023,11,411.35,56.04,297.38,24.10
3928,2023-06-13T16:00:00Z,6,2023,12,560.12,156.13,362.73,24.77
3929,2023-06-13T17:00:00Z,6,2023,13,620.28,328.83,281.35,24.65
3930,2023-06-13T18:00:00Z,6,2023,14,567.80,239.51,333.93,24.43
3931,2023-06-13T19:00:00Z,6,2023,15,503.88,341.98,233.34,23.53
3932,2023-06-13T20:00:00Z,6,2023,16,341.27,355.39,147.08,22.38
3933,2023-06-13T21:00:00Z,6,2023,17,235.12,343.49,96.40,20.87
3934,2023-06-13T22:00:00Z,6,2023,18,124.05,226.56,63.74,19.35
3935,2023-06-13T23:00:00Z,6,2023,19,40.95,101.20,27.53,18.03
3936,2023-06-14T00:00:00Z,6,2023,20,0.00,0.00,0.00,17.03
3937,2023-06-14T01:00:00Z,6,2023,21,0.00,0.00,0.00,16.54
3938,2023-06-14T02:00:00Z,6,2023,22,0.00,0.00,0.00,16.21
3939,2023-06-14T03:00:00Z,6,2023,23,0.00,0.00,0.00,15.92
3940,2023-06-14T04:00:00Z,6,2023,0,0.00,0.00,0.00,15.58
3941,2023-06-14T05:00:00Z,6,2023,1,0.00,0.00,0.00,15.27
3942,2023-06-14T06:00:00Z,6,2023,2,0.00,0.00,0.00,14.54
3943,2023-06-14T07:00:00Z,6,2023,3,0.00,0.00,0.00,13.80
3944,2023-06-14T08:00:00Z,6,2023,4,0.00,0.00,0.00,13.11
3945,2023-06-14T09:00:00Z,6,2023,5,14.15,17.64,16.06,13.08
3946,2023-06-14T10:00:00Z,6,2023,6,102.88,153.49,71.11,14.74
3947,2023-06-14T11:00:00Z,6,2023,7,241.95,304.76,119.28,16.33
3948,2023-06-14T12:00:00Z,6,2023,8,403.92,443.57,157.11,18.75
3949,2023-06-14T13:00:00Z,6,2023,9,615.45,548.60,210.20,21.14
3950,2023-06-14T14:00:00Z,6,2023,10,725.15,497.00,298.79,22.63
3951,2023-06-14T15:00:00Z,6,2023,11,734.70,390.44,365.02,23.29
3952,2023-06-14T16:00:00Z,6,2023,12,755.90,294.49,458.79,23.52
3953,2023-06-14T17:00:00Z,6,2023,13,696.53,320.23,411.74,23.62
3954,2023-06-14T18:00:00Z,6,2023,14,440.40,19.09,348.49,23.24
3955,2023-06-14T19:00:00Z,6,2023,15,421.02,12.60,345.11,22.17
3956,2023-06-14T20:00:00Z,6,2023,16,259.27,2.97,220.33,20.78
3957,2023-06-14T21:00:00Z,6,2023,17,189.07,28.76,156.52,19.57
3958,2023-06-14T22:00:00Z,6,2023,18,119.03,34.21,99.83,18.68
3959,2023-06-14T23:00:00Z,6,2023,19,44.50,17.91,37.88,17.78
3960,2023-06-15T00:00:00Z,6,2023,20,0.00,0.00,0.00,17.14
3961,2023-06-15T01:00:00Z,6,2023,21,0.00,0.00,0.00,16.91
3962,2023-06-15T02:00:00Z,6,2023,22,0.00,0.00,0.00,16.62
3963,2023-06-15T03:00:00Z,6,2023,23,0.00,0.00,0.00,16.08
3964,2023-06-15T04:00:00Z,6,2023,0,0.00,0.00,0.00,15.71
3965,2023-06-15T05:00:00Z,6,2023,1,0.00,0.00,0.00,15.07
3966,2023-06-15T06:00:00Z,6,2023,2,0.00,0.00,0.00,14.52
3967,2023-06-15T07:00:00Z,6,2023,3,0.00,0.00,0.00,14.08
3968,2023-06-15T08:00:00Z,6,2023,4,0.00,0.00,0.00,13.77
3969,2023-06-15T09:00:00Z,6,2023,5,13.57,13.93,15.06,13.65
3970,2023-06-15T10:00:00Z,6,2023,6,86.88,68.87,68.97,14.25
3971,2023-06-15T11:00:00Z,6,2023,7,211.70,162.55,153.99,15.35
3972,2023-06-15T12:00:00Z,6,2023,8,346.85,266.75,202.56,16.95
3973,2023-06-15T13:00:00Z,6,2023,9,440.10,214.33,260.95,19.08
3974,2023-06-15T14:00:00Z,6,2023,10,482.38,158.55,305.80,20.48
3975,2023-06-15T15:00:00Z,6,2023,11,594.72,488.80,227.45,20.99
3976,2023-06-15T16:00:00Z,6,2023,12,750.60,396.06,341.37,21.09
3977,2023-06-15T17:00:00Z,6,2023,13,654.75,587.79,170.90,21.99
3978,2023-06-15T18:00:00Z,6,2023,14,731.38,519.72,271.78,22.83
3979,2023-06-15T19:00:00Z,6,2023,15,584.92,439.79,226.68,23.17
3980,2023-06-15T20:00:00Z,6,2023,16,532.95,536.70,182.98,23.33
3981,2023-06-15T21:00:00Z,6,2023,17,354.20,450.12,138.00,23.22
3982,2023-06-15T22:00:00Z,6,2023,18,196.00,300.84,94.17,22.69
3983,2023-06-15T23:00:00Z,6,2023,19,68.75,138.92,47.88,20.49
3984,2023-06-16T00:00:00Z,6,2023,20,0.00,0.00,0.00,18.11
3985,2023-06-16T01:00:00Z,6,2023,21,0.00,0.00,0.00,17.57
3986,2023-06-16T02:00:00Z,6,2023,22,0.00,0.00,0.00,17.47
3987,2023-06-16T03:00:00Z,6,2023,23,0.00,0.00,0.00,17.15
3988,2023-06-16T04:00:00Z,6,2023,0,0.00,0.00,0.00,16.79
3989,2023-06-16T05:00:00Z,6,2023,1,0.00,0.00,0.00,16.32
3990,2023-06-16T06:00:00Z,6,2023,2,0.00,0.00,0.00,15.96
3991,2023-06-16T07:00:00Z,6,2023,3,0.00,0.00,0.00,15.65
3992,2023-06-16T08:00:00Z,6,2023,4,0.00,0.00,0.00,15.34
3993,2023-06-16T09:00:00Z,6,2023,5,16.65,11.07,18.54,15.37
3994,2023-06-16T10:00:00Z,6,2023,6,110.62,137.46,80.46,16.65
3995,2023-06-16T11:00:00Z,6,2023,7,235.43,241.19,135.29,18.50
3996,2023-06-16T12:00:00Z,6,2023,8,387.70,273.84,205.63,21.47
3997,2023-06-16T13:00:00Z,6,2023,9,588.75,455.95,230.60,23.24
3998,2023-06-16T14:00:00Z,6,2023,10,732.35,573.97,231.96,24.23
3999,2023-06-16T15:00:00Z,6,2023,11,779.28,472.06,305.82,24.80
4000,2023-06-16T16:00:00Z,6,2023,12,697.20,433.43,249.59,25.09
4001,2023-06-16T17:00:00Z,6,2023,13,678.17,465.77,238.49,25.15
4002,2023-06-16T18:00:00Z,6,2023,14,404.40,48.77,286.75,25.25
4003,2023-06-16T19:00:00Z,6,2023,15,423.30,90.55,289.43,25.18
4004,2023-06-16T20:00:00Z,6,2023,16,283.00,0.28,240.98,24.79
4005,2023-06-16T21:00:00Z,6,2023,17,197.52,1.43,169.32,23.27
4006,2023-06-16T22:00:00Z,6,2023,18,112.90,0.48,98.40,22.20
4007,2023-06-16T23:00:00Z,6,2023,19,36.17,0.00,31.69,20.86
4008,2023-06-17T00:00:00Z,6,2023,20,0.00,0.00,0.00,19.87
4009,2023-06-17T01:00:00Z,6,2023,21,0.00,0.00,0.00,18.77
4010,2023-06-17T02:00:00Z,6,2023,22,0.00,0.00,0.00,17.96
4011,2023-06-17T03:00:00Z,6,2023,23,0.00,0.00,0.00,17.29
4012,2023-06-17T04:00:00Z,6,2023,0,0.00,0.00,0.00,16.94
4013,2023-06-17T05:00:00Z,6,2023,1,0.00,0.00,0.00,16.81
4014,2023-06-17T06:00:00Z,6,2023,2,0.00,0.00,0.00,16.45
4015,2023-06-17T07:00:00Z,6,2023,3,0.00,0.00,0.00,16.04
4016,2023-06-17T08:00:00Z,6,2023,4,0.00,0.00,0.00,15.75
4017,2023-06-17T09:00:00Z,6,2023,5,7.20,0.00,7.33,15.66
4018,2023-06-17T10:00:00Z,6,2023,6,42.83,0.46,37.73,16.14
4019,2023-06-17T11:00:00Z,6,2023,7,92.28,1.20,80.27,16.79
4020,2023-06-17T12:00:00Z,6,2023,8,169.45,2.84,146.76,17.94
4021,2023-06-17T13:00:00Z,6,2023,9,208.98,3.66,174.86,18.64
4022,2023-06-17T14:00:00Z,6,2023,10,313.12,8.48,250.47,18.97
4023,2023-06-17T15:00:00Z,6,2023,11,323.62,6.22,259.37,18.94
4024,2023-06-17T16:00:00Z,6,2023,12,173.15,1.41,139.14,18.16
4025,2023-06-17T17:00:00Z,6,2023,13,219.50,19.92,169.77,17.39
4026,2023-06-17T18:00:00Z,6,2023,14,110.30,0.34,88.05,17.04
4027,2023-06-17T19:00:00Z,6,2023,15,70.03,8.66,56.25,16.73
4028,2023-06-17T20:00:00Z,6,2023,16,54.95,0.56,46.73,16.38
4029,2023-06-17T21:00:00Z,6,2023,17,44.30,0.26,36.75,15.95
4030,2023-06-17T22:00:00Z,6,2023,18,30.77,0.24,26.81,15.38
4031,2023-06-17T23:00:00Z,6,2023,19,20.17,0.00,17.68,14.89
4032,2023-06-18T00:00:00Z,6,2023,20,0.00,0.00,0.00,14.56
4033,2023-06-18T01:00:00Z,6,2023,21,0.00,0.00,0.00,14.44
4034,2023-06-18T02:00:00Z,6,2023,22,0.00,0.00,0.00,14.31
4035,2023-06-18T03:00:00Z,6,2023,23,0.00,0.00,0.00,14.26
4036,2023-06-18T04:00:00Z,6,2023,0,0.00,0.00,0.00,14.21
4037,2023-06-18T05:00:00Z,6,2023,1,0.00,0.00,0.00,14.15
4038,2023-06-18T06:00:00Z,6,2023,2,0.00,0.00,0.00,14.09
4039,2023-06-18T07:00:00Z,6,2023,3,0.00,0.00,0.00,13.92
4040,2023-06-18T08:00:00Z,6,2023,4,0.00,0.00,0.00,13.72
4041,2023-06-18T09:00:00Z,6,2023,5,14.77,6.54,17.75,13.69
4042,2023-06-18T10:00:00Z,6,2023,6,106.82,104.13,81.44,14.14
4043,2023-06-18T11:00:00Z,6,2023,7,212.07,219.49,132.34,14.74
4044,2023-06-18T12:00:00Z,6,2023,8,374.70,290.00,198.38,15.70
4045,2023-06-18T13:00:00Z,6,2023,9,356.70,74.42,262.27,17.35
4046,2023-06-18T14:00:00Z,6,2023,10,396.95,50.28,304.09,18.96
4047,2023-06-18T15:00:00Z,6,2023,11,506.20,14.50,404.75,19.71
4048,2023-06-18T16:00:00Z,6,2023,12,545.53,183.49,345.78,19.83
4049,2023-06-18T17:00:00Z,6,2023,13,613.58,231.91,397.76,20.02
4050,2023-06-18T18:00:00Z,6,2023,14,530.97,185.72,310.61,20.24
4051,2023-06-18T19:00:00Z,6,2023,15,502.00,209.20,303.58,20.34
4052,2023-06-18T20:00:00Z,6,2023,16,440.90,361.28,204.17,20.13
4053,2023-06-18T21:00:00Z,6,2023,17,301.80,330.19,147.10,19.91
4054,2023-06-18T22:00:00Z,6,2023,18,172.18,255.76,97.52,19.48
4055,2023-06-18T23:00:00Z,6,2023,19,66.00,126.92,46.62,18.33
4056,2023-06-19T00:00:00Z,6,2023,20,0.00,0.00,0.00,16.64
4057,2023-06-19T01:00:00Z,6,2023,21,0.00,0.00,0.00,15.75
4058,2023-06-19T02:00:00Z,6,2023,22,0.00,0.00,0.00,15.01
4059,2023-06-19T03:00:00Z,6,2023,23,0.00,0.00,0.00,14.38
4060,2023-06-19T04:00:00Z,6,2023,0,0.00,0.00,0.00,13.84
4061,2023-06-19T05:00:00Z,6,2023,1,0.00,0.00,0.00,13.35
4062,2023-06-19T06:00:00Z,6,2023,2,0.00,0.00,0.00,12.94
4063,2023-06-19T07:00:00Z,6,2023,3,0.00,0.00,0.00,12.71
4064,2023-06-19T08:00:00Z,6,2023,4,0.00,0.00,0.00,12.47
4065,2023-06-19T09:00:00Z,6,2023,5,17.42,21.57,18.47,12.68
4066,2023-06-19T10:00:00Z,6,2023,6,111.75,155.59,71.72,14.25
4067,2023-06-19T11:00:00Z,6,2023,7,225.38,230.57,137.11,16.00
4068,2023-06-19T12:00:00Z,6,2023,8,352.75,278.68,184.82,17.61
4069,2023-06-19T13:00:00Z,6,2023,9,416.60,113.44,283.00,18.73
4070,2023-06-19T14:00:00Z,6,2023,10,416.25,67.02,298.45,19.55
4071,2023-06-19T15:00:00Z,6,2023,11,466.05,68.89,335.59,20.14
4072,2023-06-19T16:00:00Z,6,2023,12,492.00,19.12,392.59,20.57
4073,2023-06-19T17:00:00Z,6,2023,13,378.15,30.47,293.42,20.77
4074,2023-06-19T18:00:00Z,6,2023,14,347.33,12.27,275.32,20.67
4075,2023-06-19T19:00:00Z,6,2023,15,421.55,158.24,261.88,20.71
4076,2023-06-19T20:00:00Z,6,2023,16,442.00,426.35,179.65,20.53
4077,2023-06-19T21:00:00Z,6,2023,17,304.02,455.15,104.51,20.07
4078,2023-06-19T22:00:00Z,6,2023,18,185.57,312.12,86.29,19.29
4079,2023-06-19T23:00:00Z,6,2023,19,69.05,183.06,41.25,17.82
4080,2023-06-20T00:00:00Z,6,2023,20,3.10,6.74,4.59,15.97
4081,2023-06-20T01:00:00Z,6,2023,21,0.00,0.00,0.00,15.22
4082,2023-06-20T02:00:00Z,6,2023,22,0.00,0.00,0.00,14.83
4083,2023-06-20T03:00:00Z,6,2023,23,0.00,0.00,0.00,14.52
4084,2023-06-20T04:00:00Z,6,2023,0,0.00,0.00,0.00,14.12
4085,2023-06-20T05:00:00Z,6,2023,1,0.00,0.00,0.00,13.89
4086,2023-06-20T06:00:00Z,6,2023,2,0.00,0.00,0.00,13.74
4087,2023-06-20T07:00:00Z,6,2023,3,0.00,0.00,0.00,13.47
4088,2023-06-20T08:00:00Z,6,2023,4,0.00,0.00,0.00,13.21
4089,2023-06-20T09:00:00Z,6,2023,5,10.27,19.73,10.31,13.47
4090,2023-06-20T10:00:00Z,6,2023,6,68.10,155.87,52.61,14.87
4091,2023-06-20T11:00:00Z,6,2023,7,148.10,218.50,101.34,16.31
4092,2023-06-20T12:00:00Z,6,2023,8,236.27,63.48,188.20,18.01
4093,2023-06-20T13:00:00Z,6,2023,9,421.98,174.09,273.43,19.49
4094,2023-06-20T14:00:00Z,6,2023,10,579.70,185.43,354.81,20.72
4095,2023-06-20T15:00:00Z,6,2023,11,543.00,86.63,372.84,21.58
4096,2023-06-20T16:00:00Z,6,2023,12,436.73,57.04,293.08,21.58
4097,2023-06-20T17:00:00Z,6,2023,13,471.23,121.12,301.27,20.92
4098,2023-06-20T18:00:00Z,6,2023,14,514.65,209.71,307.74,20.65
4099,2023-06-20T19:00:00Z,6,2023,15,497.27,251.92,284.35,20.52
4100,2023-06-20T20:00:00Z,6,2023,16,408.23,333.18,187.68,20.11
4101,2023-06-20T21:00:00Z,6,2023,17,264.73,327.69,116.27,19.56
4102,2023-06-20T22:00:00Z,6,2023,18,146.80,214.54,79.22,18.77
4103,2023-06-20T23:00:00Z,6,2023,19,50.75,84.61,37.14,17.49
4104,2023-06-21T00:00:00Z,6,2023,20,2.58,3.39,4.14,15.85
4105,2023-06-21T01:00:00Z,6,2023,21,0.00,0.00,0.00,14.88
4106,2023-06-21T02:00:00Z,6,2023,22,0.00,0.00,0.00,14.00
4107,2023-06-21T03:00:00Z,6,2023,23,0.00,0.00,0.00,13.33
4108,2023-06-21T04:00:00Z,6,2023,0,0.00,0.00,0.00,12.88
4109,2023-06-21T05:00:00Z,6,2023,1,0.00,0.00,0.00,12.62
4110,2023-06-21T06:00:00Z,6,2023,2,0.00,0.00,0.00,12.34
4111,2023-06-21T07:00:00Z,6,2023,3,0.00,0.00,0.00,11.93
4112,2023-06-21T08:00:00Z,6,2023,4,0.00,0.00,0.00,11.52
4113,2023-06-21T09:00:00Z,6,2023,5,13.45,29.91,14.52,11.61
4114,2023-06-21T10:00:00Z,6,2023,6,86.18,196.30,50.36,13.98
4115,2023-06-21T11:00:00Z,6,2023,7,185.93,313.08,85.61,15.42
4116,2023-06-21T12:00:00Z,6,2023,8,303.27,243.91,177.82,17.24
4117,2023-06-21T13:00:00Z,6,2023,9,435.33,261.29,244.51,18.80
4118,2023-06-21T14:00:00Z,6,2023,10,560.40,276.02,333.41,19.93
4119,2023-06-21T15:00:00Z,6,2023,11,620.92,193.52,394.15,20.72
4120,2023-06-21T16:00:00Z,6,2023,12,638.42,154.84,413.64,21.23
4121,2023-06-21T17:00:00Z,6,2023,13,714.58,277.93,397.58,21.42
4122,2023-06-21T18:00:00Z,6,2023,14,745.28,370.63,395.22,21.39
4123,2023-06-21T19:00:00Z,6,2023,15,593.30,376.14,283.15,21.06
4124,2023-06-21T20:00:00Z,6,2023,16,492.52,457.68,195.45,20.51
4125,2023-06-21T21:00:00Z,6,2023,17,339.27,441.03,120.46,19.73
4126,2023-06-21T22:00:00Z,6,2023,18,205.10,404.71,79.32,18.63
4127,2023-06-21T23:00:00Z,6,2023,19,75.47,204.78,41.28,16.73
4128,2023-06-22T00:00:00Z,6,2023,20,3.40,8.97,4.76,14.06
4129,2023-06-22T01:00:00Z,6,2023,21,0.00,0.00,0.00,12.95
4130,2023-06-22T02:00:00Z,6,2023,22,0.00,0.00,0.00,12.11
4131,2023-06-22T03:00:00Z,6,2023,23,0.00,0.00,0.00,11.55
4132,2023-06-22T04:00:00Z,6,2023,0,0.00,0.00,0.00,11.48
4133,2023-06-22T05:00:00Z,6,2023,1,0.00,0.00,0.00,11.72
4134,2023-06-22T06:00:00Z,6,2023,2,0.00,0.00,0.00,11.79
4135,2023-06-22T07:00:00Z,6,2023,3,0.00,0.00,0.00,11.48
4136,2023-06-22T08:00:00Z,6,2023,4,0.00,0.00,0.00,10.92
4137,2023-06-22T09:00:00Z,6,2023,5,15.77,35.72,16.51,10.87
4138,2023-06-22T10:00:00Z,6,2023,6,115.80,210.07,73.12,13.73
4139,2023-06-22T11:00:00Z,6,2023,7,241.70,292.21,140.41,15.57
4140,2023-06-22T12:00:00Z,6,2023,8,378.58,394.38,199.65,17.07
4141,2023-06-22T13:00:00Z,6,2023,9,640.90,722.33,152.92,18.46
4142,2023-06-22T14:00:00Z,6,2023,10,802.88,743.76,207.45,19.61
4143,2023-06-22T15:00:00Z,6,2023,11,906.03,850.37,149.61,20.49
4144,2023-06-22T16:00:00Z,6,2023,12,925.30,854.30,130.41,21.11
4145,2023-06-22T17:00:00Z,6,2023,13,947.80,879.22,127.81,21.48
4146,2023-06-22T18:00:00Z,6,2023,14,882.03,916.47,98.16,21.64
4147,2023-06-22T19:00:00Z,6,2023,15,774.45,879.55,88.72,21.54
4148,2023-06-22T20:00:00Z,6,2023,16,622.60,826.23,88.11,21.09
4149,2023-06-22T21:00:00Z,6,2023,17,438.58,711.05,97.29,20.29
4150,2023-06-22T22:00:00Z,6,2023,18,252.62,540.64,88.45,19.09
4151,2023-06-22T23:00:00Z,6,2023,19,85.00,241.67,51.09,17.26
4152,2023-06-23T00:00:00Z,6,2023,20,3.60,11.10,5.13,15.04
4153,2023-06-23T01:00:00Z,6,2023,21,0.00,0.00,0.00,14.17
4154,2023-06-23T02:00:00Z,6,2023,22,0.00,0.00,0.00,13.58
4155,2023-06-23T03:00:00Z,6,2023,23,0.00,0.00,0.00,13.27
4156,2023-06-23T04:00:00Z,6,2023,0,0.00,0.00,0.00,13.15
4157,2023-06-23T05:00:00Z,6,2023,1,0.00,0.00,0.00,13.03
4158,2023-06-23T06:00:00Z,6,2023,2,0.00,0.00,0.00,13.01
4159,2023-06-23T07:00:00Z,6,2023,3,0.00,0.00,0.00,13.00
4160,2023-06-23T08:00:00Z,6,2023,4,0.00,0.00,0.00,12.99
4161,2023-06-23T09:00:00Z,6,2023,5,18.15,65.66,17.28,13.47
4162,2023-06-23T10:00:00Z,6,2023,6,127.40,320.12,60.92,15.15
4163,2023-06-23T11:00:00Z,6,2023,7,275.05,492.87,89.91,16.88
4164,2023-06-23T12:00:00Z,6,2023,8,428.38,570.81,115.35,18.80
4165,2023-06-23T13:00:00Z,6,2023,9,566.33,573.86,163.58,20.40
4166,2023-06-23T14:00:00Z,6,2023,10,676.25,681.19,142.61,21.76
4167,2023-06-23T15:00:00Z,6,2023,11,689.78,470.04,248.64,23.14
4168,2023-06-23T16:00:00Z,6,2023,12,642.15,231.97,370.17,24.38
4169,2023-06-23T17:00:00Z,6,2023,13,643.90,131.44,428.15,25.20
4170,2023-06-23T18:00:00Z,6,2023,14,536.35,440.62,179.66,25.68
4171,2023-06-23T19:00:00Z,6,2023,15,445.70,108.72,300.65,25.63
4172,2023-06-23T20:00:00Z,6,2023,16,358.52,126.02,249.59,25.36
4173,2023-06-23T21:00:00Z,6,2023,17,218.85,261.30,126.14,25.03
4174,2023-06-23T22:00:00Z,6,2023,18,124.45,154.87,83.93,24.31
4175,2023-06-23T23:00:00Z,6,2023,19,50.50,67.17,39.53,22.72
4176,2023-06-24T00:00:00Z,6,2023,20,2.62,3.58,3.69,20.99
4177,2023-06-24T01:00:00Z,6,2023,21,0.00,0.00,0.00,20.38
4178,2023-06-24T02:00:00Z,6,2023,22,0.00,0.00,0.00,19.71
4179,2023-06-24T03:00:00Z,6,2023,23,0.00,0.00,0.00,19.17
4180,2023-06-24T04:00:00Z,6,2023,0,0.00,0.00,0.00,18.66
4181,2023-06-24T05:00:00Z,6,2023,1,0.00,0.00,0.00,18.25
4182,2023-06-24T06:00:00Z,6,2023,2,0.00,0.00,0.00,17.88
4183,2023-06-24T07:00:00Z,6,2023,3,0.00,0.00,0.00,17.73
4184,2023-06-24T08:00:00Z,6,2023,4,0.00,0.00,0.00,17.77
4185,2023-06-24T09:00:00Z,6,2023,5,8.12,0.00,8.36,17.93
4186,2023-06-24T10:00:00Z,6,2023,6,47.90,0.00,42.25,18.43
4187,2023-06-24T11:00:00Z,6,2023,7,108.57,0.00,94.63,19.01
4188,2023-06-24T12:00:00Z,6,2023,8,145.75,0.00,127.57,19.72
4189,2023-06-24T13:00:00Z,6,2023,9,180.40,0.00,151.42,20.69
4190,2023-06-24T14:00:00Z,6,2023,10,249.12,0.00,200.36,21.44
4191,2023-06-24T15:00:00Z,6,2023,11,288.88,0.00,232.58,21.59
4192,2023-06-24T16:00:00Z,6,2023,12,426.52,3.59,342.73,21.76
4193,2023-06-24T17:00:00Z,6,2023,13,421.80,37.58,326.39,22.74
4194,2023-06-24T18:00:00Z,6,2023,14,412.83,156.17,246.56,24.02
4195,2023-06-24T19:00:00Z,6,2023,15,358.67,169.32,215.11,24.09
4196,2023-06-24T20:00:00Z,6,2023,16,317.42,208.58,167.99,23.57
4197,2023-06-24T21:00:00Z,6,2023,17,210.32,141.13,145.62,23.37
4198,2023-06-24T22:00:00Z,6,2023,18,110.55,89.22,81.79,23.13
4199,2023-06-24T23:00:00Z,6,2023,19,39.38,37.14,33.49,22.30
4200,2023-06-25T00:00:00Z,6,2023,20,2.58,1.49,3.93,21.27
4201,2023-06-25T01:00:00Z,6,2023,21,0.00,0.00,0.00,20.87
4202,2023-06-25T02:00:00Z,6,2023,22,0.00,0.00,0.00,20.48
4203,2023-06-25T03:00:00Z,6,2023,23,0.00,0.00,0.00,20.10
4204,2023-06-25T04:00:00Z,6,2023,0,0.00,0.00,0.00,19.74
4205,2023-06-25T05:00:00Z,6,2023,1,0.00,0.00,0.00,19.43
4206,2023-06-25T06:00:00Z,6,2023,2,0.00,0.00,0.00,19.16
4207,2023-06-25T07:00:00Z,6,2023,3,0.00,0.00,0.00,18.92
4208,2023-06-25T08:00:00Z,6,2023,4,0.00,0.00,0.00,18.69
4209,2023-06-25T09:00:00Z,6,2023,5,12.85,16.48,14.71,18.60
4210,2023-06-25T10:00:00Z,6,2023,6,108.78,172.99,66.25,19.38
4211,2023-06-25T11:00:00Z,6,2023,7,264.25,380.81,118.00,21.07
4212,2023-06-25T12:00:00Z,6,2023,8,463.73,553.40,144.41,23.45
4213,2023-06-25T13:00:00Z,6,2023,9,633.50,648.50,162.38,25.40
4214,2023-06-25T14:00:00Z,6,2023,10,681.22,616.84,174.17,26.76
4215,2023-06-25T15:00:00Z,6,2023,11,763.45,598.51,210.00,27.81
4216,2023-06-25T16:00:00Z,6,2023,12,728.38,344.90,351.62,28.50
4217,2023-06-25T17:00:00Z,6,2023,13,654.50,593.36,166.79,28.62
4218,2023-06-25T18:00:00Z,6,2023,14,643.50,293.44,352.61,28.48
4219,2023-06-25T19:00:00Z,6,2023,15,530.50,383.42,231.16,28.06
4220,2023-06-25T20:00:00Z,6,2023,16,418.88,323.33,199.16,27.90
4221,2023-06-25T21:00:00Z,6,2023,17,288.30,281.45,149.71,27.93
4222,2023-06-25T22:00:00Z,6,2023,18,161.23,220.51,101.96,26.34
4223,2023-06-25T23:00:00Z,6,2023,19,57.22,93.92,42.85,24.43
4224,2023-06-26T00:00:00Z,6,2023,20,3.00,3.27,4.81,22.50
4225,2023-06-26T01:00:00Z,6,2023,21,0.00,0.00,0.00,21.94
4226,2023-06-26T02:00:00Z,6,2023,22,0.00,0.00,0.00,21.20
4227,2023-06-26T03:00:00Z,6,2023,23,0.00,0.00,0.00,20.49
4228,2023-06-26T04:00:00Z,6,2023,0,0.00,0.00,0.00,19.90
4229,2023-06-26T05:00:00Z,6,2023,1,0.00,0.00,0.00,19.29
4230,2023-06-26T06:00:00Z,6,2023,2,0.00,0.00,0.00,18.82
4231,2023-06-26T07:00:00Z,6,2023,3,0.00,0.00,0.00,18.39
4232,2023-06-26T08:00:00Z,6,2023,4,0.00,0.00,0.00,18.10
4233,2023-06-26T09:00:00Z,6,2023,5,9.25,8.11,10.67,18.26
4234,2023-06-26T10:00:00Z,6,2023,6,47.88,48.68,36.39,19.35
4235,2023-06-26T11:00:00Z,6,2023,7,104.57,92.22,72.00,21.01
4236,2023-06-26T12:00:00Z,6,2023,8,175.25,175.32,93.66,22.96
4237,2023-06-26T13:00:00Z,6,2023,9,253.20,77.24,176.76,24.50
4238,2023-06-26T14:00:00Z,6,2023,10,385.48,124.60,240.07,25.50
4239,2023-06-26T15:00:00Z,6,2023,11,463.27,166.00,309.73,26.08
4240,2023-06-26T16:00:00Z,6,2023,12,505.40,12.18,404.64,26.37
4241,2023-06-26T17:00:00Z,6,2023,13,580.33,93.07,394.01,26.17
4242,2023-06-26T18:00:00Z,6,2023,14,374.02,1.49,298.52,25.78
4243,2023-06-26T19:00:00Z,6,2023,15,278.65,0.37,229.80,25.16
4244,2023-06-26T20:00:00Z,6,2023,16,167.35,0.14,141.26,24.20
4245,2023-06-26T21:00:00Z,6,2023,17,121.38,0.00,100.80,23.16
4246,2023-06-26T22:00:00Z,6,2023,18,48.05,0.00,42.02,22.14
4247,2023-06-26T23:00:00Z,6,2023,19,19.98,0.00,17.43,21.38
4248,2023-06-27T00:00:00Z,6,2023,20,2.03,0.00,2.32,20.90
4249,2023-06-27T01:00:00Z,6,2023,21,0.00,0.00,0.00,20.62
4250,2023-06-27T02:00:00Z,6,2023,22,0.00,0.00,0.00,20.38
4251,2023-06-27T03:00:00Z,6,2023,23,0.00,0.00,0.00,20.23
4252,2023-06-27T04:00:00Z,6,2023,0,0.00,0.00,0.00,20.18
4253,2023-06-27T05:00:00Z,6,2023,1,0.00,0.00,0.00,20.14
4254,2023-06-27T06:00:00Z,6,2023,2,0.00,0.00,0.00,20.10
4255,2023-06-27T07:00:00Z,6,2023,3,0.00,0.00,0.00,20.06
4256,2023-06-27T08:00:00Z,6,2023,4,0.00,0.00,0.00,20.02
4257,2023-06-27T09:00:00Z,6,2023,5,4.70,0.00,4.84,20.07
4258,2023-06-27T10:00:00Z,6,2023,6,35.42,11.84,30.67,20.22
4259,2023-06-27T11:00:00Z,6,2023,7,101.38,53.33,83.09,20.74
4260,2023-06-27T12:00:00Z,6,2023,8,176.82,150.76,133.19,21.63
4261,2023-06-27T13:00:00Z,6,2023,9,375.52,151.08,292.88,22.63
4262,2023-06-27T14:00:00Z,6,2023,10,354.15,17.04,282.12,23.32
4263,2023-06-27T15:00:00Z,6,2023,11,305.10,0.00,245.64,23.49
4264,2023-06-27T16:00:00Z,6,2023,12,527.28,75.24,352.53,23.91
4265,2023-06-27T17:00:00Z,6,2023,13,453.62,13.14,362.39,23.93
4266,2023-06-27T18:00:00Z,6,2023,14,541.95,112.24,405.79,23.64
4267,2023-06-27T19:00:00Z,6,2023,15,512.97,191.12,316.23,23.31
4268,2023-06-27T20:00:00Z,6,2023,16,403.88,223.35,239.59,23.23
4269,2023-06-27T21:00:00Z,6,2023,17,260.55,121.48,197.18,23.15
4270,2023-06-27T22:00:00Z,6,2023,18,128.85,82.33,99.12,22.68
4271,2023-06-27T23:00:00Z,6,2023,19,45.42,23.05,38.68,21.95
4272,2023-06-28T00:00:00Z,6,2023,20,1.98,0.00,2.74,21.11
4273,2023-06-28T01:00:00Z,6,2023,21,0.00,0.00,0.00,20.54
4274,2023-06-28T02:00:00Z,6,2023,22,0.00,0.00,0.00,20.13
4275,2023-06-28T03:00:00Z,6,2023,23,0.00,0.00,0.00,19.72
4276,2023-06-28T04:00:00Z,6,2023,0,0.00,0.00,0.00,19.39
4277,2023-06-28T05:00:00Z,6,2023,1,0.00,0.00,0.00,19.14
4278,2023-06-28T06:00:00Z,6,2023,2,0.00,0.00,0.00,18.87
4279,2023-06-28T07:00:00Z,6,2023,3,0.00,0.00,0.00,18.79
4280,2023-06-28T08:00:00Z,6,2023,4,0.00,0.00,0.00,18.81
4281,2023-06-28T09:00:00Z,6,2023,5,10.98,6.43,12.67,19.18
4282,2023-06-28T10:00:00Z,6,2023,6,68.97,15.05,59.91,19.87
4283,2023-06-28T11:00:00Z,6,2023,7,143.65,8.67,124.85,20.28
4284,2023-06-28T12:00:00Z,6,2023,8,197.88,0.00,173.19,20.64
4285,2023-06-28T13:00:00Z,6,2023,9,281.08,25.59,232.15,21.06
4286,2023-06-28T14:00:00Z,6,2023,10,248.23,18.94,196.60,21.49
4287,2023-06-28T15:00:00Z,6,2023,11,333.62,0.83,268.47,21.86
4288,2023-06-28T16:00:00Z,6,2023,12,397.05,62.98,307.94,22.16
4289,2023-06-28T17:00:00Z,6,2023,13,448.23,16.54,357.46,22.51
4290,2023-06-28T18:00:00Z,6,2023,14,451.45,49.51,321.40,22.82
4291,2023-06-28T19:00:00Z,6,2023,15,381.08,19.57,311.09,22.85
4292,2023-06-28T20:00:00Z,6,2023,16,295.52,42.13,224.53,22.58
4293,2023-06-28T21:00:00Z,6,2023,17,195.27,18.41,163.65,22.30
4294,2023-06-28T22:00:00Z,6,2023,18,117.80,11.30,103.58,21.99
4295,2023-06-28T23:00:00Z,6,2023,19,45.28,6.25,40.03,21.45
4296,2023-06-29T00:00:00Z,6,2023,20,2.20,0.00,2.52,20.93
4297,2023-06-29T01:00:00Z,6,2023,21,0.00,0.00,0.00,20.69
4298,2023-06-29T02:00:00Z,6,2023,22,0.00,0.00,0.00,20.40
4299,2023-06-29T03:00:00Z,6,2023,23,0.00,0.00,0.00,20.09
4300,2023-06-29T04:00:00Z,6,2023,0,0.00,0.00,0.00,19.83
4301,2023-06-29T05:00:00Z,6,2023,1,0.00,0.00,0.00,19.49
4302,2023-06-29T06:00:00Z,6,2023,2,0.00,0.00,0.00,19.05
4303,2023-06-29T07:00:00Z,6,2023,3,0.00,0.00,0.00,18.61
4304,2023-06-29T08:00:00Z,6,2023,4,0.00,0.00,0.00,18.11
4305,2023-06-29T09:00:00Z,6,2023,5,12.93,11.58,14.89,17.89
4306,2023-06-29T10:00:00Z,6,2023,6,91.12,102.78,67.76,18.28
4307,2023-06-29T11:00:00Z,6,2023,7,196.75,195.97,120.83,19.76
4308,2023-06-29T12:00:00Z,6,2023,8,336.55,223.72,205.39,22.33
4309,2023-06-29T13:00:00Z,6,2023,9,541.03,399.86,234.18,22.79
4310,2023-06-29T14:00:00Z,6,2023,10,719.30,620.33,203.05,24.29
4311,2023-06-29T15:00:00Z,6,2023,11,753.95,530.90,246.16,25.40
4312,2023-06-29T16:00:00Z,6,2023,12,738.28,359.43,358.33,25.91
4313,2023-06-29T17:00:00Z,6,2023,13,686.12,356.58,315.67,26.07
4314,2023-06-29T18:00:00Z,6,2023,14,636.47,326.07,328.89,26.30
4315,2023-06-29T19:00:00Z,6,2023,15,550.10,390.89,240.26,25.83
4316,2023-06-29T20:00:00Z,6,2023,16,458.25,431.03,179.67,25.66
4317,2023-06-29T21:00:00Z,6,2023,17,324.17,344.70,148.60,25.30
4318,2023-06-29T22:00:00Z,6,2023,18,186.73,288.54,94.86,25.14
4319,2023-06-29T23:00:00Z,6,2023,19,67.12,140.92,44.35,23.04
4320,2023-06-30T00:00:00Z,6,2023,20,3.15,3.57,4.82,21.08
4321,2023-06-30T01:00:00Z,6,2023,21,0.00,0.00,0.00,20.17
4322,2023-06-30T02:00:00Z,6,2023,22,0.00,0.00,0.00,19.57
4323,2023-06-30T03:00:00Z,6,2023,23,0.00,0.00,0.00,18.99
4324,2023-06-30T04:00:00Z,6,2023,0,0.00,0.00,0.00,18.54
4325,2023-06-30T05:00:00Z,6,2023,1,0.00,0.00,0.00,18.18
4326,2023-06-30T06:00:00Z,6,2023,2,0.00,0.00,0.00,17.89
4327,2023-06-30T07:00:00Z,6,2023,3,0.00,0.00,0.00,17.69
4328,2023-06-30T08:00:00Z,6,2023,4,0.00,0.00,0.00,17.59
4329,2023-06-30T09:00:00Z,6,2023,5,14.43,18.14,13.80,17.67
4330,2023-06-30T10:00:00Z,6,2023,6,123.53,238.50,69.53,18.74
4331,2023-06-30T11:00:00Z,6,2023,7,279.73,390.71,119.19,20.35
4332,2023-06-30T12:00:00Z,6,2023,8,455.30,505.15,163.81,22.50
4333,2023-06-30T13:00:00Z,6,2023,9,603.95,546.93,204.42,24.09
4334,2023-06-30T14:00:00Z,6,2023,10,679.10,537.44,218.29,25.35
4335,2023-06-30T15:00:00Z,6,2023,11,666.55,372.06,274.86,26.16
4336,2023-06-30T16:00:00Z,6,2023,12,709.62,449.90,272.73,26.30
4337,2023-06-30T17:00:00Z,6,2023,13,714.70,596.08,205.58,26.44
4338,2023-06-30T18:00:00Z,6,2023,14,687.00,292.63,393.69,26.52
4339,2023-06-30T19:00:00Z,6,2023,15,568.42,281.97,304.55,26.15
4340,2023-06-30T20:00:00Z,6,2023,16,452.38,251.55,255.41,25.69
4341,2023-06-30T21:00:00Z,6,2023,17,303.05,175.45,205.53,25.04
4342,2023-06-30T22:00:00Z,6,2023,18,169.38,128.74,130.81,24.12
4343,2023-06-30T23:00:00Z,6,2023,19,56.25,48.05,47.86,22.39
4344,2023-07-01T00:00:00Z,7,2023,20,3.10,1.92,4.25,20.58
4345,2023-07-01T01:00:00Z,7,2023,21,0.00,0.00,0.00,20.01
4346,2023-07-01T02:00:00Z,7,2023,22,0.00,0.00,0.00,19.43
4347,2023-07-01T03:00:00Z,7,2023,23,0.00,0.00,0.00,18.79
4348,2023-07-01T04:00:00Z,7,2023,0,0.00,0.00,0.00,18.22
4349,2023-07-01T05:00:00Z,7,2023,1,0.00,0.00,0.00,17.72
4350,2023-07-01T06:00:00Z,7,2023,2,0.00,0.00,0.00,17.28
4351,2023-07-01T07:00:00Z,7,2023,3,0.00,0.00,0.00,17.01
4352,2023-07-01T08:00:00Z,7,2023,4,0.00,0.00,0.00,16.78
4353,2023-07-01T09:00:00Z,7,2023,5,9.02,9.29,10.59,16.59
4354,2023-07-01T10:00:00Z,7,2023,6,57.78,72.33,43.73,18.05
4355,2023-07-01T11:00:00Z,7,2023,7,146.30,130.00,104.73,19.74
4356,2023-07-01T12:00:00Z,7,2023,8,174.45,88.98,115.38,21.83
4357,2023-07-01T13:00:00Z,7,2023,9,307.48,123.93,185.71,23.25
4358,2023-07-01T14:00:00Z,7,2023,10,494.38,249.84,250.85,24.37
4359,2023-07-01T15:00:00Z,7,2023,11,656.80,274.31,319.87,25.15
4360,2023-07-01T16:00:00Z,7,2023,12,796.55,435.54,341.74,25.58
4361,2023-07-01T17:00:00Z,7,2023,13,747.17,572.24,250.47,25.75
4362,2023-07-01T18:00:00Z,7,2023,14,716.12,349.26,371.04,25.73
4363,2023-07-01T19:00:00Z,7,2023,15,580.47,235.09,372.31,25.47
4364,2023-07-01T20:00:00Z,7,2023,16,443.08,152.56,351.19,25.06
4365,2023-07-01T21:00:00Z,7,2023,17,306.48,42.55,247.62,24.36
4366,2023-07-01T22:00:00Z,7,2023,18,171.95,15.33,149.04,23.02
4367,2023-07-01T23:00:00Z,7,2023,19,59.00,8.87,52.13,21.36
4368,2023-07-02T00:00:00Z,7,2023,20,2.53,0.00,2.89,19.99
4369,2023-07-02T01:00:00Z,7,2023,21,0.00,0.00,0.00,19.68
4370,2023-07-02T02:00:00Z,7,2023,22,0.00,0.00,0.00,19.16
4371,2023-07-02T03:00:00Z,7,2023,23,0.00,0.00,0.00,18.64
4372,2023-07-02T04:00:00Z,7,2023,0,0.00,0.00,0.00,18.27
4373,2023-07-02T05:00:00Z,7,2023,1,0.00,0.00,0.00,17.96
4374,2023-07-02T06:00:00Z,7,2023,2,0.00,0.00,0.00,17.83
4375,2023-07-02T07:00:00Z,7,2023,3,0.00,0.00,0.00,17.76
4376,2023-07-02T08:00:00Z,7,2023,4,0.00,0.00,0.00,17.81
4377,2023-07-02T09:00:00Z,7,2023,5,6.30,0.00,6.48,17.91
4378,2023-07-02T10:00:00Z,7,2023,6,29.62,0.00,26.22,18.13
4379,2023-07-02T11:00:00Z,7,2023,7,50.62,0.00,44.32,18.57
4380,2023-07-02T12:00:00Z,7,2023,8,84.80,9.10,72.93,19.55
4381,2023-07-02T13:00:00Z,7,2023,9,79.05,17.79,61.25,21.12
4382,2023-07-02T14:00:00Z,7,2023,10,106.82,15.93,85.10,21.57
4383,2023-07-02T15:00:00Z,7,2023,11,89.97,18.34,65.88,21.93
4384,2023-07-02T16:00:00Z,7,2023,12,161.68,18.56,126.67,22.24
4385,2023-07-02T17:00:00Z,7,2023,13,185.23,0.00,148.92,22.42
4386,2023-07-02T18:00:00Z,7,2023,14,103.72,3.55,82.24,22.64
4387,2023-07-02T19:00:00Z,7,2023,15,83.53,1.59,68.66,22.59
4388,2023-07-02T20:00:00Z,7,2023,16,155.82,2.96,131.11,22.53
4389,2023-07-02T21:00:00Z,7,2023,17,99.25,0.51,82.34,22.63
4390,2023-07-02T22:00:00Z,7,2023,18,51.62,0.00,45.15,22.55
4391,2023-07-02T23:00:00Z,7,2023,19,24.08,0.00,20.99,22.05
4392,2023-07-03T00:00:00Z,7,2023,20,1.45,0.00,1.66,21.56
4393,2023-07-03T01:00:00Z,7,2023,21,0.00,0.00,0.00,21.29
4394,2023-07-03T02:00:00Z,7,2023,22,0.00,0.00,0.00,21.03
4395,2023-07-03T03:00:00Z,7,2023,23,0.00,0.00,0.00,20.75
4396,2023-07-03T04:00:00Z,7,2023,0,0.00,0.00,0.00,20.32
4397,2023-07-03T05:00:00Z,7,2023,1,0.00,0.00,0.00,19.93
4398,2023-07-03T06:00:00Z,7,2023,2,0.00,0.00,0.00,19.69
4399,2023-07-03T07:00:00Z,7,2023,3,0.00,0.00,0.00,19.47
4400,2023-07-03T08:00:00Z,7,2023,4,0.00,0.00,0.00,19.31
4401,2023-07-03T09:00:00Z,7,2023,5,5.80,1.35,6.98,19.21
4402,2023-07-03T10:00:00Z,7,2023,6,36.42,14.38,31.12,19.28
4403,2023-07-03T11:00:00Z,7,2023,7,88.43,46.07,66.85,19.77
4404,2023-07-03T12:00:00Z,7,2023,8,149.27,97.81,99.83,20.58
4405,2023-07-03T13:00:00Z,7,2023,9,212.93,129.31,125.37,21.26
4406,2023-07-03T14:00:00Z,7,2023,10,289.38,53.70,217.43,21.72
4407,2023-07-03T15:00:00Z,7,2023,11,353.35,36.94,277.49,22.80
4408,2023-07-03T16:00:00Z,7,2023,12,511.70,108.21,354.31,23.97
4409,2023-07-03T17:00:00Z,7,2023,13,530.60,102.55,408.44,24.89
4410,2023-07-03T18:00:00Z,7,2023,14,516.58,73.75,376.23,25.66
4411,2023-07-03T19:00:00Z,7,2023,15,541.08,276.24,303.64,26.18
4412,2023-07-03T20:00:00Z,7,2023,16,552.60,595.00,151.39,26.19
4413,2023-07-03T21:00:00Z,7,2023,17,369.33,435.44,153.14,26.37
4414,2023-07-03T22:00:00Z,7,2023,18,197.75,251.89,116.50,25.80
4415,2023-07-03T23:00:00Z,7,2023,19,62.05,70.14,50.47,24.10
4416,2023-07-04T00:00:00Z,7,2023,20,2.45,1.26,3.78,21.96
4417,2023-07-04T01:00:00Z,7,2023,21,0.00,0.00,0.00,20.73
4418,2023-07-04T02:00:00Z,7,2023,22,0.00,0.00,0.00,19.97
4419,2023-07-04T03:00:00Z,7,2023,23,0.00,0.00,0.00,19.56
4420,2023-07-04T04:00:00Z,7,2023,0,0.00,0.00,0.00,19.41
4421,2023-07-04T05:00:00Z,7,2023,1,0.00,0.00,0.00,19.20
4422,2023-07-04T06:00:00Z,7,2023,2,0.00,0.00,0.00,19.08
4423,2023-07-04T07:00:00Z,7,2023,3,0.00,0.00,0.00,18.97
4424,2023-07-04T08:00:00Z,7,2023,4,0.00,0.00,0.00,18.94
4425,2023-07-04T09:00:00Z,7,2023,5,4.00,0.00,4.20,18.86
4426,2023-07-04T10:00:00Z,7,2023,6,34.85,3.32,30.63,19.12
4427,2023-07-04T11:00:00Z,7,2023,7,80.38,5.02,70.68,19.73
4428,2023-07-04T12:00:00Z,7,2023,8,156.93,25.37,128.17,20.36
4429,2023-07-04T13:00:00Z,7,2023,9,251.18,18.52,207.15,21.00
4430,2023-07-04T14:00:00Z,7,2023,10,304.08,29.05,234.59,22.21
4431,2023-07-04T15:00:00Z,7,2023,11,362.10,43.77,283.31,22.37
4432,2023-07-04T16:00:00Z,7,2023,12,297.08,10.92,236.88,22.55
4433,2023-07-04T17:00:00Z,7,2023,13,144.02,6.48,116.25,23.45
4434,2023-07-04T18:00:00Z,7,2023,14,131.62,0.80,105.01,24.23
4435,2023-07-04T19:00:00Z,7,2023,15,60.15,14.08,47.25,24.10
4436,2023-07-04T20:00:00Z,7,2023,16,255.32,1.97,215.23,23.61
4437,2023-07-04T21:00:00Z,7,2023,17,190.35,32.10,156.66,23.19
4438,2023-07-04T22:00:00Z,7,2023,18,108.30,29.12,86.94,22.71
4439,2023-07-04T23:00:00Z,7,2023,19,36.22,24.39,30.24,22.00
4440,2023-07-05T00:00:00Z,7,2023,20,2.17,1.58,3.28,20.20
4441,2023-07-05T01:00:00Z,7,2023,21,0.00,0.00,0.00,19.09
4442,2023-07-05T02:00:00Z,7,2023,22,0.00,0.00,0.00,18.59
4443,2023-07-05T03:00:00Z,7,2023,23,0.00,0.00,0.00,18.31
4444,2023-07-05T04:00:00Z,7,2023,0,0.00,0.00,0.00,18.29
4445,2023-07-05T05:00:00Z,7,2023,1,0.00,0.00,0.00,18.46
4446,2023-07-05T06:00:00Z,7,2023,2,0.00,0.00,0.00,18.62
4447,2023-07-05T07:00:00Z,7,2023,3,0.00,0.00,0.00,18.80
4448,2023-07-05T08:00:00Z,7,2023,4,0.00,0.00,0.00,18.75
4449,2023-07-05T09:00:00Z,7,2023,5,10.93,18.96,12.73,18.81
4450,2023-07-05T10:00:00Z,7,2023,6,102.32,195.86,64.31,19.75
4451,2023-07-05T11:00:00Z,7,2023,7,256.27,382.49,109.82,21.19
4452,2023-07-05T12:00:00Z,7,2023,8,417.73,473.49,149.95,23.56
4453,2023-07-05T13:00:00Z,7,2023,9,591.72,598.06,163.18,25.70
4454,2023-07-05T14:00:00Z,7,2023,10,729.45,626.00,203.53,27.22
4455,2023-07-05T15:00:00Z,7,2023,11,844.08,723.14,179.72,28.38
4456,2023-07-05T16:00:00Z,7,2023,12,917.55,821.84,144.44,29.24
4457,2023-07-05T17:00:00Z,7,2023,13,904.65,806.66,147.59,29.79
4458,2023-07-05T18:00:00Z,7,2023,14,852.92,803.15,139.26,30.01
4459,2023-07-05T19:00:00Z,7,2023,15,724.58,715.11,159.24,29.98
4460,2023-07-05T20:00:00Z,7,2023,16,561.42,596.47,169.80,31.23
4461,2023-07-05T21:00:00Z,7,2023,17,399.23,546.53,135.41,33.17
4462,2023-07-05T22:00:00Z,7,2023,18,231.50,447.74,90.36,31.16
4463,2023-07-05T23:00:00Z,7,2023,19,79.85,216.23,43.63,28.43
4464,2023-07-06T00:00:00Z,7,2023,20,3.25,9.95,4.45,26.78
4465,2023-07-06T01:00:00Z,7,2023,21,0.00,0.00,0.00,24.45
4466,2023-07-06T02:00:00Z,7,2023,22,0.00,0.00,0.00,22.55
4467,2023-07-06T03:00:00Z,7,2023,23,0.00,0.00,0.00,21.56
4468,2023-07-06T04:00:00Z,7,2023,0,0.00,0.00,0.00,20.98
4469,2023-07-06T05:00:00Z,7,2023,1,0.00,0.00,0.00,20.63
4470,2023-07-06T06:00:00Z,7,2023,2,0.00,0.00,0.00,20.36
4471,2023-07-06T07:00:00Z,7,2023,3,0.00,0.00,0.00,20.08
4472,2023-07-06T08:00:00Z,7,2023,4,0.00,0.00,0.00,19.73
4473,2023-07-06T09:00:00Z,7,2023,5,12.68,30.70,12.74,19.75
4474,2023-07-06T10:00:00Z,7,2023,6,120.85,311.17,59.56,21.55
4475,2023-07-06T11:00:00Z,7,2023,7,285.85,531.47,87.87,23.21
4476,2023-07-06T12:00:00Z,7,2023,8,460.15,629.56,113.91,25.64
4477,2023-07-06T13:00:00Z,7,2023,9,623.15,728.63,117.68,28.50
4478,2023-07-06T14:00:00Z,7,2023,10,762.40,767.94,134.87,30.33
4479,2023-07-06T15:00:00Z,7,2023,11,865.22,775.33,160.81,31.21
4480,2023-07-06T16:00:00Z,7,2023,12,835.22,663.56,219.98,30.74
4481,2023-07-06T17:00:00Z,7,2023,13,788.28,651.32,191.73,30.83
4482,2023-07-06T18:00:00Z,7,2023,14,724.22,541.40,238.57,30.91
4483,2023-07-06T19:00:00Z,7,2023,15,614.65,508.36,214.89,30.91
4484,2023-07-06T20:00:00Z,7,2023,16,450.12,396.22,188.87,31.63
4485,2023-07-06T21:00:00Z,7,2023,17,284.58,313.81,141.97,30.74
4486,2023-07-06T22:00:00Z,7,2023,18,168.40,158.38,119.52,28.70
4487,2023-07-06T23:00:00Z,7,2023,19,53.92,34.72,47.30,26.26
4488,2023-07-07T00:00:00Z,7,2023,20,0.00,0.00,0.00,24.47
4489,2023-07-07T01:00:00Z,7,2023,21,0.00,0.00,0.00,23.55
4490,2023-07-07T02:00:00Z,7,2023,22,0.00,0.00,0.00,22.67
4491,2023-07-07T03:00:00Z,7,2023,23,0.00,0.00,0.00,21.87
4492,2023-07-07T04:00:00Z,7,2023,0,0.00,0.00,0.00,21.30
4493,2023-07-07T05:00:00Z,7,2023,1,0.00,0.00,0.00,20.82
4494,2023-07-07T06:00:00Z,7,2023,2,0.00,0.00,0.00,20.38
4495,2023-07-07T07:00:00Z,7,2023,3,0.00,0.00,0.00,20.08
4496,2023-07-07T08:00:00Z,7,2023,4,0.00,0.00,0.00,19.85
4497,2023-07-07T09:00:00Z,7,2023,5,11.62,18.73,11.60,19.80
4498,2023-07-07T10:00:00Z,7,2023,6,118.57,290.26,56.73,20.69
4499,2023-07-07T11:00:00Z,7,2023,7,285.67,493.48,95.01,22.43
4500,2023-07-07T12:00:00Z,7,2023,8,467.42,629.16,118.12,24.39
4501,2023-07-07T13:00:00Z,7,2023,9,637.97,732.10,123.77,25.95
4502,2023-07-07T14:00:00Z,7,2023,10,776.45,785.52,129.16,27.10
4503,2023-07-07T15:00:00Z,7,2023,11,869.85,803.55,141.23,27.86
4504,2023-07-07T16:00:00Z,7,2023,12,920.17,829.54,136.84,28.35
4505,2023-07-07T17:00:00Z,7,2023,13,912.50,844.83,121.45,28.68
4506,2023-07-07T18:00:00Z,7,2023,14,824.42,715.92,234.49,28.78
4507,2023-07-07T19:00:00Z,7,2023,15,669.85,533.61,275.17,28.64
4508,2023-07-07T20:00:00Z,7,2023,16,526.15,418.48,292.45,28.24
4509,2023-07-07T21:00:00Z,7,2023,17,347.90,199.63,246.63,27.66
4510,2023-07-07T22:00:00Z,7,2023,18,190.27,85.07,145.90,26.78
4511,2023-07-07T23:00:00Z,7,2023,19,69.43,28.52,58.02,24.65
4512,2023-07-08T00:00:00Z,7,2023,20,0.00,0.00,0.00,22.88
4513,2023-07-08T01:00:00Z,7,2023,21,0.00,0.00,0.00,22.41
4514,2023-07-08T02:00:00Z,7,2023,22,0.00,0.00,0.00,21.70
4515,2023-07-08T03:00:00Z,7,2023,23,0.00,0.00,0.00,21.06
4516,2023-07-08T04:00:00Z,7,2023,0,0.00,0.00,0.00,20.55
4517,2023-07-08T05:00:00Z,7,2023,1,0.00,0.00,0.00,20.19
4518,2023-07-08T06:00:00Z,7,2023,2,0.00,0.00,0.00,19.97
4519,2023-07-08T07:00:00Z,7,2023,3,0.00,0.00,0.00,19.68
4520,2023-07-08T08:00:00Z,7,2023,4,0.00,0.00,0.00,19.38
4521,2023-07-08T09:00:00Z,7,2023,5,8.65,3.84,10.43,19.49
4522,2023-07-08T10:00:00Z,7,2023,6,52.53,24.41,46.05,21.05
4523,2023-07-08T11:00:00Z,7,2023,7,130.82,36.87,110.05,22.84
4524,2023-07-08T12:00:00Z,7,2023,8,217.02,41.97,176.01,25.05
4525,2023-07-08T13:00:00Z,7,2023,9,336.17,121.13,245.07,26.36
4526,2023-07-08T14:00:00Z,7,2023,10,491.65,222.05,270.24,27.11
4527,2023-07-08T15:00:00Z,7,2023,11,685.78,574.53,193.38,27.67
4528,2023-07-08T16:00:00Z,7,2023,12,749.05,541.36,246.15,28.13
4529,2023-07-08T17:00:00Z,7,2023,13,759.80,516.23,249.50,28.32
4530,2023-07-08T18:00:00Z,7,2023,14,670.92,532.88,212.55,28.25
4531,2023-07-08T19:00:00Z,7,2023,15,645.10,516.52,217.35,27.99
4532,2023-07-08T20:00:00Z,7,2023,16,472.85,383.52,210.29,27.36
4533,2023-07-08T21:00:00Z,7,2023,17,313.05,262.00,179.42,26.64
4534,2023-07-08T22:00:00Z,7,2023,18,169.45,133.22,120.99,25.55
4535,2023-07-08T23:00:00Z,7,2023,19,59.90,36.73,51.46,23.75
4536,2023-07-09T00:00:00Z,7,2023,20,0.00,0.00,0.00,22.19
4537,2023-07-09T01:00:00Z,7,2023,21,0.00,0.00,0.00,21.57
4538,2023-07-09T02:00:00Z,7,2023,22,0.00,0.00,0.00,20.94
4539,2023-07-09T03:00:00Z,7,2023,23,0.00,0.00,0.00,20.29
4540,2023-07-09T04:00:00Z,7,2023,0,0.00,0.00,0.00,19.93
4541,2023-07-09T05:00:00Z,7,2023,1,0.00,0.00,0.00,19.69
4542,2023-07-09T06:00:00Z,7,2023,2,0.00,0.00,0.00,19.58
4543,2023-07-09T07:00:00Z,7,2023,3,0.00,0.00,0.00,19.39
4544,2023-07-09T08:00:00Z,7,2023,4,0.00,0.00,0.00,19.13
4545,2023-07-09T09:00:00Z,7,2023,5,6.25,7.66,7.56,19.27
4546,2023-07-09T10:00:00Z,7,2023,6,38.35,52.50,29.51,20.78
4547,2023-07-09T11:00:00Z,7,2023,7,72.43,53.09,52.67,21.94
4548,2023-07-09T12:00:00Z,7,2023,8,112.53,26.86,89.29,23.38
4549,2023-07-09T13:00:00Z,7,2023,9,202.52,30.06,164.82,24.34
4550,2023-07-09T14:00:00Z,7,2023,10,370.02,66.33,278.66,24.62
4551,2023-07-09T15:00:00Z,7,2023,11,510.92,55.93,400.85,24.77
4552,2023-07-09T16:00:00Z,7,2023,12,444.77,10.85,355.68,25.13
4553,2023-07-09T17:00:00Z,7,2023,13,435.65,5.40,354.53,25.23
4554,2023-07-09T18:00:00Z,7,2023,14,370.45,16.21,293.11,24.87
4555,2023-07-09T19:00:00Z,7,2023,15,298.73,0.12,246.38,24.35
4556,2023-07-09T20:00:00Z,7,2023,16,183.75,0.00,156.48,23.93
4557,2023-07-09T21:00:00Z,7,2023,17,124.78,0.00,103.63,23.32
4558,2023-07-09T22:00:00Z,7,2023,18,71.75,0.00,62.56,22.59
4559,2023-07-09T23:00:00Z,7,2023,19,21.75,0.00,19.06,21.72
4560,2023-07-10T00:00:00Z,7,2023,20,0.00,0.00,0.00,20.91
4561,2023-07-10T01:00:00Z,7,2023,21,0.00,0.00,0.00,20.57
4562,2023-07-10T02:00:00Z,7,2023,22,0.00,0.00,0.00,20.26
4563,2023-07-10T03:00:00Z,7,2023,23,0.00,0.00,0.00,20.01
4564,2023-07-10T04:00:00Z,7,2023,0,0.00,0.00,0.00,19.80
4565,2023-07-10T05:00:00Z,7,2023,1,0.00,0.00,0.00,19.62
4566,2023-07-10T06:00:00Z,7,2023,2,0.00,0.00,0.00,19.50
4567,2023-07-10T07:00:00Z,7,2023,3,0.00,0.00,0.00,19.40
4568,2023-07-10T08:00:00Z,7,2023,4,0.00,0.00,0.00,19.30
4569,2023-07-10T09:00:00Z,7,2023,5,4.38,0.00,4.59,19.28
4570,2023-07-10T10:00:00Z,7,2023,6,32.55,0.00,29.41,19.60
4571,2023-07-10T11:00:00Z,7,2023,7,64.80,0.00,55.85,20.04
4572,2023-07-10T12:00:00Z,7,2023,8,85.68,0.00,74.57,20.55
4573,2023-07-10T13:00:00Z,7,2023,9,118.88,0.00,99.95,21.02
4574,2023-07-10T14:00:00Z,7,2023,10,106.65,0.00,87.67,21.21
4575,2023-07-10T15:00:00Z,7,2023,11,95.82,3.19,76.47,21.31
4576,2023-07-10T16:00:00Z,7,2023,12,224.65,20.58,176.96,21.49
4577,2023-07-10T17:00:00Z,7,2023,13,294.65,19.91,236.45,21.68
4578,2023-07-10T18:00:00Z,7,2023,14,237.10,79.13,162.05,22.11
4579,2023-07-10T19:00:00Z,7,2023,15,183.38,2.85,150.76,22.90
4580,2023-07-10T20:00:00Z,7,2023,16,142.95,23.18,115.48,23.28
4581,2023-07-10T21:00:00Z,7,2023,17,104.22,21.16,86.03,22.96
4582,2023-07-10T22:00:00Z,7,2023,18,59.17,9.66,50.82,22.34
4583,2023-07-10T23:00:00Z,7,2023,19,22.25,8.66,19.51,21.80
4584,2023-07-11T00:00:00Z,7,2023,20,0.00,0.00,0.00,21.26
4585,2023-07-11T01:00:00Z,7,2023,21,0.00,0.00,0.00,20.88
4586,2023-07-11T02:00:00Z,7,2023,22,0.00,0.00,0.00,20.31
4587,2023-07-11T03:00:00Z,7,2023,23,0.00,0.00,0.00,19.68
4588,2023-07-11T04:00:00Z,7,2023,0,0.00,0.00,0.00,19.28
4589,2023-07-11T05:00:00Z,7,2023,1,0.00,0.00,0.00,18.82
4590,2023-07-11T06:00:00Z,7,2023,2,0.00,0.00,0.00,18.29
4591,2023-07-11T07:00:00Z,7,2023,3,0.00,0.00,0.00,17.82
4592,2023-07-11T08:00:00Z,7,2023,4,0.00,0.00,0.00,17.49
4593,2023-07-11T09:00:00Z,7,2023,5,9.90,15.86,11.53,17.42
4594,2023-07-11T10:00:00Z,7,2023,6,109.50,212.10,65.56,18.03
4595,2023-07-11T11:00:00Z,7,2023,7,268.08,398.40,117.38,19.33
4596,2023-07-11T12:00:00Z,7,2023,8,448.62,551.49,142.99,21.14
4597,2023-07-11T13:00:00Z,7,2023,9,607.58,614.47,173.67,22.78
4598,2023-07-11T14:00:00Z,7,2023,10,748.97,660.73,192.19,24.32
4599,2023-07-11T15:00:00Z,7,2023,11,866.75,782.84,155.97,25.62
4600,2023-07-11T16:00:00Z,7,2023,12,912.30,784.93,165.81,26.61
4601,2023-07-11T17:00:00Z,7,2023,13,890.80,754.59,179.13,27.23
4602,2023-07-11T18:00:00Z,7,2023,14,842.53,752.82,169.94,27.48
4603,2023-07-11T19:00:00Z,7,2023,15,729.83,716.92,158.17,27.52
4604,2023-07-11T20:00:00Z,7,2023,16,579.92,667.82,138.52,27.44
4605,2023-07-11T21:00:00Z,7,2023,17,405.50,568.30,118.48,27.15
4606,2023-07-11T22:00:00Z,7,2023,18,225.48,412.69,88.80,26.09
4607,2023-07-11T23:00:00Z,7,2023,19,76.82,173.71,44.88,23.78
4608,2023-07-12T00:00:00Z,7,2023,20,0.00,0.00,0.00,21.97
4609,2023-07-12T01:00:00Z,7,2023,21,0.00,0.00,0.00,21.45
4610,2023-07-12T02:00:00Z,7,2023,22,0.00,0.00,0.00,21.09
4611,2023-07-12T03:00:00Z,7,2023,23,0.00,0.00,0.00,20.71
4612,2023-07-12T04:00:00Z,7,2023,0,0.00,0.00,0.00,20.39
4613,2023-07-12T05:00:00Z,7,2023,1,0.00,0.00,0.00,20.19
4614,2023-07-12T06:00:00Z,7,2023,2,0.00,0.00,0.00,20.07
4615,2023-07-12T07:00:00Z,7,2023,3,0.00,0.00,0.00,19.81
4616,2023-07-12T08:00:00Z,7,2023,4,0.00,0.00,0.00,19.49
4617,2023-07-12T09:00:00Z,7,2023,5,8.93,7.73,10.31,19.54
4618,2023-07-12T10:00:00Z,7,2023,6,99.45,182.52,61.80,21.35
4619,2023-07-12T11:00:00Z,7,2023,7,250.88,357.18,113.06,23.04
4620,2023-07-12T12:00:00Z,7,2023,8,423.23,493.63,149.29,25.46
4621,2023-07-12T13:00:00Z,7,2023,9,590.97,567.61,181.11,27.78
4622,2023-07-12T14:00:00Z,7,2023,10,740.03,662.04,182.86,28.57
4623,2023-07-12T15:00:00Z,7,2023,11,826.70,673.58,199.98,28.87
4624,2023-07-12T16:00:00Z,7,2023,12,858.03,636.65,239.78,29.29
4625,2023-07-12T17:00:00Z,7,2023,13,836.58,601.44,253.39,29.58
4626,2023-07-12T18:00:00Z,7,2023,14,705.75,510.15,247.36,29.41
4627,2023-07-12T19:00:00Z,7,2023,15,582.97,311.49,304.75,28.77
4628,2023-07-12T20:00:00Z,7,2023,16,315.85,77.72,221.95,28.24
4629,2023-07-12T21:00:00Z,7,2023,17,224.43,37.64,183.47,27.86
4630,2023-07-12T22:00:00Z,7,2023,18,125.65,14.90,110.75,26.22
4631,2023-07-12T23:00:00Z,7,2023,19,43.00,3.68,38.09,24.35
4632,2023-07-13T00:00:00Z,7,2023,20,0.00,0.00,0.00,23.19
4633,2023-07-13T01:00:00Z,7,2023,21,0.00,0.00,0.00,22.48
4634,2023-07-13T02:00:00Z,7,2023,22,0.00,0.00,0.00,21.69
4635,2023-07-13T03:00:00Z,7,2023,23,0.00,0.00,0.00,21.08
4636,2023-07-13T04:00:00Z,7,2023,0,0.00,0.00,0.00,20.76
4637,2023-07-13T05:00:00Z,7,2023,1,0.00,0.00,0.00,20.75
4638,2023-07-13T06:00:00Z,7,2023,2,0.00,0.00,0.00,20.70
4639,2023-07-13T07:00:00Z,7,2023,3,0.00,0.00,0.00,20.69
4640,2023-07-13T08:00:00Z,7,2023,4,0.00,0.00,0.00,20.65
4641,2023-07-13T09:00:00Z,7,2023,5,8.52,3.46,11.65,20.42
4642,2023-07-13T10:00:00Z,7,2023,6,85.88,61.16,76.61,21.39
4643,2023-07-13T11:00:00Z,7,2023,7,207.88,93.98,165.36,22.62
4644,2023-07-13T12:00:00Z,7,2023,8,357.20,168.04,248.38,24.56
4645,2023-07-13T13:00:00Z,7,2023,9,504.77,312.79,329.88,26.20
4646,2023-07-13T14:00:00Z,7,2023,10,626.78,328.21,318.67,27.51
4647,2023-07-13T15:00:00Z,7,2023,11,643.03,187.63,457.09,28.22
4648,2023-07-13T16:00:00Z,7,2023,12,677.83,214.23,451.99,28.38
4649,2023-07-13T17:00:00Z,7,2023,13,549.65,31.15,407.03,27.99
4650,2023-07-13T18:00:00Z,7,2023,14,644.15,252.13,353.74,27.48
4651,2023-07-13T19:00:00Z,7,2023,15,575.33,301.02,298.45,27.44
4652,2023-07-13T20:00:00Z,7,2023,16,442.23,355.12,210.46,27.29
4653,2023-07-13T21:00:00Z,7,2023,17,296.48,228.05,182.29,26.57
4654,2023-07-13T22:00:00Z,7,2023,18,160.55,113.01,127.76,25.38
4655,2023-07-13T23:00:00Z,7,2023,19,55.85,25.49,48.13,23.88
4656,2023-07-14T00:00:00Z,7,2023,20,0.00,0.00,0.00,22.54
4657,2023-07-14T01:00:00Z,7,2023,21,0.00,0.00,0.00,21.81
4658,2023-07-14T02:00:00Z,7,2023,22,0.00,0.00,0.00,21.62
4659,2023-07-14T03:00:00Z,7,2023,23,0.00,0.00,0.00,21.52
4660,2023-07-14T04:00:00Z,7,2023,0,0.00,0.00,0.00,21.32
4661,2023-07-14T05:00:00Z,7,2023,1,0.00,0.00,0.00,21.12
4662,2023-07-14T06:00:00Z,7,2023,2,0.00,0.00,0.00,20.89
4663,2023-07-14T07:00:00Z,7,2023,3,0.00,0.00,0.00,20.64
4664,2023-07-14T08:00:00Z,7,2023,4,0.00,0.00,0.00,20.56
4665,2023-07-14T09:00:00Z,7,2023,5,5.57,2.49,7.51,20.72
4666,2023-07-14T10:00:00Z,7,2023,6,86.30,113.61,62.76,21.59
4667,2023-07-14T11:00:00Z,7,2023,7,226.52,256.20,128.61,23.48
4668,2023-07-14T12:00:00Z,7,2023,8,413.90,460.54,158.59,26.73
4669,2023-07-14T13:00:00Z,7,2023,9,354.77,136.51,235.97,26.23
4670,2023-07-14T14:00:00Z,7,2023,10,438.60,7.33,358.99,25.02
4671,2023-07-14T15:00:00Z,7,2023,11,140.68,0.00,114.85,24.87
4672,2023-07-14T16:00:00Z,7,2023,12,151.57,14.76,120.71,24.95
4673,2023-07-14T17:00:00Z,7,2023,13,351.52,93.89,229.88,24.72
4674,2023-07-14T18:00:00Z,7,2023,14,341.33,109.83,223.46,24.46
4675,2023-07-14T19:00:00Z,7,2023,15,578.70,378.94,269.82,24.29
4676,2023-07-14T20:00:00Z,7,2023,16,524.60,441.12,218.33,24.32
4677,2023-07-14T21:00:00Z,7,2023,17,349.73,362.93,164.28,24.53
4678,2023-07-14T22:00:00Z,7,2023,18,188.62,238.64,114.83,24.31
4679,2023-07-14T23:00:00Z,7,2023,19,61.30,69.54,49.65,23.49
4680,2023-07-15T00:00:00Z,7,2023,20,0.00,0.00,0.00,22.22
4681,2023-07-15T01:00:00Z,7,2023,21,0.00,0.00,0.00,21.66
4682,2023-07-15T02:00:00Z,7,2023,22,0.00,0.00,0.00,21.21
4683,2023-07-15T03:00:00Z,7,2023,23,0.00,0.00,0.00,20.97
4684,2023-07-15T04:00:00Z,7,2023,0,0.00,0.00,0.00,20.83
4685,2023-07-15T05:00:00Z,7,2023,1,0.00,0.00,0.00,20.78
4686,2023-07-15T06:00:00Z,7,2023,2,0.00,0.00,0.00,20.78
4687,2023-07-15T07:00:00Z,7,2023,3,0.00,0.00,0.00,20.64
4688,2023-07-15T08:00:00Z,7,2023,4,0.00,0.00,0.00,20.59
4689,2023-07-15T09:00:00Z,7,2023,5,6.68,3.09,8.93,20.64
4690,2023-07-15T10:00:00Z,7,2023,6,63.75,63.92,51.87,21.34
4691,2023-07-15T11:00:00Z,7,2023,7,179.35,176.21,122.70,22.23
4692,2023-07-15T12:00:00Z,7,2023,8,302.05,310.62,149.57,23.15
4693,2023-07-15T13:00:00Z,7,2023,9,484.92,407.61,199.73,24.37
4694,2023-07-15T14:00:00Z,7,2023,10,525.60,221.83,329.42,25.80
4695,2023-07-15T15:00:00Z,7,2023,11,586.70,45.10,447.92,26.69
4696,2023-07-15T16:00:00Z,7,2023,12,697.80,178.19,423.82,27.40
4697,2023-07-15T17:00:00Z,7,2023,13,689.10,431.70,297.32,27.95
4698,2023-07-15T18:00:00Z,7,2023,14,623.83,99.27,454.33,28.18
4699,2023-07-15T19:00:00Z,7,2023,15,464.55,65.21,371.90,28.06
4700,2023-07-15T20:00:00Z,7,2023,16,339.45,46.16,276.13,27.59
4701,2023-07-15T21:00:00Z,7,2023,17,232.38,40.06,191.42,26.96
4702,2023-07-15T22:00:00Z,7,2023,18,125.00,30.02,101.16,26.00
4703,2023-07-15T23:00:00Z,7,2023,19,44.05,12.14,38.31,24.94
4704,2023-07-16T00:00:00Z,7,2023,20,0.00,0.00,0.00,24.08
4705,2023-07-16T01:00:00Z,7,2023,21,0.00,0.00,0.00,23.62
4706,2023-07-16T02:00:00Z,7,2023,22,0.00,0.00,0.00,23.21
4707,2023-07-16T03:00:00Z,7,2023,23,0.00,0.00,0.00,22.78
4708,2023-07-16T04:00:00Z,7,2023,0,0.00,0.00,0.00,22.48
4709,2023-07-16T05:00:00Z,7,2023,1,0.00,0.00,0.00,22.30
4710,2023-07-16T06:00:00Z,7,2023,2,0.00,0.00,0.00,22.19
4711,2023-07-16T07:00:00Z,7,2023,3,0.00,0.00,0.00,22.23
4712,2023-07-16T08:00:00Z,7,2023,4,0.00,0.00,0.00,22.31
4713,2023-07-16T09:00:00Z,7,2023,5,4.53,0.00,5.77,22.49
4714,2023-07-16T10:00:00Z,7,2023,6,49.92,4.54,44.66,22.65
4715,2023-07-16T11:00:00Z,7,2023,7,117.10,3.16,99.40,22.90
4716,2023-07-16T12:00:00Z,7,2023,8,80.32,0.00,69.57,23.40
4717,2023-07-16T13:00:00Z,7,2023,9,40.50,17.96,31.34,24.05
4718,2023-07-16T14:00:00Z,7,2023,10,45.30,19.01,32.08,24.51
4719,2023-07-16T15:00:00Z,7,2023,11,99.72,0.00,81.43,24.57
4720,2023-07-16T16:00:00Z,7,2023,12,142.07,1.50,115.67,24.67
4721,2023-07-16T17:00:00Z,7,2023,13,257.00,0.00,209.80,24.88
4722,2023-07-16T18:00:00Z,7,2023,14,281.50,18.79,225.10,25.02
4723,2023-07-16T19:00:00Z,7,2023,15,264.55,22.56,214.31,24.93
4724,2023-07-16T20:00:00Z,7,2023,16,106.35,0.00,90.57,24.65
4725,2023-07-16T21:00:00Z,7,2023,17,53.60,0.00,45.99,24.16
4726,2023-07-16T22:00:00Z,7,2023,18,54.15,0.00,47.22,23.51
4727,2023-07-16T23:00:00Z,7,2023,19,19.80,0.00,17.30,22.89
4728,2023-07-17T00:00:00Z,7,2023,20,0.00,0.00,0.00,22.46
4729,2023-07-17T01:00:00Z,7,2023,21,0.00,0.00,0.00,22.22
4730,2023-07-17T02:00:00Z,7,2023,22,0.00,0.00,0.00,22.06
4731,2023-07-17T03:00:00Z,7,2023,23,0.00,0.00,0.00,21.88
4732,2023-07-17T04:00:00Z,7,2023,0,0.00,0.00,0.00,21.73
4733,2023-07-17T05:00:00Z,7,2023,1,0.00,0.00,0.00,21.59
4734,2023-07-17T06:00:00Z,7,2023,2,0.00,0.00,0.00,21.49
4735,2023-07-17T07:00:00Z,7,2023,3,0.00,0.00,0.00,21.45
4736,2023-07-17T08:00:00Z,7,2023,4,0.00,0.00,0.00,21.37
4737,2023-07-17T09:00:00Z,7,2023,5,7.18,3.64,9.96,21.29
4738,2023-07-17T10:00:00Z,7,2023,6,89.43,127.06,65.49,21.74
4739,2023-07-17T11:00:00Z,7,2023,7,239.90,307.10,127.79,25.10
4740,2023-07-17T12:00:00Z,7,2023,8,411.83,449.03,160.38,27.74
4741,2023-07-17T13:00:00Z,7,2023,9,588.92,591.93,168.65,27.51
4742,2023-07-17T14:00:00Z,7,2023,10,727.28,646.69,190.08,28.39
4743,2023-07-17T15:00:00Z,7,2023,11,817.28,664.96,203.99,28.78
4744,2023-07-17T16:00:00Z,7,2023,12,816.78,564.21,258.65,29.22
4745,2023-07-17T17:00:00Z,7,2023,13,804.10,537.73,274.64,29.39
4746,2023-07-17T18:00:00Z,7,2023,14,729.05,488.65,264.46,29.44
4747,2023-07-17T19:00:00Z,7,2023,15,604.83,429.94,234.50,29.25
4748,2023-07-17T20:00:00Z,7,2023,16,448.85,318.43,216.47,28.87
4749,2023-07-17T21:00:00Z,7,2023,17,274.48,209.05,159.16,28.34
4750,2023-07-17T22:00:00Z,7,2023,18,143.75,96.38,106.18,27.02
4751,2023-07-17T23:00:00Z,7,2023,19,42.58,12.78,39.59,24.86
4752,2023-07-18T00:00:00Z,7,2023,20,0.00,0.00,0.00,23.31
4753,2023-07-18T01:00:00Z,7,2023,21,0.00,0.00,0.00,23.18
4754,2023-07-18T02:00:00Z,7,2023,22,0.00,0.00,0.00,22.89
4755,2023-07-18T03:00:00Z,7,2023,23,0.00,0.00,0.00,22.55
4756,2023-07-18T04:00:00Z,7,2023,0,0.00,0.00,0.00,22.20
4757,2023-07-18T05:00:00Z,7,2023,1,0.00,0.00,0.00,21.83
4758,2023-07-18T06:00:00Z,7,2023,2,0.00,0.00,0.00,21.51
4759,2023-07-18T07:00:00Z,7,2023,3,0.00,0.00,0.00,21.24
4760,2023-07-18T08:00:00Z,7,2023,4,0.00,0.00,0.00,21.21
4761,2023-07-18T09:00:00Z,7,2023,5,4.07,0.76,5.74,21.15
4762,2023-07-18T10:00:00Z,7,2023,6,44.10,21.46,39.43,21.53
4763,2023-07-18T11:00:00Z,7,2023,7,123.78,65.24,98.07,22.21
4764,2023-07-18T12:00:00Z,7,2023,8,202.30,45.53,148.46,23.23
4765,2023-07-18T13:00:00Z,7,2023,9,367.38,134.79,231.43,24.27
4766,2023-07-18T14:00:00Z,7,2023,10,545.67,212.73,316.52,25.09
4767,2023-07-18T15:00:00Z,7,2023,11,637.80,243.76,364.64,25.72
4768,2023-07-18T16:00:00Z,7,2023,12,595.20,70.87,404.12,26.16
4769,2023-07-18T17:00:00Z,7,2023,13,554.05,104.57,356.58,26.35
4770,2023-07-18T18:00:00Z,7,2023,14,448.15,132.56,282.29,26.35
4771,2023-07-18T19:00:00Z,7,2023,15,422.42,161.89,237.71,26.10
4772,2023-07-18T20:00:00Z,7,2023,16,269.38,91.54,177.29,25.69
4773,2023-07-18T21:00:00Z,7,2023,17,171.65,47.06,135.00,25.17
4774,2023-07-18T22:00:00Z,7,2023,18,101.80,19.72,92.10,24.45
4775,2023-07-18T23:00:00Z,7,2023,19,30.45,2.54,27.17,23.48
4776,2023-07-19T00:00:00Z,7,2023,20,0.00,0.00,0.00,22.67
4777,2023-07-19T01:00:00Z,7,2023,21,0.00,0.00,0.00,22.38
4778,2023-07-19T02:00:00Z,7,2023,22,0.00,0.00,0.00,22.14
4779,2023-07-19T03:00:00Z,7,2023,23,0.00,0.00,0.00,21.93
4780,2023-07-19T04:00:00Z,7,2023,0,0.00,0.00,0.00,21.73
4781,2023-07-19T05:00:00Z,7,2023,1,0.00,0.00,0.00,21.58
4782,2023-07-19T06:00:00Z,7,2023,2,0.00,0.00,0.00,21.52
4783,2023-07-19T07:00:00Z,7,2023,3,0.00,0.00,0.00,21.38
4784,2023-07-19T08:00:00Z,7,2023,4,0.00,0.00,0.00,21.09
4785,2023-07-19T09:00:00Z,7,2023,5,5.12,1.21,6.88,20.86
4786,2023-07-19T10:00:00Z,7,2023,6,71.18,65.63,53.70,21.05
4787,2023-07-19T11:00:00Z,7,2023,7,214.10,173.84,148.42,21.67
4788,2023-07-19T12:00:00Z,7,2023,8,358.25,266.25,192.52,22.51
4789,2023-07-19T13:00:00Z,7,2023,9,402.12,113.42,283.40,23.67
4790,2023-07-19T14:00:00Z,7,2023,10,390.30,29.82,314.22,24.54
4791,2023-07-19T15:00:00Z,7,2023,11,487.17,34.83,372.60,24.70
4792,2023-07-19T16:00:00Z,7,2023,12,634.12,101.90,496.90,24.81
4793,2023-07-19T17:00:00Z,7,2023,13,688.15,265.74,406.49,25.34
4794,2023-07-19T18:00:00Z,7,2023,14,698.03,364.44,370.69,26.05
4795,2023-07-19T19:00:00Z,7,2023,15,557.53,220.26,399.76,26.24
4796,2023-07-19T20:00:00Z,7,2023,16,461.85,323.83,233.88,26.12
4797,2023-07-19T21:00:00Z,7,2023,17,324.23,321.78,168.81,26.06
4798,2023-07-19T22:00:00Z,7,2023,18,178.45,249.89,100.98,25.22
4799,2023-07-19T23:00:00Z,7,2023,19,57.35,99.71,41.16,23.25
4800,2023-07-20T00:00:00Z,7,2023,20,0.00,0.00,0.00,21.69
4801,2023-07-20T01:00:00Z,7,2023,21,0.00,0.00,0.00,20.96
4802,2023-07-20T02:00:00Z,7,2023,22,0.00,0.00,0.00,20.53
4803,2023-07-20T03:00:00Z,7,2023,23,0.00,0.00,0.00,20.29
4804,2023-07-20T04:00:00Z,7,2023,0,0.00,0.00,0.00,19.98
4805,2023-07-20T05:00:00Z,7,2023,1,0.00,0.00,0.00,19.67
4806,2023-07-20T06:00:00Z,7,2023,2,0.00,0.00,0.00,19.32
4807,2023-07-20T07:00:00Z,7,2023,3,0.00,0.00,0.00,18.82
4808,2023-07-20T08:00:00Z,7,2023,4,0.00,0.00,0.00,18.18
4809,2023-07-20T09:00:00Z,7,2023,5,6.28,9.74,8.71,17.74
4810,2023-07-20T10:00:00Z,7,2023,6,99.72,259.60,50.72,18.61
4811,2023-07-20T11:00:00Z,7,2023,7,266.45,465.96,99.85,20.38
4812,2023-07-20T12:00:00Z,7,2023,8,447.48,602.79,128.53,22.51
4813,2023-07-20T13:00:00Z,7,2023,9,624.20,717.44,133.21,24.02
4814,2023-07-20T14:00:00Z,7,2023,10,767.12,765.45,146.49,25.26
4815,2023-07-20T15:00:00Z,7,2023,11,864.92,795.05,154.18,26.19
4816,2023-07-20T16:00:00Z,7,2023,12,908.88,806.75,165.05,26.80
4817,2023-07-20T17:00:00Z,7,2023,13,871.80,711.53,216.30,27.15
4818,2023-07-20T18:00:00Z,7,2023,14,797.90,687.47,200.80,27.25
4819,2023-07-20T19:00:00Z,7,2023,15,671.40,670.34,160.21,27.08
4820,2023-07-20T20:00:00Z,7,2023,16,551.17,672.13,136.97,26.63
4821,2023-07-20T21:00:00Z,7,2023,17,376.77,571.48,111.21,28.23
4822,2023-07-20T22:00:00Z,7,2023,18,211.18,423.94,85.33,26.55
4823,2023-07-20T23:00:00Z,7,2023,19,66.10,180.99,41.30,23.03
4824,2023-07-21T00:00:00Z,7,2023,20,0.00,0.00,0.00,20.85
4825,2023-07-21T01:00:00Z,7,2023,21,0.00,0.00,0.00,20.47
4826,2023-07-21T02:00:00Z,7,2023,22,0.00,0.00,0.00,20.04
4827,2023-07-21T03:00:00Z,7,2023,23,0.00,0.00,0.00,19.70
4828,2023-07-21T04:00:00Z,7,2023,0,0.00,0.00,0.00,19.28
4829,2023-07-21T05:00:00Z,7,2023,1,0.00,0.00,0.00,18.98
4830,2023-07-21T06:00:00Z,7,2023,2,0.00,0.00,0.00,18.80
4831,2023-07-21T07:00:00Z,7,2023,3,0.00,0.00,0.00,18.43
4832,2023-07-21T08:00:00Z,7,2023,4,0.00,0.00,0.00,18.53
4833,2023-07-21T09:00:00Z,7,2023,5,4.88,1.88,7.59,18.60
4834,2023-07-21T10:00:00Z,7,2023,6,57.75,41.43,49.83,19.77
4835,2023-07-21T11:00:00Z,7,2023,7,128.88,49.63,106.10,20.74
4836,2023-07-21T12:00:00Z,7,2023,8,205.10,0.00,177.61,21.48
4837,2023-07-21T13:00:00Z,7,2023,9,214.10,0.00,179.83,21.80
4838,2023-07-21T14:00:00Z,7,2023,10,232.00,0.00,189.94,22.41
4839,2023-07-21T15:00:00Z,7,2023,11,216.12,5.60,175.40,22.83
4840,2023-07-21T16:00:00Z,7,2023,12,323.48,43.13,236.29,23.12
4841,2023-07-21T17:00:00Z,7,2023,13,496.70,114.37,319.37,23.64
4842,2023-07-21T18:00:00Z,7,2023,14,476.02,81.91,344.19,24.15
4843,2023-07-21T19:00:00Z,7,2023,15,413.62,83.83,280.83,24.34
4844,2023-07-21T20:00:00Z,7,2023,16,205.68,3.36,173.21,24.10
4845,2023-07-21T21:00:00Z,7,2023,17,144.18,4.53,121.31,23.44
4846,2023-07-21T22:00:00Z,7,2023,18,79.88,2.74,69.06,22.37
4847,2023-07-21T23:00:00Z,7,2023,19,24.65,0.82,22.22,21.16
4848,2023-07-22T00:00:00Z,7,2023,20,0.00,0.00,0.00,20.32
4849,2023-07-22T01:00:00Z,7,2023,21,0.00,0.00,0.00,20.13
4850,2023-07-22T02:00:00Z,7,2023,22,0.00,0.00,0.00,20.03
4851,2023-07-22T03:00:00Z,7,2023,23,0.00,0.00,0.00,19.90
4852,2023-07-22T04:00:00Z,7,2023,0,0.00,0.00,0.00,19.67
4853,2023-07-22T05:00:00Z,7,2023,1,0.00,0.00,0.00,19.37
4854,2023-07-22T06:00:00Z,7,2023,2,0.00,0.00,0.00,18.61
4855,2023-07-22T07:00:00Z,7,2023,3,0.00,0.00,0.00,17.89
4856,2023-07-22T08:00:00Z,7,2023,4,0.00,0.00,0.00,17.53
4857,2023-07-22T09:00:00Z,7,2023,5,4.43,2.86,6.92,17.27
4858,2023-07-22T10:00:00Z,7,2023,6,68.38,89.55,51.66,18.33
4859,2023-07-22T11:00:00Z,7,2023,7,197.77,260.33,111.83,19.61
4860,2023-07-22T12:00:00Z,7,2023,8,363.02,464.60,131.86,20.86
4861,2023-07-22T13:00:00Z,7,2023,9,499.27,492.54,183.55,22.02
4862,2023-07-22T14:00:00Z,7,2023,10,608.95,485.34,223.81,23.60
4863,2023-07-22T15:00:00Z,7,2023,11,730.83,521.21,262.39,24.67
4864,2023-07-22T16:00:00Z,7,2023,12,781.35,470.51,313.01,25.57
4865,2023-07-22T17:00:00Z,7,2023,13,803.25,589.88,269.11,26.19
4866,2023-07-22T18:00:00Z,7,2023,14,731.90,520.21,282.86,26.47
4867,2023-07-22T19:00:00Z,7,2023,15,662.35,582.13,209.63,26.38
4868,2023-07-22T20:00:00Z,7,2023,16,540.12,597.31,154.41,25.94
4869,2023-07-22T21:00:00Z,7,2023,17,360.42,487.74,134.62,25.65
4870,2023-07-22T22:00:00Z,7,2023,18,199.12,365.03,101.96,25.04
4871,2023-07-22T23:00:00Z,7,2023,19,59.75,104.55,49.15,23.15
4872,2023-07-23T00:00:00Z,7,2023,20,0.00,0.00,0.00,22.03
4873,2023-07-23T01:00:00Z,7,2023,21,0.00,0.00,0.00,21.28
4874,2023-07-23T02:00:00Z,7,2023,22,0.00,0.00,0.00,20.28
4875,2023-07-23T03:00:00Z,7,2023,23,0.00,0.00,0.00,19.51
4876,2023-07-23T04:00:00Z,7,2023,0,0.00,0.00,0.00,19.07
4877,2023-07-23T05:00:00Z,7,2023,1,0.00,0.00,0.00,18.79
4878,2023-07-23T06:00:00Z,7,2023,2,0.00,0.00,0.00,18.33
4879,2023-07-23T07:00:00Z,7,2023,3,0.00,0.00,0.00,17.89
4880,2023-07-23T08:00:00Z,7,2023,4,0.00,0.00,0.00,17.55
4881,2023-07-23T09:00:00Z,7,2023,5,5.28,5.74,7.86,17.30
4882,2023-07-23T10:00:00Z,7,2023,6,92.15,201.86,58.09,18.25
4883,2023-07-23T11:00:00Z,7,2023,7,254.90,408.23,119.80,19.90
4884,2023-07-23T12:00:00Z,7,2023,8,440.27,602.76,132.36,22.54
4885,2023-07-23T13:00:00Z,7,2023,9,619.30,721.85,139.09,24.21
4886,2023-07-23T14:00:00Z,7,2023,10,766.35,773.39,150.93,25.18
4887,2023-07-23T15:00:00Z,7,2023,11,878.83,820.66,147.02,25.90
4888,2023-07-23T16:00:00Z,7,2023,12,918.70,823.35,172.17,26.45
4889,2023-07-23T17:00:00Z,7,2023,13,915.10,853.31,133.07,26.82
4890,2023-07-23T18:00:00Z,7,2023,14,859.75,834.40,135.91,27.00
4891,2023-07-23T19:00:00Z,7,2023,15,738.72,751.64,151.05,26.95
4892,2023-07-23T20:00:00Z,7,2023,16,592.42,758.34,108.17,27.93
4893,2023-07-23T21:00:00Z,7,2023,17,413.48,677.59,90.04,29.88
4894,2023-07-23T22:00:00Z,7,2023,18,226.85,527.85,67.08,27.25
4895,2023-07-23T23:00:00Z,7,2023,19,65.62,216.61,33.01,23.90
4896,2023-07-24T00:00:00Z,7,2023,20,0.00,0.00,0.00,21.17
4897,2023-07-24T01:00:00Z,7,2023,21,0.00,0.00,0.00,19.84
4898,2023-07-24T02:00:00Z,7,2023,22,0.00,0.00,0.00,19.47
4899,2023-07-24T03:00:00Z,7,2023,23,0.00,0.00,0.00,19.36
4900,2023-07-24T04:00:00Z,7,2023,0,0.00,0.00,0.00,19.26
4901,2023-07-24T05:00:00Z,7,2023,1,0.00,0.00,0.00,18.79
4902,2023-07-24T06:00:00Z,7,2023,2,0.00,0.00,0.00,18.28
4903,2023-07-24T07:00:00Z,7,2023,3,0.00,0.00,0.00,17.89
4904,2023-07-24T08:00:00Z,7,2023,4,0.00,0.00,0.00,17.57
4905,2023-07-24T09:00:00Z,7,2023,5,4.78,6.72,6.80,17.44
4906,2023-07-24T10:00:00Z,7,2023,6,88.18,196.60,55.24,19.03
4907,2023-07-24T11:00:00Z,7,2023,7,242.93,376.33,112.29,20.59
4908,2023-07-24T12:00:00Z,7,2023,8,413.27,503.82,164.60,22.46
4909,2023-07-24T13:00:00Z,7,2023,9,554.12,432.83,262.83,24.53
4910,2023-07-24T14:00:00Z,7,2023,10,598.17,265.58,364.58,26.00
4911,2023-07-24T15:00:00Z,7,2023,11,644.20,245.19,370.81,26.85
4912,2023-07-24T16:00:00Z,7,2023,12,647.95,147.49,486.48,27.32
4913,2023-07-24T17:00:00Z,7,2023,13,618.08,186.72,362.79,27.58
4914,2023-07-24T18:00:00Z,7,2023,14,633.47,412.26,296.50,27.71
4915,2023-07-24T19:00:00Z,7,2023,15,511.77,372.24,216.46,27.60
4916,2023-07-24T20:00:00Z,7,2023,16,366.65,242.82,209.35,27.16
4917,2023-07-24T21:00:00Z,7,2023,17,246.18,193.14,155.30,26.37
4918,2023-07-24T22:00:00Z,7,2023,18,129.73,118.61,97.70,25.06
4919,2023-07-24T23:00:00Z,7,2023,19,36.28,33.04,32.68,23.14
4920,2023-07-25T00:00:00Z,7,2023,20,0.00,0.00,0.00,21.63
4921,2023-07-25T01:00:00Z,7,2023,21,0.00,0.00,0.00,20.76
4922,2023-07-25T02:00:00Z,7,2023,22,0.00,0.00,0.00,20.06
4923,2023-07-25T03:00:00Z,7,2023,23,0.00,0.00,0.00,19.50
4924,2023-07-25T04:00:00Z,7,2023,0,0.00,0.00,0.00,19.16
4925,2023-07-25T05:00:00Z,7,2023,1,0.00,0.00,0.00,18.94
4926,2023-07-25T06:00:00Z,7,2023,2,0.00,0.00,0.00,18.85
4927,2023-07-25T07:00:00Z,7,2023,3,0.00,0.00,0.00,18.85
4928,2023-07-25T08:00:00Z,7,2023,4,0.00,0.00,0.00,18.93
4929,2023-07-25T09:00:00Z,7,2023,5,3.67,2.94,5.44,19.17
4930,2023-07-25T10:00:00Z,7,2023,6,68.90,113.93,50.64,20.26
4931,2023-07-25T11:00:00Z,7,2023,7,193.23,241.84,111.87,21.57
4932,2023-07-25T12:00:00Z,7,2023,8,344.73,338.44,155.36,23.41
4933,2023-07-25T13:00:00Z,7,2023,9,407.77,234.89,228.85,25.04
4934,2023-07-25T14:00:00Z,7,2023,10,552.60,303.29,280.82,26.19
4935,2023-07-25T15:00:00Z,7,2023,11,690.45,454.92,284.91,27.02
4936,2023-07-25T16:00:00Z,7,2023,12,799.05,583.73,258.80,27.55
4937,2023-07-25T17:00:00Z,7,2023,13,677.72,403.76,285.05,27.70
4938,2023-07-25T18:00:00Z,7,2023,14,534.85,327.17,246.97,27.65
4939,2023-07-25T19:00:00Z,7,2023,15,253.32,70.52,176.73,27.31
4940,2023-07-25T20:00:00Z,7,2023,16,66.97,4.93,56.80,26.98
4941,2023-07-25T21:00:00Z,7,2023,17,56.65,10.27,46.51,26.04
4942,2023-07-25T22:00:00Z,7,2023,18,33.88,7.03,28.97,24.68
4943,2023-07-25T23:00:00Z,7,2023,19,10.57,1.03,9.59,23.16
4944,2023-07-26T00:00:00Z,7,2023,20,0.00,0.00,0.00,22.32
4945,2023-07-26T01:00:00Z,7,2023,21,0.00,0.00,0.00,21.86
4946,2023-07-26T02:00:00Z,7,2023,22,0.00,0.00,0.00,21.34
4947,2023-07-26T03:00:00Z,7,2023,23,0.00,0.00,0.00,20.93
4948,2023-07-26T04:00:00Z,7,2023,0,0.00,0.00,0.00,20.59
4949,2023-07-26T05:00:00Z,7,2023,1,0.00,0.00,0.00,20.23
4950,2023-07-26T06:00:00Z,7,2023,2,0.00,0.00,0.00,20.06
4951,2023-07-26T07:00:00Z,7,2023,3,0.00,0.00,0.00,19.86
4952,2023-07-26T08:00:00Z,7,2023,4,0.00,0.00,0.00,19.84
4953,2023-07-26T09:00:00Z,7,2023,5,3.22,1.43,4.80,19.44
4954,2023-07-26T10:00:00Z,7,2023,6,69.50,99.48,48.46,19.49
4955,2023-07-26T11:00:00Z,7,2023,7,219.43,275.14,115.89,20.16
4956,2023-07-26T12:00:00Z,7,2023,8,376.08,379.30,169.23,21.68
4957,2023-07-26T13:00:00Z,7,2023,9,568.67,563.56,171.36,23.95
4958,2023-07-26T14:00:00Z,7,2023,10,708.83,623.24,192.11,25.73
4959,2023-07-26T15:00:00Z,7,2023,11,807.12,646.99,221.53,26.92
4960,2023-07-26T16:00:00Z,7,2023,12,877.08,720.37,205.21,27.64
4961,2023-07-26T17:00:00Z,7,2023,13,864.95,715.17,197.63,28.06
4962,2023-07-26T18:00:00Z,7,2023,14,801.03,693.39,197.51,28.20
4963,2023-07-26T19:00:00Z,7,2023,15,700.62,663.08,179.95,28.17
4964,2023-07-26T20:00:00Z,7,2023,16,540.72,632.29,137.50,27.89
4965,2023-07-26T21:00:00Z,7,2023,17,363.30,515.41,126.52,27.11
4966,2023-07-26T22:00:00Z,7,2023,18,192.35,309.72,102.23,25.83
4967,2023-07-26T23:00:00Z,7,2023,19,50.40,89.91,40.58,24.06
4968,2023-07-27T00:00:00Z,7,2023,20,0.00,0.00,0.00,22.91
4969,2023-07-27T01:00:00Z,7,2023,21,0.00,0.00,0.00,22.07
4970,2023-07-27T02:00:00Z,7,2023,22,0.00,0.00,0.00,21.34
4971,2023-07-27T03:00:00Z,7,2023,23,0.00,0.00,0.00,20.89
4972,2023-07-27T04:00:00Z,7,2023,0,0.00,0.00,0.00,20.84
4973,2023-07-27T05:00:00Z,7,2023,1,0.00,0.00,0.00,20.72
4974,2023-07-27T06:00:00Z,7,2023,2,0.00,0.00,0.00,20.64
4975,2023-07-27T07:00:00Z,7,2023,3,0.00,0.00,0.00,20.45
4976,2023-07-27T08:00:00Z,7,2023,4,0.00,0.00,0.00,20.44
4977,2023-07-27T09:00:00Z,7,2023,5,1.65,0.00,2.25,20.38
4978,2023-07-27T10:00:00Z,7,2023,6,24.27,7.31,21.07,20.81
4979,2023-07-27T11:00:00Z,7,2023,7,67.50,0.92,57.60,21.93
4980,2023-07-27T12:00:00Z,7,2023,8,135.15,7.23,117.20,23.25
4981,2023-07-27T13:00:00Z,7,2023,9,288.77,18.35,242.01,24.47
4982,2023-07-27T14:00:00Z,7,2023,10,304.80,25.16,235.75,25.75
4983,2023-07-27T15:00:00Z,7,2023,11,325.23,91.83,243.90,27.20
4984,2023-07-27T16:00:00Z,7,2023,12,463.42,166.59,335.58,27.40
4985,2023-07-27T17:00:00Z,7,2023,13,606.80,317.02,354.45,27.42
4986,2023-07-27T18:00:00Z,7,2023,14,553.62,109.55,405.17,27.75
4987,2023-07-27T19:00:00Z,7,2023,15,443.73,95.89,347.36,27.92
4988,2023-07-27T20:00:00Z,7,2023,16,274.42,62.97,209.63,27.49
4989,2023-07-27T21:00:00Z,7,2023,17,177.00,27.81,146.77,26.98
4990,2023-07-27T22:00:00Z,7,2023,18,101.88,20.54,82.19,26.27
4991,2023-07-27T23:00:00Z,7,2023,19,29.70,9.12,27.20,25.21
4992,2023-07-28T00:00:00Z,7,2023,20,0.00,0.00,0.00,24.36
4993,2023-07-28T01:00:00Z,7,2023,21,0.00,0.00,0.00,24.05
4994,2023-07-28T02:00:00Z,7,2023,22,0.00,0.00,0.00,23.83
4995,2023-07-28T03:00:00Z,7,2023,23,0.00,0.00,0.00,23.64
4996,2023-07-28T04:00:00Z,7,2023,0,0.00,0.00,0.00,23.31
4997,2023-07-28T05:00:00Z,7,2023,1,0.00,0.00,0.00,22.91
4998,2023-07-28T06:00:00Z,7,2023,2,0.00,0.00,0.00,22.34
4999,2023-07-28T07:00:00Z,7,2023,3,0.00,0.00,0.00,21.77
5000,2023-07-28T08:00:00Z,7,2023,4,0.00,0.00,0.00,21.23
5001,2023-07-28T09:00:00Z,7,2023,5,3.55,14.45,4.65,20.70
5002,2023-07-28T10:00:00Z,7,2023,6,90.35,279.43,40.77,21.25
5003,2023-07-28T11:00:00Z,7,2023,7,257.35,523.99,79.45,22.56
5004,2023-07-28T12:00:00Z,7,2023,8,442.95,668.58,100.88,24.47
5005,2023-07-28T13:00:00Z,7,2023,9,622.12,805.68,89.40,26.22
5006,2023-07-28T14:00:00Z,7,2023,10,761.67,847.65,96.16,27.62
5007,2023-07-28T15:00:00Z,7,2023,11,858.58,866.18,103.74,28.67
5008,2023-07-28T16:00:00Z,7,2023,12,878.47,768.09,168.85,29.32
5009,2023-07-28T17:00:00Z,7,2023,13,862.75,727.90,176.64,29.72
5010,2023-07-28T18:00:00Z,7,2023,14,781.30,649.89,218.29,29.85
5011,2023-07-28T19:00:00Z,7,2023,15,691.35,663.73,172.31,29.69
5012,2023-07-28T20:00:00Z,7,2023,16,544.58,631.21,140.86,29.30
5013,2023-07-28T21:00:00Z,7,2023,17,367.62,510.41,120.28,28.70
5014,2023-07-28T22:00:00Z,7,2023,18,190.32,342.61,89.34,27.54
5015,2023-07-28T23:00:00Z,7,2023,19,46.62,98.37,33.82,25.48
5016,2023-07-29T00:00:00Z,7,2023,20,0.00,0.00,0.00,24.34
5017,2023-07-29T01:00:00Z,7,2023,21,0.00,0.00,0.00,23.97
5018,2023-07-29T02:00:00Z,7,2023,22,0.00,0.00,0.00,23.37
5019,2023-07-29T03:00:00Z,7,2023,23,0.00,0.00,0.00,22.84
5020,2023-07-29T04:00:00Z,7,2023,0,0.00,0.00,0.00,22.47
5021,2023-07-29T05:00:00Z,7,2023,1,0.00,0.00,0.00,22.08
5022,2023-07-29T06:00:00Z,7,2023,2,0.00,0.00,0.00,21.96
5023,2023-07-29T07:00:00Z,7,2023,3,0.00,0.00,0.00,21.86
5024,2023-07-29T08:00:00Z,7,2023,4,0.00,0.00,0.00,21.69
5025,2023-07-29T09:00:00Z,7,2023,5,0.00,0.00,0.00,21.49
5026,2023-07-29T10:00:00Z,7,2023,6,43.67,10.53,38.40,22.26
5027,2023-07-29T11:00:00Z,7,2023,7,130.85,19.46,110.83,23.60
5028,2023-07-29T12:00:00Z,7,2023,8,243.55,34.13,192.69,25.52
5029,2023-07-29T13:00:00Z,7,2023,9,445.60,248.62,262.98,27.07
5030,2023-07-29T14:00:00Z,7,2023,10,510.27,311.21,278.06,28.25
5031,2023-07-29T15:00:00Z,7,2023,11,555.35,102.38,416.50,28.99
5032,2023-07-29T16:00:00Z,7,2023,12,534.28,176.04,317.62,29.37
5033,2023-07-29T17:00:00Z,7,2023,13,429.17,40.06,337.82,29.31
5034,2023-07-29T18:00:00Z,7,2023,14,407.80,156.21,251.55,28.81
5035,2023-07-29T19:00:00Z,7,2023,15,350.05,102.27,258.10,27.99
5036,2023-07-29T20:00:00Z,7,2023,16,210.65,51.59,173.10,27.49
5037,2023-07-29T21:00:00Z,7,2023,17,125.15,22.93,105.05,26.46
5038,2023-07-29T22:00:00Z,7,2023,18,59.85,10.81,50.99,24.64
5039,2023-07-29T23:00:00Z,7,2023,19,15.38,1.02,13.86,23.55
5040,2023-07-30T00:00:00Z,7,2023,20,0.00,0.00,0.00,22.89
5041,2023-07-30T01:00:00Z,7,2023,21,0.00,0.00,0.00,22.04
5042,2023-07-30T02:00:00Z,7,2023,22,0.00,0.00,0.00,19.43
5043,2023-07-30T03:00:00Z,7,2023,23,0.00,0.00,0.00,17.55
5044,2023-07-30T04:00:00Z,7,2023,0,0.00,0.00,0.00,16.89
5045,2023-07-30T05:00:00Z,7,2023,1,0.00,0.00,0.00,16.14
5046,2023-07-30T06:00:00Z,7,2023,2,0.00,0.00,0.00,15.50
5047,2023-07-30T07:00:00Z,7,2023,3,0.00,0.00,0.00,14.94
5048,2023-07-30T08:00:00Z,7,2023,4,0.00,0.00,0.00,14.44
5049,2023-07-30T09:00:00Z,7,2023,5,0.00,0.00,0.00,14.08
5050,2023-07-30T10:00:00Z,7,2023,6,89.90,232.89,47.89,14.56
5051,2023-07-30T11:00:00Z,7,2023,7,249.73,485.14,92.08,15.93
5052,2023-07-30T12:00:00Z,7,2023,8,427.62,626.41,114.11,17.74
5053,2023-07-30T13:00:00Z,7,2023,9,550.97,552.19,195.05,19.28
5054,2023-07-30T14:00:00Z,7,2023,10,655.65,436.23,304.52,20.50
5055,2023-07-30T15:00:00Z,7,2023,11,722.97,414.12,347.21,21.51
5056,2023-07-30T16:00:00Z,7,2023,12,824.10,518.30,325.45,22.36
5057,2023-07-30T17:00:00Z,7,2023,13,875.62,757.96,198.28,22.95
5058,2023-07-30T18:00:00Z,7,2023,14,825.05,850.02,112.75,23.32
5059,2023-07-30T19:00:00Z,7,2023,15,745.70,856.54,104.19,23.45
5060,2023-07-30T20:00:00Z,7,2023,16,590.88,799.44,97.28,23.26
5061,2023-07-30T21:00:00Z,7,2023,17,408.98,717.92,79.02,22.83
5062,2023-07-30T22:00:00Z,7,2023,18,219.98,547.41,63.07,22.01
5063,2023-07-30T23:00:00Z,7,2023,19,54.78,232.69,27.78,19.67
5064,2023-07-31T00:00:00Z,7,2023,20,0.00,0.00,0.00,17.98
5065,2023-07-31T01:00:00Z,7,2023,21,0.00,0.00,0.00,17.26
5066,2023-07-31T02:00:00Z,7,2023,22,0.00,0.00,0.00,16.62
5067,2023-07-31T03:00:00Z,7,2023,23,0.00,0.00,0.00,16.10
5068,2023-07-31T04:00:00Z,7,2023,0,0.00,0.00,0.00,15.69
5069,2023-07-31T05:00:00Z,7,2023,1,0.00,0.00,0.00,15.36
5070,2023-07-31T06:00:00Z,7,2023,2,0.00,0.00,0.00,15.09
5071,2023-07-31T07:00:00Z,7,2023,3,0.00,0.00,0.00,14.74
5072,2023-07-31T08:00:00Z,7,2023,4,0.00,0.00,0.00,14.73
5073,2023-07-31T09:00:00Z,7,2023,5,0.00,0.00,0.00,14.66
5074,2023-07-31T10:00:00Z,7,2023,6,84.43,211.22,51.86,16.09
5075,2023-07-31T11:00:00Z,7,2023,7,236.88,433.70,102.19,17.95
5076,2023-07-31T12:00:00Z,7,2023,8,415.92,557.52,135.70,20.63
5077,2023-07-31T13:00:00Z,7,2023,9,584.90,671.99,146.53,22.31
5078,2023-07-31T14:00:00Z,7,2023,10,725.35,712.93,162.12,23.28
5079,2023-07-31T15:00:00Z,7,2023,11,834.28,726.02,192.79,23.97
5080,2023-07-31T16:00:00Z,7,2023,12,845.40,621.74,267.42,24.51
5081,2023-07-31T17:00:00Z,7,2023,13,730.60,586.95,205.78,24.91
5082,2023-07-31T18:00:00Z,7,2023,14,701.53,491.91,268.21,25.11
5083,2023-07-31T19:00:00Z,7,2023,15,603.47,509.70,212.94,25.03
5084,2023-07-31T20:00:00Z,7,2023,16,422.62,352.70,204.53,24.67
5085,2023-07-31T21:00:00Z,7,2023,17,269.00,262.27,151.89,23.88
5086,2023-07-31T22:00:00Z,7,2023,18,139.50,143.85,99.69,22.59
5087,2023-07-31T23:00:00Z,7,2023,19,29.30,31.40,26.43,20.43
5088,2023-08-01T00:00:00Z,8,2023,20,0.03,0.00,0.03,19.16
5089,2023-08-01T01:00:00Z,8,2023,21,0.00,0.00,0.00,18.75
5090,2023-08-01T02:00:00Z,8,2023,22,0.00,0.00,0.00,18.02
5091,2023-08-01T03:00:00Z,8,2023,23,0.00,0.00,0.00,17.33
5092,2023-08-01T04:00:00Z,8,2023,0,0.00,0.00,0.00,16.74
5093,2023-08-01T05:00:00Z,8,2023,1,0.00,0.00,0.00,16.35
5094,2023-08-01T06:00:00Z,8,2023,2,0.00,0.00,0.00,15.97
5095,2023-08-01T07:00:00Z,8,2023,3,0.00,0.00,0.00,15.72
5096,2023-08-01T08:00:00Z,8,2023,4,0.00,0.00,0.00,15.39
5097,2023-08-01T09:00:00Z,8,2023,5,0.00,0.00,0.00,14.68
5098,2023-08-01T10:00:00Z,8,2023,6,86.22,233.78,45.35,15.39
5099,2023-08-01T11:00:00Z,8,2023,7,250.70,510.69,86.32,16.95
5100,2023-08-01T12:00:00Z,8,2023,8,437.70,656.57,109.80,18.81
5101,2023-08-01T13:00:00Z,8,2023,9,610.28,747.29,120.40,19.98
5102,2023-08-01T14:00:00Z,8,2023,10,749.30,802.32,127.85,20.97
5103,2023-08-01T15:00:00Z,8,2023,11,861.62,790.18,172.31,21.78
5104,2023-08-01T16:00:00Z,8,2023,12,857.75,610.28,298.13,22.38
5105,2023-08-01T17:00:00Z,8,2023,13,834.70,681.28,225.24,22.78
5106,2023-08-01T18:00:00Z,8,2023,14,735.83,472.74,304.81,22.97
5107,2023-08-01T19:00:00Z,8,2023,15,630.80,425.16,281.72,22.85
5108,2023-08-01T20:00:00Z,8,2023,16,483.77,452.77,208.32,22.41
5109,2023-08-01T21:00:00Z,8,2023,17,326.55,384.09,149.67,21.85
5110,2023-08-01T22:00:00Z,8,2023,18,174.25,336.55,84.60,20.60
5111,2023-08-01T23:00:00Z,8,2023,19,43.08,116.56,30.68,18.20
5112,2023-08-02T00:00:00Z,8,2023,20,0.00,0.00,0.00,16.48
5113,2023-08-02T01:00:00Z,8,2023,21,0.00,0.00,0.00,15.91
5114,2023-08-02T02:00:00Z,8,2023,22,0.00,0.00,0.00,15.23
5115,2023-08-02T03:00:00Z,8,2023,23,0.00,0.00,0.00,14.61
5116,2023-08-02T04:00:00Z,8,2023,0,0.00,0.00,0.00,14.10
5117,2023-08-02T05:00:00Z,8,2023,1,0.00,0.00,0.00,13.57
5118,2023-08-02T06:00:00Z,8,2023,2,0.00,0.00,0.00,13.07
5119,2023-08-02T07:00:00Z,8,2023,3,0.00,0.00,0.00,12.66
5120,2023-08-02T08:00:00Z,8,2023,4,0.00,0.00,0.00,12.29
5121,2023-08-02T09:00:00Z,8,2023,5,0.00,0.00,0.00,11.93
5122,2023-08-02T10:00:00Z,8,2023,6,84.43,231.69,43.93,13.02
5123,2023-08-02T11:00:00Z,8,2023,7,248.90,520.80,82.86,15.00
5124,2023-08-02T12:00:00Z,8,2023,8,433.60,622.85,124.67,18.12
5125,2023-08-02T13:00:00Z,8,2023,9,604.42,681.49,153.14,20.01
5126,2023-08-02T14:00:00Z,8,2023,10,740.83,725.74,171.83,21.11
5127,2023-08-02T15:00:00Z,8,2023,11,779.42,574.79,268.99,21.95
5128,2023-08-02T16:00:00Z,8,2023,12,760.38,582.48,243.71,22.61
5129,2023-08-02T17:00:00Z,8,2023,13,746.42,636.72,198.21,23.12
5130,2023-08-02T18:00:00Z,8,2023,14,665.83,316.55,359.54,23.48
5131,2023-08-02T19:00:00Z,8,2023,15,604.05,346.81,302.75,23.48
5132,2023-08-02T20:00:00Z,8,2023,16,492.08,445.83,199.98,23.22
5133,2023-08-02T21:00:00Z,8,2023,17,317.90,374.36,143.79,23.37
5134,2023-08-02T22:00:00Z,8,2023,18,169.00,264.00,94.15,22.43
5135,2023-08-02T23:00:00Z,8,2023,19,37.30,59.83,30.09,19.45
5136,2023-08-03T00:00:00Z,8,2023,20,0.00,0.00,0.00,16.70
5137,2023-08-03T01:00:00Z,8,2023,21,0.00,0.00,0.00,15.87
5138,2023-08-03T02:00:00Z,8,2023,22,0.00,0.00,0.00,15.70
5139,2023-08-03T03:00:00Z,8,2023,23,0.00,0.00,0.00,15.40
5140,2023-08-03T04:00:00Z,8,2023,0,0.00,0.00,0.00,14.78
5141,2023-08-03T05:00:00Z,8,2023,1,0.00,0.00,0.00,14.45
5142,2023-08-03T06:00:00Z,8,2023,2,0.00,0.00,0.00,14.10
5143,2023-08-03T07:00:00Z,8,2023,3,0.00,0.00,0.00,13.75
5144,2023-08-03T08:00:00Z,8,2023,4,0.00,0.00,0.00,13.49
5145,2023-08-03T09:00:00Z,8,2023,5,0.00,0.00,0.00,13.26
5146,2023-08-03T10:00:00Z,8,2023,6,69.43,109.61,52.47,14.60
5147,2023-08-03T11:00:00Z,8,2023,7,215.43,324.23,113.60,16.72
5148,2023-08-03T12:00:00Z,8,2023,8,387.45,444.25,166.54,19.58
5149,2023-08-03T13:00:00Z,8,2023,9,554.10,533.28,193.38,21.63
5150,2023-08-03T14:00:00Z,8,2023,10,665.45,502.05,250.68,22.93
5151,2023-08-03T15:00:00Z,8,2023,11,747.10,491.20,285.59,23.76
5152,2023-08-03T16:00:00Z,8,2023,12,813.65,563.20,266.54,24.35
5153,2023-08-03T17:00:00Z,8,2023,13,754.12,486.04,277.93,24.70
5154,2023-08-03T18:00:00Z,8,2023,14,681.17,340.84,325.61,24.76
5155,2023-08-03T19:00:00Z,8,2023,15,538.85,289.23,268.50,24.54
5156,2023-08-03T20:00:00Z,8,2023,16,387.38,188.69,228.24,23.99
5157,2023-08-03T21:00:00Z,8,2023,17,247.70,100.81,189.09,23.03
5158,2023-08-03T22:00:00Z,8,2023,18,129.80,43.45,111.34,21.56
5159,2023-08-03T23:00:00Z,8,2023,19,27.40,4.02,26.72,20.04
5160,2023-08-04T00:00:00Z,8,2023,20,0.00,0.00,0.00,18.95
5161,2023-08-04T01:00:00Z,8,2023,21,0.00,0.00,0.00,18.29
5162,2023-08-04T02:00:00Z,8,2023,22,0.00,0.00,0.00,17.85
5163,2023-08-04T03:00:00Z,8,2023,23,0.00,0.00,0.00,17.55
5164,2023-08-04T04:00:00Z,8,2023,0,0.00,0.00,0.00,17.48
5165,2023-08-04T05:00:00Z,8,2023,1,0.00,0.00,0.00,17.48
5166,2023-08-04T06:00:00Z,8,2023,2,0.00,0.00,0.00,17.51
5167,2023-08-04T07:00:00Z,8,2023,3,0.00,0.00,0.00,17.56
5168,2023-08-04T08:00:00Z,8,2023,4,0.00,0.00,0.00,17.56
5169,2023-08-04T09:00:00Z,8,2023,5,0.00,0.00,0.00,17.49
5170,2023-08-04T10:00:00Z,8,2023,6,26.85,0.00,23.46,17.72
5171,2023-08-04T11:00:00Z,8,2023,7,96.12,1.21,83.71,18.95
5172,2023-08-04T12:00:00Z,8,2023,8,169.75,3.62,140.38,20.89
5173,2023-08-04T13:00:00Z,8,2023,9,232.93,33.18,193.35,22.61
5174,2023-08-04T14:00:00Z,8,2023,10,360.30,26.62,280.86,23.75
5175,2023-08-04T15:00:00Z,8,2023,11,319.40,13.35,255.46,24.49
5176,2023-08-04T16:00:00Z,8,2023,12,290.38,52.83,214.23,24.77
5177,2023-08-04T17:00:00Z,8,2023,13,354.02,45.80,258.24,24.76
5178,2023-08-04T18:00:00Z,8,2023,14,360.67,22.69,291.19,24.57
5179,2023-08-04T19:00:00Z,8,2023,15,352.50,26.81,276.21,24.41
5180,2023-08-04T20:00:00Z,8,2023,16,208.50,24.30,172.05,24.25
5181,2023-08-04T21:00:00Z,8,2023,17,150.43,54.72,121.97,23.54
5182,2023-08-04T22:00:00Z,8,2023,18,74.38,24.98,63.21,22.54
5183,2023-08-04T23:00:00Z,8,2023,19,15.60,2.76,15.18,21.21
5184,2023-08-05T00:00:00Z,8,2023,20,0.00,0.00,0.00,20.22
5185,2023-08-05T01:00:00Z,8,2023,21,0.00,0.00,0.00,19.59
5186,2023-08-05T02:00:00Z,8,2023,22,0.00,0.00,0.00,19.22
5187,2023-08-05T03:00:00Z,8,2023,23,0.00,0.00,0.00,19.16
5188,2023-08-05T04:00:00Z,8,2023,0,0.00,0.00,0.00,19.06
5189,2023-08-05T05:00:00Z,8,2023,1,0.00,0.00,0.00,18.99
5190,2023-08-05T06:00:00Z,8,2023,2,0.00,0.00,0.00,19.05
5191,2023-08-05T07:00:00Z,8,2023,3,0.00,0.00,0.00,18.93
5192,2023-08-05T08:00:00Z,8,2023,4,0.00,0.00,0.00,18.79
5193,2023-08-05T09:00:00Z,8,2023,5,0.00,0.00,0.00,18.57
5194,2023-08-05T10:00:00Z,8,2023,6,70.68,181.07,40.94,18.60
5195,2023-08-05T11:00:00Z,8,2023,7,219.70,388.54,100.67,19.36
5196,2023-08-05T12:00:00Z,8,2023,8,411.73,599.68,123.37,20.48
5197,2023-08-05T13:00:00Z,8,2023,9,590.60,704.06,140.05,22.07
5198,2023-08-05T14:00:00Z,8,2023,10,702.22,629.45,221.80,23.47
5199,2023-08-05T15:00:00Z,8,2023,11,785.78,675.15,205.77,24.63
5200,2023-08-05T16:00:00Z,8,2023,12,807.90,596.25,256.60,25.64
5201,2023-08-05T17:00:00Z,8,2023,13,792.35,593.59,241.71,26.27
5202,2023-08-05T18:00:00Z,8,2023,14,702.97,637.80,175.61,26.52
5203,2023-08-05T19:00:00Z,8,2023,15,605.28,451.07,269.07,26.22
5204,2023-08-05T20:00:00Z,8,2023,16,419.60,242.86,259.76,25.97
5205,2023-08-05T21:00:00Z,8,2023,17,271.40,184.22,182.79,25.50
5206,2023-08-05T22:00:00Z,8,2023,18,135.98,103.15,107.22,23.99
5207,2023-08-05T23:00:00Z,8,2023,19,28.67,26.59,28.64,21.77
5208,2023-08-06T00:00:00Z,8,2023,20,0.00,0.00,0.00,20.44
5209,2023-08-06T01:00:00Z,8,2023,21,0.00,0.00,0.00,19.63
5210,2023-08-06T02:00:00Z,8,2023,22,0.00,0.00,0.00,18.81
5211,2023-08-06T03:00:00Z,8,2023,23,0.00,0.00,0.00,18.22
5212,2023-08-06T04:00:00Z,8,2023,0,0.00,0.00,0.00,17.43
5213,2023-08-06T05:00:00Z,8,2023,1,0.00,0.00,0.00,16.47
5214,2023-08-06T06:00:00Z,8,2023,2,0.00,0.00,0.00,15.57
5215,2023-08-06T07:00:00Z,8,2023,3,0.00,0.00,0.00,14.98
5216,2023-08-06T08:00:00Z,8,2023,4,0.00,0.00,0.00,14.65
5217,2023-08-06T09:00:00Z,8,2023,5,0.00,0.00,0.00,14.35
5218,2023-08-06T10:00:00Z,8,2023,6,78.28,276.69,35.14,15.74
5219,2023-08-06T11:00:00Z,8,2023,7,251.80,597.31,66.92,17.76
5220,2023-08-06T12:00:00Z,8,2023,8,443.20,743.15,82.48,20.53
5221,2023-08-06T13:00:00Z,8,2023,9,620.33,846.33,84.32,22.85
5222,2023-08-06T14:00:00Z,8,2023,10,765.12,885.66,89.18,24.15
5223,2023-08-06T15:00:00Z,8,2023,11,866.33,915.57,88.31,24.96
5224,2023-08-06T16:00:00Z,8,2023,12,893.05,780.11,175.10,25.44
5225,2023-08-06T17:00:00Z,8,2023,13,813.20,776.30,142.00,25.75
5226,2023-08-06T18:00:00Z,8,2023,14,788.60,708.76,201.96,25.88
5227,2023-08-06T19:00:00Z,8,2023,15,696.47,694.63,168.20,25.77
5228,2023-08-06T20:00:00Z,8,2023,16,548.50,696.28,127.66,25.44
5229,2023-08-06T21:00:00Z,8,2023,17,368.33,608.42,104.55,25.02
5230,2023-08-06T22:00:00Z,8,2023,18,185.73,434.43,72.84,23.64
5231,2023-08-06T23:00:00Z,8,2023,19,35.62,120.83,26.99,21.01
5232,2023-08-07T00:00:00Z,8,2023,20,0.00,0.00,0.00,19.76
5233,2023-08-07T01:00:00Z,8,2023,21,0.00,0.00,0.00,19.17
5234,2023-08-07T02:00:00Z,8,2023,22,0.00,0.00,0.00,18.75
5235,2023-08-07T03:00:00Z,8,2023,23,0.00,0.00,0.00,18.44
5236,2023-08-07T04:00:00Z,8,2023,0,0.00,0.00,0.00,17.97
5237,2023-08-07T05:00:00Z,8,2023,1,0.00,0.00,0.00,17.68
5238,2023-08-07T06:00:00Z,8,2023,2,0.00,0.00,0.00,17.36
5239,2023-08-07T07:00:00Z,8,2023,3,0.00,0.00,0.00,17.08
5240,2023-08-07T08:00:00Z,8,2023,4,0.00,0.00,0.00,16.76
5241,2023-08-07T09:00:00Z,8,2023,5,0.00,0.00,0.00,16.66
5242,2023-08-07T10:00:00Z,8,2023,6,31.25,4.09,28.08,17.30
5243,2023-08-07T11:00:00Z,8,2023,7,104.30,4.40,90.10,18.33
5244,2023-08-07T12:00:00Z,8,2023,8,186.65,3.03,159.72,19.24
5245,2023-08-07T13:00:00Z,8,2023,9,190.23,0.00,160.65,20.70
5246,2023-08-07T14:00:00Z,8,2023,10,186.45,32.89,139.73,22.21
5247,2023-08-07T15:00:00Z,8,2023,11,233.68,18.66,177.29,22.81
5248,2023-08-07T16:00:00Z,8,2023,12,241.55,27.15,182.43,22.82
5249,2023-08-07T17:00:00Z,8,2023,13,240.27,15.00,193.37,22.54
5250,2023-08-07T18:00:00Z,8,2023,14,180.05,11.50,145.36,22.16
5251,2023-08-07T19:00:00Z,8,2023,15,119.90,6.77,97.37,21.96
5252,2023-08-07T20:00:00Z,8,2023,16,94.45,15.86,75.69,21.91
5253,2023-08-07T21:00:00Z,8,2023,17,81.20,48.10,62.57,21.91
5254,2023-08-07T22:00:00Z,8,2023,18,42.95,29.26,33.78,21.57
5255,2023-08-07T23:00:00Z,8,2023,19,9.30,7.55,9.11,20.68
5256,2023-08-08T00:00:00Z,8,2023,20,0.00,0.00,0.00,19.95
5257,2023-08-08T01:00:00Z,8,2023,21,0.00,0.00,0.00,19.71
5258,2023-08-08T02:00:00Z,8,2023,22,0.00,0.00,0.00,19.79
5259,2023-08-08T03:00:00Z,8,2023,23,0.00,0.00,0.00,19.87
5260,2023-08-08T04:00:00Z,8,2023,0,0.00,0.00,0.00,19.93
5261,2023-08-08T05:00:00Z,8,2023,1,0.00,0.00,0.00,20.03
5262,2023-08-08T06:00:00Z,8,2023,2,0.00,0.00,0.00,20.09
5263,2023-08-08T07:00:00Z,8,2023,3,0.00,0.00,0.00,20.17
5264,2023-08-08T08:00:00Z,8,2023,4,0.00,0.00,0.00,20.24
5265,2023-08-08T09:00:00Z,8,2023,5,0.00,0.00,0.00,20.23
5266,2023-08-08T10:00:00Z,8,2023,6,15.82,4.20,14.17,20.20
5267,2023-08-08T11:00:00Z,8,2023,7,51.38,13.05,43.80,20.32
5268,2023-08-08T12:00:00Z,8,2023,8,94.60,14.39,78.99,21.01
5269,2023-08-08T13:00:00Z,8,2023,9,144.38,43.92,103.38,21.95
5270,2023-08-08T14:00:00Z,8,2023,10,336.15,144.79,202.39,23.25
5271,2023-08-08T15:00:00Z,8,2023,11,427.98,243.11,230.45,24.48
5272,2023-08-08T16:00:00Z,8,2023,12,575.67,207.39,351.77,25.98
5273,2023-08-08T17:00:00Z,8,2023,13,620.97,270.67,339.26,26.91
5274,2023-08-08T18:00:00Z,8,2023,14,499.75,186.16,302.18,27.14
5275,2023-08-08T19:00:00Z,8,2023,15,519.60,358.50,245.14,27.14
5276,2023-08-08T20:00:00Z,8,2023,16,438.95,436.25,176.27,26.68
5277,2023-08-08T21:00:00Z,8,2023,17,274.50,324.44,140.90,26.12
5278,2023-08-08T22:00:00Z,8,2023,18,130.07,167.13,90.96,24.70
5279,2023-08-08T23:00:00Z,8,2023,19,18.33,20.60,18.90,22.98
5280,2023-08-09T00:00:00Z,8,2023,20,0.00,0.00,0.00,22.08
5281,2023-08-09T01:00:00Z,8,2023,21,0.00,0.00,0.00,21.27
5282,2023-08-09T02:00:00Z,8,2023,22,0.00,0.00,0.00,20.63
5283,2023-08-09T03:00:00Z,8,2023,23,0.00,0.00,0.00,20.04
5284,2023-08-09T04:00:00Z,8,2023,0,0.00,0.00,0.00,19.76
5285,2023-08-09T05:00:00Z,8,2023,1,0.00,0.00,0.00,19.50
5286,2023-08-09T06:00:00Z,8,2023,2,0.00,0.00,0.00,19.26
5287,2023-08-09T07:00:00Z,8,2023,3,0.00,0.00,0.00,18.95
5288,2023-08-09T08:00:00Z,8,2023,4,0.00,0.00,0.00,18.46
5289,2023-08-09T09:00:00Z,8,2023,5,0.00,0.00,0.00,18.18
5290,2023-08-09T10:00:00Z,8,2023,6,50.25,65.90,43.13,18.41
5291,2023-08-09T11:00:00Z,8,2023,7,186.25,220.97,119.91,19.45
5292,2023-08-09T12:00:00Z,8,2023,8,350.35,376.12,183.76,20.68
5293,2023-08-09T13:00:00Z,8,2023,9,531.55,510.51,210.11,21.96
5294,2023-08-09T14:00:00Z,8,2023,10,655.00,493.47,271.02,23.02
5295,2023-08-09T15:00:00Z,8,2023,11,727.83,454.73,321.23,23.94
5296,2023-08-09T16:00:00Z,8,2023,12,838.70,627.82,298.96,24.68
5297,2023-08-09T17:00:00Z,8,2023,13,713.28,331.70,377.78,25.26
5298,2023-08-09T18:00:00Z,8,2023,14,727.97,508.64,320.64,25.68
5299,2023-08-09T19:00:00Z,8,2023,15,609.42,483.56,240.93,25.78
5300,2023-08-09T20:00:00Z,8,2023,16,477.90,474.43,179.66,25.47
5301,2023-08-09T21:00:00Z,8,2023,17,307.25,351.61,153.56,24.70
5302,2023-08-09T22:00:00Z,8,2023,18,146.02,217.26,84.65,23.48
5303,2023-08-09T23:00:00Z,8,2023,19,23.62,29.08,21.48,21.56
5304,2023-08-10T00:00:00Z,8,2023,20,0.00,0.00,0.00,20.54
5305,2023-08-10T01:00:00Z,8,2023,21,0.00,0.00,0.00,20.02
5306,2023-08-10T02:00:00Z,8,2023,22,0.00,0.00,0.00,19.42
5307,2023-08-10T03:00:00Z,8,2023,23,0.00,0.00,0.00,19.15
5308,2023-08-10T04:00:00Z,8,2023,0,0.00,0.00,0.00,18.98
5309,2023-08-10T05:00:00Z,8,2023,1,0.00,0.00,0.00,18.72
5310,2023-08-10T06:00:00Z,8,2023,2,0.00,0.00,0.00,18.37
5311,2023-08-10T07:00:00Z,8,2023,3,0.00,0.00,0.00,18.03
5312,2023-08-10T08:00:00Z,8,2023,4,0.00,0.00,0.00,17.72
5313,2023-08-10T09:00:00Z,8,2023,5,0.00,0.00,0.00,17.22
5314,2023-08-10T10:00:00Z,8,2023,6,45.25,63.66,34.92,17.62
5315,2023-08-10T11:00:00Z,8,2023,7,138.85,143.82,104.56,19.25
5316,2023-08-10T12:00:00Z,8,2023,8,235.60,114.74,174.93,21.09
5317,2023-08-10T13:00:00Z,8,2023,9,280.35,0.44,236.70,22.20
5318,2023-08-10T14:00:00Z,8,2023,10,529.08,204.89,331.76,23.63
5319,2023-08-10T15:00:00Z,8,2023,11,554.30,294.97,308.57,24.67
5320,2023-08-10T16:00:00Z,8,2023,12,652.60,178.76,428.98,25.07
5321,2023-08-10T17:00:00Z,8,2023,13,452.70,2.29,361.23,25.60
5322,2023-08-10T18:00:00Z,8,2023,14,251.02,0.00,201.89,25.88
5323,2023-08-10T19:00:00Z,8,2023,15,246.88,0.00,208.81,25.19
5324,2023-08-10T20:00:00Z,8,2023,16,124.10,15.76,105.51,23.46
5325,2023-08-10T21:00:00Z,8,2023,17,125.88,0.00,107.18,22.13
5326,2023-08-10T22:00:00Z,8,2023,18,63.83,0.00,55.88,21.34
5327,2023-08-10T23:00:00Z,8,2023,19,11.35,0.00,11.35,20.67
5328,2023-08-11T00:00:00Z,8,2023,20,0.00,0.00,0.00,20.13
5329,2023-08-11T01:00:00Z,8,2023,21,0.00,0.00,0.00,19.80
5330,2023-08-11T02:00:00Z,8,2023,22,0.00,0.00,0.00,19.61
5331,2023-08-11T03:00:00Z,8,2023,23,0.00,0.00,0.00,19.47
5332,2023-08-11T04:00:00Z,8,2023,0,0.00,0.00,0.00,19.21
5333,2023-08-11T05:00:00Z,8,2023,1,0.00,0.00,0.00,18.87
5334,2023-08-11T06:00:00Z,8,2023,2,0.00,0.00,0.00,18.56
5335,2023-08-11T07:00:00Z,8,2023,3,0.00,0.00,0.00,18.49
5336,2023-08-11T08:00:00Z,8,2023,4,0.00,0.00,0.00,18.07
5337,2023-08-11T09:00:00Z,8,2023,5,0.00,0.00,0.00,17.39
5338,2023-08-11T10:00:00Z,8,2023,6,66.80,286.30,29.73,17.29
5339,2023-08-11T11:00:00Z,8,2023,7,243.38,624.66,55.88,18.23
5340,2023-08-11T12:00:00Z,8,2023,8,437.75,772.45,72.17,19.81
5341,2023-08-11T13:00:00Z,8,2023,9,614.58,853.82,80.08,21.58
5342,2023-08-11T14:00:00Z,8,2023,10,757.92,892.10,89.91,22.88
5343,2023-08-11T15:00:00Z,8,2023,11,793.40,642.40,249.68,23.55
5344,2023-08-11T16:00:00Z,8,2023,12,776.92,580.70,287.02,24.04
5345,2023-08-11T17:00:00Z,8,2023,13,771.20,617.25,238.93,24.42
5346,2023-08-11T18:00:00Z,8,2023,14,689.83,427.57,320.94,24.63
5347,2023-08-11T19:00:00Z,8,2023,15,627.75,574.85,203.84,24.61
5348,2023-08-11T20:00:00Z,8,2023,16,516.53,628.70,141.32,24.36
5349,2023-08-11T21:00:00Z,8,2023,17,338.55,580.45,97.89,23.76
5350,2023-08-11T22:00:00Z,8,2023,18,165.68,434.61,62.02,22.45
5351,2023-08-11T23:00:00Z,8,2023,19,26.15,99.79,19.88,20.29
5352,2023-08-12T00:00:00Z,8,2023,20,0.00,0.00,0.00,18.98
5353,2023-08-12T01:00:00Z,8,2023,21,0.00,0.00,0.00,18.17
5354,2023-08-12T02:00:00Z,8,2023,22,0.00,0.00,0.00,17.47
5355,2023-08-12T03:00:00Z,8,2023,23,0.00,0.00,0.00,16.90
5356,2023-08-12T04:00:00Z,8,2023,0,0.00,0.00,0.00,16.39
5357,2023-08-12T05:00:00Z,8,2023,1,0.00,0.00,0.00,15.85
5358,2023-08-12T06:00:00Z,8,2023,2,0.00,0.00,0.00,15.30
5359,2023-08-12T07:00:00Z,8,2023,3,0.00,0.00,0.00,14.87
5360,2023-08-12T08:00:00Z,8,2023,4,0.00,0.00,0.00,14.47
5361,2023-08-12T09:00:00Z,8,2023,5,0.00,0.00,0.00,14.09
5362,2023-08-12T10:00:00Z,8,2023,6,61.00,198.52,35.63,15.33
5363,2023-08-12T11:00:00Z,8,2023,7,227.43,529.91,75.42,17.42
5364,2023-08-12T12:00:00Z,8,2023,8,413.58,662.36,101.67,20.24
5365,2023-08-12T13:00:00Z,8,2023,9,589.50,742.85,117.89,23.10
5366,2023-08-12T14:00:00Z,8,2023,10,721.35,748.63,156.55,24.20
5367,2023-08-12T15:00:00Z,8,2023,11,754.58,554.55,281.87,25.05
5368,2023-08-12T16:00:00Z,8,2023,12,775.25,505.26,307.03,25.84
5369,2023-08-12T17:00:00Z,8,2023,13,769.10,538.74,310.79,26.41
5370,2023-08-12T18:00:00Z,8,2023,14,594.60,234.60,367.54,26.68
5371,2023-08-12T19:00:00Z,8,2023,15,520.50,273.29,300.79,26.60
5372,2023-08-12T20:00:00Z,8,2023,16,357.23,110.52,260.88,25.86
5373,2023-08-12T21:00:00Z,8,2023,17,226.52,64.90,183.99,24.35
5374,2023-08-12T22:00:00Z,8,2023,18,102.43,25.93,85.93,22.92
5375,2023-08-12T23:00:00Z,8,2023,19,17.00,6.02,20.06,21.60
5376,2023-08-13T00:00:00Z,8,2023,20,0.00,0.00,0.00,21.03
5377,2023-08-13T01:00:00Z,8,2023,21,0.00,0.00,0.00,20.94
5378,2023-08-13T02:00:00Z,8,2023,22,0.00,0.00,0.00,20.56
5379,2023-08-13T03:00:00Z,8,2023,23,0.00,0.00,0.00,20.49
5380,2023-08-13T04:00:00Z,8,2023,0,0.00,0.00,0.00,20.68
5381,2023-08-13T05:00:00Z,8,2023,1,0.00,0.00,0.00,20.51
5382,2023-08-13T06:00:00Z,8,2023,2,0.00,0.00,0.00,20.36
5383,2023-08-13T07:00:00Z,8,2023,3,0.00,0.00,0.00,20.19
5384,2023-08-13T08:00:00Z,8,2023,4,0.00,0.00,0.00,20.07
5385,2023-08-13T09:00:00Z,8,2023,5,0.00,0.00,0.00,19.88
5386,2023-08-13T10:00:00Z,8,2023,6,36.70,42.10,33.30,20.21
5387,2023-08-13T11:00:00Z,8,2023,7,177.77,211.34,115.80,20.85
5388,2023-08-13T12:00:00Z,8,2023,8,355.30,375.81,175.12,21.88
5389,2023-08-13T13:00:00Z,8,2023,9,531.45,552.95,172.55,23.66
5390,2023-08-13T14:00:00Z,8,2023,10,630.45,488.67,242.74,25.52
5391,2023-08-13T15:00:00Z,8,2023,11,658.95,275.35,377.08,26.39
5392,2023-08-13T16:00:00Z,8,2023,12,699.15,340.05,363.41,26.54
5393,2023-08-13T17:00:00Z,8,2023,13,742.10,517.22,274.26,26.81
5394,2023-08-13T18:00:00Z,8,2023,14,583.17,325.58,281.20,26.36
5395,2023-08-13T19:00:00Z,8,2023,15,460.40,410.59,188.09,26.15
5396,2023-08-13T20:00:00Z,8,2023,16,350.27,340.59,169.20,26.60
5397,2023-08-13T21:00:00Z,8,2023,17,226.43,270.34,120.17,26.29
5398,2023-08-13T22:00:00Z,8,2023,18,109.00,187.33,65.43,25.11
5399,2023-08-13T23:00:00Z,8,2023,19,17.90,39.60,18.94,23.03
5400,2023-08-14T00:00:00Z,8,2023,20,0.00,0.00,0.00,21.88
5401,2023-08-14T01:00:00Z,8,2023,21,0.00,0.00,0.00,20.72
5402,2023-08-14T02:00:00Z,8,2023,22,0.00,0.00,0.00,19.67
5403,2023-08-14T03:00:00Z,8,2023,23,0.00,0.00,0.00,19.00
5404,2023-08-14T04:00:00Z,8,2023,0,0.00,0.00,0.00,18.78
5405,2023-08-14T05:00:00Z,8,2023,1,0.00,0.00,0.00,18.44
5406,2023-08-14T06:00:00Z,8,2023,2,0.00,0.00,0.00,18.02
5407,2023-08-14T07:00:00Z,8,2023,3,0.00,0.00,0.00,17.79
5408,2023-08-14T08:00:00Z,8,2023,4,0.00,0.00,0.00,17.55
5409,2023-08-14T09:00:00Z,8,2023,5,0.00,0.00,0.00,17.32
5410,2023-08-14T10:00:00Z,8,2023,6,41.00,21.57,37.82,17.66
5411,2023-08-14T11:00:00Z,8,2023,7,169.65,130.84,124.81,18.38
5412,2023-08-14T12:00:00Z,8,2023,8,321.83,249.21,201.10,19.42
5413,2023-08-14T13:00:00Z,8,2023,9,489.10,401.17,239.68,21.03
5414,2023-08-14T14:00:00Z,8,2023,10,683.90,689.99,158.73,23.00
5415,2023-08-14T15:00:00Z,8,2023,11,779.60,659.03,209.93,24.67
5416,2023-08-14T16:00:00Z,8,2023,12,759.67,685.23,230.06,25.76
5417,2023-08-14T17:00:00Z,8,2023,13,708.45,368.30,382.50,26.37
5418,2023-08-14T18:00:00Z,8,2023,14,622.75,524.52,259.14,26.68
5419,2023-08-14T19:00:00Z,8,2023,15,507.55,227.51,313.61,26.65
5420,2023-08-14T20:00:00Z,8,2023,16,404.08,294.12,240.02,26.31
5421,2023-08-14T21:00:00Z,8,2023,17,245.40,88.20,192.61,25.98
5422,2023-08-14T22:00:00Z,8,2023,18,105.47,39.90,93.63,24.52
5423,2023-08-14T23:00:00Z,8,2023,19,12.93,6.62,14.33,22.63
5424,2023-08-15T00:00:00Z,8,2023,20,0.00,0.00,0.00,22.18
5425,2023-08-15T01:00:00Z,8,2023,21,0.00,0.00,0.00,22.07
5426,2023-08-15T02:00:00Z,8,2023,22,0.00,0.00,0.00,22.01
5427,2023-08-15T03:00:00Z,8,2023,23,0.00,0.00,0.00,21.72
5428,2023-08-15T04:00:00Z,8,2023,0,0.00,0.00,0.00,21.57
5429,2023-08-15T05:00:00Z,8,2023,1,0.00,0.00,0.00,21.48
5430,2023-08-15T06:00:00Z,8,2023,2,0.00,0.00,0.00,20.37
5431,2023-08-15T07:00:00Z,8,2023,3,0.00,0.00,0.00,19.62
5432,2023-08-15T08:00:00Z,8,2023,4,0.00,0.00,0.00,19.62
5433,2023-08-15T09:00:00Z,8,2023,5,0.00,0.00,0.00,19.42
5434,2023-08-15T10:00:00Z,8,2023,6,6.47,0.00,5.85,19.40
5435,2023-08-15T11:00:00Z,8,2023,7,12.57,0.28,10.87,19.52
5436,2023-08-15T12:00:00Z,8,2023,8,33.17,0.41,28.05,19.68
5437,2023-08-15T13:00:00Z,8,2023,9,42.40,0.28,36.41,19.96
5438,2023-08-15T14:00:00Z,8,2023,10,114.43,1.02,94.27,20.09
5439,2023-08-15T15:00:00Z,8,2023,11,184.80,30.27,145.81,20.15
5440,2023-08-15T16:00:00Z,8,2023,12,247.62,72.43,171.65,20.32
5441,2023-08-15T17:00:00Z,8,2023,13,252.23,101.08,167.79,20.62
5442,2023-08-15T18:00:00Z,8,2023,14,168.77,35.83,132.70,21.02
5443,2023-08-15T19:00:00Z,8,2023,15,126.10,39.43,99.03,21.29
5444,2023-08-15T20:00:00Z,8,2023,16,67.93,32.34,50.14,21.13
5445,2023-08-15T21:00:00Z,8,2023,17,47.22,20.33,37.37,20.58
5446,2023-08-15T22:00:00Z,8,2023,18,25.65,15.15,20.20,19.98
5447,2023-08-15T23:00:00Z,8,2023,19,3.38,2.06,3.45,19.28
5448,2023-08-16T00:00:00Z,8,2023,20,0.00,0.00,0.00,18.89
5449,2023-08-16T01:00:00Z,8,2023,21,0.00,0.00,0.00,18.68
5450,2023-08-16T02:00:00Z,8,2023,22,0.00,0.00,0.00,18.39
5451,2023-08-16T03:00:00Z,8,2023,23,0.00,0.00,0.00,17.86
5452,2023-08-16T04:00:00Z,8,2023,0,0.00,0.00,0.00,17.44
5453,2023-08-16T05:00:00Z,8,2023,1,0.00,0.00,0.00,17.27
5454,2023-08-16T06:00:00Z,8,2023,2,0.00,0.00,0.00,17.18
5455,2023-08-16T07:00:00Z,8,2023,3,0.00,0.00,0.00,17.21
5456,2023-08-16T08:00:00Z,8,2023,4,0.00,0.00,0.00,17.25
5457,2023-08-16T09:00:00Z,8,2023,5,0.00,0.00,0.00,17.11
5458,2023-08-16T10:00:00Z,8,2023,6,14.88,25.85,13.46,18.11
5459,2023-08-16T11:00:00Z,8,2023,7,54.25,55.52,40.79,19.11
5460,2023-08-16T12:00:00Z,8,2023,8,88.00,72.28,63.37,19.98
5461,2023-08-16T13:00:00Z,8,2023,9,98.55,27.92,80.02,21.04
5462,2023-08-16T14:00:00Z,8,2023,10,144.05,25.12,110.00,22.54
5463,2023-08-16T15:00:00Z,8,2023,11,168.23,38.73,122.89,23.40
5464,2023-08-16T16:00:00Z,8,2023,12,198.30,49.91,139.38,23.33
5465,2023-08-16T17:00:00Z,8,2023,13,183.98,9.95,147.56,22.88
5466,2023-08-16T18:00:00Z,8,2023,14,161.50,24.76,123.55,22.28
5467,2023-08-16T19:00:00Z,8,2023,15,235.60,276.59,76.07,21.81
5468,2023-08-16T20:00:00Z,8,2023,16,228.73,360.91,62.53,21.50
5469,2023-08-16T21:00:00Z,8,2023,17,125.95,220.37,49.40,21.28
5470,2023-08-16T22:00:00Z,8,2023,18,44.25,94.62,25.51,20.72
5471,2023-08-16T23:00:00Z,8,2023,19,7.15,13.87,8.33,19.56
5472,2023-08-17T00:00:00Z,8,2023,20,0.00,0.00,0.00,18.74
5473,2023-08-17T01:00:00Z,8,2023,21,0.00,0.00,0.00,18.44
5474,2023-08-17T02:00:00Z,8,2023,22,0.00,0.00,0.00,18.06
5475,2023-08-17T03:00:00Z,8,2023,23,0.00,0.00,0.00,17.78
5476,2023-08-17T04:00:00Z,8,2023,0,0.00,0.00,0.00,17.63
5477,2023-08-17T05:00:00Z,8,2023,1,0.00,0.00,0.00,17.44
5478,2023-08-17T06:00:00Z,8,2023,2,0.00,0.00,0.00,17.27
5479,2023-08-17T07:00:00Z,8,2023,3,0.00,0.00,0.00,17.05
5480,2023-08-17T08:00:00Z,8,2023,4,0.00,0.00,0.00,16.86
5481,2023-08-17T09:00:00Z,8,2023,5,0.00,0.00,0.00,16.74
5482,2023-08-17T10:00:00Z,8,2023,6,23.17,41.18,20.22,17.83
5483,2023-08-17T11:00:00Z,8,2023,7,97.03,103.94,68.07,19.39
5484,2023-08-17T12:00:00Z,8,2023,8,175.30,198.30,109.16,20.83
5485,2023-08-17T13:00:00Z,8,2023,9,272.08,64.58,211.26,22.30
5486,2023-08-17T14:00:00Z,8,2023,10,274.60,17.38,223.82,23.57
5487,2023-08-17T15:00:00Z,8,2023,11,298.88,10.20,238.73,24.42
5488,2023-08-17T16:00:00Z,8,2023,12,364.27,124.85,272.50,24.67
5489,2023-08-17T17:00:00Z,8,2023,13,333.62,28.96,265.58,24.49
5490,2023-08-17T18:00:00Z,8,2023,14,291.05,5.70,238.09,23.95
5491,2023-08-17T19:00:00Z,8,2023,15,219.27,0.00,184.05,23.16
5492,2023-08-17T20:00:00Z,8,2023,16,178.90,0.00,155.39,22.22
5493,2023-08-17T21:00:00Z,8,2023,17,118.55,4.30,102.72,21.36
5494,2023-08-17T22:00:00Z,8,2023,18,56.10,8.28,49.06,20.61
5495,2023-08-17T23:00:00Z,8,2023,19,6.85,2.48,7.93,19.82
5496,2023-08-18T00:00:00Z,8,2023,20,0.00,0.00,0.00,19.38
5497,2023-08-18T01:00:00Z,8,2023,21,0.00,0.00,0.00,19.12
5498,2023-08-18T02:00:00Z,8,2023,22,0.00,0.00,0.00,18.91
5499,2023-08-18T03:00:00Z,8,2023,23,0.00,0.00,0.00,18.80
5500,2023-08-18T04:00:00Z,8,2023,0,0.00,0.00,0.00,18.66
5501,2023-08-18T05:00:00Z,8,2023,1,0.00,0.00,0.00,18.43
5502,2023-08-18T06:00:00Z,8,2023,2,0.00,0.00,0.00,18.24
5503,2023-08-18T07:00:00Z,8,2023,3,0.00,0.00,0.00,18.17
5504,2023-08-18T08:00:00Z,8,2023,4,0.00,0.00,0.00,18.19
5505,2023-08-18T09:00:00Z,8,2023,5,0.00,0.00,0.00,18.22
5506,2023-08-18T10:00:00Z,8,2023,6,12.40,1.44,11.51,18.61
5507,2023-08-18T11:00:00Z,8,2023,7,75.12,11.29,63.54,19.39
5508,2023-08-18T12:00:00Z,8,2023,8,133.82,12.08,113.59,20.33
5509,2023-08-18T13:00:00Z,8,2023,9,75.62,23.69,58.03,20.92
5510,2023-08-18T14:00:00Z,8,2023,10,188.68,19.53,151.74,21.62
5511,2023-08-18T15:00:00Z,8,2023,11,510.27,132.40,325.85,22.81
5512,2023-08-18T16:00:00Z,8,2023,12,642.85,318.86,317.77,24.37
5513,2023-08-18T17:00:00Z,8,2023,13,574.60,353.58,269.51,25.66
5514,2023-08-18T18:00:00Z,8,2023,14,461.38,329.13,245.26,26.34
5515,2023-08-18T19:00:00Z,8,2023,15,434.42,299.91,205.63,26.30
5516,2023-08-18T20:00:00Z,8,2023,16,388.50,431.67,146.34,25.53
5517,2023-08-18T21:00:00Z,8,2023,17,235.23,397.58,87.94,24.56
5518,2023-08-18T22:00:00Z,8,2023,18,105.15,240.87,53.86,23.14
5519,2023-08-18T23:00:00Z,8,2023,19,12.38,30.39,13.88,21.36
5520,2023-08-19T00:00:00Z,8,2023,20,0.00,0.00,0.00,19.99
5521,2023-08-19T01:00:00Z,8,2023,21,0.00,0.00,0.00,18.54
5522,2023-08-19T02:00:00Z,8,2023,22,0.00,0.00,0.00,17.48
5523,2023-08-19T03:00:00Z,8,2023,23,0.00,0.00,0.00,16.85
5524,2023-08-19T04:00:00Z,8,2023,0,0.00,0.00,0.00,16.47
5525,2023-08-19T05:00:00Z,8,2023,1,0.00,0.00,0.00,16.14
5526,2023-08-19T06:00:00Z,8,2023,2,0.00,0.00,0.00,15.81
5527,2023-08-19T07:00:00Z,8,2023,3,0.00,0.00,0.00,15.49
5528,2023-08-19T08:00:00Z,8,2023,4,0.00,0.00,0.00,15.20
5529,2023-08-19T09:00:00Z,8,2023,5,0.00,0.00,0.00,14.91
5530,2023-08-19T10:00:00Z,8,2023,6,41.20,149.80,30.13,15.02
5531,2023-08-19T11:00:00Z,8,2023,7,162.45,295.79,85.25,16.37
5532,2023-08-19T12:00:00Z,8,2023,8,290.70,309.46,159.56,18.26
5533,2023-08-19T13:00:00Z,8,2023,9,390.62,321.71,213.09,19.78
5534,2023-08-19T14:00:00Z,8,2023,10,440.65,82.52,345.33,20.99
5535,2023-08-19T15:00:00Z,8,2023,11,402.77,91.46,285.99,21.72
5536,2023-08-19T16:00:00Z,8,2023,12,475.45,134.74,313.50,21.73
5537,2023-08-19T17:00:00Z,8,2023,13,431.75,150.98,269.76,21.80
5538,2023-08-19T18:00:00Z,8,2023,14,321.77,208.74,190.68,22.03
5539,2023-08-19T19:00:00Z,8,2023,15,281.62,19.36,232.46,22.02
5540,2023-08-19T20:00:00Z,8,2023,16,160.50,47.58,127.24,21.74
5541,2023-08-19T21:00:00Z,8,2023,17,97.00,25.61,80.96,21.27
5542,2023-08-19T22:00:00Z,8,2023,18,45.67,27.87,38.69,20.38
5543,2023-08-19T23:00:00Z,8,2023,19,5.07,7.41,5.94,18.92
5544,2023-08-20T00:00:00Z,8,2023,20,0.00,0.00,0.00,18.16
5545,2023-08-20T01:00:00Z,8,2023,21,0.00,0.00,0.00,17.42
5546,2023-08-20T02:00:00Z,8,2023,22,0.00,0.00,0.00,16.78
5547,2023-08-20T03:00:00Z,8,2023,23,0.00,0.00,0.00,16.48
5548,2023-08-20T04:00:00Z,8,2023,0,0.00,0.00,0.00,16.45
5549,2023-08-20T05:00:00Z,8,2023,1,0.00,0.00,0.00,16.27
5550,2023-08-20T06:00:00Z,8,2023,2,0.00,0.00,0.00,16.07
5551,2023-08-20T07:00:00Z,8,2023,3,0.00,0.00,0.00,15.87
5552,2023-08-20T08:00:00Z,8,2023,4,0.00,0.00,0.00,15.61
5553,2023-08-20T09:00:00Z,8,2023,5,0.00,0.00,0.00,15.25
5554,2023-08-20T10:00:00Z,8,2023,6,36.85,74.20,28.82,15.30
5555,2023-08-20T11:00:00Z,8,2023,7,184.15,347.17,82.29,16.23
5556,2023-08-20T12:00:00Z,8,2023,8,356.73,512.03,115.08,18.35
5557,2023-08-20T13:00:00Z,8,2023,9,528.03,601.84,147.95,20.36
5558,2023-08-20T14:00:00Z,8,2023,10,598.53,542.94,195.24,22.28
5559,2023-08-20T15:00:00Z,8,2023,11,723.80,575.75,243.03,23.78
5560,2023-08-20T16:00:00Z,8,2023,12,832.95,747.92,177.32,24.71
5561,2023-08-20T17:00:00Z,8,2023,13,822.10,750.68,167.49,25.23
5562,2023-08-20T18:00:00Z,8,2023,14,753.60,733.53,154.48,25.44
5563,2023-08-20T19:00:00Z,8,2023,15,635.05,684.26,144.67,25.44
5564,2023-08-20T20:00:00Z,8,2023,16,434.12,536.52,135.08,25.24
5565,2023-08-20T21:00:00Z,8,2023,17,263.33,361.42,121.83,24.41
5566,2023-08-20T22:00:00Z,8,2023,18,106.68,140.48,76.64,22.62
5567,2023-08-20T23:00:00Z,8,2023,19,9.80,5.55,11.84,20.53
5568,2023-08-21T00:00:00Z,8,2023,20,0.00,0.00,0.00,20.17
5569,2023-08-21T01:00:00Z,8,2023,21,0.00,0.00,0.00,19.99
5570,2023-08-21T02:00:00Z,8,2023,22,0.00,0.00,0.00,19.43
5571,2023-08-21T03:00:00Z,8,2023,23,0.00,0.00,0.00,18.84
5572,2023-08-21T04:00:00Z,8,2023,0,0.00,0.00,0.00,18.61
5573,2023-08-21T05:00:00Z,8,2023,1,0.00,0.00,0.00,18.22
5574,2023-08-21T06:00:00Z,8,2023,2,0.00,0.00,0.00,18.01
5575,2023-08-21T07:00:00Z,8,2023,3,0.00,0.00,0.00,18.09
5576,2023-08-21T08:00:00Z,8,2023,4,0.00,0.00,0.00,18.11
5577,2023-08-21T09:00:00Z,8,2023,5,0.00,0.00,0.00,18.12
5578,2023-08-21T10:00:00Z,8,2023,6,11.62,0.00,11.35,18.35
5579,2023-08-21T11:00:00Z,8,2023,7,72.78,14.51,61.69,19.23
5580,2023-08-21T12:00:00Z,8,2023,8,152.60,31.59,123.13,20.40
5581,2023-08-21T13:00:00Z,8,2023,9,240.93,34.20,197.73,22.06
5582,2023-08-21T14:00:00Z,8,2023,10,482.70,166.36,369.27,24.74
5583,2023-08-21T15:00:00Z,8,2023,11,586.00,153.00,401.96,26.57
5584,2023-08-21T16:00:00Z,8,2023,12,584.67,181.74,438.07,27.34
5585,2023-08-21T17:00:00Z,8,2023,13,638.42,261.16,421.17,27.46
5586,2023-08-21T18:00:00Z,8,2023,14,586.28,484.69,394.33,27.20
5587,2023-08-21T19:00:00Z,8,2023,15,439.12,113.40,352.02,27.20
5588,2023-08-21T20:00:00Z,8,2023,16,297.17,23.42,256.78,25.48
5589,2023-08-21T21:00:00Z,8,2023,17,178.50,11.03,155.13,24.39
5590,2023-08-21T22:00:00Z,8,2023,18,82.90,11.81,73.71,23.34
5591,2023-08-21T23:00:00Z,8,2023,19,7.25,0.00,9.24,21.76
5592,2023-08-22T00:00:00Z,8,2023,20,0.00,0.00,0.00,20.96
5593,2023-08-22T01:00:00Z,8,2023,21,0.00,0.00,0.00,20.10
5594,2023-08-22T02:00:00Z,8,2023,22,0.00,0.00,0.00,19.33
5595,2023-08-22T03:00:00Z,8,2023,23,0.00,0.00,0.00,18.61
5596,2023-08-22T04:00:00Z,8,2023,0,0.00,0.00,0.00,18.12
5597,2023-08-22T05:00:00Z,8,2023,1,0.00,0.00,0.00,17.74
5598,2023-08-22T06:00:00Z,8,2023,2,0.00,0.00,0.00,17.15
5599,2023-08-22T07:00:00Z,8,2023,3,0.00,0.00,0.00,16.32
5600,2023-08-22T08:00:00Z,8,2023,4,0.00,0.00,0.00,15.47
5601,2023-08-22T09:00:00Z,8,2023,5,0.00,0.00,0.00,14.64
5602,2023-08-22T10:00:00Z,8,2023,6,36.72,90.41,29.68,14.50
5603,2023-08-22T11:00:00Z,8,2023,7,193.18,401.77,90.06,15.71
5604,2023-08-22T12:00:00Z,8,2023,8,372.35,490.11,153.42,17.92
5605,2023-08-22T13:00:00Z,8,2023,9,531.53,595.97,207.35,19.79
5606,2023-08-22T14:00:00Z,8,2023,10,676.90,652.43,234.27,20.99
5607,2023-08-22T15:00:00Z,8,2023,11,812.00,772.67,203.96,21.94
5608,2023-08-22T16:00:00Z,8,2023,12,858.30,811.61,173.29,22.73
5609,2023-08-22T17:00:00Z,8,2023,13,855.97,894.83,108.62,23.36
5610,2023-08-22T18:00:00Z,8,2023,14,774.92,801.38,155.02,23.72
5611,2023-08-22T19:00:00Z,8,2023,15,650.97,764.08,143.81,23.82
5612,2023-08-22T20:00:00Z,8,2023,16,491.23,714.90,106.14,23.62
5613,2023-08-22T21:00:00Z,8,2023,17,315.42,606.11,86.46,22.91
5614,2023-08-22T22:00:00Z,8,2023,18,135.65,439.87,48.58,21.21
5615,2023-08-22T23:00:00Z,8,2023,19,10.82,49.43,10.24,18.22
5616,2023-08-23T00:00:00Z,8,2023,20,0.00,0.00,0.00,17.45
5617,2023-08-23T01:00:00Z,8,2023,21,0.00,0.00,0.00,17.28
5618,2023-08-23T02:00:00Z,8,2023,22,0.00,0.00,0.00,16.62
5619,2023-08-23T03:00:00Z,8,2023,23,0.00,0.00,0.00,15.89
5620,2023-08-23T04:00:00Z,8,2023,0,0.00,0.00,0.00,15.16
5621,2023-08-23T05:00:00Z,8,2023,1,0.00,0.00,0.00,14.59
5622,2023-08-23T06:00:00Z,8,2023,2,0.00,0.00,0.00,14.07
5623,2023-08-23T07:00:00Z,8,2023,3,0.00,0.00,0.00,13.68
5624,2023-08-23T08:00:00Z,8,2023,4,0.00,0.00,0.00,13.33
5625,2023-08-23T09:00:00Z,8,2023,5,0.00,0.00,0.00,12.74
5626,2023-08-23T10:00:00Z,8,2023,6,35.30,101.37,31.16,13.06
5627,2023-08-23T11:00:00Z,8,2023,7,192.95,419.54,86.81,15.15
5628,2023-08-23T12:00:00Z,8,2023,8,380.75,633.62,117.22,17.83
5629,2023-08-23T13:00:00Z,8,2023,9,569.70,767.55,115.35,19.72
5630,2023-08-23T14:00:00Z,8,2023,10,735.92,904.13,81.93,20.83
5631,2023-08-23T15:00:00Z,8,2023,11,835.55,932.05,84.39,21.70
5632,2023-08-23T16:00:00Z,8,2023,12,881.30,944.28,82.77,22.48
5633,2023-08-23T17:00:00Z,8,2023,13,867.42,935.54,82.29,23.15
5634,2023-08-23T18:00:00Z,8,2023,14,792.85,859.28,116.52,23.55
5635,2023-08-23T19:00:00Z,8,2023,15,672.67,834.84,103.96,23.64
5636,2023-08-23T20:00:00Z,8,2023,16,505.00,749.43,103.08,23.37
5637,2023-08-23T21:00:00Z,8,2023,17,319.67,658.96,76.22,24.23
5638,2023-08-23T22:00:00Z,8,2023,18,133.73,454.09,48.73,22.61
5639,2023-08-23T23:00:00Z,8,2023,19,9.77,49.54,9.21,19.35
5640,2023-08-24T00:00:00Z,8,2023,20,0.00,0.00,0.00,16.82
5641,2023-08-24T01:00:00Z,8,2023,21,0.00,0.00,0.00,16.01
5642,2023-08-24T02:00:00Z,8,2023,22,0.00,0.00,0.00,15.78
5643,2023-08-24T03:00:00Z,8,2023,23,0.00,0.00,0.00,15.16
5644,2023-08-24T04:00:00Z,8,2023,0,0.00,0.00,0.00,14.56
5645,2023-08-24T05:00:00Z,8,2023,1,0.00,0.00,0.00,14.14
5646,2023-08-24T06:00:00Z,8,2023,2,0.00,0.00,0.00,13.68
5647,2023-08-24T07:00:00Z,8,2023,3,0.00,0.00,0.00,13.16
5648,2023-08-24T08:00:00Z,8,2023,4,0.00,0.00,0.00,12.66
5649,2023-08-24T09:00:00Z,8,2023,5,0.00,0.00,0.00,12.37
5650,2023-08-24T10:00:00Z,8,2023,6,38.70,207.62,20.73,13.15
5651,2023-08-24T11:00:00Z,8,2023,7,206.70,585.36,53.97,15.57
5652,2023-08-24T12:00:00Z,8,2023,8,397.95,733.09,76.32,18.47
5653,2023-08-24T13:00:00Z,8,2023,9,575.33,829.13,82.79,21.13
5654,2023-08-24T14:00:00Z,8,2023,10,719.83,865.33,93.13,22.66
5655,2023-08-24T15:00:00Z,8,2023,11,721.47,648.67,211.59,23.40
5656,2023-08-24T16:00:00Z,8,2023,12,778.42,549.72,305.83,23.77
5657,2023-08-24T17:00:00Z,8,2023,13,738.20,641.97,223.54,24.01
5658,2023-08-24T18:00:00Z,8,2023,14,568.00,346.86,293.89,24.07
5659,2023-08-24T19:00:00Z,8,2023,15,355.60,301.10,210.15,23.81
5660,2023-08-24T20:00:00Z,8,2023,16,197.73,29.91,164.59,23.22
5661,2023-08-24T21:00:00Z,8,2023,17,125.78,63.56,101.26,22.22
5662,2023-08-24T22:00:00Z,8,2023,18,51.47,21.59,43.94,20.35
5663,2023-08-24T23:00:00Z,8,2023,19,3.38,0.00,3.61,17.98
5664,2023-08-25T00:00:00Z,8,2023,20,0.00,0.00,0.00,16.98
5665,2023-08-25T01:00:00Z,8,2023,21,0.00,0.00,0.00,16.55
5666,2023-08-25T02:00:00Z,8,2023,22,0.00,0.00,0.00,16.33
5667,2023-08-25T03:00:00Z,8,2023,23,0.00,0.00,0.00,16.27
5668,2023-08-25T04:00:00Z,8,2023,0,0.00,0.00,0.00,16.38
5669,2023-08-25T05:00:00Z,8,2023,1,0.00,0.00,0.00,16.55
5670,2023-08-25T06:00:00Z,8,2023,2,0.00,0.00,0.00,16.73
5671,2023-08-25T07:00:00Z,8,2023,3,0.00,0.00,0.00,16.87
5672,2023-08-25T08:00:00Z,8,2023,4,0.00,0.00,0.00,17.08
5673,2023-08-25T09:00:00Z,8,2023,5,0.00,0.00,0.00,17.35
5674,2023-08-25T10:00:00Z,8,2023,6,6.32,0.00,6.27,17.65
5675,2023-08-25T11:00:00Z,8,2023,7,30.23,0.30,26.12,18.16
5676,2023-08-25T12:00:00Z,8,2023,8,50.28,0.79,43.67,18.84
5677,2023-08-25T13:00:00Z,8,2023,9,69.62,11.03,58.40,19.56
5678,2023-08-25T14:00:00Z,8,2023,10,124.62,8.28,104.08,20.43
5679,2023-08-25T15:00:00Z,8,2023,11,123.45,33.61,91.29,21.24
5680,2023-08-25T16:00:00Z,8,2023,12,184.70,29.90,146.32,22.20
5681,2023-08-25T17:00:00Z,8,2023,13,155.43,25.79,115.78,22.94
5682,2023-08-25T18:00:00Z,8,2023,14,151.00,1.43,124.30,23.21
5683,2023-08-25T19:00:00Z,8,2023,15,146.23,146.59,69.57,23.00
5684,2023-08-25T20:00:00Z,8,2023,16,148.75,175.26,59.19,22.39
5685,2023-08-25T21:00:00Z,8,2023,17,71.72,84.18,43.93,21.61
5686,2023-08-25T22:00:00Z,8,2023,18,22.50,31.04,17.79,20.96
5687,2023-08-25T23:00:00Z,8,2023,19,1.92,1.02,2.87,20.61
5688,2023-08-26T00:00:00Z,8,2023,20,0.00,0.00,0.00,20.48
5689,2023-08-26T01:00:00Z,8,2023,21,0.00,0.00,0.00,20.38
5690,2023-08-26T02:00:00Z,8,2023,22,0.00,0.00,0.00,20.38
5691,2023-08-26T03:00:00Z,8,2023,23,0.00,0.00,0.00,20.36
5692,2023-08-26T04:00:00Z,8,2023,0,0.00,0.00,0.00,20.27
5693,2023-08-26T05:00:00Z,8,2023,1,0.00,0.00,0.00,20.18
5694,2023-08-26T06:00:00Z,8,2023,2,0.00,0.00,0.00,20.02
5695,2023-08-26T07:00:00Z,8,2023,3,0.00,0.00,0.00,19.80
5696,2023-08-26T08:00:00Z,8,2023,4,0.00,0.00,0.00,19.39
5697,2023-08-26T09:00:00Z,8,2023,5,0.00,0.00,0.00,19.08
5698,2023-08-26T10:00:00Z,8,2023,6,20.20,13.07,22.67,19.34
5699,2023-08-26T11:00:00Z,8,2023,7,105.30,76.49,82.47,20.56
5700,2023-08-26T12:00:00Z,8,2023,8,204.82,162.52,131.03,22.48
5701,2023-08-26T13:00:00Z,8,2023,9,314.35,281.67,153.99,24.33
5702,2023-08-26T14:00:00Z,8,2023,10,557.60,480.73,216.24,25.42
5703,2023-08-26T15:00:00Z,8,2023,11,613.83,422.94,257.28,26.44
5704,2023-08-26T16:00:00Z,8,2023,12,773.95,583.60,268.88,27.08
5705,2023-08-26T17:00:00Z,8,2023,13,684.10,565.12,217.17,27.28
5706,2023-08-26T18:00:00Z,8,2023,14,623.45,635.52,146.66,27.27
5707,2023-08-26T19:00:00Z,8,2023,15,584.12,596.62,174.09,27.05
5708,2023-08-26T20:00:00Z,8,2023,16,447.10,591.21,127.30,26.63
5709,2023-08-26T21:00:00Z,8,2023,17,258.38,444.76,100.75,26.62
5710,2023-08-26T22:00:00Z,8,2023,18,93.70,218.46,56.40,25.03
5711,2023-08-26T23:00:00Z,8,2023,19,4.97,6.65,7.51,23.26
5712,2023-08-27T00:00:00Z,8,2023,20,0.00,0.00,0.00,22.21
5713,2023-08-27T01:00:00Z,8,2023,21,0.00,0.00,0.00,21.21
5714,2023-08-27T02:00:00Z,8,2023,22,0.00,0.00,0.00,20.26
5715,2023-08-27T03:00:00Z,8,2023,23,0.00,0.00,0.00,19.54
5716,2023-08-27T04:00:00Z,8,2023,0,0.00,0.00,0.00,19.11
5717,2023-08-27T05:00:00Z,8,2023,1,0.00,0.00,0.00,18.81
5718,2023-08-27T06:00:00Z,8,2023,2,0.00,0.00,0.00,18.25
5719,2023-08-27T07:00:00Z,8,2023,3,0.00,0.00,0.00,17.84
5720,2023-08-27T08:00:00Z,8,2023,4,0.00,0.00,0.00,17.35
5721,2023-08-27T09:00:00Z,8,2023,5,0.00,0.00,0.00,17.03
5722,2023-08-27T10:00:00Z,8,2023,6,23.35,47.31,23.07,17.22
5723,2023-08-27T11:00:00Z,8,2023,7,118.15,178.54,74.89,18.48
5724,2023-08-27T12:00:00Z,8,2023,8,224.12,289.33,114.52,20.10
5725,2023-08-27T13:00:00Z,8,2023,9,367.17,198.27,232.05,21.36
5726,2023-08-27T14:00:00Z,8,2023,10,426.23,188.17,263.99,22.26
5727,2023-08-27T15:00:00Z,8,2023,11,506.95,140.94,333.63,22.91
5728,2023-08-27T16:00:00Z,8,2023,12,629.30,294.41,341.94,23.48
5729,2023-08-27T17:00:00Z,8,2023,13,536.33,545.78,164.10,23.79
5730,2023-08-27T18:00:00Z,8,2023,14,551.78,263.69,312.63,23.81
5731,2023-08-27T19:00:00Z,8,2023,15,463.60,365.28,225.02,23.27
5732,2023-08-27T20:00:00Z,8,2023,16,353.45,466.30,122.54,22.63
5733,2023-08-27T21:00:00Z,8,2023,17,213.77,369.01,91.30,21.86
5734,2023-08-27T22:00:00Z,8,2023,18,81.80,219.90,46.91,20.77
5735,2023-08-27T23:00:00Z,8,2023,19,4.68,9.97,6.68,19.24
5736,2023-08-28T00:00:00Z,8,2023,20,0.00,0.00,0.00,18.61
5737,2023-08-28T01:00:00Z,8,2023,21,0.00,0.00,0.00,18.01
5738,2023-08-28T02:00:00Z,8,2023,22,0.00,0.00,0.00,17.71
5739,2023-08-28T03:00:00Z,8,2023,23,0.00,0.00,0.00,17.65
5740,2023-08-28T04:00:00Z,8,2023,0,0.00,0.00,0.00,17.66
5741,2023-08-28T05:00:00Z,8,2023,1,0.00,0.00,0.00,17.59
5742,2023-08-28T06:00:00Z,8,2023,2,0.00,0.00,0.00,17.36
5743,2023-08-28T07:00:00Z,8,2023,3,0.00,0.00,0.00,16.90
5744,2023-08-28T08:00:00Z,8,2023,4,0.00,0.00,0.00,16.47
5745,2023-08-28T09:00:00Z,8,2023,5,0.00,0.00,0.00,16.15
5746,2023-08-28T10:00:00Z,8,2023,6,22.08,40.17,22.32,16.23
5747,2023-08-28T11:00:00Z,8,2023,7,130.35,246.88,80.54,17.89
5748,2023-08-28T12:00:00Z,8,2023,8,270.73,343.33,128.49,19.93
5749,2023-08-28T13:00:00Z,8,2023,9,410.85,442.29,161.11,22.02
5750,2023-08-28T14:00:00Z,8,2023,10,621.42,659.59,155.19,23.38
5751,2023-08-28T15:00:00Z,8,2023,11,731.25,694.27,186.99,24.17
5752,2023-08-28T16:00:00Z,8,2023,12,740.47,568.44,279.82,24.57
5753,2023-08-28T17:00:00Z,8,2023,13,723.47,580.96,271.94,24.70
5754,2023-08-28T18:00:00Z,8,2023,14,597.72,340.17,372.93,24.43
5755,2023-08-28T19:00:00Z,8,2023,15,475.23,237.62,365.47,23.85
5756,2023-08-28T20:00:00Z,8,2023,16,331.73,106.90,270.06,23.04
5757,2023-08-28T21:00:00Z,8,2023,17,185.07,28.68,154.49,21.99
5758,2023-08-28T22:00:00Z,8,2023,18,67.30,16.27,61.45,20.65
5759,2023-08-28T23:00:00Z,8,2023,19,3.33,0.00,3.81,19.31
5760,2023-08-29T00:00:00Z,8,2023,20,0.00,0.00,0.00,18.86
5761,2023-08-29T01:00:00Z,8,2023,21,0.00,0.00,0.00,18.38
5762,2023-08-29T02:00:00Z,8,2023,22,0.00,0.00,0.00,18.02
5763,2023-08-29T03:00:00Z,8,2023,23,0.00,0.00,0.00,17.56
5764,2023-08-29T04:00:00Z,8,2023,0,0.00,0.00,0.00,17.10
5765,2023-08-29T05:00:00Z,8,2023,1,0.00,0.00,0.00,16.84
5766,2023-08-29T06:00:00Z,8,2023,2,0.00,0.00,0.00,16.63
5767,2023-08-29T07:00:00Z,8,2023,3,0.00,0.00,0.00,16.52
5768,2023-08-29T08:00:00Z,8,2023,4,0.00,0.00,0.00,16.49
5769,2023-08-29T09:00:00Z,8,2023,5,0.00,0.00,0.00,16.35
5770,2023-08-29T10:00:00Z,8,2023,6,18.62,6.82,22.15,16.55
5771,2023-08-29T11:00:00Z,8,2023,7,116.60,71.62,99.53,18.61
5772,2023-08-29T12:00:00Z,8,2023,8,248.05,202.31,161.95,21.03
5773,2023-08-29T13:00:00Z,8,2023,9,399.95,339.06,188.93,22.44
5774,2023-08-29T14:00:00Z,8,2023,10,572.35,450.99,236.70,23.84
5775,2023-08-29T15:00:00Z,8,2023,11,662.78,454.39,265.21,24.89
5776,2023-08-29T16:00:00Z,8,2023,12,600.28,407.90,255.40,25.61
5777,2023-08-29T17:00:00Z,8,2023,13,507.35,446.69,245.16,26.04
5778,2023-08-29T18:00:00Z,8,2023,14,488.95,282.73,327.65,26.04
5779,2023-08-29T19:00:00Z,8,2023,15,454.83,241.56,282.17,25.50
5780,2023-08-29T20:00:00Z,8,2023,16,305.58,421.62,119.50,24.42
5781,2023-08-29T21:00:00Z,8,2023,17,183.93,248.91,110.43,23.26
5782,2023-08-29T22:00:00Z,8,2023,18,69.25,78.32,55.23,21.93
5783,2023-08-29T23:00:00Z,8,2023,19,2.92,1.30,4.11,20.43
5784,2023-08-30T00:00:00Z,8,2023,20,0.00,0.00,0.00,19.81
5785,2023-08-30T01:00:00Z,8,2023,21,0.00,0.00,0.00,19.37
5786,2023-08-30T02:00:00Z,8,2023,22,0.00,0.00,0.00,19.20
5787,2023-08-30T03:00:00Z,8,2023,23,0.00,0.00,0.00,19.07
5788,2023-08-30T04:00:00Z,8,2023,0,0.00,0.00,0.00,19.03
5789,2023-08-30T05:00:00Z,8,2023,1,0.00,0.00,0.00,18.90
5790,2023-08-30T06:00:00Z,8,2023,2,0.00,0.00,0.00,18.83
5791,2023-08-30T07:00:00Z,8,2023,3,0.00,0.00,0.00,19.07
5792,2023-08-30T08:00:00Z,8,2023,4,0.00,0.00,0.00,19.33
5793,2023-08-30T09:00:00Z,8,2023,5,0.00,0.00,0.00,19.40
5794,2023-08-30T10:00:00Z,8,2023,6,7.18,0.00,7.30,19.30
5795,2023-08-30T11:00:00Z,8,2023,7,31.42,0.00,27.51,19.96
5796,2023-08-30T12:00:00Z,8,2023,8,63.00,0.00,53.64,21.69
5797,2023-08-30T13:00:00Z,8,2023,9,111.57,0.00,96.97,22.39
5798,2023-08-30T14:00:00Z,8,2023,10,135.98,16.27,111.72,22.49
5799,2023-08-30T15:00:00Z,8,2023,11,279.08,62.33,206.78,23.51
5800,2023-08-30T16:00:00Z,8,2023,12,374.83,121.52,240.89,24.99
5801,2023-08-30T17:00:00Z,8,2023,13,503.42,213.11,291.86,25.85
5802,2023-08-30T18:00:00Z,8,2023,14,542.67,332.63,268.27,26.19
5803,2023-08-30T19:00:00Z,8,2023,15,482.80,475.95,180.96,26.04
5804,2023-08-30T20:00:00Z,8,2023,16,403.73,516.56,137.23,25.53
5805,2023-08-30T21:00:00Z,8,2023,17,237.70,456.12,89.63,24.56
5806,2023-08-30T22:00:00Z,8,2023,18,90.90,221.58,53.07,22.93
5807,2023-08-30T23:00:00Z,8,2023,19,0.00,0.00,0.00,20.93
5808,2023-08-31T00:00:00Z,8,2023,20,0.00,0.00,0.00,19.74
5809,2023-08-31T01:00:00Z,8,2023,21,0.00,0.00,0.00,18.93
5810,2023-08-31T02:00:00Z,8,2023,22,0.00,0.00,0.00,18.30
5811,2023-08-31T03:00:00Z,8,2023,23,0.00,0.00,0.00,17.90
5812,2023-08-31T04:00:00Z,8,2023,0,0.00,0.00,0.00,17.67
5813,2023-08-31T05:00:00Z,8,2023,1,0.00,0.00,0.00,17.36
5814,2023-08-31T06:00:00Z,8,2023,2,0.00,0.00,0.00,16.73
5815,2023-08-31T07:00:00Z,8,2023,3,0.00,0.00,0.00,16.06
5816,2023-08-31T08:00:00Z,8,2023,4,0.00,0.00,0.00,15.37
5817,2023-08-31T09:00:00Z,8,2023,5,0.00,0.00,0.00,14.67
5818,2023-08-31T10:00:00Z,8,2023,6,25.92,114.77,19.06,14.20
5819,2023-08-31T11:00:00Z,8,2023,7,188.95,566.73,54.59,15.23
5820,2023-08-31T12:00:00Z,8,2023,8,386.27,736.49,78.55,16.68
5821,2023-08-31T13:00:00Z,8,2023,9,570.47,857.34,84.32,17.84
5822,2023-08-31T14:00:00Z,8,2023,10,720.00,902.49,89.65,18.97
5823,2023-08-31T15:00:00Z,8,2023,11,823.60,955.68,77.17,19.98
5824,2023-08-31T16:00:00Z,8,2023,12,867.05,971.01,78.21,20.81
5825,2023-08-31T17:00:00Z,8,2023,13,847.38,945.65,92.41,21.41
5826,2023-08-31T18:00:00Z,8,2023,14,780.78,941.76,75.39,21.74
5827,2023-08-31T19:00:00Z,8,2023,15,658.47,909.16,72.17,21.70
5828,2023-08-31T20:00:00Z,8,2023,16,492.98,848.56,66.27,21.32
5829,2023-08-31T21:00:00Z,8,2023,17,301.27,747.00,54.57,20.50
5830,2023-08-31T22:00:00Z,8,2023,18,115.82,481.57,36.72,18.58
5831,2023-08-31T23:00:00Z,8,2023,19,0.00,0.00,0.00,15.96
5832,2023-09-01T00:00:00Z,9,2023,20,0.00,0.00,0.00,15.64
5833,2023-09-01T01:00:00Z,9,2023,21,0.00,0.00,0.00,15.03
5834,2023-09-01T02:00:00Z,9,2023,22,0.00,0.00,0.00,14.22
5835,2023-09-01T03:00:00Z,9,2023,23,0.00,0.00,0.00,13.50
5836,2023-09-01T04:00:00Z,9,2023,0,0.00,0.00,0.00,12.93
5837,2023-09-01T05:00:00Z,9,2023,1,0.00,0.00,0.00,12.47
5838,2023-09-01T06:00:00Z,9,2023,2,0.00,0.00,0.00,12.05
5839,2023-09-01T07:00:00Z,9,2023,3,0.00,0.00,0.00,11.72
5840,2023-09-01T08:00:00Z,9,2023,4,0.00,0.00,0.00,11.57
5841,2023-09-01T09:00:00Z,9,2023,5,0.00,0.00,0.00,11.00
5842,2023-09-01T10:00:00Z,9,2023,6,26.35,158.06,16.94,11.21
5843,2023-09-01T11:00:00Z,9,2023,7,188.25,596.45,48.62,13.27
5844,2023-09-01T12:00:00Z,9,2023,8,383.48,762.91,69.55,16.03
5845,2023-09-01T13:00:00Z,9,2023,9,564.15,844.65,79.85,18.59
5846,2023-09-01T14:00:00Z,9,2023,10,710.22,906.35,80.00,19.74
5847,2023-09-01T15:00:00Z,9,2023,11,808.15,925.50,85.75,20.63
5848,2023-09-01T16:00:00Z,9,2023,12,852.90,936.97,85.92,21.40
5849,2023-09-01T17:00:00Z,9,2023,13,836.38,935.19,84.17,22.10
5850,2023-09-01T18:00:00Z,9,2023,14,762.05,898.09,89.60,22.59
5851,2023-09-01T19:00:00Z,9,2023,15,636.25,850.97,87.89,22.69
5852,2023-09-01T20:00:00Z,9,2023,16,468.77,770.52,81.98,22.34
5853,2023-09-01T21:00:00Z,9,2023,17,277.73,641.26,66.43,22.66
5854,2023-09-01T22:00:00Z,9,2023,18,97.95,352.14,41.42,20.59
5855,2023-09-01T23:00:00Z,9,2023,19,0.00,0.00,0.00,17.16
5856,2023-09-02T00:00:00Z,9,2023,20,0.00,0.00,0.00,15.25
5857,2023-09-02T01:00:00Z,9,2023,21,0.00,0.00,0.00,14.82
5858,2023-09-02T02:00:00Z,9,2023,22,0.00,0.00,0.00,14.79
5859,2023-09-02T03:00:00Z,9,2023,23,0.00,0.00,0.00,14.14
5860,2023-09-02T04:00:00Z,9,2023,0,0.00,0.00,0.00,13.56
5861,2023-09-02T05:00:00Z,9,2023,1,0.00,0.00,0.00,13.09
5862,2023-09-02T06:00:00Z,9,2023,2,0.00,0.00,0.00,12.65
5863,2023-09-02T07:00:00Z,9,2023,3,0.00,0.00,0.00,12.29
5864,2023-09-02T08:00:00Z,9,2023,4,0.00,0.00,0.00,12.13
5865,2023-09-02T09:00:00Z,9,2023,5,0.00,0.00,0.00,11.89
5866,2023-09-02T10:00:00Z,9,2023,6,22.00,95.10,17.23,12.05
5867,2023-09-02T11:00:00Z,9,2023,7,170.05,458.55,61.65,13.95
5868,2023-09-02T12:00:00Z,9,2023,8,359.65,658.24,88.66,16.83
5869,2023-09-02T13:00:00Z,9,2023,9,538.17,770.11,104.83,20.16
5870,2023-09-02T14:00:00Z,9,2023,10,694.88,879.28,84.57,22.34
5871,2023-09-02T15:00:00Z,9,2023,11,782.30,830.45,135.08,23.54
5872,2023-09-02T16:00:00Z,9,2023,12,776.50,670.06,238.93,24.34
5873,2023-09-02T17:00:00Z,9,2023,13,782.28,739.24,197.32,24.88
5874,2023-09-02T18:00:00Z,9,2023,14,600.72,345.08,369.21,24.98
5875,2023-09-02T19:00:00Z,9,2023,15,446.85,198.74,294.92,24.54
5876,2023-09-02T20:00:00Z,9,2023,16,319.50,137.58,237.55,23.97
5877,2023-09-02T21:00:00Z,9,2023,17,181.32,80.34,144.28,23.08
5878,2023-09-02T22:00:00Z,9,2023,18,62.35,39.32,51.86,21.34
5879,2023-09-02T23:00:00Z,9,2023,19,0.00,0.00,0.00,19.66
5880,2023-09-03T00:00:00Z,9,2023,20,0.00,0.00,0.00,18.84
5881,2023-09-03T01:00:00Z,9,2023,21,0.00,0.00,0.00,18.26
5882,2023-09-03T02:00:00Z,9,2023,22,0.00,0.00,0.00,17.79
5883,2023-09-03T03:00:00Z,9,2023,23,0.00,0.00,0.00,17.57
5884,2023-09-03T04:00:00Z,9,2023,0,0.00,0.00,0.00,17.36
5885,2023-09-03T05:00:00Z,9,2023,1,0.00,0.00,0.00,17.26
5886,2023-09-03T06:00:00Z,9,2023,2,0.00,0.00,0.00,17.14
5887,2023-09-03T07:00:00Z,9,2023,3,0.00,0.00,0.00,17.11
5888,2023-09-03T08:00:00Z,9,2023,4,0.00,0.00,0.00,17.02
5889,2023-09-03T09:00:00Z,9,2023,5,0.00,0.00,0.00,16.77
5890,2023-09-03T10:00:00Z,9,2023,6,16.33,21.47,17.81,16.75
5891,2023-09-03T11:00:00Z,9,2023,7,136.35,252.58,74.64,17.86
5892,2023-09-03T12:00:00Z,9,2023,8,295.48,444.74,116.98,19.70
5893,2023-09-03T13:00:00Z,9,2023,9,462.15,528.19,162.38,22.26
5894,2023-09-03T14:00:00Z,9,2023,10,635.20,672.16,154.24,24.50
5895,2023-09-03T15:00:00Z,9,2023,11,740.67,735.80,151.99,25.99
5896,2023-09-03T16:00:00Z,9,2023,12,803.15,830.48,121.13,26.86
5897,2023-09-03T17:00:00Z,9,2023,13,784.85,812.27,128.99,27.40
5898,2023-09-03T18:00:00Z,9,2023,14,711.15,767.52,135.09,27.69
5899,2023-09-03T19:00:00Z,9,2023,15,582.33,697.22,136.31,27.70
5900,2023-09-03T20:00:00Z,9,2023,16,423.05,612.59,116.78,27.55
5901,2023-09-03T21:00:00Z,9,2023,17,240.07,461.41,88.59,26.94
5902,2023-09-03T22:00:00Z,9,2023,18,74.72,184.24,40.81,24.99
5903,2023-09-03T23:00:00Z,9,2023,19,0.00,0.00,0.00,23.91
5904,2023-09-04T00:00:00Z,9,2023,20,0.00,0.00,0.00,23.50
5905,2023-09-04T01:00:00Z,9,2023,21,0.00,0.00,0.00,22.72
5906,2023-09-04T02:00:00Z,9,2023,22,0.00,0.00,0.00,21.63
5907,2023-09-04T03:00:00Z,9,2023,23,0.00,0.00,0.00,20.42
5908,2023-09-04T04:00:00Z,9,2023,0,0.00,0.00,0.00,19.30
5909,2023-09-04T05:00:00Z,9,2023,1,0.00,0.00,0.00,18.73
5910,2023-09-04T06:00:00Z,9,2023,2,0.00,0.00,0.00,18.44
5911,2023-09-04T07:00:00Z,9,2023,3,0.00,0.00,0.00,18.25
5912,2023-09-04T08:00:00Z,9,2023,4,0.00,0.00,0.00,17.99
5913,2023-09-04T09:00:00Z,9,2023,5,0.00,0.00,0.00,17.78
5914,2023-09-04T10:00:00Z,9,2023,6,16.58,24.90,18.66,17.89
5915,2023-09-04T11:00:00Z,9,2023,7,139.62,252.71,81.27,19.15
5916,2023-09-04T12:00:00Z,9,2023,8,314.83,473.32,128.77,20.45
5917,2023-09-04T13:00:00Z,9,2023,9,485.00,592.92,147.44,22.47
5918,2023-09-04T14:00:00Z,9,2023,10,632.22,701.97,141.14,24.65
5919,2023-09-04T15:00:00Z,9,2023,11,741.80,769.74,138.92,26.52
5920,2023-09-04T16:00:00Z,9,2023,12,770.55,691.47,191.69,27.65
5921,2023-09-04T17:00:00Z,9,2023,13,738.42,725.25,153.16,28.12
5922,2023-09-04T18:00:00Z,9,2023,14,693.22,691.80,161.47,28.32
5923,2023-09-04T19:00:00Z,9,2023,15,580.67,722.46,119.45,28.87
5924,2023-09-04T20:00:00Z,9,2023,16,420.70,640.48,104.92,29.58
5925,2023-09-04T21:00:00Z,9,2023,17,240.57,504.66,79.10,28.49
5926,2023-09-04T22:00:00Z,9,2023,18,72.53,203.93,37.46,25.55
5927,2023-09-04T23:00:00Z,9,2023,19,0.00,0.00,0.00,22.81
5928,2023-09-05T00:00:00Z,9,2023,20,0.00,0.00,0.00,21.50
5929,2023-09-05T01:00:00Z,9,2023,21,0.00,0.00,0.00,20.77
5930,2023-09-05T02:00:00Z,9,2023,22,0.00,0.00,0.00,20.22
5931,2023-09-05T03:00:00Z,9,2023,23,0.00,0.00,0.00,20.11
5932,2023-09-05T04:00:00Z,9,2023,0,0.00,0.00,0.00,20.25
5933,2023-09-05T05:00:00Z,9,2023,1,0.00,0.00,0.00,20.03
5934,2023-09-05T06:00:00Z,9,2023,2,0.00,0.00,0.00,19.31
5935,2023-09-05T07:00:00Z,9,2023,3,0.00,0.00,0.00,18.85
5936,2023-09-05T08:00:00Z,9,2023,4,0.00,0.00,0.00,18.87
5937,2023-09-05T09:00:00Z,9,2023,5,0.00,0.00,0.00,18.95
5938,2023-09-05T10:00:00Z,9,2023,6,15.52,8.80,17.87,19.15
5939,2023-09-05T11:00:00Z,9,2023,7,128.93,115.20,100.31,20.18
5940,2023-09-05T12:00:00Z,9,2023,8,287.80,244.92,202.60,21.67
5941,2023-09-05T13:00:00Z,9,2023,9,448.30,424.25,241.79,23.92
5942,2023-09-05T14:00:00Z,9,2023,10,598.55,558.20,250.21,26.04
5943,2023-09-05T15:00:00Z,9,2023,11,656.50,458.77,334.35,27.58
5944,2023-09-05T16:00:00Z,9,2023,12,656.38,625.48,270.59,28.65
5945,2023-09-05T17:00:00Z,9,2023,13,627.17,234.78,413.52,29.33
5946,2023-09-05T18:00:00Z,9,2023,14,597.10,549.05,260.49,29.61
5947,2023-09-05T19:00:00Z,9,2023,15,496.80,408.20,244.71,29.66
5948,2023-09-05T20:00:00Z,9,2023,16,353.45,320.74,200.06,29.48
5949,2023-09-05T21:00:00Z,9,2023,17,196.20,253.22,116.97,28.65
5950,2023-09-05T22:00:00Z,9,2023,18,58.78,115.70,44.10,27.07
5951,2023-09-05T23:00:00Z,9,2023,19,0.00,0.00,0.00,26.17
5952,2023-09-06T00:00:00Z,9,2023,20,0.00,0.00,0.00,25.53
5953,2023-09-06T01:00:00Z,9,2023,21,0.00,0.00,0.00,24.40
5954,2023-09-06T02:00:00Z,9,2023,22,0.00,0.00,0.00,23.14
5955,2023-09-06T03:00:00Z,9,2023,23,0.00,0.00,0.00,22.27
5956,2023-09-06T04:00:00Z,9,2023,0,0.00,0.00,0.00,22.03
5957,2023-09-06T05:00:00Z,9,2023,1,0.00,0.00,0.00,21.86
5958,2023-09-06T06:00:00Z,9,2023,2,0.00,0.00,0.00,21.80
5959,2023-09-06T07:00:00Z,9,2023,3,0.00,0.00,0.00,21.79
5960,2023-09-06T08:00:00Z,9,2023,4,0.00,0.00,0.00,21.71
5961,2023-09-06T09:00:00Z,9,2023,5,0.00,0.00,0.00,21.39
5962,2023-09-06T10:00:00Z,9,2023,6,14.38,25.31,13.85,21.15
5963,2023-09-06T11:00:00Z,9,2023,7,133.73,265.72,73.68,22.27
5964,2023-09-06T12:00:00Z,9,2023,8,299.60,425.28,125.52,24.27
5965,2023-09-06T13:00:00Z,9,2023,9,470.42,547.07,153.95,26.21
5966,2023-09-06T14:00:00Z,9,2023,10,612.92,631.19,161.85,27.70
5967,2023-09-06T15:00:00Z,9,2023,11,694.97,628.46,197.68,28.90
5968,2023-09-06T16:00:00Z,9,2023,12,653.05,450.86,261.29,29.80
5969,2023-09-06T17:00:00Z,9,2023,13,653.25,494.37,236.90,30.36
5970,2023-09-06T18:00:00Z,9,2023,14,585.55,463.79,217.43,30.54
5971,2023-09-06T19:00:00Z,9,2023,15,469.40,401.69,185.01,30.58
5972,2023-09-06T20:00:00Z,9,2023,16,334.20,360.07,151.22,31.06
5973,2023-09-06T21:00:00Z,9,2023,17,195.75,268.29,107.85,29.88
5974,2023-09-06T22:00:00Z,9,2023,18,50.33,74.29,37.64,27.18
5975,2023-09-06T23:00:00Z,9,2023,19,0.00,0.00,0.00,24.85
5976,2023-09-07T00:00:00Z,9,2023,20,0.00,0.00,0.00,23.57
5977,2023-09-07T01:00:00Z,9,2023,21,0.00,0.00,0.00,22.94
5978,2023-09-07T02:00:00Z,9,2023,22,0.00,0.00,0.00,22.58
5979,2023-09-07T03:00:00Z,9,2023,23,0.00,0.00,0.00,22.36
5980,2023-09-07T04:00:00Z,9,2023,0,0.00,0.00,0.00,21.92
5981,2023-09-07T05:00:00Z,9,2023,1,0.00,0.00,0.00,21.54
5982,2023-09-07T06:00:00Z,9,2023,2,0.00,0.00,0.00,21.23
5983,2023-09-07T07:00:00Z,9,2023,3,0.00,0.00,0.00,20.94
5984,2023-09-07T08:00:00Z,9,2023,4,0.00,0.00,0.00,20.73
5985,2023-09-07T09:00:00Z,9,2023,5,0.00,0.00,0.00,20.44
5986,2023-09-07T10:00:00Z,9,2023,6,13.95,27.96,14.16,20.37
5987,2023-09-07T11:00:00Z,9,2023,7,137.65,310.36,69.08,22.01
5988,2023-09-07T12:00:00Z,9,2023,8,312.02,507.68,109.15,24.28
5989,2023-09-07T13:00:00Z,9,2023,9,479.88,599.20,138.36,27.22
5990,2023-09-07T14:00:00Z,9,2023,10,615.30,647.10,156.90,29.64
5991,2023-09-07T15:00:00Z,9,2023,11,716.10,694.76,168.22,30.90
5992,2023-09-07T16:00:00Z,9,2023,12,781.53,814.48,126.41,31.58
5993,2023-09-07T17:00:00Z,9,2023,13,736.88,790.41,121.85,32.13
5994,2023-09-07T18:00:00Z,9,2023,14,679.12,734.50,143.16,32.42
5995,2023-09-07T19:00:00Z,9,2023,15,564.08,683.46,132.61,32.53
5996,2023-09-07T20:00:00Z,9,2023,16,392.50,579.28,115.99,32.71
5997,2023-09-07T21:00:00Z,9,2023,17,210.88,369.94,95.78,31.45
5998,2023-09-07T22:00:00Z,9,2023,18,55.38,128.64,35.65,28.40
5999,2023-09-07T23:00:00Z,9,2023,19,0.00,0.00,0.00,25.80
6000,2023-09-08T00:00:00Z,9,2023,20,0.00,0.00,0.00,24.66
6001,2023-09-08T01:00:00Z,9,2023,21,0.00,0.00,0.00,24.09
6002,2023-09-08T02:00:00Z,9,2023,22,0.00,0.00,0.00,23.61
6003,2023-09-08T03:00:00Z,9,2023,23,0.00,0.00,0.00,23.13
6004,2023-09-08T04:00:00Z,9,2023,0,0.00,0.00,0.00,22.73
6005,2023-09-08T05:00:00Z,9,2023,1,0.00,0.00,0.00,22.32
6006,2023-09-08T06:00:00Z,9,2023,2,0.00,0.00,0.00,22.00
6007,2023-09-08T07:00:00Z,9,2023,3,0.00,0.00,0.00,21.73
6008,2023-09-08T08:00:00Z,9,2023,4,0.00,0.00,0.00,21.51
6009,2023-09-08T09:00:00Z,9,2023,5,0.00,0.00,0.00,21.37
6010,2023-09-08T10:00:00Z,9,2023,6,7.60,0.00,9.05,21.47
6011,2023-09-08T11:00:00Z,9,2023,7,58.65,22.97,50.65,22.13
6012,2023-09-08T12:00:00Z,9,2023,8,145.85,61.75,117.77,22.89
6013,2023-09-08T13:00:00Z,9,2023,9,230.45,173.58,155.62,24.08
6014,2023-09-08T14:00:00Z,9,2023,10,302.45,188.21,224.81,25.50
6015,2023-09-08T15:00:00Z,9,2023,11,429.10,158.50,273.84,26.72
6016,2023-09-08T16:00:00Z,9,2023,12,491.48,229.34,296.10,27.72
6017,2023-09-08T17:00:00Z,9,2023,13,508.15,286.51,289.36,28.26
6018,2023-09-08T18:00:00Z,9,2023,14,296.50,47.99,239.58,28.02
6019,2023-09-08T19:00:00Z,9,2023,15,49.95,20.10,37.54,27.30
6020,2023-09-08T20:00:00Z,9,2023,16,60.67,1.75,51.14,26.43
6021,2023-09-08T21:00:00Z,9,2023,17,26.98,12.59,22.49,25.51
6022,2023-09-08T22:00:00Z,9,2023,18,7.45,6.89,6.77,24.48
6023,2023-09-08T23:00:00Z,9,2023,19,0.00,0.00,0.00,23.66
6024,2023-09-09T00:00:00Z,9,2023,20,0.00,0.00,0.00,23.30
6025,2023-09-09T01:00:00Z,9,2023,21,0.00,0.00,0.00,23.00
6026,2023-09-09T02:00:00Z,9,2023,22,0.00,0.00,0.00,22.79
6027,2023-09-09T03:00:00Z,9,2023,23,0.00,0.00,0.00,22.61
6028,2023-09-09T04:00:00Z,9,2023,0,0.00,0.00,0.00,22.42
6029,2023-09-09T05:00:00Z,9,2023,1,0.00,0.00,0.00,22.23
6030,2023-09-09T06:00:00Z,9,2023,2,0.00,0.00,0.00,22.11
6031,2023-09-09T07:00:00Z,9,2023,3,0.00,0.00,0.00,21.83
6032,2023-09-09T08:00:00Z,9,2023,4,0.00,0.00,0.00,21.54
6033,2023-09-09T09:00:00Z,9,2023,5,0.00,0.00,0.00,21.31
6034,2023-09-09T10:00:00Z,9,2023,6,8.65,7.62,10.60,21.17
6035,2023-09-09T11:00:00Z,9,2023,7,76.35,99.21,55.92,21.76
6036,2023-09-09T12:00:00Z,9,2023,8,177.65,225.17,103.88,22.74
6037,2023-09-09T13:00:00Z,9,2023,9,278.00,186.17,162.00,23.93
6038,2023-09-09T14:00:00Z,9,2023,10,322.33,217.70,169.73,24.63
6039,2023-09-09T15:00:00Z,9,2023,11,477.65,215.27,276.93,25.14
6040,2023-09-09T16:00:00Z,9,2023,12,632.83,382.96,287.68,25.79
6041,2023-09-09T17:00:00Z,9,2023,13,663.35,455.61,283.39,26.22
6042,2023-09-09T18:00:00Z,9,2023,14,481.10,98.21,385.67,26.43
6043,2023-09-09T19:00:00Z,9,2023,15,363.00,96.63,289.76,26.53
6044,2023-09-09T20:00:00Z,9,2023,16,242.40,41.96,196.14,26.41
6045,2023-09-09T21:00:00Z,9,2023,17,124.07,42.14,102.96,25.62
6046,2023-09-09T22:00:00Z,9,2023,18,29.60,13.04,26.45,24.22
6047,2023-09-09T23:00:00Z,9,2023,19,0.00,0.00,0.00,23.14
6048,2023-09-10T00:00:00Z,9,2023,20,0.00,0.00,0.00,22.50
6049,2023-09-10T01:00:00Z,9,2023,21,0.00,0.00,0.00,21.97
6050,2023-09-10T02:00:00Z,9,2023,22,0.00,0.00,0.00,21.43
6051,2023-09-10T03:00:00Z,9,2023,23,0.00,0.00,0.00,21.08
6052,2023-09-10T04:00:00Z,9,2023,0,0.00,0.00,0.00,21.03
6053,2023-09-10T05:00:00Z,9,2023,1,0.00,0.00,0.00,20.95
6054,2023-09-10T06:00:00Z,9,2023,2,0.00,0.00,0.00,20.53
6055,2023-09-10T07:00:00Z,9,2023,3,0.00,0.00,0.00,19.95
6056,2023-09-10T08:00:00Z,9,2023,4,0.00,0.00,0.00,19.72
6057,2023-09-10T09:00:00Z,9,2023,5,0.00,0.00,0.00,19.77
6058,2023-09-10T10:00:00Z,9,2023,6,4.70,1.62,5.68,19.84
6059,2023-09-10T11:00:00Z,9,2023,7,36.00,4.41,32.34,20.86
6060,2023-09-10T12:00:00Z,9,2023,8,79.95,10.87,68.97,22.92
6061,2023-09-10T13:00:00Z,9,2023,9,125.53,17.46,103.10,24.99
6062,2023-09-10T14:00:00Z,9,2023,10,125.75,12.87,100.61,25.57
6063,2023-09-10T15:00:00Z,9,2023,11,350.12,26.20,274.09,25.72
6064,2023-09-10T16:00:00Z,9,2023,12,384.80,100.56,259.36,25.47
6065,2023-09-10T17:00:00Z,9,2023,13,195.27,9.79,159.38,25.44
6066,2023-09-10T18:00:00Z,9,2023,14,206.38,18.01,169.19,25.34
6067,2023-09-10T19:00:00Z,9,2023,15,87.65,0.00,75.25,25.24
6068,2023-09-10T20:00:00Z,9,2023,16,75.00,0.00,63.94,25.27
6069,2023-09-10T21:00:00Z,9,2023,17,56.42,0.00,48.87,24.73
6070,2023-09-10T22:00:00Z,9,2023,18,16.95,0.00,15.77,22.82
6071,2023-09-10T23:00:00Z,9,2023,19,0.00,0.00,0.00,21.39
6072,2023-09-11T00:00:00Z,9,2023,20,0.00,0.00,0.00,20.79
6073,2023-09-11T01:00:00Z,9,2023,21,0.00,0.00,0.00,20.49
6074,2023-09-11T02:00:00Z,9,2023,22,0.00,0.00,0.00,20.20
6075,2023-09-11T03:00:00Z,9,2023,23,0.00,0.00,0.00,19.94
6076,2023-09-11T04:00:00Z,9,2023,0,0.00,0.00,0.00,19.79
6077,2023-09-11T05:00:00Z,9,2023,1,0.00,0.00,0.00,19.83
6078,2023-09-11T06:00:00Z,9,2023,2,0.00,0.00,0.00,19.89
6079,2023-09-11T07:00:00Z,9,2023,3,0.00,0.00,0.00,19.79
6080,2023-09-11T08:00:00Z,9,2023,4,0.00,0.00,0.00,19.64
6081,2023-09-11T09:00:00Z,9,2023,5,0.00,0.00,0.00,19.46
6082,2023-09-11T10:00:00Z,9,2023,6,5.20,0.00,5.46,19.52
6083,2023-09-11T11:00:00Z,9,2023,7,46.97,3.72,41.40,20.34
6084,2023-09-11T12:00:00Z,9,2023,8,105.88,6.65,92.02,21.56
6085,2023-09-11T13:00:00Z,9,2023,9,172.48,19.33,141.13,24.08
6086,2023-09-11T14:00:00Z,9,2023,10,236.57,61.79,176.55,27.54
6087,2023-09-11T15:00:00Z,9,2023,11,218.82,29.57,168.77,30.14
6088,2023-09-11T16:00:00Z,9,2023,12,344.77,34.42,278.62,28.64
6089,2023-09-11T17:00:00Z,9,2023,13,424.15,77.06,317.35,27.84
6090,2023-09-11T18:00:00Z,9,2023,14,360.48,103.71,246.74,27.14
6091,2023-09-11T19:00:00Z,9,2023,15,173.50,0.00,149.62,25.99
6092,2023-09-11T20:00:00Z,9,2023,16,117.65,0.00,100.31,24.45
6093,2023-09-11T21:00:00Z,9,2023,17,69.78,15.06,58.05,23.28
6094,2023-09-11T22:00:00Z,9,2023,18,14.88,0.00,13.84,22.58
6095,2023-09-11T23:00:00Z,9,2023,19,0.00,0.00,0.00,21.83
6096,2023-09-12T00:00:00Z,9,2023,20,0.00,0.00,0.00,21.44
6097,2023-09-12T01:00:00Z,9,2023,21,0.00,0.00,0.00,21.14
6098,2023-09-12T02:00:00Z,9,2023,22,0.00,0.00,0.00,20.85
6099,2023-09-12T03:00:00Z,9,2023,23,0.00,0.00,0.00,20.66
6100,2023-09-12T04:00:00Z,9,2023,0,0.00,0.00,0.00,20.47
6101,2023-09-12T05:00:00Z,9,2023,1,0.00,0.00,0.00,20.25
6102,2023-09-12T06:00:00Z,9,2023,2,0.00,0.00,0.00,20.06
6103,2023-09-12T07:00:00Z,9,2023,3,0.00,0.00,0.00,19.94
6104,2023-09-12T08:00:00Z,9,2023,4,0.00,0.00,0.00,19.80
6105,2023-09-12T09:00:00Z,9,2023,5,0.00,0.00,0.00,19.63
6106,2023-09-12T10:00:00Z,9,2023,6,9.12,14.50,11.64,19.57
6107,2023-09-12T11:00:00Z,9,2023,7,97.60,246.77,50.78,20.28
6108,2023-09-12T12:00:00Z,9,2023,8,187.50,302.59,79.43,22.12
6109,2023-09-12T13:00:00Z,9,2023,9,241.70,354.37,80.48,24.68
6110,2023-09-12T14:00:00Z,9,2023,10,214.15,6.42,180.60,25.59
6111,2023-09-12T15:00:00Z,9,2023,11,292.73,19.71,238.41,26.83
6112,2023-09-12T16:00:00Z,9,2023,12,391.40,110.87,271.73,26.37
6113,2023-09-12T17:00:00Z,9,2023,13,485.20,498.70,158.12,26.65
6114,2023-09-12T18:00:00Z,9,2023,14,505.42,176.14,330.53,26.69
6115,2023-09-12T19:00:00Z,9,2023,15,426.38,404.95,191.04,26.27
6116,2023-09-12T20:00:00Z,9,2023,16,286.40,380.16,117.89,25.49
6117,2023-09-12T21:00:00Z,9,2023,17,162.65,302.50,80.31,25.20
6118,2023-09-12T22:00:00Z,9,2023,18,38.10,86.57,31.24,23.97
6119,2023-09-12T23:00:00Z,9,2023,19,0.00,0.00,0.00,22.50
6120,2023-09-13T00:00:00Z,9,2023,20,0.00,0.00,0.00,21.49
6121,2023-09-13T01:00:00Z,9,2023,21,0.00,0.00,0.00,20.80
6122,2023-09-13T02:00:00Z,9,2023,22,0.00,0.00,0.00,20.47
6123,2023-09-13T03:00:00Z,9,2023,23,0.00,0.00,0.00,20.37
6124,2023-09-13T04:00:00Z,9,2023,0,0.00,0.00,0.00,20.29
6125,2023-09-13T05:00:00Z,9,2023,1,0.00,0.00,0.00,20.03
6126,2023-09-13T06:00:00Z,9,2023,2,0.00,0.00,0.00,19.69
6127,2023-09-13T07:00:00Z,9,2023,3,0.00,0.00,0.00,19.48
6128,2023-09-13T08:00:00Z,9,2023,4,0.00,0.00,0.00,19.13
6129,2023-09-13T09:00:00Z,9,2023,5,0.00,0.00,0.00,18.73
6130,2023-09-13T10:00:00Z,9,2023,6,6.93,0.00,7.41,18.65
6131,2023-09-13T11:00:00Z,9,2023,7,60.17,3.89,54.19,19.93
6132,2023-09-13T12:00:00Z,9,2023,8,130.27,7.31,112.35,21.12
6133,2023-09-13T13:00:00Z,9,2023,9,191.88,19.26,161.58,22.49
6134,2023-09-13T14:00:00Z,9,2023,10,318.85,36.37,248.34,23.55
6135,2023-09-13T15:00:00Z,9,2023,11,63.85,17.77,47.41,23.91
6136,2023-09-13T16:00:00Z,9,2023,12,121.40,0.00,100.14,23.63
6137,2023-09-13T17:00:00Z,9,2023,13,159.80,20.70,127.94,23.35
6138,2023-09-13T18:00:00Z,9,2023,14,259.75,39.98,211.10,22.94
6139,2023-09-13T19:00:00Z,9,2023,15,261.60,24.78,216.85,22.68
6140,2023-09-13T20:00:00Z,9,2023,16,179.52,8.87,154.15,22.66
6141,2023-09-13T21:00:00Z,9,2023,17,96.88,3.16,84.55,22.32
6142,2023-09-13T22:00:00Z,9,2023,18,18.90,0.00,18.45,21.69
6143,2023-09-13T23:00:00Z,9,2023,19,0.00,0.00,0.00,21.07
6144,2023-09-14T00:00:00Z,9,2023,20,0.00,0.00,0.00,20.83
6145,2023-09-14T01:00:00Z,9,2023,21,0.00,0.00,0.00,20.78
6146,2023-09-14T02:00:00Z,9,2023,22,0.00,0.00,0.00,20.54
6147,2023-09-14T03:00:00Z,9,2023,23,0.00,0.00,0.00,20.06
6148,2023-09-14T04:00:00Z,9,2023,0,0.00,0.00,0.00,19.50
6149,2023-09-14T05:00:00Z,9,2023,1,0.00,0.00,0.00,18.87
6150,2023-09-14T06:00:00Z,9,2023,2,0.00,0.00,0.00,18.23
6151,2023-09-14T07:00:00Z,9,2023,3,0.00,0.00,0.00,17.68
6152,2023-09-14T08:00:00Z,9,2023,4,0.00,0.00,0.00,17.10
6153,2023-09-14T09:00:00Z,9,2023,5,0.00,0.00,0.00,16.49
6154,2023-09-14T10:00:00Z,9,2023,6,9.52,23.67,10.60,15.95
6155,2023-09-14T11:00:00Z,9,2023,7,128.55,358.89,57.00,16.18
6156,2023-09-14T12:00:00Z,9,2023,8,302.70,539.45,100.30,17.31
6157,2023-09-14T13:00:00Z,9,2023,9,482.75,707.68,113.80,19.15
6158,2023-09-14T14:00:00Z,9,2023,10,627.38,805.70,100.63,20.98
6159,2023-09-14T15:00:00Z,9,2023,11,744.10,880.92,96.08,22.10
6160,2023-09-14T16:00:00Z,9,2023,12,791.97,921.79,81.33,22.86
6161,2023-09-14T17:00:00Z,9,2023,13,774.75,931.23,74.88,23.39
6162,2023-09-14T18:00:00Z,9,2023,14,701.53,913.74,80.54,23.54
6163,2023-09-14T19:00:00Z,9,2023,15,567.78,831.44,92.29,23.31
6164,2023-09-14T20:00:00Z,9,2023,16,398.70,745.90,74.36,22.72
6165,2023-09-14T21:00:00Z,9,2023,17,212.62,625.80,51.73,21.62
6166,2023-09-14T22:00:00Z,9,2023,18,43.05,254.36,20.85,19.06
6167,2023-09-14T23:00:00Z,9,2023,19,0.00,0.00,0.00,17.19
6168,2023-09-15T00:00:00Z,9,2023,20,0.00,0.00,0.00,17.04
6169,2023-09-15T01:00:00Z,9,2023,21,0.00,0.00,0.00,16.11
6170,2023-09-15T02:00:00Z,9,2023,22,0.00,0.00,0.00,15.60
6171,2023-09-15T03:00:00Z,9,2023,23,0.00,0.00,0.00,15.33
6172,2023-09-15T04:00:00Z,9,2023,0,0.00,0.00,0.00,14.86
6173,2023-09-15T05:00:00Z,9,2023,1,0.00,0.00,0.00,14.21
6174,2023-09-15T06:00:00Z,9,2023,2,0.00,0.00,0.00,13.71
6175,2023-09-15T07:00:00Z,9,2023,3,0.00,0.00,0.00,13.25
6176,2023-09-15T08:00:00Z,9,2023,4,0.00,0.00,0.00,12.78
6177,2023-09-15T09:00:00Z,9,2023,5,0.00,0.00,0.00,12.33
6178,2023-09-15T10:00:00Z,9,2023,6,6.05,0.00,6.48,12.02
6179,2023-09-15T11:00:00Z,9,2023,7,80.70,31.83,70.17,12.84
6180,2023-09-15T12:00:00Z,9,2023,8,203.18,22.72,173.95,14.47
6181,2023-09-15T13:00:00Z,9,2023,9,339.30,54.71,285.13,15.88
6182,2023-09-15T14:00:00Z,9,2023,10,484.92,231.61,374.70,16.93
6183,2023-09-15T15:00:00Z,9,2023,11,514.12,112.96,399.59,17.81
6184,2023-09-15T16:00:00Z,9,2023,12,692.50,516.60,363.62,18.61
6185,2023-09-15T17:00:00Z,9,2023,13,582.00,315.11,343.81,19.14
6186,2023-09-15T18:00:00Z,9,2023,14,542.38,253.69,417.71,19.26
6187,2023-09-15T19:00:00Z,9,2023,15,408.33,137.10,333.85,18.97
6188,2023-09-15T20:00:00Z,9,2023,16,251.75,43.57,207.35,18.38
6189,2023-09-15T21:00:00Z,9,2023,17,128.48,69.88,103.50,17.66
6190,2023-09-15T22:00:00Z,9,2023,18,21.12,23.11,20.84,16.96
6191,2023-09-15T23:00:00Z,9,2023,19,0.00,0.00,0.00,16.45
6192,2023-09-16T00:00:00Z,9,2023,20,0.00,0.00,0.00,16.31
6193,2023-09-16T01:00:00Z,9,2023,21,0.00,0.00,0.00,16.22
6194,2023-09-16T02:00:00Z,9,2023,22,0.00,0.00,0.00,16.01
6195,2023-09-16T03:00:00Z,9,2023,23,0.00,0.00,0.00,15.66
6196,2023-09-16T04:00:00Z,9,2023,0,0.00,0.00,0.00,15.08
6197,2023-09-16T05:00:00Z,9,2023,1,0.00,0.00,0.00,14.73
6198,2023-09-16T06:00:00Z,9,2023,2,0.00,0.00,0.00,14.63
6199,2023-09-16T07:00:00Z,9,2023,3,0.00,0.00,0.00,14.74
6200,2023-09-16T08:00:00Z,9,2023,4,0.00,0.00,0.00,15.01
6201,2023-09-16T09:00:00Z,9,2023,5,0.00,0.00,0.00,15.22
6202,2023-09-16T10:00:00Z,9,2023,6,3.00,0.00,3.21,15.36
6203,2023-09-16T11:00:00Z,9,2023,7,29.50,0.00,26.48,15.58
6204,2023-09-16T12:00:00Z,9,2023,8,86.38,0.00,74.45,15.92
6205,2023-09-16T13:00:00Z,9,2023,9,125.05,23.25,105.10,16.55
6206,2023-09-16T14:00:00Z,9,2023,10,142.23,35.33,112.48,16.89
6207,2023-09-16T15:00:00Z,9,2023,11,308.83,22.06,257.62,17.37
6208,2023-09-16T16:00:00Z,9,2023,12,368.08,8.42,301.26,18.26
6209,2023-09-16T17:00:00Z,9,2023,13,383.10,7.61,314.93,19.17
6210,2023-09-16T18:00:00Z,9,2023,14,361.70,13.73,302.05,19.89
6211,2023-09-16T19:00:00Z,9,2023,15,313.92,99.28,230.15,20.37
6212,2023-09-16T20:00:00Z,9,2023,16,226.70,56.25,184.69,20.45
6213,2023-09-16T21:00:00Z,9,2023,17,114.57,27.48,94.85,20.01
6214,2023-09-16T22:00:00Z,9,2023,18,23.02,14.37,24.26,19.07
6215,2023-09-16T23:00:00Z,9,2023,19,0.00,0.00,0.00,18.09
6216,2023-09-17T00:00:00Z,9,2023,20,0.00,0.00,0.00,17.46
6217,2023-09-17T01:00:00Z,9,2023,21,0.00,0.00,0.00,16.96
6218,2023-09-17T02:00:00Z,9,2023,22,0.00,0.00,0.00,16.49
6219,2023-09-17T03:00:00Z,9,2023,23,0.00,0.00,0.00,16.04
6220,2023-09-17T04:00:00Z,9,2023,0,0.00,0.00,0.00,15.53
6221,2023-09-17T05:00:00Z,9,2023,1,0.00,0.00,0.00,14.77
6222,2023-09-17T06:00:00Z,9,2023,2,0.00,0.00,0.00,13.87
6223,2023-09-17T07:00:00Z,9,2023,3,0.00,0.00,0.00,13.23
6224,2023-09-17T08:00:00Z,9,2023,4,0.00,0.00,0.00,12.63
6225,2023-09-17T09:00:00Z,9,2023,5,0.00,0.00,0.00,12.14
6226,2023-09-17T10:00:00Z,9,2023,6,8.77,51.68,7.88,11.78
6227,2023-09-17T11:00:00Z,9,2023,7,139.75,515.55,40.61,12.52
6228,2023-09-17T12:00:00Z,9,2023,8,332.25,738.44,64.14,14.75
6229,2023-09-17T13:00:00Z,9,2023,9,511.05,847.66,76.06,18.22
6230,2023-09-17T14:00:00Z,9,2023,10,654.33,893.08,84.25,20.61
6231,2023-09-17T15:00:00Z,9,2023,11,750.50,918.35,88.76,21.92
6232,2023-09-17T16:00:00Z,9,2023,12,792.28,944.68,84.73,22.85
6233,2023-09-17T17:00:00Z,9,2023,13,769.58,945.05,83.00,23.44
6234,2023-09-17T18:00:00Z,9,2023,14,692.78,915.78,78.13,23.69
6235,2023-09-17T19:00:00Z,9,2023,15,535.12,715.93,131.57,23.55
6236,2023-09-17T20:00:00Z,9,2023,16,355.25,497.92,143.28,23.07
6237,2023-09-17T21:00:00Z,9,2023,17,167.88,309.47,96.06,21.86
6238,2023-09-17T22:00:00Z,9,2023,18,23.00,58.16,22.68,18.75
6239,2023-09-17T23:00:00Z,9,2023,19,0.00,0.00,0.00,16.95
6240,2023-09-18T00:00:00Z,9,2023,20,0.00,0.00,0.00,16.55
6241,2023-09-18T01:00:00Z,9,2023,21,0.00,0.00,0.00,16.43
6242,2023-09-18T02:00:00Z,9,2023,22,0.00,0.00,0.00,15.93
6243,2023-09-18T03:00:00Z,9,2023,23,0.00,0.00,0.00,15.47
6244,2023-09-18T04:00:00Z,9,2023,0,0.00,0.00,0.00,15.42
6245,2023-09-18T05:00:00Z,9,2023,1,0.00,0.00,0.00,15.36
6246,2023-09-18T06:00:00Z,9,2023,2,0.00,0.00,0.00,15.48
6247,2023-09-18T07:00:00Z,9,2023,3,0.00,0.00,0.00,15.38
6248,2023-09-18T08:00:00Z,9,2023,4,0.00,0.00,0.00,15.21
6249,2023-09-18T09:00:00Z,9,2023,5,0.00,0.00,0.00,15.29
6250,2023-09-18T10:00:00Z,9,2023,6,2.88,0.00,3.29,15.23
6251,2023-09-18T11:00:00Z,9,2023,7,26.48,0.00,23.76,16.16
6252,2023-09-18T12:00:00Z,9,2023,8,67.75,0.00,58.40,17.10
6253,2023-09-18T13:00:00Z,9,2023,9,105.15,0.00,91.20,18.20
6254,2023-09-18T14:00:00Z,9,2023,10,107.53,19.25,86.56,19.58
6255,2023-09-18T15:00:00Z,9,2023,11,101.82,17.85,83.25,19.89
6256,2023-09-18T16:00:00Z,9,2023,12,117.78,11.35,94.48,19.76
6257,2023-09-18T17:00:00Z,9,2023,13,104.12,6.23,84.49,19.84
6258,2023-09-18T18:00:00Z,9,2023,14,90.00,36.90,66.21,19.62
6259,2023-09-18T19:00:00Z,9,2023,15,61.20,4.18,52.55,19.45
6260,2023-09-18T20:00:00Z,9,2023,16,96.85,0.00,83.57,19.09
6261,2023-09-18T21:00:00Z,9,2023,17,60.30,0.00,52.79,18.64
6262,2023-09-18T22:00:00Z,9,2023,18,9.75,0.00,9.92,18.18
6263,2023-09-18T23:00:00Z,9,2023,19,0.00,0.00,0.00,17.81
6264,2023-09-19T00:00:00Z,9,2023,20,0.00,0.00,0.00,17.55
6265,2023-09-19T01:00:00Z,9,2023,21,0.00,0.00,0.00,17.33
6266,2023-09-19T02:00:00Z,9,2023,22,0.00,0.00,0.00,17.18
6267,2023-09-19T03:00:00Z,9,2023,23,0.00,0.00,0.00,17.12
6268,2023-09-19T04:00:00Z,9,2023,0,0.00,0.00,0.00,17.02
6269,2023-09-19T05:00:00Z,9,2023,1,0.00,0.00,0.00,16.76
6270,2023-09-19T06:00:00Z,9,2023,2,0.00,0.00,0.00,16.33
6271,2023-09-19T07:00:00Z,9,2023,3,0.00,0.00,0.00,15.83
6272,2023-09-19T08:00:00Z,9,2023,4,0.00,0.00,0.00,15.29
6273,2023-09-19T09:00:00Z,9,2023,5,0.00,0.00,0.00,14.83
6274,2023-09-19T10:00:00Z,9,2023,6,6.15,11.03,8.34,14.50
6275,2023-09-19T11:00:00Z,9,2023,7,111.68,295.21,57.60,14.79
6276,2023-09-19T12:00:00Z,9,2023,8,291.05,545.86,93.02,16.04
6277,2023-09-19T13:00:00Z,9,2023,9,474.08,711.16,108.34,17.87
6278,2023-09-19T14:00:00Z,9,2023,10,547.88,580.65,187.07,19.60
6279,2023-09-19T15:00:00Z,9,2023,11,577.65,436.49,275.77,20.69
6280,2023-09-19T16:00:00Z,9,2023,12,593.55,454.66,266.89,21.37
6281,2023-09-19T17:00:00Z,9,2023,13,538.50,572.97,156.59,21.72
6282,2023-09-19T18:00:00Z,9,2023,14,551.45,447.25,243.21,21.74
6283,2023-09-19T19:00:00Z,9,2023,15,400.45,373.25,211.12,21.45
6284,2023-09-19T20:00:00Z,9,2023,16,265.77,345.02,130.00,20.78
6285,2023-09-19T21:00:00Z,9,2023,17,130.12,257.07,68.91,19.82
6286,2023-09-19T22:00:00Z,9,2023,18,20.23,68.23,18.45,18.43
6287,2023-09-19T23:00:00Z,9,2023,19,0.00,0.00,0.00,17.32
6288,2023-09-20T00:00:00Z,9,2023,20,0.00,0.00,0.00,16.76
6289,2023-09-20T01:00:00Z,9,2023,21,0.00,0.00,0.00,16.28
6290,2023-09-20T02:00:00Z,9,2023,22,0.00,0.00,0.00,15.71
6291,2023-09-20T03:00:00Z,9,2023,23,0.00,0.00,0.00,14.84
6292,2023-09-20T04:00:00Z,9,2023,0,0.00,0.00,0.00,14.32
6293,2023-09-20T05:00:00Z,9,2023,1,0.00,0.00,0.00,13.95
6294,2023-09-20T06:00:00Z,9,2023,2,0.00,0.00,0.00,13.59
6295,2023-09-20T07:00:00Z,9,2023,3,0.00,0.00,0.00,13.21
6296,2023-09-20T08:00:00Z,9,2023,4,0.00,0.00,0.00,12.83
6297,2023-09-20T09:00:00Z,9,2023,5,0.00,0.00,0.00,12.39
6298,2023-09-20T10:00:00Z,9,2023,6,6.35,37.75,7.50,12.08
6299,2023-09-20T11:00:00Z,9,2023,7,124.88,462.41,44.43,12.87
6300,2023-09-20T12:00:00Z,9,2023,8,312.70,693.68,67.27,15.13
6301,2023-09-20T13:00:00Z,9,2023,9,491.33,816.68,77.54,17.58
6302,2023-09-20T14:00:00Z,9,2023,10,636.50,874.72,86.03,19.19
6303,2023-09-20T15:00:00Z,9,2023,11,729.17,885.35,100.07,20.31
6304,2023-09-20T16:00:00Z,9,2023,12,770.12,910.48,93.28,21.15
6305,2023-09-20T17:00:00Z,9,2023,13,747.85,901.85,97.52,21.67
6306,2023-09-20T18:00:00Z,9,2023,14,638.42,836.11,91.08,21.86
6307,2023-09-20T19:00:00Z,9,2023,15,524.00,758.31,122.51,21.69
6308,2023-09-20T20:00:00Z,9,2023,16,357.92,632.46,99.62,21.16
6309,2023-09-20T21:00:00Z,9,2023,17,172.75,471.88,65.47,20.04
6310,2023-09-20T22:00:00Z,9,2023,18,22.45,102.71,17.26,16.92
6311,2023-09-20T23:00:00Z,9,2023,19,0.00,0.00,0.00,14.98
6312,2023-09-21T00:00:00Z,9,2023,20,0.00,0.00,0.00,14.54
6313,2023-09-21T01:00:00Z,9,2023,21,0.00,0.00,0.00,14.06
6314,2023-09-21T02:00:00Z,9,2023,22,0.00,0.00,0.00,13.53
6315,2023-09-21T03:00:00Z,9,2023,23,0.00,0.00,0.00,13.00
6316,2023-09-21T04:00:00Z,9,2023,0,0.00,0.00,0.00,12.53
6317,2023-09-21T05:00:00Z,9,2023,1,0.00,0.00,0.00,12.02
6318,2023-09-21T06:00:00Z,9,2023,2,0.00,0.00,0.00,11.50
6319,2023-09-21T07:00:00Z,9,2023,3,0.00,0.00,0.00,10.98
6320,2023-09-21T08:00:00Z,9,2023,4,0.00,0.00,0.00,10.66
6321,2023-09-21T09:00:00Z,9,2023,5,0.00,0.00,0.00,10.25
6322,2023-09-21T10:00:00Z,9,2023,6,5.65,25.05,7.28,9.83
6323,2023-09-21T11:00:00Z,9,2023,7,117.47,380.03,50.52,11.21
6324,2023-09-21T12:00:00Z,9,2023,8,303.23,655.51,77.61,13.57
6325,2023-09-21T13:00:00Z,9,2023,9,480.85,760.50,94.29,16.87
6326,2023-09-21T14:00:00Z,9,2023,10,623.40,818.30,105.43,18.94
6327,2023-09-21T15:00:00Z,9,2023,11,714.38,835.11,114.69,20.26
6328,2023-09-21T16:00:00Z,9,2023,12,750.05,835.61,126.26,21.19
6329,2023-09-21T17:00:00Z,9,2023,13,707.30,745.47,161.90,21.81
6330,2023-09-21T18:00:00Z,9,2023,14,603.33,719.86,135.02,22.05
6331,2023-09-21T19:00:00Z,9,2023,15,466.55,545.27,174.48,21.96
6332,2023-09-21T20:00:00Z,9,2023,16,312.85,453.33,139.94,21.52
6333,2023-09-21T21:00:00Z,9,2023,17,147.62,304.41,76.63,21.73
6334,2023-09-21T22:00:00Z,9,2023,18,17.75,43.66,17.09,19.63
6335,2023-09-21T23:00:00Z,9,2023,19,0.00,0.00,0.00,18.12
6336,2023-09-22T00:00:00Z,9,2023,20,0.00,0.00,0.00,17.62
6337,2023-09-22T01:00:00Z,9,2023,21,0.00,0.00,0.00,17.21
6338,2023-09-22T02:00:00Z,9,2023,22,0.00,0.00,0.00,16.33
6339,2023-09-22T03:00:00Z,9,2023,23,0.00,0.00,0.00,15.47
6340,2023-09-22T04:00:00Z,9,2023,0,0.00,0.00,0.00,14.84
6341,2023-09-22T05:00:00Z,9,2023,1,0.00,0.00,0.00,13.98
6342,2023-09-22T06:00:00Z,9,2023,2,0.00,0.00,0.00,13.07
6343,2023-09-22T07:00:00Z,9,2023,3,0.00,0.00,0.00,12.69
6344,2023-09-22T08:00:00Z,9,2023,4,0.00,0.00,0.00,12.63
6345,2023-09-22T09:00:00Z,9,2023,5,0.00,0.00,0.00,12.73
6346,2023-09-22T10:00:00Z,9,2023,6,4.22,3.31,6.42,12.38
6347,2023-09-22T11:00:00Z,9,2023,7,85.93,159.71,57.72,14.31
6348,2023-09-22T12:00:00Z,9,2023,8,216.70,306.24,109.04,16.65
6349,2023-09-22T13:00:00Z,9,2023,9,344.95,357.68,162.54,18.37
6350,2023-09-22T14:00:00Z,9,2023,10,465.38,436.17,193.23,19.51
6351,2023-09-22T15:00:00Z,9,2023,11,527.53,399.84,383.55,20.23
6352,2023-09-22T16:00:00Z,9,2023,12,556.85,281.82,410.98,20.57
6353,2023-09-22T17:00:00Z,9,2023,13,530.58,314.83,393.11,20.56
6354,2023-09-22T18:00:00Z,9,2023,14,485.77,768.06,295.03,20.33
6355,2023-09-22T19:00:00Z,9,2023,15,405.17,567.65,268.86,19.82
6356,2023-09-22T20:00:00Z,9,2023,16,260.08,163.24,201.06,18.90
6357,2023-09-22T21:00:00Z,9,2023,17,121.62,78.59,100.98,17.46
6358,2023-09-22T22:00:00Z,9,2023,18,13.60,2.48,15.78,14.70
6359,2023-09-22T23:00:00Z,9,2023,19,0.00,0.00,0.00,12.91
6360,2023-09-23T00:00:00Z,9,2023,20,0.00,0.00,0.00,12.49
6361,2023-09-23T01:00:00Z,9,2023,21,0.00,0.00,0.00,12.09
6362,2023-09-23T02:00:00Z,9,2023,22,0.00,0.00,0.00,11.78
6363,2023-09-23T03:00:00Z,9,2023,23,0.00,0.00,0.00,11.62
6364,2023-09-23T04:00:00Z,9,2023,0,0.00,0.00,0.00,11.46
6365,2023-09-23T05:00:00Z,9,2023,1,0.00,0.00,0.00,11.51
6366,2023-09-23T06:00:00Z,9,2023,2,0.00,0.00,0.00,11.51
6367,2023-09-23T07:00:00Z,9,2023,3,0.00,0.00,0.00,11.64
6368,2023-09-23T08:00:00Z,9,2023,4,0.00,0.00,0.00,11.88
6369,2023-09-23T09:00:00Z,9,2023,5,0.00,0.00,0.00,11.99
6370,2023-09-23T10:00:00Z,9,2023,6,3.05,0.00,3.49,11.91
6371,2023-09-23T11:00:00Z,9,2023,7,46.78,0.00,41.26,12.45
6372,2023-09-23T12:00:00Z,9,2023,8,114.93,0.00,98.15,13.68
6373,2023-09-23T13:00:00Z,9,2023,9,174.62,0.00,145.03,14.53
6374,2023-09-23T14:00:00Z,9,2023,10,138.82,40.57,101.93,15.22
6375,2023-09-23T15:00:00Z,9,2023,11,162.65,51.92,115.98,15.61
6376,2023-09-23T16:00:00Z,9,2023,12,158.55,41.98,113.70,15.78
6377,2023-09-23T17:00:00Z,9,2023,13,250.95,0.00,209.10,15.71
6378,2023-09-23T18:00:00Z,9,2023,14,132.77,40.81,98.31,15.52
6379,2023-09-23T19:00:00Z,9,2023,15,120.15,0.00,104.61,15.27
6380,2023-09-23T20:00:00Z,9,2023,16,134.45,0.00,117.72,14.99
6381,2023-09-23T21:00:00Z,9,2023,17,63.45,0.00,55.96,14.69
6382,2023-09-23T22:00:00Z,9,2023,18,6.88,0.00,7.22,14.42
6383,2023-09-23T23:00:00Z,9,2023,19,0.00,0.00,0.00,14.31
6384,2023-09-24T00:00:00Z,9,2023,20,0.00,0.00,0.00,14.27
6385,2023-09-24T01:00:00Z,9,2023,21,0.00,0.00,0.00,14.23
6386,2023-09-24T02:00:00Z,9,2023,22,0.00,0.00,0.00,14.21
6387,2023-09-24T03:00:00Z,9,2023,23,0.00,0.00,0.00,14.22
6388,2023-09-24T04:00:00Z,9,2023,0,0.00,0.00,0.00,14.24
6389,2023-09-24T05:00:00Z,9,2023,1,0.00,0.00,0.00,14.26
6390,2023-09-24T06:00:00Z,9,2023,2,0.00,0.00,0.00,14.26
6391,2023-09-24T07:00:00Z,9,2023,3,0.00,0.00,0.00,14.20
6392,2023-09-24T08:00:00Z,9,2023,4,0.00,0.00,0.00,14.12
6393,2023-09-24T09:00:00Z,9,2023,5,0.00,0.00,0.00,14.01
6394,2023-09-24T10:00:00Z,9,2023,6,1.45,0.00,1.66,13.90
6395,2023-09-24T11:00:00Z,9,2023,7,23.85,0.00,20.90,14.09
6396,2023-09-24T12:00:00Z,9,2023,8,62.12,0.00,53.09,14.62
6397,2023-09-24T13:00:00Z,9,2023,9,87.55,9.08,71.24,15.27
6398,2023-09-24T14:00:00Z,9,2023,10,118.72,21.05,98.32,16.01
6399,2023-09-24T15:00:00Z,9,2023,11,170.45,31.20,133.54,16.71
6400,2023-09-24T16:00:00Z,9,2023,12,161.93,67.70,111.83,17.28
6401,2023-09-24T17:00:00Z,9,2023,13,251.80,35.75,195.72,17.64
6402,2023-09-24T18:00:00Z,9,2023,14,151.50,35.35,120.29,17.57
6403,2023-09-24T19:00:00Z,9,2023,15,79.90,19.86,67.11,17.19
6404,2023-09-24T20:00:00Z,9,2023,16,48.50,13.05,40.87,16.42
6405,2023-09-24T21:00:00Z,9,2023,17,18.73,10.51,16.09,15.62
6406,2023-09-24T22:00:00Z,9,2023,18,2.88,0.00,3.02,15.02
6407,2023-09-24T23:00:00Z,9,2023,19,0.00,0.00,0.00,14.72
6408,2023-09-25T00:00:00Z,9,2023,20,0.00,0.00,0.00,14.59
6409,2023-09-25T01:00:00Z,9,2023,21,0.00,0.00,0.00,14.56
6410,2023-09-25T02:00:00Z,9,2023,22,0.00,0.00,0.00,14.59
6411,2023-09-25T03:00:00Z,9,2023,23,0.00,0.00,0.00,14.66
6412,2023-09-25T04:00:00Z,9,2023,0,0.00,0.00,0.00,14.72
6413,2023-09-25T05:00:00Z,9,2023,1,0.00,0.00,0.00,14.77
6414,2023-09-25T06:00:00Z,9,2023,2,0.00,0.00,0.00,14.72
6415,2023-09-25T07:00:00Z,9,2023,3,0.00,0.00,0.00,14.66
6416,2023-09-25T08:00:00Z,9,2023,4,0.00,0.00,0.00,14.56
6417,2023-09-25T09:00:00Z,9,2023,5,0.00,0.00,0.00,14.44
6418,2023-09-25T10:00:00Z,9,2023,6,0.00,0.00,0.00,14.28
6419,2023-09-25T11:00:00Z,9,2023,7,14.73,0.00,12.99,14.21
6420,2023-09-25T12:00:00Z,9,2023,8,42.17,0.00,36.04,14.42
6421,2023-09-25T13:00:00Z,9,2023,9,69.55,0.39,57.70,14.81
6422,2023-09-25T14:00:00Z,9,2023,10,76.90,18.77,62.92,15.30
6423,2023-09-25T15:00:00Z,9,2023,11,170.60,19.74,135.94,15.82
6424,2023-09-25T16:00:00Z,9,2023,12,199.32,30.09,155.70,16.25
6425,2023-09-25T17:00:00Z,9,2023,13,217.73,2.69,182.33,16.41
6426,2023-09-25T18:00:00Z,9,2023,14,94.62,4.38,79.26,16.24
6427,2023-09-25T19:00:00Z,9,2023,15,97.30,1.26,84.09,15.85
6428,2023-09-25T20:00:00Z,9,2023,16,62.92,2.63,54.37,15.31
6429,2023-09-25T21:00:00Z,9,2023,17,31.23,3.76,27.44,14.72
6430,2023-09-25T22:00:00Z,9,2023,18,4.43,0.00,4.64,14.20
6431,2023-09-25T23:00:00Z,9,2023,19,0.00,0.00,0.00,14.00
6432,2023-09-26T00:00:00Z,9,2023,20,0.00,0.00,0.00,14.00
6433,2023-09-26T01:00:00Z,9,2023,21,0.00,0.00,0.00,13.98
6434,2023-09-26T02:00:00Z,9,2023,22,0.00,0.00,0.00,13.91
6435,2023-09-26T03:00:00Z,9,2023,23,0.00,0.00,0.00,13.83
6436,2023-09-26T04:00:00Z,9,2023,0,0.00,0.00,0.00,13.75
6437,2023-09-26T05:00:00Z,9,2023,1,0.00,0.00,0.00,13.63
6438,2023-09-26T06:00:00Z,9,2023,2,0.00,0.00,0.00,13.45
6439,2023-09-26T07:00:00Z,9,2023,3,0.00,0.00,0.00,13.34
6440,2023-09-26T08:00:00Z,9,2023,4,0.00,0.00,0.00,13.18
6441,2023-09-26T09:00:00Z,9,2023,5,0.00,0.00,0.00,12.99
6442,2023-09-26T10:00:00Z,9,2023,6,0.00,0.00,0.00,12.80
6443,2023-09-26T11:00:00Z,9,2023,7,46.83,25.06,40.50,12.81
6444,2023-09-26T12:00:00Z,9,2023,8,136.30,64.62,104.92,13.31
6445,2023-09-26T13:00:00Z,9,2023,9,238.62,90.79,180.43,14.23
6446,2023-09-26T14:00:00Z,9,2023,10,340.48,204.91,218.27,15.32
6447,2023-09-26T15:00:00Z,9,2023,11,484.88,307.65,267.98,16.10
6448,2023-09-26T16:00:00Z,9,2023,12,532.12,315.55,284.03,16.61
6449,2023-09-26T17:00:00Z,9,2023,13,600.40,472.06,264.60,16.88
6450,2023-09-26T18:00:00Z,9,2023,14,536.58,555.30,196.00,16.81
6451,2023-09-26T19:00:00Z,9,2023,15,474.50,585.19,174.89,16.26
6452,2023-09-26T20:00:00Z,9,2023,16,300.17,512.65,115.48,15.32
6453,2023-09-26T21:00:00Z,9,2023,17,129.32,323.56,71.80,13.98
6454,2023-09-26T22:00:00Z,9,2023,18,10.77,22.02,13.79,12.03
6455,2023-09-26T23:00:00Z,9,2023,19,0.00,0.00,0.00,10.99
6456,2023-09-27T00:00:00Z,9,2023,20,0.00,0.00,0.00,10.76
6457,2023-09-27T01:00:00Z,9,2023,21,0.00,0.00,0.00,10.76
6458,2023-09-27T02:00:00Z,9,2023,22,0.00,0.00,0.00,10.83
6459,2023-09-27T03:00:00Z,9,2023,23,0.00,0.00,0.00,10.79
6460,2023-09-27T04:00:00Z,9,2023,0,0.00,0.00,0.00,10.41
6461,2023-09-27T05:00:00Z,9,2023,1,0.00,0.00,0.00,9.80
6462,2023-09-27T06:00:00Z,9,2023,2,0.00,0.00,0.00,9.38
6463,2023-09-27T07:00:00Z,9,2023,3,0.00,0.00,0.00,9.47
6464,2023-09-27T08:00:00Z,9,2023,4,0.00,0.00,0.00,9.52
6465,2023-09-27T09:00:00Z,9,2023,5,0.00,0.00,0.00,9.38
6466,2023-09-27T10:00:00Z,9,2023,6,0.00,0.00,0.00,9.10
6467,2023-09-27T11:00:00Z,9,2023,7,84.95,121.83,62.40,10.21
6468,2023-09-27T12:00:00Z,9,2023,8,225.30,273.68,137.55,12.28
6469,2023-09-27T13:00:00Z,9,2023,9,381.60,424.46,181.89,14.57
6470,2023-09-27T14:00:00Z,9,2023,10,523.38,504.85,204.82,16.37
6471,2023-09-27T15:00:00Z,9,2023,11,648.10,648.65,183.29,17.51
6472,2023-09-27T16:00:00Z,9,2023,12,672.00,598.85,247.37,18.23
6473,2023-09-27T17:00:00Z,9,2023,13,679.70,751.97,150.51,18.66
6474,2023-09-27T18:00:00Z,9,2023,14,597.88,710.40,143.84,18.74
6475,2023-09-27T19:00:00Z,9,2023,15,459.83,604.41,141.46,18.40
6476,2023-09-27T20:00:00Z,9,2023,16,288.70,449.95,119.24,17.60
6477,2023-09-27T21:00:00Z,9,2023,17,115.95,228.53,72.88,16.10
6478,2023-09-27T22:00:00Z,9,2023,18,8.55,7.05,11.44,13.23
6479,2023-09-27T23:00:00Z,9,2023,19,0.00,0.00,0.00,11.97
6480,2023-09-28T00:00:00Z,9,2023,20,0.00,0.00,0.00,11.51
6481,2023-09-28T01:00:00Z,9,2023,21,0.00,0.00,0.00,11.16
6482,2023-09-28T02:00:00Z,9,2023,22,0.00,0.00,0.00,10.99
6483,2023-09-28T03:00:00Z,9,2023,23,0.00,0.00,0.00,10.88
6484,2023-09-28T04:00:00Z,9,2023,0,0.00,0.00,0.00,10.75
6485,2023-09-28T05:00:00Z,9,2023,1,0.00,0.00,0.00,10.60
6486,2023-09-28T06:00:00Z,9,2023,2,0.00,0.00,0.00,9.96
6487,2023-09-28T07:00:00Z,9,2023,3,0.00,0.00,0.00,9.08
6488,2023-09-28T08:00:00Z,9,2023,4,0.00,0.00,0.00,8.85
6489,2023-09-28T09:00:00Z,9,2023,5,0.00,0.00,0.00,8.97
6490,2023-09-28T10:00:00Z,9,2023,6,0.00,0.00,0.00,8.92
6491,2023-09-28T11:00:00Z,9,2023,7,54.80,38.25,47.68,10.33
6492,2023-09-28T12:00:00Z,9,2023,8,171.55,91.75,139.42,12.63
6493,2023-09-28T13:00:00Z,9,2023,9,307.83,141.74,231.73,14.62
6494,2023-09-28T14:00:00Z,9,2023,10,388.52,110.54,286.24,16.47
6495,2023-09-28T15:00:00Z,9,2023,11,437.62,99.00,318.83,17.94
6496,2023-09-28T16:00:00Z,9,2023,12,492.70,180.38,309.13,18.90
6497,2023-09-28T17:00:00Z,9,2023,13,543.72,357.58,260.77,19.42
6498,2023-09-28T18:00:00Z,9,2023,14,468.62,360.02,218.96,19.59
6499,2023-09-28T19:00:00Z,9,2023,15,389.92,354.07,193.91,19.28
6500,2023-09-28T20:00:00Z,9,2023,16,235.45,238.48,143.77,18.47
6501,2023-09-28T21:00:00Z,9,2023,17,86.88,105.96,63.79,16.88
6502,2023-09-28T22:00:00Z,9,2023,18,5.93,2.23,7.35,13.63
6503,2023-09-28T23:00:00Z,9,2023,19,0.00,0.00,0.00,12.40
6504,2023-09-29T00:00:00Z,9,2023,20,0.00,0.00,0.00,11.81
6505,2023-09-29T01:00:00Z,9,2023,21,0.00,0.00,0.00,11.22
6506,2023-09-29T02:00:00Z,9,2023,22,0.00,0.00,0.00,11.11
6507,2023-09-29T03:00:00Z,9,2023,23,0.00,0.00,0.00,11.72
6508,2023-09-29T04:00:00Z,9,2023,0,0.00,0.00,0.00,12.63
6509,2023-09-29T05:00:00Z,9,2023,1,0.00,0.00,0.00,12.36
6510,2023-09-29T06:00:00Z,9,2023,2,0.00,0.00,0.00,12.10
6511,2023-09-29T07:00:00Z,9,2023,3,0.00,0.00,0.00,11.97
6512,2023-09-29T08:00:00Z,9,2023,4,0.00,0.00,0.00,11.63
6513,2023-09-29T09:00:00Z,9,2023,5,0.00,0.00,0.00,11.58
6514,2023-09-29T10:00:00Z,9,2023,6,0.00,0.00,0.00,11.52
6515,2023-09-29T11:00:00Z,9,2023,7,18.27,0.00,15.95,12.40
6516,2023-09-29T12:00:00Z,9,2023,8,31.77,0.00,27.79,13.36
6517,2023-09-29T13:00:00Z,9,2023,9,48.58,0.00,41.11,14.38
6518,2023-09-29T14:00:00Z,9,2023,10,60.28,0.58,51.89,15.16
6519,2023-09-29T15:00:00Z,9,2023,11,93.93,8.68,75.31,15.21
6520,2023-09-29T16:00:00Z,9,2023,12,98.47,0.00,82.66,15.46
6521,2023-09-29T17:00:00Z,9,2023,13,126.72,0.00,106.56,15.54
6522,2023-09-29T18:00:00Z,9,2023,14,65.30,24.02,47.31,15.23
6523,2023-09-29T19:00:00Z,9,2023,15,29.80,0.17,26.03,14.86
6524,2023-09-29T20:00:00Z,9,2023,16,23.58,0.20,20.06,14.54
6525,2023-09-29T21:00:00Z,9,2023,17,12.62,0.00,11.05,14.07
6526,2023-09-29T22:00:00Z,9,2023,18,1.48,0.00,1.69,13.60
6527,2023-09-29T23:00:00Z,9,2023,19,0.00,0.00,0.00,13.55
6528,2023-09-30T00:00:00Z,9,2023,20,0.00,0.00,0.00,13.44
6529,2023-09-30T01:00:00Z,9,2023,21,0.00,0.00,0.00,13.24
6530,2023-09-30T02:00:00Z,9,2023,22,0.00,0.00,0.00,13.01
6531,2023-09-30T03:00:00Z,9,2023,23,0.00,0.00,0.00,12.80
6532,2023-09-30T04:00:00Z,9,2023,0,0.00,0.00,0.00,12.59
6533,2023-09-30T05:00:00Z,9,2023,1,0.00,0.00,0.00,12.44
6534,2023-09-30T06:00:00Z,9,2023,2,0.00,0.00,0.00,12.27
6535,2023-09-30T07:00:00Z,9,2023,3,0.00,0.00,0.00,12.12
6536,2023-09-30T08:00:00Z,9,2023,4,0.00,0.00,0.00,11.92
6537,2023-09-30T09:00:00Z,9,2023,5,0.00,0.00,0.00,11.96
6538,2023-09-30T10:00:00Z,9,2023,6,0.00,0.00,0.00,11.99
6539,2023-09-30T11:00:00Z,9,2023,7,34.97,0.00,30.52,12.05
6540,2023-09-30T12:00:00Z,9,2023,8,92.22,0.00,80.42,12.54
6541,2023-09-30T13:00:00Z,9,2023,9,157.90,0.00,133.64,13.66
6542,2023-09-30T14:00:00Z,9,2023,10,191.98,8.71,158.43,15.20
6543,2023-09-30T15:00:00Z,9,2023,11,203.95,12.48,164.94,16.97
6544,2023-09-30T16:00:00Z,9,2023,12,243.32,8.42,203.00,18.45
6545,2023-09-30T17:00:00Z,9,2023,13,214.88,4.44,179.79,19.11
6546,2023-09-30T18:00:00Z,9,2023,14,196.32,2.00,167.55,19.29
6547,2023-09-30T19:00:00Z,9,2023,15,148.52,0.00,123.35,19.06
6548,2023-09-30T20:00:00Z,9,2023,16,92.78,0.00,79.25,18.29
6549,2023-09-30T21:00:00Z,9,2023,17,40.60,1.34,36.48,16.59
6550,2023-09-30T22:00:00Z,9,2023,18,2.67,0.00,3.06,13.98
6551,2023-09-30T23:00:00Z,9,2023,19,0.00,0.00,0.00,12.99
6552,2023-10-01T00:00:00Z,10,2023,20,0.00,0.00,0.00,12.60
6553,2023-10-01T01:00:00Z,10,2023,21,0.00,0.00,0.00,12.03
6554,2023-10-01T02:00:00Z,10,2023,22,0.00,0.00,0.00,11.63
6555,2023-10-01T03:00:00Z,10,2023,23,0.00,0.00,0.00,11.77
6556,2023-10-01T04:00:00Z,10,2023,0,0.00,0.00,0.00,11.91
6557,2023-10-01T05:00:00Z,10,2023,1,0.00,0.00,0.00,11.39
6558,2023-10-01T06:00:00Z,10,2023,2,0.00,0.00,0.00,11.00
6559,2023-10-01T07:00:00Z,10,2023,3,0.00,0.00,0.00,10.87
6560,2023-10-01T08:00:00Z,10,2023,4,0.00,0.00,0.00,10.97
6561,2023-10-01T09:00:00Z,10,2023,5,0.00,0.00,0.00,11.13
6562,2023-10-01T10:00:00Z,10,2023,6,0.00,0.00,0.00,11.25
6563,2023-10-01T11:00:00Z,10,2023,7,58.38,60.01,47.32,11.55
6564,2023-10-01T12:00:00Z,10,2023,8,205.85,261.89,114.55,13.01
6565,2023-10-01T13:00:00Z,10,2023,9,347.62,382.69,157.10,15.42
6566,2023-10-01T14:00:00Z,10,2023,10,485.60,475.04,190.14,18.00
6567,2023-10-01T15:00:00Z,10,2023,11,581.67,540.80,198.93,19.56
6568,2023-10-01T16:00:00Z,10,2023,12,591.08,479.64,221.87,20.68
6569,2023-10-01T17:00:00Z,10,2023,13,561.90,468.62,216.08,21.49
6570,2023-10-01T18:00:00Z,10,2023,14,512.33,485.85,192.17,21.92
6571,2023-10-01T19:00:00Z,10,2023,15,392.12,438.08,158.54,21.98
6572,2023-10-01T20:00:00Z,10,2023,16,242.50,341.66,120.56,21.59
6573,2023-10-01T21:00:00Z,10,2023,17,84.30,132.19,56.38,20.31
6574,2023-10-01T22:00:00Z,10,2023,18,4.07,2.59,5.96,18.17
6575,2023-10-01T23:00:00Z,10,2023,19,0.00,0.00,0.00,17.17
6576,2023-10-02T00:00:00Z,10,2023,20,0.00,0.00,0.00,16.52
6577,2023-10-02T01:00:00Z,10,2023,21,0.00,0.00,0.00,15.93
6578,2023-10-02T02:00:00Z,10,2023,22,0.00,0.00,0.00,15.51
6579,2023-10-02T03:00:00Z,10,2023,23,0.00,0.00,0.00,15.68
6580,2023-10-02T04:00:00Z,10,2023,0,0.00,0.00,0.00,15.54
6581,2023-10-02T05:00:00Z,10,2023,1,0.00,0.00,0.00,15.81
6582,2023-10-02T06:00:00Z,10,2023,2,0.00,0.00,0.00,15.97
6583,2023-10-02T07:00:00Z,10,2023,3,0.00,0.00,0.00,15.64
6584,2023-10-02T08:00:00Z,10,2023,4,0.00,0.00,0.00,14.77
6585,2023-10-02T09:00:00Z,10,2023,5,0.00,0.00,0.00,14.10
6586,2023-10-02T10:00:00Z,10,2023,6,0.00,0.00,0.00,13.49
6587,2023-10-02T11:00:00Z,10,2023,7,81.22,272.55,37.74,13.82
6588,2023-10-02T12:00:00Z,10,2023,8,256.42,596.86,70.00,15.13
6589,2023-10-02T13:00:00Z,10,2023,9,432.35,744.43,83.07,17.05
6590,2023-10-02T14:00:00Z,10,2023,10,577.62,856.64,80.30,18.57
6591,2023-10-02T15:00:00Z,10,2023,11,678.40,912.73,78.93,19.46
6592,2023-10-02T16:00:00Z,10,2023,12,716.05,935.33,77.90,20.11
6593,2023-10-02T17:00:00Z,10,2023,13,692.72,928.50,75.47,20.51
6594,2023-10-02T18:00:00Z,10,2023,14,611.17,906.63,70.03,20.62
6595,2023-10-02T19:00:00Z,10,2023,15,477.45,853.14,65.71,20.41
6596,2023-10-02T20:00:00Z,10,2023,16,306.05,753.66,53.94,20.15
6597,2023-10-02T21:00:00Z,10,2023,17,120.38,477.48,35.89,19.17
6598,2023-10-02T22:00:00Z,10,2023,18,5.03,45.91,5.65,17.60
6599,2023-10-02T23:00:00Z,10,2023,19,0.00,0.00,0.00,16.87
6600,2023-10-03T00:00:00Z,10,2023,20,0.00,0.00,0.00,15.99
6601,2023-10-03T01:00:00Z,10,2023,21,0.00,0.00,0.00,14.68
6602,2023-10-03T02:00:00Z,10,2023,22,0.00,0.00,0.00,13.03
6603,2023-10-03T03:00:00Z,10,2023,23,0.00,0.00,0.00,11.77
6604,2023-10-03T04:00:00Z,10,2023,0,0.00,0.00,0.00,11.28
6605,2023-10-03T05:00:00Z,10,2023,1,0.00,0.00,0.00,11.20
6606,2023-10-03T06:00:00Z,10,2023,2,0.00,0.00,0.00,11.19
6607,2023-10-03T07:00:00Z,10,2023,3,0.00,0.00,0.00,11.21
6608,2023-10-03T08:00:00Z,10,2023,4,0.00,0.00,0.00,11.13
6609,2023-10-03T09:00:00Z,10,2023,5,0.00,0.00,0.00,10.81
6610,2023-10-03T10:00:00Z,10,2023,6,0.00,0.00,0.00,10.75
6611,2023-10-03T11:00:00Z,10,2023,7,81.53,303.76,34.58,11.60
6612,2023-10-03T12:00:00Z,10,2023,8,250.68,604.70,63.79,13.90
6613,2023-10-03T13:00:00Z,10,2023,9,416.75,730.71,80.15,17.04
6614,2023-10-03T14:00:00Z,10,2023,10,550.12,779.56,96.39,20.33
6615,2023-10-03T15:00:00Z,10,2023,11,636.90,821.06,96.53,22.65
6616,2023-10-03T16:00:00Z,10,2023,12,676.90,869.83,83.78,24.21
6617,2023-10-03T17:00:00Z,10,2023,13,649.72,857.93,81.87,25.27
6618,2023-10-03T18:00:00Z,10,2023,14,567.97,821.84,81.65,25.86
6619,2023-10-03T19:00:00Z,10,2023,15,439.35,743.07,79.97,26.01
6620,2023-10-03T20:00:00Z,10,2023,16,275.73,636.87,63.91,25.65
6621,2023-10-03T21:00:00Z,10,2023,17,102.30,358.03,38.54,23.97
6622,2023-10-03T22:00:00Z,10,2023,18,3.70,20.51,4.65,20.97
6623,2023-10-03T23:00:00Z,10,2023,19,0.00,0.00,0.00,19.47
6624,2023-10-04T00:00:00Z,10,2023,20,0.00,0.00,0.00,19.03
6625,2023-10-04T01:00:00Z,10,2023,21,0.00,0.00,0.00,18.44
6626,2023-10-04T02:00:00Z,10,2023,22,0.00,0.00,0.00,17.98
6627,2023-10-04T03:00:00Z,10,2023,23,0.00,0.00,0.00,17.53
6628,2023-10-04T04:00:00Z,10,2023,0,0.00,0.00,0.00,17.02
6629,2023-10-04T05:00:00Z,10,2023,1,0.00,0.00,0.00,16.45
6630,2023-10-04T06:00:00Z,10,2023,2,0.00,0.00,0.00,16.03
6631,2023-10-04T07:00:00Z,10,2023,3,0.00,0.00,0.00,15.61
6632,2023-10-04T08:00:00Z,10,2023,4,0.00,0.00,0.00,15.03
6633,2023-10-04T09:00:00Z,10,2023,5,0.00,0.00,0.00,14.48
6634,2023-10-04T10:00:00Z,10,2023,6,0.00,0.00,0.00,14.13
6635,2023-10-04T11:00:00Z,10,2023,7,76.57,278.92,35.19,15.09
6636,2023-10-04T12:00:00Z,10,2023,8,244.50,555.93,73.65,17.40
6637,2023-10-04T13:00:00Z,10,2023,9,412.58,718.13,83.90,19.85
6638,2023-10-04T14:00:00Z,10,2023,10,548.88,783.79,96.10,22.32
6639,2023-10-04T15:00:00Z,10,2023,11,637.03,826.79,96.67,24.29
6640,2023-10-04T16:00:00Z,10,2023,12,678.17,871.09,91.41,25.74
6641,2023-10-04T17:00:00Z,10,2023,13,648.12,832.90,97.73,26.31
6642,2023-10-04T18:00:00Z,10,2023,14,563.45,779.30,99.21,26.31
6643,2023-10-04T19:00:00Z,10,2023,15,435.65,719.37,89.53,25.87
6644,2023-10-04T20:00:00Z,10,2023,16,273.27,641.81,66.15,25.25
6645,2023-10-04T21:00:00Z,10,2023,17,106.70,387.78,41.98,23.00
6646,2023-10-04T22:00:00Z,10,2023,18,0.00,0.00,0.00,19.41
6647,2023-10-04T23:00:00Z,10,2023,19,0.00,0.00,0.00,18.27
6648,2023-10-05T00:00:00Z,10,2023,20,0.00,0.00,0.00,17.43
6649,2023-10-05T01:00:00Z,10,2023,21,0.00,0.00,0.00,16.59
6650,2023-10-05T02:00:00Z,10,2023,22,0.00,0.00,0.00,16.10
6651,2023-10-05T03:00:00Z,10,2023,23,0.00,0.00,0.00,15.85
6652,2023-10-05T04:00:00Z,10,2023,0,0.00,0.00,0.00,15.78
6653,2023-10-05T05:00:00Z,10,2023,1,0.00,0.00,0.00,15.62
6654,2023-10-05T06:00:00Z,10,2023,2,0.00,0.00,0.00,15.30
6655,2023-10-05T07:00:00Z,10,2023,3,0.00,0.00,0.00,14.89
6656,2023-10-05T08:00:00Z,10,2023,4,0.00,0.00,0.00,14.55
6657,2023-10-05T09:00:00Z,10,2023,5,0.00,0.00,0.00,14.20
6658,2023-10-05T10:00:00Z,10,2023,6,0.00,0.00,0.00,13.67
6659,2023-10-05T11:00:00Z,10,2023,7,53.78,90.48,42.40,14.48
6660,2023-10-05T12:00:00Z,10,2023,8,180.38,283.46,104.86,16.81
6661,2023-10-05T13:00:00Z,10,2023,9,324.00,387.88,147.04,19.01
6662,2023-10-05T14:00:00Z,10,2023,10,451.92,577.79,142.91,21.29
6663,2023-10-05T15:00:00Z,10,2023,11,599.92,727.95,137.82,22.71
6664,2023-10-05T16:00:00Z,10,2023,12,680.72,879.17,89.74,23.45
6665,2023-10-05T17:00:00Z,10,2023,13,652.80,865.69,96.70,23.81
6666,2023-10-05T18:00:00Z,10,2023,14,573.25,843.26,83.41,23.83
6667,2023-10-05T19:00:00Z,10,2023,15,439.45,767.15,83.09,23.43
6668,2023-10-05T20:00:00Z,10,2023,16,272.05,646.02,69.70,22.53
6669,2023-10-05T21:00:00Z,10,2023,17,103.22,364.27,40.26,20.80
6670,2023-10-05T22:00:00Z,10,2023,18,0.00,0.00,0.00,17.83
6671,2023-10-05T23:00:00Z,10,2023,19,0.00,0.00,0.00,16.62
6672,2023-10-06T00:00:00Z,10,2023,20,0.00,0.00,0.00,15.55
6673,2023-10-06T01:00:00Z,10,2023,21,0.00,0.00,0.00,14.59
6674,2023-10-06T02:00:00Z,10,2023,22,0.00,0.00,0.00,14.07
6675,2023-10-06T03:00:00Z,10,2023,23,0.00,0.00,0.00,13.88
6676,2023-10-06T04:00:00Z,10,2023,0,0.00,0.00,0.00,13.81
6677,2023-10-06T05:00:00Z,10,2023,1,0.00,0.00,0.00,13.86
6678,2023-10-06T06:00:00Z,10,2023,2,0.00,0.00,0.00,13.92
6679,2023-10-06T07:00:00Z,10,2023,3,0.00,0.00,0.00,13.82
6680,2023-10-06T08:00:00Z,10,2023,4,0.00,0.00,0.00,13.68
6681,2023-10-06T09:00:00Z,10,2023,5,0.00,0.00,0.00,13.93
6682,2023-10-06T10:00:00Z,10,2023,6,0.00,0.00,0.00,14.06
6683,2023-10-06T11:00:00Z,10,2023,7,28.62,74.03,23.60,15.21
6684,2023-10-06T12:00:00Z,10,2023,8,100.07,143.70,72.66,16.89
6685,2023-10-06T13:00:00Z,10,2023,9,169.05,170.64,109.65,18.47
6686,2023-10-06T14:00:00Z,10,2023,10,227.32,89.28,168.91,20.11
6687,2023-10-06T15:00:00Z,10,2023,11,207.30,107.25,133.37,21.48
6688,2023-10-06T16:00:00Z,10,2023,12,199.88,36.16,162.32,22.31
6689,2023-10-06T17:00:00Z,10,2023,13,178.07,124.87,118.05,22.74
6690,2023-10-06T18:00:00Z,10,2023,14,227.90,217.75,124.54,22.70
6691,2023-10-06T19:00:00Z,10,2023,15,175.68,163.96,109.04,22.41
6692,2023-10-06T20:00:00Z,10,2023,16,101.97,104.42,73.19,21.71
6693,2023-10-06T21:00:00Z,10,2023,17,32.62,29.68,25.39,20.61
6694,2023-10-06T22:00:00Z,10,2023,18,0.00,0.00,0.00,18.89
6695,2023-10-06T23:00:00Z,10,2023,19,0.00,0.00,0.00,18.15
6696,2023-10-07T00:00:00Z,10,2023,20,0.00,0.00,0.00,17.70
6697,2023-10-07T01:00:00Z,10,2023,21,0.00,0.00,0.00,17.39
6698,2023-10-07T02:00:00Z,10,2023,22,0.00,0.00,0.00,17.14
6699,2023-10-07T03:00:00Z,10,2023,23,0.00,0.00,0.00,16.91
6700,2023-10-07T04:00:00Z,10,2023,0,0.00,0.00,0.00,17.04
6701,2023-10-07T05:00:00Z,10,2023,1,0.00,0.00,0.00,17.03
6702,2023-10-07T06:00:00Z,10,2023,2,0.00,0.00,0.00,16.95
6703,2023-10-07T07:00:00Z,10,2023,3,0.00,0.00,0.00,16.85
6704,2023-10-07T08:00:00Z,10,2023,4,0.00,0.00,0.00,16.73
6705,2023-10-07T09:00:00Z,10,2023,5,0.00,0.00,0.00,16.68
6706,2023-10-07T10:00:00Z,10,2023,6,0.00,0.00,0.00,16.66
6707,2023-10-07T11:00:00Z,10,2023,7,27.77,0.00,25.24,16.71
6708,2023-10-07T12:00:00Z,10,2023,8,88.20,0.00,76.78,17.03
6709,2023-10-07T13:00:00Z,10,2023,9,139.32,0.00,120.67,17.53
6710,2023-10-07T14:00:00Z,10,2023,10,182.07,20.76,155.12,18.20
6711,2023-10-07T15:00:00Z,10,2023,11,293.65,1.60,247.76,18.77
6712,2023-10-07T16:00:00Z,10,2023,12,372.88,102.21,299.97,19.23
6713,2023-10-07T17:00:00Z,10,2023,13,327.30,1.70,278.47,19.45
6714,2023-10-07T18:00:00Z,10,2023,14,219.43,0.00,190.26,19.24
6715,2023-10-07T19:00:00Z,10,2023,15,170.88,0.00,145.69,18.75
6716,2023-10-07T20:00:00Z,10,2023,16,102.88,0.00,89.25,18.23
6717,2023-10-07T21:00:00Z,10,2023,17,34.50,0.00,30.15,17.66
6718,2023-10-07T22:00:00Z,10,2023,18,0.00,0.00,0.00,17.01
6719,2023-10-07T23:00:00Z,10,2023,19,0.00,0.00,0.00,16.56
6720,2023-10-08T00:00:00Z,10,2023,20,0.00,0.00,0.00,16.25
6721,2023-10-08T01:00:00Z,10,2023,21,0.00,0.00,0.00,16.07
6722,2023-10-08T02:00:00Z,10,2023,22,0.00,0.00,0.00,15.98
6723,2023-10-08T03:00:00Z,10,2023,23,0.00,0.00,0.00,15.54
6724,2023-10-08T04:00:00Z,10,2023,0,0.00,0.00,0.00,13.99
6725,2023-10-08T05:00:00Z,10,2023,1,0.00,0.00,0.00,11.78
6726,2023-10-08T06:00:00Z,10,2023,2,0.00,0.00,0.00,10.27
6727,2023-10-08T07:00:00Z,10,2023,3,0.00,0.00,0.00,9.95
6728,2023-10-08T08:00:00Z,10,2023,4,0.00,0.00,0.00,9.87
6729,2023-10-08T09:00:00Z,10,2023,5,0.00,0.00,0.00,9.74
6730,2023-10-08T10:00:00Z,10,2023,6,0.00,0.00,0.00,9.72
6731,2023-10-08T11:00:00Z,10,2023,7,63.17,195.52,38.17,10.01
6732,2023-10-08T12:00:00Z,10,2023,8,218.25,515.05,74.28,11.31
6733,2023-10-08T13:00:00Z,10,2023,9,354.52,570.69,109.64,12.70
6734,2023-10-08T14:00:00Z,10,2023,10,498.90,559.42,185.92,14.08
6735,2023-10-08T15:00:00Z,10,2023,11,594.97,654.90,194.65,15.28
6736,2023-10-08T16:00:00Z,10,2023,12,632.58,672.19,199.85,16.20
6737,2023-10-08T17:00:00Z,10,2023,13,601.78,710.89,176.83,16.80
6738,2023-10-08T18:00:00Z,10,2023,14,518.00,766.02,95.45,17.11
6739,2023-10-08T19:00:00Z,10,2023,15,398.23,728.66,83.30,17.07
6740,2023-10-08T20:00:00Z,10,2023,16,246.15,603.71,66.56,16.61
6741,2023-10-08T21:00:00Z,10,2023,17,86.38,342.91,36.64,15.41
6742,2023-10-08T22:00:00Z,10,2023,18,0.00,0.00,0.00,13.25
6743,2023-10-08T23:00:00Z,10,2023,19,0.00,0.00,0.00,12.76
6744,2023-10-09T00:00:00Z,10,2023,20,0.00,0.00,0.00,12.18
6745,2023-10-09T01:00:00Z,10,2023,21,0.00,0.00,0.00,11.47
6746,2023-10-09T02:00:00Z,10,2023,22,0.00,0.00,0.00,10.83
6747,2023-10-09T03:00:00Z,10,2023,23,0.00,0.00,0.00,10.59
6748,2023-10-09T04:00:00Z,10,2023,0,0.00,0.00,0.00,10.38
6749,2023-10-09T05:00:00Z,10,2023,1,0.00,0.00,0.00,10.21
6750,2023-10-09T06:00:00Z,10,2023,2,0.00,0.00,0.00,10.08
6751,2023-10-09T07:00:00Z,10,2023,3,0.00,0.00,0.00,9.86
6752,2023-10-09T08:00:00Z,10,2023,4,0.00,0.00,0.00,9.31
6753,2023-10-09T09:00:00Z,10,2023,5,0.00,0.00,0.00,8.33
6754,2023-10-09T10:00:00Z,10,2023,6,0.00,0.00,0.00,7.87
6755,2023-10-09T11:00:00Z,10,2023,7,60.35,213.23,35.04,8.24
6756,2023-10-09T12:00:00Z,10,2023,8,218.00,442.68,91.93,9.78
6757,2023-10-09T13:00:00Z,10,2023,9,370.90,510.54,150.90,11.71
6758,2023-10-09T14:00:00Z,10,2023,10,494.50,540.44,195.81,13.37
6759,2023-10-09T15:00:00Z,10,2023,11,592.67,614.72,209.40,14.68
6760,2023-10-09T16:00:00Z,10,2023,12,558.92,699.02,140.65,15.60
6761,2023-10-09T17:00:00Z,10,2023,13,538.70,603.87,169.82,16.09
6762,2023-10-09T18:00:00Z,10,2023,14,438.70,343.15,231.00,16.22
6763,2023-10-09T19:00:00Z,10,2023,15,322.92,367.60,164.43,15.91
6764,2023-10-09T20:00:00Z,10,2023,16,189.18,326.09,98.42,15.25
6765,2023-10-09T21:00:00Z,10,2023,17,59.10,163.75,37.42,13.93
6766,2023-10-09T22:00:00Z,10,2023,18,0.00,0.00,0.00,11.71
6767,2023-10-09T23:00:00Z,10,2023,19,0.00,0.00,0.00,11.32
6768,2023-10-10T00:00:00Z,10,2023,20,0.00,0.00,0.00,10.87
6769,2023-10-10T01:00:00Z,10,2023,21,0.00,0.00,0.00,10.45
6770,2023-10-10T02:00:00Z,10,2023,22,0.00,0.00,0.00,9.74
6771,2023-10-10T03:00:00Z,10,2023,23,0.00,0.00,0.00,9.13
6772,2023-10-10T04:00:00Z,10,2023,0,0.00,0.00,0.00,8.41
6773,2023-10-10T05:00:00Z,10,2023,1,0.00,0.00,0.00,7.96
6774,2023-10-10T06:00:00Z,10,2023,2,0.00,0.00,0.00,7.45
6775,2023-10-10T07:00:00Z,10,2023,3,0.00,0.00,0.00,6.85
6776,2023-10-10T08:00:00Z,10,2023,4,0.00,0.00,0.00,6.40
6777,2023-10-10T09:00:00Z,10,2023,5,0.00,0.00,0.00,5.98
6778,2023-10-10T10:00:00Z,10,2023,6,0.00,0.00,0.00,5.85
6779,2023-10-10T11:00:00Z,10,2023,7,27.88,13.36,24.88,7.02
6780,2023-10-10T12:00:00Z,10,2023,8,113.70,37.80,93.04,8.95
6781,2023-10-10T13:00:00Z,10,2023,9,212.02,64.34,169.61,10.96
6782,2023-10-10T14:00:00Z,10,2023,10,278.15,115.38,210.76,13.41
6783,2023-10-10T15:00:00Z,10,2023,11,320.45,49.06,257.26,14.74
6784,2023-10-10T16:00:00Z,10,2023,12,299.95,306.61,157.99,15.43
6785,2023-10-10T17:00:00Z,10,2023,13,293.75,370.03,136.52,15.63
6786,2023-10-10T18:00:00Z,10,2023,14,343.23,122.06,263.78,15.91
6787,2023-10-10T19:00:00Z,10,2023,15,237.05,163.91,167.39,15.88
6788,2023-10-10T20:00:00Z,10,2023,16,144.85,111.31,110.22,15.66
6789,2023-10-10T21:00:00Z,10,2023,17,40.65,47.09,33.73,14.51
6790,2023-10-10T22:00:00Z,10,2023,18,0.00,0.00,0.00,12.92
6791,2023-10-10T23:00:00Z,10,2023,19,0.00,0.00,0.00,12.17
6792,2023-10-11T00:00:00Z,10,2023,20,0.00,0.00,0.00,11.46
6793,2023-10-11T01:00:00Z,10,2023,21,0.00,0.00,0.00,10.62
6794,2023-10-11T02:00:00Z,10,2023,22,0.00,0.00,0.00,9.75
6795,2023-10-11T03:00:00Z,10,2023,23,0.00,0.00,0.00,9.02
6796,2023-10-11T04:00:00Z,10,2023,0,0.00,0.00,0.00,8.49
6797,2023-10-11T05:00:00Z,10,2023,1,0.00,0.00,0.00,8.09
6798,2023-10-11T06:00:00Z,10,2023,2,0.00,0.00,0.00,7.86
6799,2023-10-11T07:00:00Z,10,2023,3,0.00,0.00,0.00,8.01
6800,2023-10-11T08:00:00Z,10,2023,4,0.00,0.00,0.00,8.40
6801,2023-10-11T09:00:00Z,10,2023,5,0.00,0.00,0.00,8.77
6802,2023-10-11T10:00:00Z,10,2023,6,0.00,0.00,0.00,8.83
6803,2023-10-11T11:00:00Z,10,2023,7,30.35,17.62,27.43,9.28
6804,2023-10-11T12:00:00Z,10,2023,8,143.12,72.81,113.31,11.10
6805,2023-10-11T13:00:00Z,10,2023,9,253.27,134.28,188.74,13.28
6806,2023-10-11T14:00:00Z,10,2023,10,351.67,254.41,212.85,16.03
6807,2023-10-11T15:00:00Z,10,2023,11,425.88,151.95,296.37,17.63
6808,2023-10-11T16:00:00Z,10,2023,12,469.77,408.08,236.46,18.46
6809,2023-10-11T17:00:00Z,10,2023,13,476.38,481.87,199.44,18.91
6810,2023-10-11T18:00:00Z,10,2023,14,341.75,96.33,254.04,18.93
6811,2023-10-11T19:00:00Z,10,2023,15,252.62,119.57,199.71,18.42
6812,2023-10-11T20:00:00Z,10,2023,16,139.55,87.59,106.93,17.75
6813,2023-10-11T21:00:00Z,10,2023,17,40.22,32.90,35.82,16.26
6814,2023-10-11T22:00:00Z,10,2023,18,0.00,0.00,0.00,14.68
6815,2023-10-11T23:00:00Z,10,2023,19,0.00,0.00,0.00,14.28
6816,2023-10-12T00:00:00Z,10,2023,20,0.00,0.00,0.00,13.90
6817,2023-10-12T01:00:00Z,10,2023,21,0.00,0.00,0.00,13.16
6818,2023-10-12T02:00:00Z,10,2023,22,0.00,0.00,0.00,12.39
6819,2023-10-12T03:00:00Z,10,2023,23,0.00,0.00,0.00,11.43
6820,2023-10-12T04:00:00Z,10,2023,0,0.00,0.00,0.00,10.71
6821,2023-10-12T05:00:00Z,10,2023,1,0.00,0.00,0.00,10.02
6822,2023-10-12T06:00:00Z,10,2023,2,0.00,0.00,0.00,9.49
6823,2023-10-12T07:00:00Z,10,2023,3,0.00,0.00,0.00,9.10
6824,2023-10-12T08:00:00Z,10,2023,4,0.00,0.00,0.00,9.09
6825,2023-10-12T09:00:00Z,10,2023,5,0.00,0.00,0.00,9.18
6826,2023-10-12T10:00:00Z,10,2023,6,0.00,0.00,0.00,9.36
6827,2023-10-12T11:00:00Z,10,2023,7,44.00,111.05,33.46,9.79
6828,2023-10-12T12:00:00Z,10,2023,8,194.00,407.58,86.64,12.21
6829,2023-10-12T13:00:00Z,10,2023,9,352.08,589.69,111.75,14.80
6830,2023-10-12T14:00:00Z,10,2023,10,489.00,697.20,113.50,17.20
6831,2023-10-12T15:00:00Z,10,2023,11,581.50,743.41,126.28,18.34
6832,2023-10-12T16:00:00Z,10,2023,12,526.20,698.12,121.69,19.07
6833,2023-10-12T17:00:00Z,10,2023,13,439.58,398.54,204.12,19.37
6834,2023-10-12T18:00:00Z,10,2023,14,317.08,448.06,99.72,19.40
6835,2023-10-12T19:00:00Z,10,2023,15,222.30,378.21,82.84,18.94
6836,2023-10-12T20:00:00Z,10,2023,16,123.78,242.54,62.42,18.22
6837,2023-10-12T21:00:00Z,10,2023,17,34.53,92.03,26.34,16.74
6838,2023-10-12T22:00:00Z,10,2023,18,0.00,0.00,0.00,14.83
6839,2023-10-12T23:00:00Z,10,2023,19,0.00,0.00,0.00,13.42
6840,2023-10-13T00:00:00Z,10,2023,20,0.00,0.00,0.00,12.80
6841,2023-10-13T01:00:00Z,10,2023,21,0.00,0.00,0.00,12.65
6842,2023-10-13T02:00:00Z,10,2023,22,0.00,0.00,0.00,12.21
6843,2023-10-13T03:00:00Z,10,2023,23,0.00,0.00,0.00,11.45
6844,2023-10-13T04:00:00Z,10,2023,0,0.00,0.00,0.00,10.74
6845,2023-10-13T05:00:00Z,10,2023,1,0.00,0.00,0.00,9.59
6846,2023-10-13T06:00:00Z,10,2023,2,0.00,0.00,0.00,8.83
6847,2023-10-13T07:00:00Z,10,2023,3,0.00,0.00,0.00,7.83
6848,2023-10-13T08:00:00Z,10,2023,4,0.00,0.00,0.00,7.16
6849,2023-10-13T09:00:00Z,10,2023,5,0.00,0.00,0.00,6.71
6850,2023-10-13T10:00:00Z,10,2023,6,0.00,0.00,0.00,6.23
6851,2023-10-13T11:00:00Z,10,2023,7,57.15,310.45,24.19,6.36
6852,2023-10-13T12:00:00Z,10,2023,8,229.95,666.95,53.74,8.25
6853,2023-10-13T13:00:00Z,10,2023,9,396.12,778.71,77.66,10.48
6854,2023-10-13T14:00:00Z,10,2023,10,531.03,834.67,91.14,12.45
6855,2023-10-13T15:00:00Z,10,2023,11,601.20,776.68,135.99,14.05
6856,2023-10-13T16:00:00Z,10,2023,12,604.40,696.48,197.91,15.22
6857,2023-10-13T17:00:00Z,10,2023,13,556.62,629.09,196.51,15.91
6858,2023-10-13T18:00:00Z,10,2023,14,456.95,589.03,157.05,16.15
6859,2023-10-13T19:00:00Z,10,2023,15,348.20,566.45,116.53,16.03
6860,2023-10-13T20:00:00Z,10,2023,16,212.40,522.54,74.34,15.41
6861,2023-10-13T21:00:00Z,10,2023,17,62.75,260.11,30.57,14.08
6862,2023-10-13T22:00:00Z,10,2023,18,0.00,0.00,0.00,11.81
6863,2023-10-13T23:00:00Z,10,2023,19,0.00,0.00,0.00,10.71
6864,2023-10-14T00:00:00Z,10,2023,20,0.00,0.00,0.00,10.43
6865,2023-10-14T01:00:00Z,10,2023,21,0.00,0.00,0.00,10.30
6866,2023-10-14T02:00:00Z,10,2023,22,0.00,0.00,0.00,10.15
6867,2023-10-14T03:00:00Z,10,2023,23,0.00,0.00,0.00,9.90
6868,2023-10-14T04:00:00Z,10,2023,0,0.00,0.00,0.00,9.43
6869,2023-10-14T05:00:00Z,10,2023,1,0.00,0.00,0.00,9.11
6870,2023-10-14T06:00:00Z,10,2023,2,0.00,0.00,0.00,8.87
6871,2023-10-14T07:00:00Z,10,2023,3,0.00,0.00,0.00,8.46
6872,2023-10-14T08:00:00Z,10,2023,4,0.00,0.00,0.00,8.01
6873,2023-10-14T09:00:00Z,10,2023,5,0.00,0.00,0.00,7.43
6874,2023-10-14T10:00:00Z,10,2023,6,0.00,0.00,0.00,6.90
6875,2023-10-14T11:00:00Z,10,2023,7,39.67,43.23,38.73,7.33
6876,2023-10-14T12:00:00Z,10,2023,8,176.68,139.58,136.87,9.30
6877,2023-10-14T13:00:00Z,10,2023,9,317.40,232.10,226.28,11.77
6878,2023-10-14T14:00:00Z,10,2023,10,427.83,355.35,243.62,13.69
6879,2023-10-14T15:00:00Z,10,2023,11,515.47,511.93,228.50,14.67
6880,2023-10-14T16:00:00Z,10,2023,12,497.62,276.18,306.13,15.54
6881,2023-10-14T17:00:00Z,10,2023,13,374.25,18.12,318.61,16.17
6882,2023-10-14T18:00:00Z,10,2023,14,220.65,20.70,186.10,15.22
6883,2023-10-14T19:00:00Z,10,2023,15,195.40,2.39,166.02,14.20
6884,2023-10-14T20:00:00Z,10,2023,16,119.32,10.99,103.62,13.49
6885,2023-10-14T21:00:00Z,10,2023,17,29.77,0.00,27.69,12.84
6886,2023-10-14T22:00:00Z,10,2023,18,0.00,0.00,0.00,10.71
6887,2023-10-14T23:00:00Z,10,2023,19,0.00,0.00,0.00,10.65
6888,2023-10-15T00:00:00Z,10,2023,20,0.00,0.00,0.00,10.43
6889,2023-10-15T01:00:00Z,10,2023,21,0.00,0.00,0.00,10.14
6890,2023-10-15T02:00:00Z,10,2023,22,0.00,0.00,0.00,9.98
6891,2023-10-15T03:00:00Z,10,2023,23,0.00,0.00,0.00,8.97
6892,2023-10-15T04:00:00Z,10,2023,0,0.00,0.00,0.00,8.83
6893,2023-10-15T05:00:00Z,10,2023,1,0.00,0.00,0.00,8.38
6894,2023-10-15T06:00:00Z,10,2023,2,0.00,0.00,0.00,8.13
6895,2023-10-15T07:00:00Z,10,2023,3,0.00,0.00,0.00,8.44
6896,2023-10-15T08:00:00Z,10,2023,4,0.00,0.00,0.00,8.20
6897,2023-10-15T09:00:00Z,10,2023,5,0.00,0.00,0.00,7.81
6898,2023-10-15T10:00:00Z,10,2023,6,0.00,0.00,0.00,7.42
6899,2023-10-15T11:00:00Z,10,2023,7,30.15,0.00,29.43,7.50
6900,2023-10-15T12:00:00Z,10,2023,8,127.90,25.41,108.77,8.53
6901,2023-10-15T13:00:00Z,10,2023,9,235.85,30.72,201.12,10.32
6902,2023-10-15T14:00:00Z,10,2023,10,308.92,519.50,195.77,12.21
6903,2023-10-15T15:00:00Z,10,2023,11,396.95,129.01,282.58,13.34
6904,2023-10-15T16:00:00Z,10,2023,12,406.17,240.55,250.19,14.16
6905,2023-10-15T17:00:00Z,10,2023,13,388.65,220.00,250.67,14.67
6906,2023-10-15T18:00:00Z,10,2023,14,371.98,131.68,279.54,15.03
6907,2023-10-15T19:00:00Z,10,2023,15,266.35,127.39,201.32,15.05
6908,2023-10-15T20:00:00Z,10,2023,16,147.70,126.06,112.29,14.31
6909,2023-10-15T21:00:00Z,10,2023,17,33.35,66.15,28.73,13.14
6910,2023-10-15T22:00:00Z,10,2023,18,0.00,0.00,0.00,11.27
6911,2023-10-15T23:00:00Z,10,2023,19,0.00,0.00,0.00,10.02
6912,2023-10-16T00:00:00Z,10,2023,20,0.00,0.00,0.00,8.93
6913,2023-10-16T01:00:00Z,10,2023,21,0.00,0.00,0.00,8.39
6914,2023-10-16T02:00:00Z,10,2023,22,0.00,0.00,0.00,8.38
6915,2023-10-16T03:00:00Z,10,2023,23,0.00,0.00,0.00,8.58
6916,2023-10-16T04:00:00Z,10,2023,0,0.00,0.00,0.00,8.71
6917,2023-10-16T05:00:00Z,10,2023,1,0.00,0.00,0.00,8.56
6918,2023-10-16T06:00:00Z,10,2023,2,0.00,0.00,0.00,8.57
6919,2023-10-16T07:00:00Z,10,2023,3,0.00,0.00,0.00,8.47
6920,2023-10-16T08:00:00Z,10,2023,4,0.00,0.00,0.00,8.35
6921,2023-10-16T09:00:00Z,10,2023,5,0.00,0.00,0.00,8.30
6922,2023-10-16T10:00:00Z,10,2023,6,0.00,0.00,0.00,8.05
6923,2023-10-16T11:00:00Z,10,2023,7,21.30,47.36,20.68,7.94
6924,2023-10-16T12:00:00Z,10,2023,8,99.78,116.81,76.71,8.73
6925,2023-10-16T13:00:00Z,10,2023,9,182.50,194.32,122.73,9.99
6926,2023-10-16T14:00:00Z,10,2023,10,278.12,85.86,211.31,11.33
6927,2023-10-16T15:00:00Z,10,2023,11,274.38,120.26,188.77,12.18
6928,2023-10-16T16:00:00Z,10,2023,12,252.65,77.53,189.16,12.82
6929,2023-10-16T17:00:00Z,10,2023,13,304.20,205.59,183.15,13.43
6930,2023-10-16T18:00:00Z,10,2023,14,287.70,137.93,198.58,13.47
6931,2023-10-16T19:00:00Z,10,2023,15,206.62,109.65,153.97,13.32
6932,2023-10-16T20:00:00Z,10,2023,16,111.93,77.99,86.29,12.98
6933,2023-10-16T21:00:00Z,10,2023,17,23.40,34.13,23.05,12.01
6934,2023-10-16T22:00:00Z,10,2023,18,0.00,0.00,0.00,10.29
6935,2023-10-16T23:00:00Z,10,2023,19,0.00,0.00,0.00,10.03
6936,2023-10-17T00:00:00Z,10,2023,20,0.00,0.00,0.00,10.11
6937,2023-10-17T01:00:00Z,10,2023,21,0.00,0.00,0.00,9.82
6938,2023-10-17T02:00:00Z,10,2023,22,0.00,0.00,0.00,9.39
6939,2023-10-17T03:00:00Z,10,2023,23,0.00,0.00,0.00,8.98
6940,2023-10-17T04:00:00Z,10,2023,0,0.00,0.00,0.00,8.73
6941,2023-10-17T05:00:00Z,10,2023,1,0.00,0.00,0.00,8.61
6942,2023-10-17T06:00:00Z,10,2023,2,0.00,0.00,0.00,8.50
6943,2023-10-17T07:00:00Z,10,2023,3,0.00,0.00,0.00,8.41
6944,2023-10-17T08:00:00Z,10,2023,4,0.00,0.00,0.00,8.39
6945,2023-10-17T09:00:00Z,10,2023,5,0.00,0.00,0.00,8.43
6946,2023-10-17T10:00:00Z,10,2023,6,0.00,0.00,0.00,8.41
6947,2023-10-17T11:00:00Z,10,2023,7,31.08,100.18,27.27,8.42
6948,2023-10-17T12:00:00Z,10,2023,8,149.18,233.53,87.50,9.19
6949,2023-10-17T13:00:00Z,10,2023,9,271.17,346.47,146.61,10.57
6950,2023-10-17T14:00:00Z,10,2023,10,411.45,360.25,228.68,12.32
6951,2023-10-17T15:00:00Z,10,2023,11,395.58,233.71,265.90,14.36
6952,2023-10-17T16:00:00Z,10,2023,12,304.98,620.82,94.37,15.68
6953,2023-10-17T17:00:00Z,10,2023,13,241.70,91.38,171.13,16.35
6954,2023-10-17T18:00:00Z,10,2023,14,183.00,153.70,133.39,16.56
6955,2023-10-17T19:00:00Z,10,2023,15,134.43,83.72,101.84,16.14
6956,2023-10-17T20:00:00Z,10,2023,16,77.03,57.77,62.60,15.34
6957,2023-10-17T21:00:00Z,10,2023,17,15.60,16.70,15.03,14.02
6958,2023-10-17T22:00:00Z,10,2023,18,0.00,0.00,0.00,12.83
6959,2023-10-17T23:00:00Z,10,2023,19,0.00,0.00,0.00,12.34
6960,2023-10-18T00:00:00Z,10,2023,20,0.00,0.00,0.00,12.05
6961,2023-10-18T01:00:00Z,10,2023,21,0.00,0.00,0.00,11.60
6962,2023-10-18T02:00:00Z,10,2023,22,0.00,0.00,0.00,10.87
6963,2023-10-18T03:00:00Z,10,2023,23,0.00,0.00,0.00,10.13
6964,2023-10-18T04:00:00Z,10,2023,0,0.00,0.00,0.00,9.53
6965,2023-10-18T05:00:00Z,10,2023,1,0.00,0.00,0.00,8.98
6966,2023-10-18T06:00:00Z,10,2023,2,0.00,0.00,0.00,8.47
6967,2023-10-18T07:00:00Z,10,2023,3,0.00,0.00,0.00,8.02
6968,2023-10-18T08:00:00Z,10,2023,4,0.00,0.00,0.00,7.76
6969,2023-10-18T09:00:00Z,10,2023,5,0.00,0.00,0.00,7.66
6970,2023-10-18T10:00:00Z,10,2023,6,0.00,0.00,0.00,7.58
6971,2023-10-18T11:00:00Z,10,2023,7,8.10,0.00,8.03,7.78
6972,2023-10-18T12:00:00Z,10,2023,8,66.15,25.96,55.28,9.95
6973,2023-10-18T13:00:00Z,10,2023,9,127.25,24.79,107.64,12.17
6974,2023-10-18T14:00:00Z,10,2023,10,182.90,24.30,151.27,14.94
6975,2023-10-18T15:00:00Z,10,2023,11,243.77,20.83,208.80,16.54
6976,2023-10-18T16:00:00Z,10,2023,12,322.70,4.42,275.22,17.12
6977,2023-10-18T17:00:00Z,10,2023,13,300.05,366.36,206.04,17.13
6978,2023-10-18T18:00:00Z,10,2023,14,356.60,442.12,251.53,16.84
6979,2023-10-18T19:00:00Z,10,2023,15,231.12,145.62,175.03,16.52
6980,2023-10-18T20:00:00Z,10,2023,16,120.93,87.61,94.73,15.95
6981,2023-10-18T21:00:00Z,10,2023,17,18.65,18.21,18.20,14.27
6982,2023-10-18T22:00:00Z,10,2023,18,0.00,0.00,0.00,12.44
6983,2023-10-18T23:00:00Z,10,2023,19,0.00,0.00,0.00,11.98
6984,2023-10-19T00:00:00Z,10,2023,20,0.00,0.00,0.00,11.92
6985,2023-10-19T01:00:00Z,10,2023,21,0.00,0.00,0.00,11.97
6986,2023-10-19T02:00:00Z,10,2023,22,0.00,0.00,0.00,11.62
6987,2023-10-19T03:00:00Z,10,2023,23,0.00,0.00,0.00,11.19
6988,2023-10-19T04:00:00Z,10,2023,0,0.00,0.00,0.00,10.90
6989,2023-10-19T05:00:00Z,10,2023,1,0.00,0.00,0.00,10.74
6990,2023-10-19T06:00:00Z,10,2023,2,0.00,0.00,0.00,10.65
6991,2023-10-19T07:00:00Z,10,2023,3,0.00,0.00,0.00,10.35
6992,2023-10-19T08:00:00Z,10,2023,4,0.00,0.00,0.00,9.98
6993,2023-10-19T09:00:00Z,10,2023,5,0.00,0.00,0.00,9.45
6994,2023-10-19T10:00:00Z,10,2023,6,0.00,0.00,0.00,8.92
6995,2023-10-19T11:00:00Z,10,2023,7,28.52,110.02,24.98,9.18
6996,2023-10-19T12:00:00Z,10,2023,8,161.20,389.79,76.40,11.06
6997,2023-10-19T13:00:00Z,10,2023,9,309.00,526.99,112.96,13.43
6998,2023-10-19T14:00:00Z,10,2023,10,442.95,616.42,137.32,15.64
6999,2023-10-19T15:00:00Z,10,2023,11,502.27,603.66,168.92,16.84
7000,2023-10-19T16:00:00Z,10,2023,12,469.95,532.10,160.04,17.56
7001,2023-10-19T17:00:00Z,10,2023,13,383.62,462.39,155.60,17.96
7002,2023-10-19T18:00:00Z,10,2023,14,267.88,417.99,137.47,18.06
7003,2023-10-19T19:00:00Z,10,2023,15,211.77,388.82,82.78,17.72
7004,2023-10-19T20:00:00Z,10,2023,16,136.68,356.76,55.95,16.95
7005,2023-10-19T21:00:00Z,10,2023,17,31.80,134.73,22.53,15.44
7006,2023-10-19T22:00:00Z,10,2023,18,0.00,0.00,0.00,13.69
7007,2023-10-19T23:00:00Z,10,2023,19,0.00,0.00,0.00,12.79
7008,2023-10-20T00:00:00Z,10,2023,20,0.00,0.00,0.00,11.77
7009,2023-10-20T01:00:00Z,10,2023,21,0.00,0.00,0.00,11.37
7010,2023-10-20T02:00:00Z,10,2023,22,0.00,0.00,0.00,11.64
7011,2023-10-20T03:00:00Z,10,2023,23,0.00,0.00,0.00,11.92
7012,2023-10-20T04:00:00Z,10,2023,0,0.00,0.00,0.00,12.23
7013,2023-10-20T05:00:00Z,10,2023,1,0.00,0.00,0.00,12.25
7014,2023-10-20T06:00:00Z,10,2023,2,0.00,0.00,0.00,12.18
7015,2023-10-20T07:00:00Z,10,2023,3,0.00,0.00,0.00,11.76
7016,2023-10-20T08:00:00Z,10,2023,4,0.00,0.00,0.00,10.53
7017,2023-10-20T09:00:00Z,10,2023,5,0.00,0.00,0.00,10.56
7018,2023-10-20T10:00:00Z,10,2023,6,0.00,0.00,0.00,10.85
7019,2023-10-20T11:00:00Z,10,2023,7,16.38,6.75,17.48,10.58
7020,2023-10-20T12:00:00Z,10,2023,8,91.15,24.86,76.69,12.88
7021,2023-10-20T13:00:00Z,10,2023,9,167.85,29.80,142.86,13.85
7022,2023-10-20T14:00:00Z,10,2023,10,148.18,19.93,126.93,14.81
7023,2023-10-20T15:00:00Z,10,2023,11,189.12,23.08,156.78,15.28
7024,2023-10-20T16:00:00Z,10,2023,12,269.88,4.04,231.13,15.34
7025,2023-10-20T17:00:00Z,10,2023,13,205.77,1.62,178.18,15.49
7026,2023-10-20T18:00:00Z,10,2023,14,215.88,0.50,188.68,15.79
7027,2023-10-20T19:00:00Z,10,2023,15,152.57,0.00,132.97,15.92
7028,2023-10-20T20:00:00Z,10,2023,16,80.57,10.96,71.79,15.68
7029,2023-10-20T21:00:00Z,10,2023,17,13.40,1.76,13.37,15.22
7030,2023-10-20T22:00:00Z,10,2023,18,0.00,0.00,0.00,13.95
7031,2023-10-20T23:00:00Z,10,2023,19,0.00,0.00,0.00,14.20
7032,2023-10-21T00:00:00Z,10,2023,20,0.00,0.00,0.00,13.21
7033,2023-10-21T01:00:00Z,10,2023,21,0.00,0.00,0.00,13.46
7034,2023-10-21T02:00:00Z,10,2023,22,0.00,0.00,0.00,13.80
7035,2023-10-21T03:00:00Z,10,2023,23,0.00,0.00,0.00,14.07
7036,2023-10-21T04:00:00Z,10,2023,0,0.00,0.00,0.00,13.84
7037,2023-10-21T05:00:00Z,10,2023,1,0.00,0.00,0.00,13.70
7038,2023-10-21T06:00:00Z,10,2023,2,0.00,0.00,0.00,13.46
7039,2023-10-21T07:00:00Z,10,2023,3,0.00,0.00,0.00,13.32
7040,2023-10-21T08:00:00Z,10,2023,4,0.00,0.00,0.00,13.08
7041,2023-10-21T09:00:00Z,10,2023,5,0.00,0.00,0.00,13.34
7042,2023-10-21T10:00:00Z,10,2023,6,0.00,0.00,0.00,13.18
7043,2023-10-21T11:00:00Z,10,2023,7,13.75,0.00,13.75,13.26
7044,2023-10-21T12:00:00Z,10,2023,8,75.62,0.00,66.31,13.97
7045,2023-10-21T13:00:00Z,10,2023,9,112.75,0.00,98.70,14.50
7046,2023-10-21T14:00:00Z,10,2023,10,146.75,7.37,120.65,14.73
7047,2023-10-21T15:00:00Z,10,2023,11,93.82,21.59,78.23,14.77
7048,2023-10-21T16:00:00Z,10,2023,12,73.43,37.42,53.10,14.64
7049,2023-10-21T17:00:00Z,10,2023,13,43.47,0.00,37.70,14.47
7050,2023-10-21T18:00:00Z,10,2023,14,76.25,3.42,62.74,14.27
7051,2023-10-21T19:00:00Z,10,2023,15,61.28,0.00,53.65,14.03
7052,2023-10-21T20:00:00Z,10,2023,16,36.53,0.00,32.03,13.82
7053,2023-10-21T21:00:00Z,10,2023,17,8.23,0.00,8.22,13.49
7054,2023-10-21T22:00:00Z,10,2023,18,0.00,0.00,0.00,13.23
7055,2023-10-21T23:00:00Z,10,2023,19,0.00,0.00,0.00,12.87
7056,2023-10-22T00:00:00Z,10,2023,20,0.00,0.00,0.00,12.28
7057,2023-10-22T01:00:00Z,10,2023,21,0.00,0.00,0.00,11.72
7058,2023-10-22T02:00:00Z,10,2023,22,0.00,0.00,0.00,11.55
7059,2023-10-22T03:00:00Z,10,2023,23,0.00,0.00,0.00,11.65
7060,2023-10-22T04:00:00Z,10,2023,0,0.00,0.00,0.00,11.72
7061,2023-10-22T05:00:00Z,10,2023,1,0.00,0.00,0.00,11.65
7062,2023-10-22T06:00:00Z,10,2023,2,0.00,0.00,0.00,11.56
7063,2023-10-22T07:00:00Z,10,2023,3,0.00,0.00,0.00,11.28
7064,2023-10-22T08:00:00Z,10,2023,4,0.00,0.00,0.00,10.76
7065,2023-10-22T09:00:00Z,10,2023,5,0.00,0.00,0.00,10.11
7066,2023-10-22T10:00:00Z,10,2023,6,0.00,0.00,0.00,9.42
7067,2023-10-22T11:00:00Z,10,2023,7,26.17,140.35,18.92,8.81
7068,2023-10-22T12:00:00Z,10,2023,8,125.12,385.00,54.01,9.09
7069,2023-10-22T13:00:00Z,10,2023,9,223.75,381.85,112.57,9.98
7070,2023-10-22T14:00:00Z,10,2023,10,307.10,256.66,177.74,11.15
7071,2023-10-22T15:00:00Z,10,2023,11,353.73,195.59,235.17,12.29
7072,2023-10-22T16:00:00Z,10,2023,12,423.95,233.75,282.25,13.06
7073,2023-10-22T17:00:00Z,10,2023,13,376.62,227.53,244.65,13.18
7074,2023-10-22T18:00:00Z,10,2023,14,266.25,38.81,220.37,12.93
7075,2023-10-22T19:00:00Z,10,2023,15,185.23,49.32,156.88,12.40
7076,2023-10-22T20:00:00Z,10,2023,16,93.18,42.85,76.13,11.70
7077,2023-10-22T21:00:00Z,10,2023,17,13.55,11.08,14.08,10.81
7078,2023-10-22T22:00:00Z,10,2023,18,0.00,0.00,0.00,9.74
7079,2023-10-22T23:00:00Z,10,2023,19,0.00,0.00,0.00,9.00
7080,2023-10-23T00:00:00Z,10,2023,20,0.00,0.00,0.00,8.35
7081,2023-10-23T01:00:00Z,10,2023,21,0.00,0.00,0.00,7.77
7082,2023-10-23T02:00:00Z,10,2023,22,0.00,0.00,0.00,7.28
7083,2023-10-23T03:00:00Z,10,2023,23,0.00,0.00,0.00,6.91
7084,2023-10-23T04:00:00Z,10,2023,0,0.00,0.00,0.00,6.80
7085,2023-10-23T05:00:00Z,10,2023,1,0.00,0.00,0.00,6.79
7086,2023-10-23T06:00:00Z,10,2023,2,0.00,0.00,0.00,6.87
7087,2023-10-23T07:00:00Z,10,2023,3,0.00,0.00,0.00,7.01
7088,2023-10-23T08:00:00Z,10,2023,4,0.00,0.00,0.00,7.19
7089,2023-10-23T09:00:00Z,10,2023,5,0.00,0.00,0.00,7.25
7090,2023-10-23T10:00:00Z,10,2023,6,0.00,0.00,0.00,7.14
7091,2023-10-23T11:00:00Z,10,2023,7,30.10,189.59,17.11,6.79
7092,2023-10-23T12:00:00Z,10,2023,8,173.43,553.00,56.85,7.70
7093,2023-10-23T13:00:00Z,10,2023,9,321.77,618.95,98.22,9.47
7094,2023-10-23T14:00:00Z,10,2023,10,438.77,621.98,142.44,11.63
7095,2023-10-23T15:00:00Z,10,2023,11,513.47,620.56,173.07,13.58
7096,2023-10-23T16:00:00Z,10,2023,12,522.85,800.67,95.41,14.90
7097,2023-10-23T17:00:00Z,10,2023,13,463.02,475.72,195.07,15.59
7098,2023-10-23T18:00:00Z,10,2023,14,344.02,310.78,196.40,15.58
7099,2023-10-23T19:00:00Z,10,2023,15,232.68,260.27,145.92,15.03
7100,2023-10-23T20:00:00Z,10,2023,16,118.55,188.11,81.87,14.16
7101,2023-10-23T21:00:00Z,10,2023,17,16.38,37.67,16.97,12.81
7102,2023-10-23T22:00:00Z,10,2023,18,0.00,0.00,0.00,11.01
7103,2023-10-23T23:00:00Z,10,2023,19,0.00,0.00,0.00,9.89
7104,2023-10-24T00:00:00Z,10,2023,20,0.00,0.00,0.00,8.19
7105,2023-10-24T01:00:00Z,10,2023,21,0.00,0.00,0.00,7.00
7106,2023-10-24T02:00:00Z,10,2023,22,0.00,0.00,0.00,6.21
7107,2023-10-24T03:00:00Z,10,2023,23,0.00,0.00,0.00,5.64
7108,2023-10-24T04:00:00Z,10,2023,0,0.00,0.00,0.00,5.13
7109,2023-10-24T05:00:00Z,10,2023,1,0.00,0.00,0.00,4.55
7110,2023-10-24T06:00:00Z,10,2023,2,0.00,0.00,0.00,4.12
7111,2023-10-24T07:00:00Z,10,2023,3,0.00,0.00,0.00,4.00
7112,2023-10-24T08:00:00Z,10,2023,4,0.00,0.00,0.00,3.87
7113,2023-10-24T09:00:00Z,10,2023,5,0.00,0.00,0.00,3.83
7114,2023-10-24T10:00:00Z,10,2023,6,0.00,0.00,0.00,3.88
7115,2023-10-24T11:00:00Z,10,2023,7,16.52,29.62,17.93,4.17
7116,2023-10-24T12:00:00Z,10,2023,8,99.55,96.68,77.37,6.29
7117,2023-10-24T13:00:00Z,10,2023,9,213.55,201.11,151.66,8.42
7118,2023-10-24T14:00:00Z,10,2023,10,314.58,305.07,188.48,11.29
7119,2023-10-24T15:00:00Z,10,2023,11,413.83,296.98,246.90,13.08
7120,2023-10-24T16:00:00Z,10,2023,12,359.90,404.51,162.78,14.21
7121,2023-10-24T17:00:00Z,10,2023,13,421.10,324.59,230.96,15.08
7122,2023-10-24T18:00:00Z,10,2023,14,300.45,205.77,205.43,15.80
7123,2023-10-24T19:00:00Z,10,2023,15,203.23,246.33,122.29,15.93
7124,2023-10-24T20:00:00Z,10,2023,16,114.68,236.68,62.03,15.31
7125,2023-10-24T21:00:00Z,10,2023,17,20.83,81.70,17.42,12.54
7126,2023-10-24T22:00:00Z,10,2023,18,0.00,0.00,0.00,10.21
7127,2023-10-24T23:00:00Z,10,2023,19,0.00,0.00,0.00,10.29
7128,2023-10-25T00:00:00Z,10,2023,20,0.00,0.00,0.00,9.90
7129,2023-10-25T01:00:00Z,10,2023,21,0.00,0.00,0.00,9.71
7130,2023-10-25T02:00:00Z,10,2023,22,0.00,0.00,0.00,9.31
7131,2023-10-25T03:00:00Z,10,2023,23,0.00,0.00,0.00,9.35
7132,2023-10-25T04:00:00Z,10,2023,0,0.00,0.00,0.00,9.35
7133,2023-10-25T05:00:00Z,10,2023,1,0.00,0.00,0.00,9.08
7134,2023-10-25T06:00:00Z,10,2023,2,0.00,0.00,0.00,8.86
7135,2023-10-25T07:00:00Z,10,2023,3,0.00,0.00,0.00,8.98
7136,2023-10-25T08:00:00Z,10,2023,4,0.00,0.00,0.00,9.12
7137,2023-10-25T09:00:00Z,10,2023,5,0.00,0.00,0.00,8.99
7138,2023-10-25T10:00:00Z,10,2023,6,0.00,0.00,0.00,8.92
7139,2023-10-25T11:00:00Z,10,2023,7,23.58,131.00,16.34,8.98
7140,2023-10-25T12:00:00Z,10,2023,8,162.68,504.69,52.79,10.33
7141,2023-10-25T13:00:00Z,10,2023,9,312.95,648.26,85.11,12.57
7142,2023-10-25T14:00:00Z,10,2023,10,435.50,695.21,113.81,15.16
7143,2023-10-25T15:00:00Z,10,2023,11,514.30,713.14,129.18,16.77
7144,2023-10-25T16:00:00Z,10,2023,12,521.58,641.47,155.31,18.16
7145,2023-10-25T17:00:00Z,10,2023,13,470.30,571.22,162.30,19.56
7146,2023-10-25T18:00:00Z,10,2023,14,377.05,476.35,163.69,20.41
7147,2023-10-25T19:00:00Z,10,2023,15,250.93,422.56,116.33,20.40
7148,2023-10-25T20:00:00Z,10,2023,16,128.55,241.03,73.27,18.36
7149,2023-10-25T21:00:00Z,10,2023,17,13.23,21.90,14.53,16.83
7150,2023-10-25T22:00:00Z,10,2023,18,0.00,0.00,0.00,16.11
7151,2023-10-25T23:00:00Z,10,2023,19,0.00,0.00,0.00,15.39
7152,2023-10-26T00:00:00Z,10,2023,20,0.00,0.00,0.00,14.60
7153,2023-10-26T01:00:00Z,10,2023,21,0.00,0.00,0.00,14.19
7154,2023-10-26T02:00:00Z,10,2023,22,0.00,0.00,0.00,13.88
7155,2023-10-26T03:00:00Z,10,2023,23,0.00,0.00,0.00,13.61
7156,2023-10-26T04:00:00Z,10,2023,0,0.00,0.00,0.00,13.26
7157,2023-10-26T05:00:00Z,10,2023,1,0.00,0.00,0.00,12.84
7158,2023-10-26T06:00:00Z,10,2023,2,0.00,0.00,0.00,12.42
7159,2023-10-26T07:00:00Z,10,2023,3,0.00,0.00,0.00,12.11
7160,2023-10-26T08:00:00Z,10,2023,4,0.00,0.00,0.00,11.62
7161,2023-10-26T09:00:00Z,10,2023,5,0.00,0.00,0.00,11.27
7162,2023-10-26T10:00:00Z,10,2023,6,0.00,0.00,0.00,11.03
7163,2023-10-26T11:00:00Z,10,2023,7,12.48,16.54,14.28,11.13
7164,2023-10-26T12:00:00Z,10,2023,8,110.88,171.26,75.45,13.00
7165,2023-10-26T13:00:00Z,10,2023,9,218.10,276.02,123.27,15.32
7166,2023-10-26T14:00:00Z,10,2023,10,326.65,357.84,161.32,18.18
7167,2023-10-26T15:00:00Z,10,2023,11,401.42,454.89,168.23,21.14
7168,2023-10-26T16:00:00Z,10,2023,12,480.05,578.20,166.49,22.88
7169,2023-10-26T17:00:00Z,10,2023,13,481.12,730.31,103.67,23.49
7170,2023-10-26T18:00:00Z,10,2023,14,396.10,589.99,129.56,23.67
7171,2023-10-26T19:00:00Z,10,2023,15,271.58,462.87,120.06,23.83
7172,2023-10-26T20:00:00Z,10,2023,16,135.82,285.82,85.34,22.58
7173,2023-10-26T21:00:00Z,10,2023,17,17.00,30.03,19.73,19.90
7174,2023-10-26T22:00:00Z,10,2023,18,0.00,0.00,0.00,17.93
7175,2023-10-26T23:00:00Z,10,2023,19,0.00,0.00,0.00,17.06
7176,2023-10-27T00:00:00Z,10,2023,20,0.00,0.00,0.00,16.52
7177,2023-10-27T01:00:00Z,10,2023,21,0.00,0.00,0.00,15.96
7178,2023-10-27T02:00:00Z,10,2023,22,0.00,0.00,0.00,15.66
7179,2023-10-27T03:00:00Z,10,2023,23,0.00,0.00,0.00,15.47
7180,2023-10-27T04:00:00Z,10,2023,0,0.00,0.00,0.00,15.18
7181,2023-10-27T05:00:00Z,10,2023,1,0.00,0.00,0.00,14.82
7182,2023-10-27T06:00:00Z,10,2023,2,0.00,0.00,0.00,14.87
7183,2023-10-27T07:00:00Z,10,2023,3,0.00,0.00,0.00,14.33
7184,2023-10-27T08:00:00Z,10,2023,4,0.00,0.00,0.00,14.18
7185,2023-10-27T09:00:00Z,10,2023,5,0.00,0.00,0.00,13.74
7186,2023-10-27T10:00:00Z,10,2023,6,0.00,0.00,0.00,13.05
7187,2023-10-27T11:00:00Z,10,2023,7,16.10,21.28,18.52,12.56
7188,2023-10-27T12:00:00Z,10,2023,8,127.43,162.62,98.29,14.43
7189,2023-10-27T13:00:00Z,10,2023,9,265.52,256.68,166.99,16.64
7190,2023-10-27T14:00:00Z,10,2023,10,352.38,319.28,198.55,19.46
7191,2023-10-27T15:00:00Z,10,2023,11,426.17,386.96,198.22,22.09
7192,2023-10-27T16:00:00Z,10,2023,12,440.80,456.18,195.50,23.32
7193,2023-10-27T17:00:00Z,10,2023,13,472.62,574.06,176.63,23.66
7194,2023-10-27T18:00:00Z,10,2023,14,375.77,636.82,102.36,23.63
7195,2023-10-27T19:00:00Z,10,2023,15,265.27,480.44,99.59,23.16
7196,2023-10-27T20:00:00Z,10,2023,16,133.43,373.18,58.59,21.86
7197,2023-10-27T21:00:00Z,10,2023,17,16.73,44.94,17.50,18.80
7198,2023-10-27T22:00:00Z,10,2023,18,0.00,0.00,0.00,17.09
7199,2023-10-27T23:00:00Z,10,2023,19,0.00,0.00,0.00,17.26
7200,2023-10-28T00:00:00Z,10,2023,20,0.00,0.00,0.00,16.61
7201,2023-10-28T01:00:00Z,10,2023,21,0.00,0.00,0.00,16.21
7202,2023-10-28T02:00:00Z,10,2023,22,0.00,0.00,0.00,15.92
7203,2023-10-28T03:00:00Z,10,2023,23,0.00,0.00,0.00,15.75
7204,2023-10-28T04:00:00Z,10,2023,0,0.00,0.00,0.00,15.47
7205,2023-10-28T05:00:00Z,10,2023,1,0.00,0.00,0.00,15.15
7206,2023-10-28T06:00:00Z,10,2023,2,0.00,0.00,0.00,14.87
7207,2023-10-28T07:00:00Z,10,2023,3,0.00,0.00,0.00,14.68
7208,2023-10-28T08:00:00Z,10,2023,4,0.00,0.00,0.00,14.49
7209,2023-10-28T09:00:00Z,10,2023,5,0.00,0.00,0.00,14.24
7210,2023-10-28T10:00:00Z,10,2023,6,0.00,0.00,0.00,13.98
7211,2023-10-28T11:00:00Z,10,2023,7,18.90,86.67,13.90,13.89
7212,2023-10-28T12:00:00Z,10,2023,8,152.25,470.75,52.65,15.40
7213,2023-10-28T13:00:00Z,10,2023,9,304.60,662.82,70.19,17.62
7214,2023-10-28T14:00:00Z,10,2023,10,428.08,749.77,80.05,20.43
7215,2023-10-28T15:00:00Z,10,2023,11,505.75,777.54,89.03,22.58
7216,2023-10-28T16:00:00Z,10,2023,12,537.55,815.69,83.61,23.71
7217,2023-10-28T17:00:00Z,10,2023,13,433.10,643.75,98.07,24.32
7218,2023-10-28T18:00:00Z,10,2023,14,309.17,510.06,93.08,24.50
7219,2023-10-28T19:00:00Z,10,2023,15,230.75,504.58,68.50,24.20
7220,2023-10-28T20:00:00Z,10,2023,16,116.12,365.38,45.95,23.18
7221,2023-10-28T21:00:00Z,10,2023,17,15.38,51.68,15.33,21.62
7222,2023-10-28T22:00:00Z,10,2023,18,0.00,0.00,0.00,20.11
7223,2023-10-28T23:00:00Z,10,2023,19,0.00,0.00,0.00,18.44
7224,2023-10-29T00:00:00Z,10,2023,20,0.00,0.00,0.00,16.75
7225,2023-10-29T01:00:00Z,10,2023,21,0.00,0.00,0.00,15.18
7226,2023-10-29T02:00:00Z,10,2023,22,0.00,0.00,0.00,13.86
7227,2023-10-29T03:00:00Z,10,2023,23,0.00,0.00,0.00,13.46
7228,2023-10-29T04:00:00Z,10,2023,0,0.00,0.00,0.00,12.83
7229,2023-10-29T05:00:00Z,10,2023,1,0.00,0.00,0.00,11.99
7230,2023-10-29T06:00:00Z,10,2023,2,0.00,0.00,0.00,11.26
7231,2023-10-29T07:00:00Z,10,2023,3,0.00,0.00,0.00,10.52
7232,2023-10-29T08:00:00Z,10,2023,4,0.00,0.00,0.00,9.92
7233,2023-10-29T09:00:00Z,10,2023,5,0.00,0.00,0.00,9.39
7234,2023-10-29T10:00:00Z,10,2023,6,0.00,0.00,0.00,9.07
7235,2023-10-29T11:00:00Z,10,2023,7,7.43,0.00,7.79,9.23
7236,2023-10-29T12:00:00Z,10,2023,8,56.83,0.00,50.29,9.91
7237,2023-10-29T13:00:00Z,10,2023,9,91.78,0.00,78.39,11.15
7238,2023-10-29T14:00:00Z,10,2023,10,140.50,15.45,119.93,11.96
7239,2023-10-29T15:00:00Z,10,2023,11,49.03,20.59,38.34,11.94
7240,2023-10-29T16:00:00Z,10,2023,12,102.65,24.59,82.38,11.65
7241,2023-10-29T17:00:00Z,10,2023,13,89.12,19.14,73.16,11.00
7242,2023-10-29T18:00:00Z,10,2023,14,71.80,2.05,60.53,9.86
7243,2023-10-29T19:00:00Z,10,2023,15,67.78,8.78,56.97,9.08
7244,2023-10-29T20:00:00Z,10,2023,16,36.12,0.00,32.64,8.75
7245,2023-10-29T21:00:00Z,10,2023,17,5.35,0.00,5.62,8.46
7246,2023-10-29T22:00:00Z,10,2023,18,0.00,0.00,0.00,8.12
7247,2023-10-29T23:00:00Z,10,2023,19,0.00,0.00,0.00,8.00
7248,2023-10-30T00:00:00Z,10,2023,20,0.00,0.00,0.00,8.00
7249,2023-10-30T01:00:00Z,10,2023,21,0.00,0.00,0.00,8.06
7250,2023-10-30T02:00:00Z,10,2023,22,0.00,0.00,0.00,8.13
7251,2023-10-30T03:00:00Z,10,2023,23,0.00,0.00,0.00,8.24
7252,2023-10-30T04:00:00Z,10,2023,0,0.00,0.00,0.00,8.22
7253,2023-10-30T05:00:00Z,10,2023,1,0.00,0.00,0.00,8.16
7254,2023-10-30T06:00:00Z,10,2023,2,0.00,0.00,0.00,8.15
7255,2023-10-30T07:00:00Z,10,2023,3,0.00,0.00,0.00,8.18
7256,2023-10-30T08:00:00Z,10,2023,4,0.00,0.00,0.00,8.25
7257,2023-10-30T09:00:00Z,10,2023,5,0.00,0.00,0.00,8.44
7258,2023-10-30T10:00:00Z,10,2023,6,0.00,0.00,0.00,8.76
7259,2023-10-30T11:00:00Z,10,2023,7,4.97,0.00,5.22,9.10
7260,2023-10-30T12:00:00Z,10,2023,8,31.52,2.43,28.37,9.64
7261,2023-10-30T13:00:00Z,10,2023,9,52.62,1.85,44.74,10.26
7262,2023-10-30T14:00:00Z,10,2023,10,73.43,13.77,60.41,11.03
7263,2023-10-30T15:00:00Z,10,2023,11,90.47,34.48,72.70,11.94
7264,2023-10-30T16:00:00Z,10,2023,12,104.57,52.30,77.15,12.51
7265,2023-10-30T17:00:00Z,10,2023,13,79.93,15.94,67.01,12.70
7266,2023-10-30T18:00:00Z,10,2023,14,57.83,15.52,47.06,12.42
7267,2023-10-30T19:00:00Z,10,2023,15,56.40,15.52,46.57,12.04
7268,2023-10-30T20:00:00Z,10,2023,16,26.17,1.49,23.61,11.58
7269,2023-10-30T21:00:00Z,10,2023,17,3.42,0.00,3.59,10.95
7270,2023-10-30T22:00:00Z,10,2023,18,0.00,0.00,0.00,10.23
7271,2023-10-30T23:00:00Z,10,2023,19,0.00,0.00,0.00,9.77
7272,2023-10-31T00:00:00Z,10,2023,20,0.00,0.00,0.00,8.95
7273,2023-10-31T01:00:00Z,10,2023,21,0.00,0.00,0.00,7.86
7274,2023-10-31T02:00:00Z,10,2023,22,0.00,0.00,0.00,7.01
7275,2023-10-31T03:00:00Z,10,2023,23,0.00,0.00,0.00,6.46
7276,2023-10-31T04:00:00Z,10,2023,0,0.00,0.00,0.00,6.05
7277,2023-10-31T05:00:00Z,10,2023,1,0.00,0.00,0.00,5.66
7278,2023-10-31T06:00:00Z,10,2023,2,0.00,0.00,0.00,4.97
7279,2023-10-31T07:00:00Z,10,2023,3,0.00,0.00,0.00,4.32
7280,2023-10-31T08:00:00Z,10,2023,4,0.00,0.00,0.00,3.87
7281,2023-10-31T09:00:00Z,10,2023,5,0.00,0.00,0.00,3.38
7282,2023-10-31T10:00:00Z,10,2023,6,0.00,0.00,0.00,2.66
7283,2023-10-31T11:00:00Z,10,2023,7,17.20,104.73,14.68,1.42
7284,2023-10-31T12:00:00Z,10,2023,8,160.93,565.78,59.01,2.83
7285,2023-10-31T13:00:00Z,10,2023,9,323.40,761.25,74.56,4.59
7286,2023-10-31T14:00:00Z,10,2023,10,460.12,849.89,83.14,6.05
7287,2023-10-31T15:00:00Z,10,2023,11,550.38,907.59,78.37,7.30
7288,2023-10-31T16:00:00Z,10,2023,12,587.28,952.23,69.11,8.28
7289,2023-10-31T17:00:00Z,10,2023,13,554.38,938.85,68.06,9.00
7290,2023-10-31T18:00:00Z,10,2023,14,439.73,818.97,74.72,9.42
7291,2023-10-31T19:00:00Z,10,2023,15,293.83,749.79,65.42,9.42
7292,2023-10-31T20:00:00Z,10,2023,16,135.50,444.39,52.75,8.83
7293,2023-10-31T21:00:00Z,10,2023,17,11.30,75.14,11.36,7.24
7294,2023-10-31T22:00:00Z,10,2023,18,0.00,0.00,0.00,4.97
7295,2023-10-31T23:00:00Z,10,2023,19,0.00,0.00,0.00,3.55
7296,2023-11-01T00:00:00Z,11,2023,20,0.00,0.00,0.00,2.45
7297,2023-11-01T01:00:00Z,11,2023,21,0.00,0.00,0.00,1.88
7298,2023-11-01T02:00:00Z,11,2023,22,0.00,0.00,0.00,1.54
7299,2023-11-01T03:00:00Z,11,2023,23,0.00,0.00,0.00,1.36
7300,2023-11-01T04:00:00Z,11,2023,0,0.00,0.00,0.00,1.30
7301,2023-11-01T05:00:00Z,11,2023,1,0.00,0.00,0.00,1.22
7302,2023-11-01T06:00:00Z,11,2023,2,0.00,0.00,0.00,1.55
7303,2023-11-01T07:00:00Z,11,2023,3,0.00,0.00,0.00,2.21
7304,2023-11-01T08:00:00Z,11,2023,4,0.00,0.00,0.00,2.52
7305,2023-11-01T09:00:00Z,11,2023,5,0.00,0.00,0.00,2.65
7306,2023-11-01T10:00:00Z,11,2023,6,0.00,0.00,0.00,2.51
7307,2023-11-01T11:00:00Z,11,2023,7,9.45,7.91,11.56,2.31
7308,2023-11-01T12:00:00Z,11,2023,8,96.18,53.69,85.24,3.39
7309,2023-11-01T13:00:00Z,11,2023,9,214.12,104.45,169.56,4.52
7310,2023-11-01T14:00:00Z,11,2023,10,308.42,160.22,226.37,5.45
7311,2023-11-01T15:00:00Z,11,2023,11,385.50,292.44,252.78,6.08
7312,2023-11-01T16:00:00Z,11,2023,12,379.70,94.39,315.54,6.51
7313,2023-11-01T17:00:00Z,11,2023,13,322.60,136.94,261.86,6.75
7314,2023-11-01T18:00:00Z,11,2023,14,263.92,204.14,185.24,6.78
7315,2023-11-01T19:00:00Z,11,2023,15,196.98,269.63,118.52,6.74
7316,2023-11-01T20:00:00Z,11,2023,16,109.80,289.13,60.28,6.40
7317,2023-11-01T21:00:00Z,11,2023,17,12.68,41.97,14.08,4.66
7318,2023-11-01T22:00:00Z,11,2023,18,0.00,0.00,0.00,2.89
7319,2023-11-01T23:00:00Z,11,2023,19,0.00,0.00,0.00,2.58
7320,2023-11-02T00:00:00Z,11,2023,20,0.00,0.00,0.00,2.32
7321,2023-11-02T01:00:00Z,11,2023,21,0.00,0.00,0.00,1.97
7322,2023-11-02T02:00:00Z,11,2023,22,0.00,0.00,0.00,1.41
7323,2023-11-02T03:00:00Z,11,2023,23,0.00,0.00,0.00,0.89
7324,2023-11-02T04:00:00Z,11,2023,0,0.00,0.00,0.00,0.40
7325,2023-11-02T05:00:00Z,11,2023,1,0.00,0.00,0.00,-0.12
7326,2023-11-02T06:00:00Z,11,2023,2,0.00,0.00,0.00,-0.59
7327,2023-11-02T07:00:00Z,11,2023,3,0.00,0.00,0.00,-1.02
7328,2023-11-02T08:00:00Z,11,2023,4,0.00,0.00,0.00,-1.51
7329,2023-11-02T09:00:00Z,11,2023,5,0.00,0.00,0.00,-1.94
7330,2023-11-02T10:00:00Z,11,2023,6,0.00,0.00,0.00,-2.27
7331,2023-11-02T11:00:00Z,11,2023,7,13.43,65.00,12.24,-2.47
7332,2023-11-02T12:00:00Z,11,2023,8,146.48,520.65,48.80,-1.00
7333,2023-11-02T13:00:00Z,11,2023,9,306.50,731.56,69.11,1.70
7334,2023-11-02T14:00:00Z,11,2023,10,441.70,826.82,77.67,3.80
7335,2023-11-02T15:00:00Z,11,2023,11,531.53,896.12,76.69,5.20
7336,2023-11-02T16:00:00Z,11,2023,12,569.28,956.99,61.95,6.37
7337,2023-11-02T17:00:00Z,11,2023,13,537.92,936.40,61.94,7.22
7338,2023-11-02T18:00:00Z,11,2023,14,450.17,888.74,60.81,7.76
7339,2023-11-02T19:00:00Z,11,2023,15,314.35,830.49,49.99,7.90
7340,2023-11-02T20:00:00Z,11,2023,16,149.23,604.60,38.24,7.32
7341,2023-11-02T21:00:00Z,11,2023,17,13.48,93.38,10.24,4.30
7342,2023-11-02T22:00:00Z,11,2023,18,0.00,0.00,0.00,2.29
7343,2023-11-02T23:00:00Z,11,2023,19,0.00,0.00,0.00,1.67
7344,2023-11-03T00:00:00Z,11,2023,20,0.00,0.00,0.00,1.25
7345,2023-11-03T01:00:00Z,11,2023,21,0.00,0.00,0.00,1.09
7346,2023-11-03T02:00:00Z,11,2023,22,0.00,0.00,0.00,1.21
7347,2023-11-03T03:00:00Z,11,2023,23,0.00,0.00,0.00,1.34
7348,2023-11-03T04:00:00Z,11,2023,0,0.00,0.00,0.00,1.51
7349,2023-11-03T05:00:00Z,11,2023,1,0.00,0.00,0.00,1.29
7350,2023-11-03T06:00:00Z,11,2023,2,0.00,0.00,0.00,1.03
7351,2023-11-03T07:00:00Z,11,2023,3,0.00,0.00,0.00,0.82
7352,2023-11-03T08:00:00Z,11,2023,4,0.00,0.00,0.00,0.27
7353,2023-11-03T09:00:00Z,11,2023,5,0.00,0.00,0.00,0.11
7354,2023-11-03T10:00:00Z,11,2023,6,0.00,0.00,0.00,-0.25
7355,2023-11-03T11:00:00Z,11,2023,7,8.93,19.40,11.30,-0.34
7356,2023-11-03T12:00:00Z,11,2023,8,105.60,188.51,70.64,1.80
7357,2023-11-03T13:00:00Z,11,2023,9,242.50,331.89,133.98,4.46
7358,2023-11-03T14:00:00Z,11,2023,10,366.67,453.79,179.70,7.91
7359,2023-11-03T15:00:00Z,11,2023,11,445.05,520.38,190.14,9.75
7360,2023-11-03T16:00:00Z,11,2023,12,510.90,735.70,132.63,10.49
7361,2023-11-03T17:00:00Z,11,2023,13,517.65,893.07,67.53,11.53
7362,2023-11-03T18:00:00Z,11,2023,14,432.42,845.83,64.62,12.06
7363,2023-11-03T19:00:00Z,11,2023,15,291.12,678.75,80.57,11.99
7364,2023-11-03T20:00:00Z,11,2023,16,129.88,395.50,63.53,11.16
7365,2023-11-03T21:00:00Z,11,2023,17,10.50,29.86,13.38,9.44
7366,2023-11-03T22:00:00Z,11,2023,18,0.00,0.00,0.00,7.87
7367,2023-11-03T23:00:00Z,11,2023,19,0.00,0.00,0.00,6.53
7368,2023-11-04T00:00:00Z,11,2023,20,0.00,0.00,0.00,6.66
7369,2023-11-04T01:00:00Z,11,2023,21,0.00,0.00,0.00,6.57
7370,2023-11-04T02:00:00Z,11,2023,22,0.00,0.00,0.00,6.18
7371,2023-11-04T03:00:00Z,11,2023,23,0.00,0.00,0.00,5.81
7372,2023-11-04T04:00:00Z,11,2023,0,0.00,0.00,0.00,5.81
7373,2023-11-04T05:00:00Z,11,2023,1,0.00,0.00,0.00,5.94
7374,2023-11-04T06:00:00Z,11,2023,2,0.00,0.00,0.00,6.29
7375,2023-11-04T07:00:00Z,11,2023,3,0.00,0.00,0.00,6.36
7376,2023-11-04T08:00:00Z,11,2023,4,0.00,0.00,0.00,6.33
7377,2023-11-04T09:00:00Z,11,2023,5,0.00,0.00,0.00,6.37
7378,2023-11-04T10:00:00Z,11,2023,6,0.00,0.00,0.00,6.22
7379,2023-11-04T11:00:00Z,11,2023,7,6.80,3.71,7.28,5.46
7380,2023-11-04T12:00:00Z,11,2023,8,63.28,0.00,55.37,6.23
7381,2023-11-04T13:00:00Z,11,2023,9,143.55,0.00,125.54,7.62
7382,2023-11-04T14:00:00Z,11,2023,10,216.45,12.03,186.72,9.31
7383,2023-11-04T15:00:00Z,11,2023,11,247.68,22.53,207.23,10.75
7384,2023-11-04T16:00:00Z,11,2023,12,238.98,111.28,191.51,11.82
7385,2023-11-04T17:00:00Z,11,2023,13,191.98,0.00,167.83,12.46
7386,2023-11-04T18:00:00Z,11,2023,14,190.45,5.41,165.01,12.32
7387,2023-11-04T19:00:00Z,11,2023,15,131.77,1.68,114.75,11.83
7388,2023-11-04T20:00:00Z,11,2023,16,58.97,0.67,51.60,11.02
7389,2023-11-04T21:00:00Z,11,2023,17,5.45,0.00,5.83,9.67
7390,2023-11-04T22:00:00Z,11,2023,18,0.00,0.00,0.00,8.28
7391,2023-11-04T23:00:00Z,11,2023,19,0.00,0.00,0.00,7.50
7392,2023-11-05T00:00:00Z,11,2023,20,0.00,0.00,0.00,7.11
7393,2023-11-05T01:00:00Z,11,2023,21,0.00,0.00,0.00,6.93
7394,2023-11-05T02:00:00Z,11,2023,22,0.00,0.00,0.00,6.77
7395,2023-11-05T03:00:00Z,11,2023,23,0.00,0.00,0.00,6.48
7396,2023-11-05T04:00:00Z,11,2023,0,0.00,0.00,0.00,6.19
7397,2023-11-05T05:00:00Z,11,2023,1,0.00,0.00,0.00,5.91
7398,2023-11-05T06:00:00Z,11,2023,1,0.00,0.00,0.00,5.36
7399,2023-11-05T07:00:00Z,11,2023,2,0.00,0.00,0.00,4.87
7400,2023-11-05T08:00:00Z,11,2023,3,0.00,0.00,0.00,4.64
7401,2023-11-05T09:00:00Z,11,2023,4,0.00,0.00,0.00,4.47
7402,2023-11-05T10:00:00Z,11,2023,5,0.00,0.00,0.00,4.33
7403,2023-11-05T11:00:00Z,11,2023,6,4.93,5.90,6.27,4.31
7404,2023-11-05T12:00:00Z,11,2023,7,61.12,80.90,48.35,6.12
7405,2023-11-05T13:00:00Z,11,2023,8,135.90,173.94,92.30,8.24
7406,2023-11-05T14:00:00Z,11,2023,9,220.27,254.44,129.18,10.96
7407,2023-11-05T15:00:00Z,11,2023,10,285.75,319.03,143.66,13.67
7408,2023-11-05T16:00:00Z,11,2023,11,315.50,226.07,191.88,14.67
7409,2023-11-05T17:00:00Z,11,2023,12,317.90,473.07,118.57,15.08
7410,2023-11-05T18:00:00Z,11,2023,13,268.30,395.08,104.85,14.77
7411,2023-11-05T19:00:00Z,11,2023,14,190.80,394.32,78.12,13.99
7412,2023-11-05T20:00:00Z,11,2023,15,92.50,250.33,49.43,12.94
7413,2023-11-05T21:00:00Z,11,2023,16,7.28,20.68,8.87,10.19
7414,2023-11-05T22:00:00Z,11,2023,17,0.00,0.00,0.00,8.43
7415,2023-11-05T23:00:00Z,11,2023,18,0.00,0.00,0.00,7.79
7416,2023-11-06T00:00:00Z,11,2023,19,0.00,0.00,0.00,7.10
7417,2023-11-06T01:00:00Z,11,2023,20,0.00,0.00,0.00,6.80
7418,2023-11-06T02:00:00Z,11,2023,21,0.00,0.00,0.00,6.90
7419,2023-11-06T03:00:00Z,11,2023,22,0.00,0.00,0.00,6.56
7420,2023-11-06T04:00:00Z,11,2023,23,0.00,0.00,0.00,5.67
7421,2023-11-06T05:00:00Z,11,2023,0,0.00,0.00,0.00,4.43
7422,2023-11-06T06:00:00Z,11,2023,1,0.00,0.00,0.00,3.85
7423,2023-11-06T07:00:00Z,11,2023,2,0.00,0.00,0.00,3.67
7424,2023-11-06T08:00:00Z,11,2023,3,0.00,0.00,0.00,3.72
7425,2023-11-06T09:00:00Z,11,2023,4,0.00,0.00,0.00,3.74
7426,2023-11-06T10:00:00Z,11,2023,5,0.00,0.00,0.00,3.07
7427,2023-11-06T11:00:00Z,11,2023,6,7.47,27.17,9.30,2.56
7428,2023-11-06T12:00:00Z,11,2023,7,92.22,182.83,64.21,3.90
7429,2023-11-06T13:00:00Z,11,2023,8,200.62,239.19,137.85,6.08
7430,2023-11-06T14:00:00Z,11,2023,9,298.02,258.18,196.29,8.22
7431,2023-11-06T15:00:00Z,11,2023,10,364.15,257.13,246.59,9.51
7432,2023-11-06T16:00:00Z,11,2023,11,335.02,154.34,246.18,10.23
7433,2023-11-06T17:00:00Z,11,2023,12,227.62,21.62,185.51,10.70
7434,2023-11-06T18:00:00Z,11,2023,13,191.00,32.43,157.99,10.79
7435,2023-11-06T19:00:00Z,11,2023,14,124.82,26.94,106.40,9.92
7436,2023-11-06T20:00:00Z,11,2023,15,52.35,19.74,44.71,8.36
7437,2023-11-06T21:00:00Z,11,2023,16,3.70,0.00,5.08,7.21
7438,2023-11-06T22:00:00Z,11,2023,17,0.00,0.00,0.00,6.55
7439,2023-11-06T23:00:00Z,11,2023,18,0.00,0.00,0.00,6.63
7440,2023-11-07T00:00:00Z,11,2023,19,0.00,0.00,0.00,6.52
7441,2023-11-07T01:00:00Z,11,2023,20,0.00,0.00,0.00,6.60
7442,2023-11-07T02:00:00Z,11,2023,21,0.00,0.00,0.00,7.18
7443,2023-11-07T03:00:00Z,11,2023,22,0.00,0.00,0.00,7.97
7444,2023-11-07T04:00:00Z,11,2023,23,0.00,0.00,0.00,8.45
7445,2023-11-07T05:00:00Z,11,2023,0,0.00,0.00,0.00,8.83
7446,2023-11-07T06:00:00Z,11,2023,1,0.00,0.00,0.00,9.08
7447,2023-11-07T07:00:00Z,11,2023,2,0.00,0.00,0.00,9.41
7448,2023-11-07T08:00:00Z,11,2023,3,0.00,0.00,0.00,9.78
7449,2023-11-07T09:00:00Z,11,2023,4,0.00,0.00,0.00,10.14
7450,2023-11-07T10:00:00Z,11,2023,5,0.00,0.00,0.00,10.37
7451,2023-11-07T11:00:00Z,11,2023,6,4.45,0.00,6.15,10.58
7452,2023-11-07T12:00:00Z,11,2023,7,79.88,43.12,65.86,11.03
7453,2023-11-07T13:00:00Z,11,2023,8,183.65,75.54,146.80,12.16
7454,2023-11-07T14:00:00Z,11,2023,9,274.62,113.64,213.29,13.54
7455,2023-11-07T15:00:00Z,11,2023,10,342.70,180.69,249.32,15.14
7456,2023-11-07T16:00:00Z,11,2023,11,390.52,222.81,271.65,16.39
7457,2023-11-07T17:00:00Z,11,2023,12,372.75,429.51,189.07,17.35
7458,2023-11-07T18:00:00Z,11,2023,13,310.58,499.98,122.16,17.83
7459,2023-11-07T19:00:00Z,11,2023,14,211.65,407.78,90.32,17.60
7460,2023-11-07T20:00:00Z,11,2023,15,94.93,301.93,47.47,16.60
7461,2023-11-07T21:00:00Z,11,2023,16,6.57,24.51,8.53,15.04
7462,2023-11-07T22:00:00Z,11,2023,17,0.00,0.00,0.00,13.86
7463,2023-11-07T23:00:00Z,11,2023,18,0.00,0.00,0.00,12.69
7464,2023-11-08T00:00:00Z,11,2023,19,0.00,0.00,0.00,11.42
7465,2023-11-08T01:00:00Z,11,2023,20,0.00,0.00,0.00,10.47
7466,2023-11-08T02:00:00Z,11,2023,21,0.00,0.00,0.00,9.75
7467,2023-11-08T03:00:00Z,11,2023,22,0.00,0.00,0.00,8.66
7468,2023-11-08T04:00:00Z,11,2023,23,0.00,0.00,0.00,7.06
7469,2023-11-08T05:00:00Z,11,2023,0,0.00,0.00,0.00,5.81
7470,2023-11-08T06:00:00Z,11,2023,1,0.00,0.00,0.00,4.95
7471,2023-11-08T07:00:00Z,11,2023,2,0.00,0.00,0.00,4.18
7472,2023-11-08T08:00:00Z,11,2023,3,0.00,0.00,0.00,3.38
7473,2023-11-08T09:00:00Z,11,2023,4,0.00,0.00,0.00,2.54
7474,2023-11-08T10:00:00Z,11,2023,5,0.00,0.00,0.00,1.72
7475,2023-11-08T11:00:00Z,11,2023,6,7.57,74.79,7.05,1.04
7476,2023-11-08T12:00:00Z,11,2023,7,124.18,581.31,34.68,0.92
7477,2023-11-08T13:00:00Z,11,2023,8,282.38,792.49,52.73,1.48
7478,2023-11-08T14:00:00Z,11,2023,9,418.08,866.78,62.63,2.52
7479,2023-11-08T15:00:00Z,11,2023,10,511.90,959.84,58.14,3.68
7480,2023-11-08T16:00:00Z,11,2023,11,554.00,1014.55,46.49,4.80
7481,2023-11-08T17:00:00Z,11,2023,12,512.08,942.44,82.41,5.67
7482,2023-11-08T18:00:00Z,11,2023,13,417.65,754.53,133.88,6.10
7483,2023-11-08T19:00:00Z,11,2023,14,264.90,523.13,124.57,6.05
7484,2023-11-08T20:00:00Z,11,2023,15,114.22,315.90,72.37,5.41
7485,2023-11-08T21:00:00Z,11,2023,16,5.82,24.97,7.53,4.18
7486,2023-11-08T22:00:00Z,11,2023,17,0.00,0.00,0.00,3.16
7487,2023-11-08T23:00:00Z,11,2023,18,0.00,0.00,0.00,2.72
7488,2023-11-09T00:00:00Z,11,2023,19,0.00,0.00,0.00,2.19
7489,2023-11-09T01:00:00Z,11,2023,20,0.00,0.00,0.00,1.51
7490,2023-11-09T02:00:00Z,11,2023,21,0.00,0.00,0.00,1.42
7491,2023-11-09T03:00:00Z,11,2023,22,0.00,0.00,0.00,1.34
7492,2023-11-09T04:00:00Z,11,2023,23,0.00,0.00,0.00,1.19
7493,2023-11-09T05:00:00Z,11,2023,0,0.00,0.00,0.00,1.03
7494,2023-11-09T06:00:00Z,11,2023,1,0.00,0.00,0.00,0.97
7495,2023-11-09T07:00:00Z,11,2023,2,0.00,0.00,0.00,0.81
7496,2023-11-09T08:00:00Z,11,2023,3,0.00,0.00,0.00,0.74
7497,2023-11-09T09:00:00Z,11,2023,4,0.00,0.00,0.00,1.26
7498,2023-11-09T10:00:00Z,11,2023,5,0.00,0.00,0.00,1.24
7499,2023-11-09T11:00:00Z,11,2023,6,2.67,0.00,3.06,1.05
7500,2023-11-09T12:00:00Z,11,2023,7,33.22,36.03,28.12,1.96
7501,2023-11-09T13:00:00Z,11,2023,8,79.85,61.61,63.92,3.16
7502,2023-11-09T14:00:00Z,11,2023,9,121.30,100.67,90.86,4.17
7503,2023-11-09T15:00:00Z,11,2023,10,140.40,141.07,97.60,4.61
7504,2023-11-09T16:00:00Z,11,2023,11,35.62,14.18,29.27,4.48
7505,2023-11-09T17:00:00Z,11,2023,12,38.35,6.75,31.85,4.65
7506,2023-11-09T18:00:00Z,11,2023,13,39.28,5.05,33.20,5.57
7507,2023-11-09T19:00:00Z,11,2023,14,29.38,4.60,25.25,6.21
7508,2023-11-09T20:00:00Z,11,2023,15,12.60,17.62,9.84,6.26
7509,2023-11-09T21:00:00Z,11,2023,16,1.50,2.60,2.09,4.76
7510,2023-11-09T22:00:00Z,11,2023,17,0.00,0.00,0.00,3.44
7511,2023-11-09T23:00:00Z,11,2023,18,0.00,0.00,0.00,3.64
7512,2023-11-10T00:00:00Z,11,2023,19,0.00,0.00,0.00,3.25
7513,2023-11-10T01:00:00Z,11,2023,20,0.00,0.00,0.00,3.28
7514,2023-11-10T02:00:00Z,11,2023,21,0.00,0.00,0.00,3.31
7515,2023-11-10T03:00:00Z,11,2023,22,0.00,0.00,0.00,3.56
7516,2023-11-10T04:00:00Z,11,2023,23,0.00,0.00,0.00,3.77
7517,2023-11-10T05:00:00Z,11,2023,0,0.00,0.00,0.00,3.90
7518,2023-11-10T06:00:00Z,11,2023,1,0.00,0.00,0.00,4.00
7519,2023-11-10T07:00:00Z,11,2023,2,0.00,0.00,0.00,4.09
7520,2023-11-10T08:00:00Z,11,2023,3,0.00,0.00,0.00,4.13
7521,2023-11-10T09:00:00Z,11,2023,4,0.00,0.00,0.00,4.11
7522,2023-11-10T10:00:00Z,11,2023,5,0.00,0.00,0.00,4.09
7523,2023-11-10T11:00:00Z,11,2023,6,3.65,0.00,4.18,4.08
7524,2023-11-10T12:00:00Z,11,2023,7,50.28,0.00,44.05,4.53
7525,2023-11-10T13:00:00Z,11,2023,8,124.30,0.00,108.21,5.32
7526,2023-11-10T14:00:00Z,11,2023,9,189.70,1.65,165.13,6.72
7527,2023-11-10T15:00:00Z,11,2023,10,239.05,3.10,201.82,8.48
7528,2023-11-10T16:00:00Z,11,2023,11,211.52,17.46,182.67,9.45
7529,2023-11-10T17:00:00Z,11,2023,12,150.35,0.00,127.25,9.50
7530,2023-11-10T18:00:00Z,11,2023,13,192.88,172.08,126.48,9.19
7531,2023-11-10T19:00:00Z,11,2023,14,152.10,272.26,83.35,8.84
7532,2023-11-10T20:00:00Z,11,2023,15,76.45,273.79,36.73,8.44
7533,2023-11-10T21:00:00Z,11,2023,16,5.35,39.59,6.27,7.62
7534,2023-11-10T22:00:00Z,11,2023,17,0.00,0.00,0.00,6.02
7535,2023-11-10T23:00:00Z,11,2023,18,0.00,0.00,0.00,4.87
7536,2023-11-11T00:00:00Z,11,2023,19,0.00,0.00,0.00,4.32
7537,2023-11-11T01:00:00Z,11,2023,20,0.00,0.00,0.00,3.77
7538,2023-11-11T02:00:00Z,11,2023,21,0.00,0.00,0.00,3.29
7539,2023-11-11T03:00:00Z,11,2023,22,0.00,0.00,0.00,3.17
7540,2023-11-11T04:00:00Z,11,2023,23,0.00,0.00,0.00,3.25
7541,2023-11-11T05:00:00Z,11,2023,0,0.00,0.00,0.00,3.44
7542,2023-11-11T06:00:00Z,11,2023,1,0.00,0.00,0.00,3.21
7543,2023-11-11T07:00:00Z,11,2023,2,0.00,0.00,0.00,2.86
7544,2023-11-11T08:00:00Z,11,2023,3,0.00,0.00,0.00,2.75
7545,2023-11-11T09:00:00Z,11,2023,4,0.00,0.00,0.00,2.46
7546,2023-11-11T10:00:00Z,11,2023,5,0.00,0.00,0.00,1.78
7547,2023-11-11T11:00:00Z,11,2023,6,6.10,58.21,5.98,1.34
7548,2023-11-11T12:00:00Z,11,2023,7,117.38,502.49,31.58,2.36
7549,2023-11-11T13:00:00Z,11,2023,8,272.50,765.72,51.85,4.28
7550,2023-11-11T14:00:00Z,11,2023,9,399.20,855.90,63.87,5.50
7551,2023-11-11T15:00:00Z,11,2023,10,482.48,882.54,71.44,6.59
7552,2023-11-11T16:00:00Z,11,2023,11,509.75,896.06,74.08,7.45
7553,2023-11-11T17:00:00Z,11,2023,12,488.40,911.53,62.71,8.03
7554,2023-11-11T18:00:00Z,11,2023,13,408.70,890.56,55.79,8.27
7555,2023-11-11T19:00:00Z,11,2023,14,280.50,821.49,43.70,8.06
7556,2023-11-11T20:00:00Z,11,2023,15,119.90,549.04,28.99,7.18
7557,2023-11-11T21:00:00Z,11,2023,16,6.12,70.34,5.40,4.42
7558,2023-11-11T22:00:00Z,11,2023,17,0.00,0.00,0.00,2.72
7559,2023-11-11T23:00:00Z,11,2023,18,0.00,0.00,0.00,1.78
7560,2023-11-12T00:00:00Z,11,2023,19,0.00,0.00,0.00,0.98
7561,2023-11-12T01:00:00Z,11,2023,20,0.00,0.00,0.00,0.22
7562,2023-11-12T02:00:00Z,11,2023,21,0.00,0.00,0.00,-0.53
7563,2023-11-12T03:00:00Z,11,2023,22,0.00,0.00,0.00,-1.19
7564,2023-11-12T04:00:00Z,11,2023,23,0.00,0.00,0.00,-1.72
7565,2023-11-12T05:00:00Z,11,2023,0,0.00,0.00,0.00,-2.03
7566,2023-11-12T06:00:00Z,11,2023,1,0.00,0.00,0.00,-2.25
7567,2023-11-12T07:00:00Z,11,2023,2,0.00,0.00,0.00,-2.45
7568,2023-11-12T08:00:00Z,11,2023,3,0.00,0.00,0.00,-2.63
7569,2023-11-12T09:00:00Z,11,2023,4,0.00,0.00,0.00,-2.83
7570,2023-11-12T10:00:00Z,11,2023,5,0.00,0.00,0.00,-2.86
7571,2023-11-12T11:00:00Z,11,2023,6,5.30,66.58,5.17,-2.81
7572,2023-11-12T12:00:00Z,11,2023,7,103.03,451.90,34.45,-1.72
7573,2023-11-12T13:00:00Z,11,2023,8,231.90,656.65,54.62,0.71
7574,2023-11-12T14:00:00Z,11,2023,9,331.67,709.06,70.09,2.60
7575,2023-11-12T15:00:00Z,11,2023,10,392.45,756.56,80.65,3.76
7576,2023-11-12T16:00:00Z,11,2023,11,403.95,721.80,92.80,4.62
7577,2023-11-12T17:00:00Z,11,2023,12,405.90,493.91,183.68,5.13
7578,2023-11-12T18:00:00Z,11,2023,13,403.25,877.30,58.44,5.43
7579,2023-11-12T19:00:00Z,11,2023,14,273.88,784.92,47.13,5.24
7580,2023-11-12T20:00:00Z,11,2023,15,114.93,553.59,28.85,4.31
7581,2023-11-12T21:00:00Z,11,2023,16,5.30,64.81,4.99,0.99
7582,2023-11-12T22:00:00Z,11,2023,17,0.00,0.00,0.00,-0.73
7583,2023-11-12T23:00:00Z,11,2023,18,0.00,0.00,0.00,-1.31
7584,2023-11-13T00:00:00Z,11,2023,19,0.00,0.00,0.00,-1.77
7585,2023-11-13T01:00:00Z,11,2023,20,0.00,0.00,0.00,-2.26
7586,2023-11-13T02:00:00Z,11,2023,21,0.00,0.00,0.00,-2.58
7587,2023-11-13T03:00:00Z,11,2023,22,0.00,0.00,0.00,-2.83
7588,2023-11-13T04:00:00Z,11,2023,23,0.00,0.00,0.00,-2.94
7589,2023-11-13T05:00:00Z,11,2023,0,0.00,0.00,0.00,-3.17
7590,2023-11-13T06:00:00Z,11,2023,1,0.00,0.00,0.00,-3.18
7591,2023-11-13T07:00:00Z,11,2023,2,0.00,0.00,0.00,-3.30
7592,2023-11-13T08:00:00Z,11,2023,3,0.00,0.00,0.00,-3.34
7593,2023-11-13T09:00:00Z,11,2023,4,0.00,0.00,0.00,-3.66
7594,2023-11-13T10:00:00Z,11,2023,5,0.00,0.00,0.00,-3.63
7595,2023-11-13T11:00:00Z,11,2023,6,4.65,58.12,4.48,-3.36
7596,2023-11-13T12:00:00Z,11,2023,7,110.53,512.13,29.27,-2.35
7597,2023-11-13T13:00:00Z,11,2023,8,263.95,798.95,44.11,-0.40
7598,2023-11-13T14:00:00Z,11,2023,9,387.33,825.20,59.23,1.77
7599,2023-11-13T15:00:00Z,11,2023,10,468.70,905.07,60.88,4.03
7600,2023-11-13T16:00:00Z,11,2023,11,492.48,884.12,69.33,5.32
7601,2023-11-13T17:00:00Z,11,2023,12,423.17,644.59,144.80,6.07
7602,2023-11-13T18:00:00Z,11,2023,13,307.02,307.63,195.90,6.32
7603,2023-11-13T19:00:00Z,11,2023,14,196.32,196.23,141.55,5.81
7604,2023-11-13T20:00:00Z,11,2023,15,71.07,86.78,57.78,4.37
7605,2023-11-13T21:00:00Z,11,2023,16,2.67,2.06,3.67,3.45
7606,2023-11-13T22:00:00Z,11,2023,17,0.00,0.00,0.00,2.77
7607,2023-11-13T23:00:00Z,11,2023,18,0.00,0.00,0.00,1.67
7608,2023-11-14T00:00:00Z,11,2023,19,0.00,0.00,0.00,1.19
7609,2023-11-14T01:00:00Z,11,2023,20,0.00,0.00,0.00,1.12
7610,2023-11-14T02:00:00Z,11,2023,21,0.00,0.00,0.00,0.82
7611,2023-11-14T03:00:00Z,11,2023,22,0.00,0.00,0.00,0.38
7612,2023-11-14T04:00:00Z,11,2023,23,0.00,0.00,0.00,-0.07
7613,2023-11-14T05:00:00Z,11,2023,0,0.00,0.00,0.00,-0.31
7614,2023-11-14T06:00:00Z,11,2023,1,0.00,0.00,0.00,-0.30
7615,2023-11-14T07:00:00Z,11,2023,2,0.00,0.00,0.00,-0.27
7616,2023-11-14T08:00:00Z,11,2023,3,0.00,0.00,0.00,-0.27
7617,2023-11-14T09:00:00Z,11,2023,4,0.00,0.00,0.00,-0.58
7618,2023-11-14T10:00:00Z,11,2023,5,0.00,0.00,0.00,-1.07
7619,2023-11-14T11:00:00Z,11,2023,6,0.00,0.00,0.00,-1.22
7620,2023-11-14T12:00:00Z,11,2023,7,68.10,116.65,48.80,-0.08
7621,2023-11-14T13:00:00Z,11,2023,8,152.60,217.52,94.76,1.88
7622,2023-11-14T14:00:00Z,11,2023,9,228.75,311.39,120.43,3.71
7623,2023-11-14T15:00:00Z,11,2023,10,287.05,466.84,124.83,5.73
7624,2023-11-14T16:00:00Z,11,2023,11,349.75,300.41,217.28,7.20
7625,2023-11-14T17:00:00Z,11,2023,12,304.08,271.43,181.08,8.00
7626,2023-11-14T18:00:00Z,11,2023,13,234.70,260.89,143.91,8.26
7627,2023-11-14T19:00:00Z,11,2023,14,165.15,251.70,94.21,8.09
7628,2023-11-14T20:00:00Z,11,2023,15,76.10,177.23,48.13,7.40
7629,2023-11-14T21:00:00Z,11,2023,16,0.00,0.00,0.00,5.82
7630,2023-11-14T22:00:00Z,11,2023,17,0.00,0.00,0.00,4.54
7631,2023-11-14T23:00:00Z,11,2023,18,0.00,0.00,0.00,3.51
7632,2023-11-15T00:00:00Z,11,2023,19,0.00,0.00,0.00,2.08
7633,2023-11-15T01:00:00Z,11,2023,20,0.00,0.00,0.00,1.07
7634,2023-11-15T02:00:00Z,11,2023,21,0.00,0.00,0.00,0.36
7635,2023-11-15T03:00:00Z,11,2023,22,0.00,0.00,0.00,-0.30
7636,2023-11-15T04:00:00Z,11,2023,23,0.00,0.00,0.00,-0.88
7637,2023-11-15T05:00:00Z,11,2023,0,0.00,0.00,0.00,-1.42
7638,2023-11-15T06:00:00Z,11,2023,1,0.00,0.00,0.00,-1.67
7639,2023-11-15T07:00:00Z,11,2023,2,0.00,0.00,0.00,-1.81
7640,2023-11-15T08:00:00Z,11,2023,3,0.00,0.00,0.00,-1.78
7641,2023-11-15T09:00:00Z,11,2023,4,0.00,0.00,0.00,-1.72
7642,2023-11-15T10:00:00Z,11,2023,5,0.00,0.00,0.00,-1.30
7643,2023-11-15T11:00:00Z,11,2023,6,0.00,0.00,0.00,-0.71
7644,2023-11-15T12:00:00Z,11,2023,7,94.22,360.91,42.57,0.18
7645,2023-11-15T13:00:00Z,11,2023,8,211.75,507.58,83.02,2.37
7646,2023-11-15T14:00:00Z,11,2023,9,309.67,487.25,126.84,4.73
7647,2023-11-15T15:00:00Z,11,2023,10,375.00,418.30,190.09,6.45
7648,2023-11-15T16:00:00Z,11,2023,11,390.98,330.29,250.33,7.38
7649,2023-11-15T17:00:00Z,11,2023,12,364.40,185.16,280.61,7.95
7650,2023-11-15T18:00:00Z,11,2023,13,287.95,146.58,231.70,8.28
7651,2023-11-15T19:00:00Z,11,2023,14,187.05,93.27,149.35,8.11
7652,2023-11-15T20:00:00Z,11,2023,15,77.55,48.97,67.09,6.73
7653,2023-11-15T21:00:00Z,11,2023,16,0.00,0.00,0.00,5.23
7654,2023-11-15T22:00:00Z,11,2023,17,0.00,0.00,0.00,5.04
7655,2023-11-15T23:00:00Z,11,2023,18,0.00,0.00,0.00,4.79
7656,2023-11-16T00:00:00Z,11,2023,19,0.00,0.00,0.00,4.66
7657,2023-11-16T01:00:00Z,11,2023,20,0.00,0.00,0.00,4.65
7658,2023-11-16T02:00:00Z,11,2023,21,0.00,0.00,0.00,4.69
7659,2023-11-16T03:00:00Z,11,2023,22,0.00,0.00,0.00,4.72
7660,2023-11-16T04:00:00Z,11,2023,23,0.00,0.00,0.00,4.84
7661,2023-11-16T05:00:00Z,11,2023,0,0.00,0.00,0.00,4.61
7662,2023-11-16T06:00:00Z,11,2023,1,0.00,0.00,0.00,4.38
7663,2023-11-16T07:00:00Z,11,2023,2,0.00,0.00,0.00,4.22
7664,2023-11-16T08:00:00Z,11,2023,3,0.00,0.00,0.00,4.11
7665,2023-11-16T09:00:00Z,11,2023,4,0.00,0.00,0.00,3.57
7666,2023-11-16T10:00:00Z,11,2023,5,0.00,0.00,0.00,3.16
7667,2023-11-16T11:00:00Z,11,2023,6,0.00,0.00,0.00,3.20
7668,2023-11-16T12:00:00Z,11,2023,7,96.40,397.05,33.03,3.79
7669,2023-11-16T13:00:00Z,11,2023,8,241.30,694.91,49.97,5.70
7670,2023-11-16T14:00:00Z,11,2023,9,367.98,797.02,61.10,8.81
7671,2023-11-16T15:00:00Z,11,2023,10,450.40,852.06,64.72,11.61
7672,2023-11-16T16:00:00Z,11,2023,11,479.23,856.38,71.01,13.44
7673,2023-11-16T17:00:00Z,11,2023,12,447.62,824.44,74.16,14.43
7674,2023-11-16T18:00:00Z,11,2023,13,365.25,760.34,72.14,14.84
7675,2023-11-16T19:00:00Z,11,2023,14,240.20,663.46,56.81,14.81
7676,2023-11-16T20:00:00Z,11,2023,15,97.80,363.11,36.78,13.70
7677,2023-11-16T21:00:00Z,11,2023,16,0.00,0.00,0.00,12.70
7678,2023-11-16T22:00:00Z,11,2023,17,0.00,0.00,0.00,12.09
7679,2023-11-16T23:00:00Z,11,2023,18,0.00,0.00,0.00,11.45
7680,2023-11-17T00:00:00Z,11,2023,19,0.00,0.00,0.00,10.18
7681,2023-11-17T01:00:00Z,11,2023,20,0.00,0.00,0.00,8.38
7682,2023-11-17T02:00:00Z,11,2023,21,0.00,0.00,0.00,6.53
7683,2023-11-17T03:00:00Z,11,2023,22,0.00,0.00,0.00,5.20
7684,2023-11-17T04:00:00Z,11,2023,23,0.00,0.00,0.00,4.44
7685,2023-11-17T05:00:00Z,11,2023,0,0.00,0.00,0.00,3.97
7686,2023-11-17T06:00:00Z,11,2023,1,0.00,0.00,0.00,3.70
7687,2023-11-17T07:00:00Z,11,2023,2,0.00,0.00,0.00,3.91
7688,2023-11-17T08:00:00Z,11,2023,3,0.00,0.00,0.00,4.45
7689,2023-11-17T09:00:00Z,11,2023,4,0.00,0.00,0.00,5.33
7690,2023-11-17T10:00:00Z,11,2023,5,0.00,0.00,0.00,6.10
7691,2023-11-17T11:00:00Z,11,2023,6,0.00,0.00,0.00,6.40
7692,2023-11-17T12:00:00Z,11,2023,7,70.65,50.78,58.29,6.84
7693,2023-11-17T13:00:00Z,11,2023,8,189.30,217.27,140.52,8.58
7694,2023-11-17T14:00:00Z,11,2023,9,301.50,443.83,217.64,10.43
7695,2023-11-17T15:00:00Z,11,2023,10,376.65,450.07,250.43,12.68
7696,2023-11-17T16:00:00Z,11,2023,11,405.27,439.61,271.62,14.55
7697,2023-11-17T17:00:00Z,11,2023,12,368.38,294.31,267.73,15.84
7698,2023-11-17T18:00:00Z,11,2023,13,292.75,217.81,233.42,16.48
7699,2023-11-17T19:00:00Z,11,2023,14,184.95,72.12,155.53,16.39
7700,2023-11-17T20:00:00Z,11,2023,15,75.03,37.75,64.21,15.65
7701,2023-11-17T21:00:00Z,11,2023,16,0.00,0.00,0.00,14.60
7702,2023-11-17T22:00:00Z,11,2023,17,0.00,0.00,0.00,13.67
7703,2023-11-17T23:00:00Z,11,2023,18,0.00,0.00,0.00,12.99
7704,2023-11-18T00:00:00Z,11,2023,19,0.00,0.00,0.00,12.56
7705,2023-11-18T01:00:00Z,11,2023,20,0.00,0.00,0.00,12.06
7706,2023-11-18T02:00:00Z,11,2023,21,0.00,0.00,0.00,11.86
7707,2023-11-18T03:00:00Z,11,2023,22,0.00,0.00,0.00,11.86
7708,2023-11-18T04:00:00Z,11,2023,23,0.00,0.00,0.00,11.81
7709,2023-11-18T05:00:00Z,11,2023,0,0.00,0.00,0.00,11.77
7710,2023-11-18T06:00:00Z,11,2023,1,0.00,0.00,0.00,11.45
7711,2023-11-18T07:00:00Z,11,2023,2,0.00,0.00,0.00,11.47
7712,2023-11-18T08:00:00Z,11,2023,3,0.00,0.00,0.00,11.27
7713,2023-11-18T09:00:00Z,11,2023,4,0.00,0.00,0.00,10.95
7714,2023-11-18T10:00:00Z,11,2023,5,0.00,0.00,0.00,10.80
7715,2023-11-18T11:00:00Z,11,2023,6,0.00,0.00,0.00,10.87
7716,2023-11-18T12:00:00Z,11,2023,7,18.02,0.82,16.24,10.27
7717,2023-11-18T13:00:00Z,11,2023,8,86.75,11.90,74.15,8.69
7718,2023-11-18T14:00:00Z,11,2023,9,129.70,12.41,111.24,7.39
7719,2023-11-18T15:00:00Z,11,2023,10,156.85,17.85,133.15,7.32
7720,2023-11-18T16:00:00Z,11,2023,11,170.40,18.52,141.24,7.99
7721,2023-11-18T17:00:00Z,11,2023,12,195.85,152.81,130.07,8.75
7722,2023-11-18T18:00:00Z,11,2023,13,196.65,185.70,131.33,9.15
7723,2023-11-18T19:00:00Z,11,2023,14,120.25,279.77,54.74,9.09
7724,2023-11-18T20:00:00Z,11,2023,15,66.97,256.62,31.95,8.24
7725,2023-11-18T21:00:00Z,11,2023,16,0.00,0.00,0.00,6.41
7726,2023-11-18T22:00:00Z,11,2023,17,0.00,0.00,0.00,4.69
7727,2023-11-18T23:00:00Z,11,2023,18,0.00,0.00,0.00,3.41
7728,2023-11-19T00:00:00Z,11,2023,19,0.00,0.00,0.00,2.37
7729,2023-11-19T01:00:00Z,11,2023,20,0.00,0.00,0.00,1.50
7730,2023-11-19T02:00:00Z,11,2023,21,0.00,0.00,0.00,0.76
7731,2023-11-19T03:00:00Z,11,2023,22,0.00,0.00,0.00,0.17
7732,2023-11-19T04:00:00Z,11,2023,23,0.00,0.00,0.00,-0.29
7733,2023-11-19T05:00:00Z,11,2023,0,0.00,0.00,0.00,-0.85
7734,2023-11-19T06:00:00Z,11,2023,1,0.00,0.00,0.00,-1.33
7735,2023-11-19T07:00:00Z,11,2023,2,0.00,0.00,0.00,-1.46
7736,2023-11-19T08:00:00Z,11,2023,3,0.00,0.00,0.00,-1.39
7737,2023-11-19T09:00:00Z,11,2023,4,0.00,0.00,0.00,-1.17
7738,2023-11-19T10:00:00Z,11,2023,5,0.00,0.00,0.00,-1.02
7739,2023-11-19T11:00:00Z,11,2023,6,0.00,0.00,0.00,-1.17
7740,2023-11-19T12:00:00Z,11,2023,7,90.28,466.74,27.05,-0.63
7741,2023-11-19T13:00:00Z,11,2023,8,234.23,717.85,48.30,1.66
7742,2023-11-19T14:00:00Z,11,2023,9,354.65,809.75,60.73,5.06
7743,2023-11-19T15:00:00Z,11,2023,10,435.05,835.33,73.85,7.74
7744,2023-11-19T16:00:00Z,11,2023,11,466.45,864.40,83.55,9.03
7745,2023-11-19T17:00:00Z,11,2023,12,422.00,812.27,70.39,9.57
7746,2023-11-19T18:00:00Z,11,2023,13,343.15,726.52,79.20,9.59
7747,2023-11-19T19:00:00Z,11,2023,14,210.48,564.21,64.08,9.13
7748,2023-11-19T20:00:00Z,11,2023,15,77.53,284.67,42.04,8.16
7749,2023-11-19T21:00:00Z,11,2023,16,0.00,0.00,0.00,5.52
7750,2023-11-19T22:00:00Z,11,2023,17,0.00,0.00,0.00,5.18
7751,2023-11-19T23:00:00Z,11,2023,18,0.00,0.00,0.00,5.25
7752,2023-11-20T00:00:00Z,11,2023,19,0.00,0.00,0.00,4.76
7753,2023-11-20T01:00:00Z,11,2023,20,0.00,0.00,0.00,4.21
7754,2023-11-20T02:00:00Z,11,2023,21,0.00,0.00,0.00,3.61
7755,2023-11-20T03:00:00Z,11,2023,22,0.00,0.00,0.00,2.71
7756,2023-11-20T04:00:00Z,11,2023,23,0.00,0.00,0.00,1.92
7757,2023-11-20T05:00:00Z,11,2023,0,0.00,0.00,0.00,1.31
7758,2023-11-20T06:00:00Z,11,2023,1,0.00,0.00,0.00,0.63
7759,2023-11-20T07:00:00Z,11,2023,2,0.00,0.00,0.00,-0.06
7760,2023-11-20T08:00:00Z,11,2023,3,0.00,0.00,0.00,-0.87
7761,2023-11-20T09:00:00Z,11,2023,4,0.00,0.00,0.00,-1.40
7762,2023-11-20T10:00:00Z,11,2023,5,0.00,0.00,0.00,-1.65
7763,2023-11-20T11:00:00Z,11,2023,6,0.00,0.00,0.00,-1.92
7764,2023-11-20T12:00:00Z,11,2023,7,95.10,540.37,24.77,-1.67
7765,2023-11-20T13:00:00Z,11,2023,8,250.70,837.21,38.06,0.01
7766,2023-11-20T14:00:00Z,11,2023,9,383.65,922.65,47.28,1.26
7767,2023-11-20T15:00:00Z,11,2023,10,470.25,958.36,51.23,2.20
7768,2023-11-20T16:00:00Z,11,2023,11,500.83,992.31,48.27,2.98
7769,2023-11-20T17:00:00Z,11,2023,12,473.73,982.40,47.31,3.51
7770,2023-11-20T18:00:00Z,11,2023,13,390.02,944.76,45.05,3.70
7771,2023-11-20T19:00:00Z,11,2023,14,260.12,840.19,38.09,3.48
7772,2023-11-20T20:00:00Z,11,2023,15,105.85,567.13,24.46,2.61
7773,2023-11-20T21:00:00Z,11,2023,16,0.00,0.00,0.00,-0.18
7774,2023-11-20T22:00:00Z,11,2023,17,0.00,0.00,0.00,-1.54
7775,2023-11-20T23:00:00Z,11,2023,18,0.00,0.00,0.00,-2.04
7776,2023-11-21T00:00:00Z,11,2023,19,0.00,0.00,0.00,-2.74
7777,2023-11-21T01:00:00Z,11,2023,20,0.00,0.00,0.00,-3.46
7778,2023-11-21T02:00:00Z,11,2023,21,0.00,0.00,0.00,-3.68
7779,2023-11-21T03:00:00Z,11,2023,22,0.00,0.00,0.00,-3.77
7780,2023-11-21T04:00:00Z,11,2023,23,0.00,0.00,0.00,-3.51
7781,2023-11-21T05:00:00Z,11,2023,0,0.00,0.00,0.00,-3.66
7782,2023-11-21T06:00:00Z,11,2023,1,0.00,0.00,0.00,-3.89
7783,2023-11-21T07:00:00Z,11,2023,2,0.00,0.00,0.00,-3.93
7784,2023-11-21T08:00:00Z,11,2023,3,0.00,0.00,0.00,-3.81
7785,2023-11-21T09:00:00Z,11,2023,4,0.00,0.00,0.00,-3.93
7786,2023-11-21T10:00:00Z,11,2023,5,0.00,0.00,0.00,-4.22
7787,2023-11-21T11:00:00Z,11,2023,6,0.00,0.00,0.00,-4.29
7788,2023-11-21T12:00:00Z,11,2023,7,61.60,137.38,43.26,-3.26
7789,2023-11-21T13:00:00Z,11,2023,8,152.52,192.25,105.38,-0.60
7790,2023-11-21T14:00:00Z,11,2023,9,242.48,193.58,178.42,1.95
7791,2023-11-21T15:00:00Z,11,2023,10,298.20,161.24,230.78,3.81
7792,2023-11-21T16:00:00Z,11,2023,11,313.90,96.83,250.74,4.53
7793,2023-11-21T17:00:00Z,11,2023,12,282.17,15.72,243.40,4.87
7794,2023-11-21T18:00:00Z,11,2023,13,215.80,20.83,188.57,4.77
7795,2023-11-21T19:00:00Z,11,2023,14,140.60,64.25,117.13,4.04
7796,2023-11-21T20:00:00Z,11,2023,15,41.45,35.20,36.60,2.40
7797,2023-11-21T21:00:00Z,11,2023,16,0.00,0.00,0.00,1.64
7798,2023-11-21T22:00:00Z,11,2023,17,0.00,0.00,0.00,1.49
7799,2023-11-21T23:00:00Z,11,2023,18,0.00,0.00,0.00,1.62
7800,2023-11-22T00:00:00Z,11,2023,19,0.00,0.00,0.00,1.97
7801,2023-11-22T01:00:00Z,11,2023,20,0.00,0.00,0.00,1.59
7802,2023-11-22T02:00:00Z,11,2023,21,0.00,0.00,0.00,2.13
7803,2023-11-22T03:00:00Z,11,2023,22,0.00,0.00,0.00,2.13
7804,2023-11-22T04:00:00Z,11,2023,23,0.00,0.00,0.00,2.37
7805,2023-11-22T05:00:00Z,11,2023,0,0.00,0.00,0.00,2.54
7806,2023-11-22T06:00:00Z,11,2023,1,0.00,0.00,0.00,2.56
7807,2023-11-22T07:00:00Z,11,2023,2,0.00,0.00,0.00,2.57
7808,2023-11-22T08:00:00Z,11,2023,3,0.00,0.00,0.00,2.61
7809,2023-11-22T09:00:00Z,11,2023,4,0.00,0.00,0.00,2.89
7810,2023-11-22T10:00:00Z,11,2023,5,0.00,0.00,0.00,3.39
7811,2023-11-22T11:00:00Z,11,2023,6,0.00,0.00,0.00,4.20
7812,2023-11-22T12:00:00Z,11,2023,7,24.95,18.26,22.81,5.19
7813,2023-11-22T13:00:00Z,11,2023,8,79.30,37.22,66.88,6.25
7814,2023-11-22T14:00:00Z,11,2023,9,126.95,81.80,96.78,7.30
7815,2023-11-22T15:00:00Z,11,2023,10,159.88,136.34,111.61,8.17
7816,2023-11-22T16:00:00Z,11,2023,11,165.07,177.77,104.86,9.29
7817,2023-11-22T17:00:00Z,11,2023,12,156.68,184.99,91.60,9.53
7818,2023-11-22T18:00:00Z,11,2023,13,174.30,329.61,77.42,9.31
7819,2023-11-22T19:00:00Z,11,2023,14,134.55,322.35,55.69,8.59
7820,2023-11-22T20:00:00Z,11,2023,15,62.03,255.27,28.79,7.43
7821,2023-11-22T21:00:00Z,11,2023,16,0.00,0.00,0.00,5.91
7822,2023-11-22T22:00:00Z,11,2023,17,0.00,0.00,0.00,4.55
7823,2023-11-22T23:00:00Z,11,2023,18,0.00,0.00,0.00,3.74
7824,2023-11-23T00:00:00Z,11,2023,19,0.00,0.00,0.00,3.39
7825,2023-11-23T01:00:00Z,11,2023,20,0.00,0.00,0.00,3.20
7826,2023-11-23T02:00:00Z,11,2023,21,0.00,0.00,0.00,3.09
7827,2023-11-23T03:00:00Z,11,2023,22,0.00,0.00,0.00,2.93
7828,2023-11-23T04:00:00Z,11,2023,23,0.00,0.00,0.00,2.80
7829,2023-11-23T05:00:00Z,11,2023,0,0.00,0.00,0.00,2.82
7830,2023-11-23T06:00:00Z,11,2023,1,0.00,0.00,0.00,2.86
7831,2023-11-23T07:00:00Z,11,2023,2,0.00,0.00,0.00,2.93
7832,2023-11-23T08:00:00Z,11,2023,3,0.00,0.00,0.00,2.94
7833,2023-11-23T09:00:00Z,11,2023,4,0.00,0.00,0.00,2.87
7834,2023-11-23T10:00:00Z,11,2023,5,0.00,0.00,0.00,2.76
7835,2023-11-23T11:00:00Z,11,2023,6,0.00,0.00,0.00,2.59
7836,2023-11-23T12:00:00Z,11,2023,7,71.90,394.64,24.49,2.66
7837,2023-11-23T13:00:00Z,11,2023,8,214.60,705.08,42.16,3.59
7838,2023-11-23T14:00:00Z,11,2023,9,338.10,804.42,54.10,4.85
7839,2023-11-23T15:00:00Z,11,2023,10,420.17,850.05,58.93,6.01
7840,2023-11-23T16:00:00Z,11,2023,11,455.62,891.30,54.68,7.05
7841,2023-11-23T17:00:00Z,11,2023,12,429.45,856.02,60.20,7.81
7842,2023-11-23T18:00:00Z,11,2023,13,351.85,805.70,56.60,8.15
7843,2023-11-23T19:00:00Z,11,2023,14,224.10,688.66,48.40,8.00
7844,2023-11-23T20:00:00Z,11,2023,15,81.25,395.97,29.15,7.09
7845,2023-11-23T21:00:00Z,11,2023,16,0.00,0.00,0.00,5.21
7846,2023-11-23T22:00:00Z,11,2023,17,0.00,0.00,0.00,4.12
7847,2023-11-23T23:00:00Z,11,2023,18,0.00,0.00,0.00,3.00
7848,2023-11-24T00:00:00Z,11,2023,19,0.00,0.00,0.00,2.55
7849,2023-11-24T01:00:00Z,11,2023,20,0.00,0.00,0.00,2.35
7850,2023-11-24T02:00:00Z,11,2023,21,0.00,0.00,0.00,2.44
7851,2023-11-24T03:00:00Z,11,2023,22,0.00,0.00,0.00,2.77
7852,2023-11-24T04:00:00Z,11,2023,23,0.00,0.00,0.00,2.66
7853,2023-11-24T05:00:00Z,11,2023,0,0.00,0.00,0.00,2.41
7854,2023-11-24T06:00:00Z,11,2023,1,0.00,0.00,0.00,2.02
7855,2023-11-24T07:00:00Z,11,2023,2,0.00,0.00,0.00,1.54
7856,2023-11-24T08:00:00Z,11,2023,3,0.00,0.00,0.00,1.57
7857,2023-11-24T09:00:00Z,11,2023,4,0.00,0.00,0.00,1.59
7858,2023-11-24T10:00:00Z,11,2023,5,0.00,0.00,0.00,1.56
7859,2023-11-24T11:00:00Z,11,2023,6,0.00,0.00,0.00,1.57
7860,2023-11-24T12:00:00Z,11,2023,7,61.70,322.02,28.06,1.73
7861,2023-11-24T13:00:00Z,11,2023,8,203.98,680.30,51.50,3.18
7862,2023-11-24T14:00:00Z,11,2023,9,322.70,747.98,64.88,4.76
7863,2023-11-24T15:00:00Z,11,2023,10,415.95,863.24,63.86,5.72
7864,2023-11-24T16:00:00Z,11,2023,11,459.05,898.03,68.47,6.41
7865,2023-11-24T17:00:00Z,11,2023,12,422.52,859.40,63.46,6.81
7866,2023-11-24T18:00:00Z,11,2023,13,341.65,807.36,58.99,6.79
7867,2023-11-24T19:00:00Z,11,2023,14,219.10,661.13,51.59,6.25
7868,2023-11-24T20:00:00Z,11,2023,15,79.20,403.26,29.04,5.12
7869,2023-11-24T21:00:00Z,11,2023,16,0.00,0.00,0.00,3.42
7870,2023-11-24T22:00:00Z,11,2023,17,0.00,0.00,0.00,2.10
7871,2023-11-24T23:00:00Z,11,2023,18,0.00,0.00,0.00,0.99
7872,2023-11-25T00:00:00Z,11,2023,19,0.00,0.00,0.00,-0.08
7873,2023-11-25T01:00:00Z,11,2023,20,0.00,0.00,0.00,-1.02
7874,2023-11-25T02:00:00Z,11,2023,21,0.00,0.00,0.00,-1.96
7875,2023-11-25T03:00:00Z,11,2023,22,0.00,0.00,0.00,-2.78
7876,2023-11-25T04:00:00Z,11,2023,23,0.00,0.00,0.00,-3.34
7877,2023-11-25T05:00:00Z,11,2023,0,0.00,0.00,0.00,-3.83
7878,2023-11-25T06:00:00Z,11,2023,1,0.00,0.00,0.00,-4.54
7879,2023-11-25T07:00:00Z,11,2023,2,0.00,0.00,0.00,-4.97
7880,2023-11-25T08:00:00Z,11,2023,3,0.00,0.00,0.00,-5.01
7881,2023-11-25T09:00:00Z,11,2023,4,0.00,0.00,0.00,-4.98
7882,2023-11-25T10:00:00Z,11,2023,5,0.00,0.00,0.00,-5.00
7883,2023-11-25T11:00:00Z,11,2023,6,0.00,0.00,0.00,-5.10
7884,2023-11-25T12:00:00Z,11,2023,7,71.65,398.56,26.47,-4.46
7885,2023-11-25T13:00:00Z,11,2023,8,210.73,648.77,61.70,-2.74
7886,2023-11-25T14:00:00Z,11,2023,9,338.50,756.04,97.26,-1.28
7887,2023-11-25T15:00:00Z,11,2023,10,418.12,801.16,123.83,0.23
7888,2023-11-25T16:00:00Z,11,2023,11,440.20,784.62,154.09,1.50
7889,2023-11-25T17:00:00Z,11,2023,12,414.50,694.57,172.00,2.33
7890,2023-11-25T18:00:00Z,11,2023,13,339.50,609.28,165.11,2.76
7891,2023-11-25T19:00:00Z,11,2023,14,215.18,462.33,119.22,2.59
7892,2023-11-25T20:00:00Z,11,2023,15,75.85,182.43,51.01,0.93
7893,2023-11-25T21:00:00Z,11,2023,16,0.00,0.00,0.00,-1.17
7894,2023-11-25T22:00:00Z,11,2023,17,0.00,0.00,0.00,-2.21
7895,2023-11-25T23:00:00Z,11,2023,18,0.00,0.00,0.00,-2.55
7896,2023-11-26T00:00:00Z,11,2023,19,0.00,0.00,0.00,-2.53
7897,2023-11-26T01:00:00Z,11,2023,20,0.00,0.00,0.00,-2.26
7898,2023-11-26T02:00:00Z,11,2023,21,0.00,0.00,0.00,-1.98
7899,2023-11-26T03:00:00Z,11,2023,22,0.00,0.00,0.00,-2.23
7900,2023-11-26T04:00:00Z,11,2023,23,0.00,0.00,0.00,-2.45
7901,2023-11-26T05:00:00Z,11,2023,0,0.00,0.00,0.00,-1.78
7902,2023-11-26T06:00:00Z,11,2023,1,0.00,0.00,0.00,-1.75
7903,2023-11-26T07:00:00Z,11,2023,2,0.00,0.00,0.00,-2.26
7904,2023-11-26T08:00:00Z,11,2023,3,0.00,0.00,0.00,-2.40
7905,2023-11-26T09:00:00Z,11,2023,4,0.00,0.00,0.00,-2.07
7906,2023-11-26T10:00:00Z,11,2023,5,0.00,0.00,0.00,-1.96
7907,2023-11-26T11:00:00Z,11,2023,6,0.00,0.00,0.00,-2.55
7908,2023-11-26T12:00:00Z,11,2023,7,41.65,175.22,28.78,-1.72
7909,2023-11-26T13:00:00Z,11,2023,8,144.90,262.26,87.12,0.33
7910,2023-11-26T14:00:00Z,11,2023,9,244.40,300.64,159.80,2.79
7911,2023-11-26T15:00:00Z,11,2023,10,311.77,205.43,220.19,4.55
7912,2023-11-26T16:00:00Z,11,2023,11,322.55,163.82,240.06,5.33
7913,2023-11-26T17:00:00Z,11,2023,12,295.17,75.84,243.37,5.64
7914,2023-11-26T18:00:00Z,11,2023,13,218.82,87.00,177.32,5.54
7915,2023-11-26T19:00:00Z,11,2023,14,144.65,91.63,114.88,4.51
7916,2023-11-26T20:00:00Z,11,2023,15,46.42,52.72,38.83,3.07
7917,2023-11-26T21:00:00Z,11,2023,16,0.00,0.00,0.00,2.33
7918,2023-11-26T22:00:00Z,11,2023,17,0.00,0.00,0.00,2.39
7919,2023-11-26T23:00:00Z,11,2023,18,0.00,0.00,0.00,2.10
7920,2023-11-27T00:00:00Z,11,2023,19,0.00,0.00,0.00,3.20
7921,2023-11-27T01:00:00Z,11,2023,20,0.00,0.00,0.00,3.80
7922,2023-11-27T02:00:00Z,11,2023,21,0.00,0.00,0.00,3.98
7923,2023-11-27T03:00:00Z,11,2023,22,0.00,0.00,0.00,4.56
7924,2023-11-27T04:00:00Z,11,2023,23,0.00,0.00,0.00,5.89
7925,2023-11-27T05:00:00Z,11,2023,0,0.00,0.00,0.00,6.92
7926,2023-11-27T06:00:00Z,11,2023,1,0.00,0.00,0.00,7.92
7927,2023-11-27T07:00:00Z,11,2023,2,0.00,0.00,0.00,8.60
7928,2023-11-27T08:00:00Z,11,2023,3,0.00,0.00,0.00,9.16
7929,2023-11-27T09:00:00Z,11,2023,4,0.00,0.00,0.00,9.75
7930,2023-11-27T10:00:00Z,11,2023,5,0.00,0.00,0.00,9.81
7931,2023-11-27T11:00:00Z,11,2023,6,0.00,0.00,0.00,9.56
7932,2023-11-27T12:00:00Z,11,2023,7,42.47,115.54,32.28,8.79
7933,2023-11-27T13:00:00Z,11,2023,8,141.25,342.87,68.37,7.49
7934,2023-11-27T14:00:00Z,11,2023,9,230.38,437.98,98.17,6.73
7935,2023-11-27T15:00:00Z,11,2023,10,295.25,442.90,121.15,7.45
7936,2023-11-27T16:00:00Z,11,2023,11,318.48,536.53,110.70,8.30
7937,2023-11-27T17:00:00Z,11,2023,12,298.50,488.63,108.63,8.54
7938,2023-11-27T18:00:00Z,11,2023,13,240.10,415.92,97.72,8.49
7939,2023-11-27T19:00:00Z,11,2023,14,155.50,358.58,77.72,7.97
7940,2023-11-27T20:00:00Z,11,2023,15,56.33,162.52,38.75,6.83
7941,2023-11-27T21:00:00Z,11,2023,16,0.00,0.00,0.00,4.98
7942,2023-11-27T22:00:00Z,11,2023,17,0.00,0.00,0.00,3.73
7943,2023-11-27T23:00:00Z,11,2023,18,0.00,0.00,0.00,2.74
7944,2023-11-28T00:00:00Z,11,2023,19,0.00,0.00,0.00,1.44
7945,2023-11-28T01:00:00Z,11,2023,20,0.00,0.00,0.00,0.68
7946,2023-11-28T02:00:00Z,11,2023,21,0.00,0.00,0.00,0.15
7947,2023-11-28T03:00:00Z,11,2023,22,0.00,0.00,0.00,-0.22
7948,2023-11-28T04:00:00Z,11,2023,23,0.00,0.00,0.00,-0.71
7949,2023-11-28T05:00:00Z,11,2023,0,0.00,0.00,0.00,-1.11
7950,2023-11-28T06:00:00Z,11,2023,1,0.00,0.00,0.00,-1.38
7951,2023-11-28T07:00:00Z,11,2023,2,0.00,0.00,0.00,-1.25
7952,2023-11-28T08:00:00Z,11,2023,3,0.00,0.00,0.00,-1.25
7953,2023-11-28T09:00:00Z,11,2023,4,0.00,0.00,0.00,-0.97
7954,2023-11-28T10:00:00Z,11,2023,5,0.00,0.00,0.00,-1.14
7955,2023-11-28T11:00:00Z,11,2023,6,0.00,0.00,0.00,-1.39
7956,2023-11-28T12:00:00Z,11,2023,7,40.72,111.70,33.64,-1.29
7957,2023-11-28T13:00:00Z,11,2023,8,158.57,244.81,104.70,0.19
7958,2023-11-28T14:00:00Z,11,2023,9,268.83,479.10,124.73,1.33
7959,2023-11-28T15:00:00Z,11,2023,10,353.35,569.30,141.11,1.98
7960,2023-11-28T16:00:00Z,11,2023,11,385.38,628.18,130.70,2.47
7961,2023-11-28T17:00:00Z,11,2023,12,362.70,686.93,94.81,2.66
7962,2023-11-28T18:00:00Z,11,2023,13,229.00,538.03,79.30,2.54
7963,2023-11-28T19:00:00Z,11,2023,14,162.32,503.87,52.33,2.09
7964,2023-11-28T20:00:00Z,11,2023,15,65.68,304.72,28.41,1.23
7965,2023-11-28T21:00:00Z,11,2023,16,0.00,0.00,0.00,0.17
7966,2023-11-28T22:00:00Z,11,2023,17,0.00,0.00,0.00,-0.46
7967,2023-11-28T23:00:00Z,11,2023,18,0.00,0.00,0.00,-0.89
7968,2023-11-29T00:00:00Z,11,2023,19,0.00,0.00,0.00,-1.15
7969,2023-11-29T01:00:00Z,11,2023,20,0.00,0.00,0.00,-1.36
7970,2023-11-29T02:00:00Z,11,2023,21,0.00,0.00,0.00,-1.73
7971,2023-11-29T03:00:00Z,11,2023,22,0.00,0.00,0.00,-2.13
7972,2023-11-29T04:00:00Z,11,2023,23,0.00,0.00,0.00,-2.48
7973,2023-11-29T05:00:00Z,11,2023,0,0.00,0.00,0.00,-2.73
7974,2023-11-29T06:00:00Z,11,2023,1,0.00,0.00,0.00,-2.94
7975,2023-11-29T07:00:00Z,11,2023,2,0.00,0.00,0.00,-3.16
7976,2023-11-29T08:00:00Z,11,2023,3,0.00,0.00,0.00,-3.37
7977,2023-11-29T09:00:00Z,11,2023,4,0.00,0.00,0.00,-3.59
7978,2023-11-29T10:00:00Z,11,2023,5,0.00,0.00,0.00,-3.80
7979,2023-11-29T11:00:00Z,11,2023,6,0.00,0.00,0.00,-4.04
7980,2023-11-29T12:00:00Z,11,2023,7,54.60,336.34,26.47,-3.94
7981,2023-11-29T13:00:00Z,11,2023,8,169.95,447.90,71.61,-2.46
7982,2023-11-29T14:00:00Z,11,2023,9,258.35,457.90,127.77,-0.65
7983,2023-11-29T15:00:00Z,11,2023,10,315.17,311.67,202.99,0.78
7984,2023-11-29T16:00:00Z,11,2023,11,329.77,148.75,249.49,1.55
7985,2023-11-29T17:00:00Z,11,2023,12,345.45,348.94,213.47,1.76
7986,2023-11-29T18:00:00Z,11,2023,13,290.50,483.52,133.39,1.78
7987,2023-11-29T19:00:00Z,11,2023,14,187.52,387.73,86.58,1.42
7988,2023-11-29T20:00:00Z,11,2023,15,65.57,246.22,39.87,0.55
7989,2023-11-29T21:00:00Z,11,2023,16,0.00,0.00,0.00,-1.58
7990,2023-11-29T22:00:00Z,11,2023,17,0.00,0.00,0.00,-2.27
7991,2023-11-29T23:00:00Z,11,2023,18,0.00,0.00,0.00,-2.45
7992,2023-11-30T00:00:00Z,11,2023,19,0.00,0.00,0.00,-2.70
7993,2023-11-30T01:00:00Z,11,2023,20,0.00,0.00,0.00,-2.93
7994,2023-11-30T02:00:00Z,11,2023,21,0.00,0.00,0.00,-3.13
7995,2023-11-30T03:00:00Z,11,2023,22,0.00,0.00,0.00,-3.23
7996,2023-11-30T04:00:00Z,11,2023,23,0.00,0.00,0.00,-3.17
7997,2023-11-30T05:00:00Z,11,2023,0,0.00,0.00,0.00,-3.16
7998,2023-11-30T06:00:00Z,11,2023,1,0.00,0.00,0.00,-3.13
7999,2023-11-30T07:00:00Z,11,2023,2,0.00,0.00,0.00,-3.11
8000,2023-11-30T08:00:00Z,11,2023,3,0.00,0.00,0.00,-3.08
8001,2023-11-30T09:00:00Z,11,2023,4,0.00,0.00,0.00,-3.17
8002,2023-11-30T10:00:00Z,11,2023,5,0.00,0.00,0.00,-3.30
8003,2023-11-30T11:00:00Z,11,2023,6,0.00,0.00,0.00,-3.29
8004,2023-11-30T12:00:00Z,11,2023,7,47.90,270.20,23.64,-2.77
8005,2023-11-30T13:00:00Z,11,2023,8,194.68,648.73,48.16,-0.81
8006,2023-11-30T14:00:00Z,11,2023,9,315.73,732.74,69.10,1.79
8007,2023-11-30T15:00:00Z,11,2023,10,404.58,849.96,68.06,4.07
8008,2023-11-30T16:00:00Z,11,2023,11,440.67,871.66,67.55,5.56
8009,2023-11-30T17:00:00Z,11,2023,12,413.67,821.93,76.00,6.40
8010,2023-11-30T18:00:00Z,11,2023,13,332.98,754.21,74.46,6.70
8011,2023-11-30T19:00:00Z,11,2023,14,210.50,614.56,71.48,6.26
8012,2023-11-30T20:00:00Z,11,2023,15,69.03,234.59,44.42,4.18
8013,2023-11-30T21:00:00Z,11,2023,16,0.00,0.00,0.00,1.04
8014,2023-11-30T22:00:00Z,11,2023,17,0.00,0.00,0.00,1.09
8015,2023-11-30T23:00:00Z,11,2023,18,0.00,0.00,0.00,1.61
8016,2023-12-01T00:00:00Z,12,2023,19,0.00,0.00,0.00,1.84
8017,2023-12-01T01:00:00Z,12,2023,20,0.00,0.00,0.00,1.88
8018,2023-12-01T02:00:00Z,12,2023,21,0.00,0.00,0.00,2.04
8019,2023-12-01T03:00:00Z,12,2023,22,0.00,0.00,0.00,2.29
8020,2023-12-01T04:00:00Z,12,2023,23,0.00,0.00,0.00,2.54
8021,2023-12-01T05:00:00Z,12,2023,0,0.00,0.00,0.00,2.76
8022,2023-12-01T06:00:00Z,12,2023,1,0.00,0.00,0.00,2.73
8023,2023-12-01T07:00:00Z,12,2023,2,0.00,0.00,0.00,2.85
8024,2023-12-01T08:00:00Z,12,2023,3,0.00,0.00,0.00,2.85
8025,2023-12-01T09:00:00Z,12,2023,4,0.00,0.00,0.00,2.56
8026,2023-12-01T10:00:00Z,12,2023,5,0.00,0.00,0.00,2.61
8027,2023-12-01T11:00:00Z,12,2023,6,0.00,0.00,0.00,2.45
8028,2023-12-01T12:00:00Z,12,2023,7,39.90,179.46,26.25,2.60
8029,2023-12-01T13:00:00Z,12,2023,8,139.30,403.77,55.79,3.70
8030,2023-12-01T14:00:00Z,12,2023,9,201.65,355.45,86.48,5.72
8031,2023-12-01T15:00:00Z,12,2023,10,235.52,286.09,130.70,7.89
8032,2023-12-01T16:00:00Z,12,2023,11,226.30,150.46,165.53,9.29
8033,2023-12-01T17:00:00Z,12,2023,12,204.68,3.00,176.20,9.57
8034,2023-12-01T18:00:00Z,12,2023,13,156.27,25.75,131.42,9.21
8035,2023-12-01T19:00:00Z,12,2023,14,107.72,21.24,92.31,8.07
8036,2023-12-01T20:00:00Z,12,2023,15,30.33,5.58,28.24,7.41
8037,2023-12-01T21:00:00Z,12,2023,16,0.00,0.00,0.00,7.44
8038,2023-12-01T22:00:00Z,12,2023,17,0.00,0.00,0.00,6.91
8039,2023-12-01T23:00:00Z,12,2023,18,0.00,0.00,0.00,5.95
8040,2023-12-02T00:00:00Z,12,2023,19,0.00,0.00,0.00,5.52
8041,2023-12-02T01:00:00Z,12,2023,20,0.00,0.00,0.00,5.44
8042,2023-12-02T02:00:00Z,12,2023,21,0.00,0.00,0.00,5.75
8043,2023-12-02T03:00:00Z,12,2023,22,0.00,0.00,0.00,6.24
8044,2023-12-02T04:00:00Z,12,2023,23,0.00,0.00,0.00,6.31
8045,2023-12-02T05:00:00Z,12,2023,0,0.00,0.00,0.00,6.14
8046,2023-12-02T06:00:00Z,12,2023,1,0.00,0.00,0.00,5.79
8047,2023-12-02T07:00:00Z,12,2023,2,0.00,0.00,0.00,5.53
8048,2023-12-02T08:00:00Z,12,2023,3,0.00,0.00,0.00,5.59
8049,2023-12-02T09:00:00Z,12,2023,4,0.00,0.00,0.00,5.71
8050,2023-12-02T10:00:00Z,12,2023,5,0.00,0.00,0.00,5.53
8051,2023-12-02T11:00:00Z,12,2023,6,0.00,0.00,0.00,5.30
8052,2023-12-02T12:00:00Z,12,2023,7,15.82,32.73,15.46,5.49
8053,2023-12-02T13:00:00Z,12,2023,8,64.57,137.28,49.15,6.53
8054,2023-12-02T14:00:00Z,12,2023,9,117.88,196.09,85.71,7.25
8055,2023-12-02T15:00:00Z,12,2023,10,148.05,176.74,97.27,8.19
8056,2023-12-02T16:00:00Z,12,2023,11,156.48,183.22,101.38,9.44
8057,2023-12-02T17:00:00Z,12,2023,12,114.20,12.46,96.99,10.78
8058,2023-12-02T18:00:00Z,12,2023,13,119.70,260.67,70.77,11.43
8059,2023-12-02T19:00:00Z,12,2023,14,72.72,137.77,52.16,11.26
8060,2023-12-02T20:00:00Z,12,2023,15,24.45,53.57,20.91,9.50
8061,2023-12-02T21:00:00Z,12,2023,16,0.00,0.00,0.00,6.58
8062,2023-12-02T22:00:00Z,12,2023,17,0.00,0.00,0.00,5.77
8063,2023-12-02T23:00:00Z,12,2023,18,0.00,0.00,0.00,5.18
8064,2023-12-03T00:00:00Z,12,2023,19,0.00,0.00,0.00,4.81
8065,2023-12-03T01:00:00Z,12,2023,20,0.00,0.00,0.00,4.68
8066,2023-12-03T02:00:00Z,12,2023,21,0.00,0.00,0.00,4.54
8067,2023-12-03T03:00:00Z,12,2023,22,0.00,0.00,0.00,4.54
8068,2023-12-03T04:00:00Z,12,2023,23,0.00,0.00,0.00,4.65
8069,2023-12-03T05:00:00Z,12,2023,0,0.00,0.00,0.00,4.75
8070,2023-12-03T06:00:00Z,12,2023,1,0.00,0.00,0.00,4.88
8071,2023-12-03T07:00:00Z,12,2023,2,0.00,0.00,0.00,5.18
8072,2023-12-03T08:00:00Z,12,2023,3,0.00,0.00,0.00,5.42
8073,2023-12-03T09:00:00Z,12,2023,4,0.00,0.00,0.00,5.72
8074,2023-12-03T10:00:00Z,12,2023,5,0.00,0.00,0.00,5.87
8075,2023-12-03T11:00:00Z,12,2023,6,0.00,0.00,0.00,5.88
8076,2023-12-03T12:00:00Z,12,2023,7,8.40,1.63,8.30,5.77
8077,2023-12-03T13:00:00Z,12,2023,8,36.65,9.77,31.86,5.83
8078,2023-12-03T14:00:00Z,12,2023,9,59.22,17.66,50.24,6.18
8079,2023-12-03T15:00:00Z,12,2023,10,75.43,27.90,62.12,6.52
8080,2023-12-03T16:00:00Z,12,2023,11,79.57,29.98,63.76,6.52
8081,2023-12-03T17:00:00Z,12,2023,12,77.28,39.97,59.94,6.46
8082,2023-12-03T18:00:00Z,12,2023,13,63.42,37.22,50.87,6.28
8083,2023-12-03T19:00:00Z,12,2023,14,38.47,32.39,31.57,5.97
8084,2023-12-03T20:00:00Z,12,2023,15,14.25,10.21,12.64,5.53
8085,2023-12-03T21:00:00Z,12,2023,16,0.00,0.00,0.00,5.14
8086,2023-12-03T22:00:00Z,12,2023,17,0.00,0.00,0.00,5.13
8087,2023-12-03T23:00:00Z,12,2023,18,0.00,0.00,0.00,5.52
8088,2023-12-04T00:00:00Z,12,2023,19,0.00,0.00,0.00,5.98
8089,2023-12-04T01:00:00Z,12,2023,20,0.00,0.00,0.00,6.21
8090,2023-12-04T02:00:00Z,12,2023,21,0.00,0.00,0.00,6.20
8091,2023-12-04T03:00:00Z,12,2023,22,0.00,0.00,0.00,6.15
8092,2023-12-04T04:00:00Z,12,2023,23,0.00,0.00,0.00,5.97
8093,2023-12-04T05:00:00Z,12,2023,0,0.00,0.00,0.00,6.01
8094,2023-12-04T06:00:00Z,12,2023,1,0.00,0.00,0.00,5.70
8095,2023-12-04T07:00:00Z,12,2023,2,0.00,0.00,0.00,5.40
8096,2023-12-04T08:00:00Z,12,2023,3,0.00,0.00,0.00,5.24
8097,2023-12-04T09:00:00Z,12,2023,4,0.00,0.00,0.00,5.04
8098,2023-12-04T10:00:00Z,12,2023,5,0.00,0.00,0.00,4.71
8099,2023-12-04T11:00:00Z,12,2023,6,0.00,0.00,0.00,4.34
8100,2023-12-04T12:00:00Z,12,2023,7,20.27,58.56,18.70,4.01
8101,2023-12-04T13:00:00Z,12,2023,8,105.65,216.36,59.48,3.92
8102,2023-12-04T14:00:00Z,12,2023,9,181.05,326.93,90.19,4.15
8103,2023-12-04T15:00:00Z,12,2023,10,250.43,425.46,113.05,4.58
8104,2023-12-04T16:00:00Z,12,2023,11,285.88,485.72,99.53,5.33
8105,2023-12-04T17:00:00Z,12,2023,12,240.43,384.15,93.88,6.42
8106,2023-12-04T18:00:00Z,12,2023,13,168.60,356.21,79.63,7.17
8107,2023-12-04T19:00:00Z,12,2023,14,115.53,182.34,76.45,7.37
8108,2023-12-04T20:00:00Z,12,2023,15,37.53,72.43,32.53,6.25
8109,2023-12-04T21:00:00Z,12,2023,16,0.00,0.00,0.00,3.85
8110,2023-12-04T22:00:00Z,12,2023,17,0.00,0.00,0.00,3.24
8111,2023-12-04T23:00:00Z,12,2023,18,0.00,0.00,0.00,2.92
8112,2023-12-05T00:00:00Z,12,2023,19,0.00,0.00,0.00,2.82
8113,2023-12-05T01:00:00Z,12,2023,20,0.00,0.00,0.00,2.99
8114,2023-12-05T02:00:00Z,12,2023,21,0.00,0.00,0.00,2.61
8115,2023-12-05T03:00:00Z,12,2023,22,0.00,0.00,0.00,2.19
8116,2023-12-05T04:00:00Z,12,2023,23,0.00,0.00,0.00,2.20
8117,2023-12-05T05:00:00Z,12,2023,0,0.00,0.00,0.00,1.95
8118,2023-12-05T06:00:00Z,12,2023,1,0.00,0.00,0.00,1.23
8119,2023-12-05T07:00:00Z,12,2023,2,0.00,0.00,0.00,0.46
8120,2023-12-05T08:00:00Z,12,2023,3,0.00,0.00,0.00,-0.16
8121,2023-12-05T09:00:00Z,12,2023,4,0.00,0.00,0.00,-0.54
8122,2023-12-05T10:00:00Z,12,2023,5,0.00,0.00,0.00,-1.02
8123,2023-12-05T11:00:00Z,12,2023,6,0.00,0.00,0.00,-1.45
8124,2023-12-05T12:00:00Z,12,2023,7,27.85,108.39,23.25,-1.58
8125,2023-12-05T13:00:00Z,12,2023,8,102.45,232.08,60.90,-0.40
8126,2023-12-05T14:00:00Z,12,2023,9,155.60,213.83,94.97,0.94
8127,2023-12-05T15:00:00Z,12,2023,10,192.12,189.29,127.80,2.06
8128,2023-12-05T16:00:00Z,12,2023,11,195.52,97.52,152.28,2.76
8129,2023-12-05T17:00:00Z,12,2023,12,169.62,100.91,129.48,3.05
8130,2023-12-05T18:00:00Z,12,2023,13,126.25,37.37,106.15,2.90
8131,2023-12-05T19:00:00Z,12,2023,14,83.20,94.12,64.86,2.52
8132,2023-12-05T20:00:00Z,12,2023,15,26.80,31.12,23.53,1.77
8133,2023-12-05T21:00:00Z,12,2023,16,0.00,0.00,0.00,0.42
8134,2023-12-05T22:00:00Z,12,2023,17,0.00,0.00,0.00,0.07
8135,2023-12-05T23:00:00Z,12,2023,18,0.00,0.00,0.00,0.02
8136,2023-12-06T00:00:00Z,12,2023,19,0.00,0.00,0.00,-0.17
8137,2023-12-06T01:00:00Z,12,2023,20,0.00,0.00,0.00,-0.37
8138,2023-12-06T02:00:00Z,12,2023,21,0.00,0.00,0.00,-0.52
8139,2023-12-06T03:00:00Z,12,2023,22,0.00,0.00,0.00,-0.68
8140,2023-12-06T04:00:00Z,12,2023,23,0.00,0.00,0.00,-0.93
8141,2023-12-06T05:00:00Z,12,2023,0,0.00,0.00,0.00,-1.15
8142,2023-12-06T06:00:00Z,12,2023,1,0.00,0.00,0.00,-1.40
8143,2023-12-06T07:00:00Z,12,2023,2,0.00,0.00,0.00,-1.79
8144,2023-12-06T08:00:00Z,12,2023,3,0.00,0.00,0.00,-2.24
8145,2023-12-06T09:00:00Z,12,2023,4,0.00,0.00,0.00,-2.67
8146,2023-12-06T10:00:00Z,12,2023,5,0.00,0.00,0.00,-3.05
8147,2023-12-06T11:00:00Z,12,2023,6,0.00,0.00,0.00,-3.15
8148,2023-12-06T12:00:00Z,12,2023,7,22.85,56.61,23.07,-2.95
8149,2023-12-06T13:00:00Z,12,2023,8,111.00,168.75,77.89,-2.26
8150,2023-12-06T14:00:00Z,12,2023,9,189.25,235.66,124.36,-1.48
8151,2023-12-06T15:00:00Z,12,2023,10,249.35,316.04,139.85,-0.73
8152,2023-12-06T16:00:00Z,12,2023,11,269.17,394.90,132.28,-0.11
8153,2023-12-06T17:00:00Z,12,2023,12,245.23,403.79,92.95,0.46
8154,2023-12-06T18:00:00Z,12,2023,13,221.60,477.38,72.85,0.84
8155,2023-12-06T19:00:00Z,12,2023,14,159.65,508.79,54.63,0.74
8156,2023-12-06T20:00:00Z,12,2023,15,59.97,289.76,27.59,-0.10
8157,2023-12-06T21:00:00Z,12,2023,16,0.00,0.00,0.00,-2.53
8158,2023-12-06T22:00:00Z,12,2023,17,0.00,0.00,0.00,-3.19
8159,2023-12-06T23:00:00Z,12,2023,18,0.00,0.00,0.00,-3.19
8160,2023-12-07T00:00:00Z,12,2023,19,0.00,0.00,0.00,-3.34
8161,2023-12-07T01:00:00Z,12,2023,20,0.00,0.00,0.00,-3.80
8162,2023-12-07T02:00:00Z,12,2023,21,0.00,0.00,0.00,-4.17
8163,2023-12-07T03:00:00Z,12,2023,22,0.00,0.00,0.00,-4.53
8164,2023-12-07T04:00:00Z,12,2023,23,0.00,0.00,0.00,-4.85
8165,2023-12-07T05:00:00Z,12,2023,0,0.00,0.00,0.00,-5.15
8166,2023-12-07T06:00:00Z,12,2023,1,0.00,0.00,0.00,-5.32
8167,2023-12-07T07:00:00Z,12,2023,2,0.00,0.00,0.00,-5.46
8168,2023-12-07T08:00:00Z,12,2023,3,0.00,0.00,0.00,-5.66
8169,2023-12-07T09:00:00Z,12,2023,4,0.00,0.00,0.00,-5.83
8170,2023-12-07T10:00:00Z,12,2023,5,0.00,0.00,0.00,-6.11
8171,2023-12-07T11:00:00Z,12,2023,6,0.00,0.00,0.00,-6.08
8172,2023-12-07T12:00:00Z,12,2023,7,30.98,135.75,27.44,-5.76
8173,2023-12-07T13:00:00Z,12,2023,8,129.73,242.39,81.36,-4.78
8174,2023-12-07T14:00:00Z,12,2023,9,206.25,350.97,117.05,-3.67
8175,2023-12-07T15:00:00Z,12,2023,10,259.95,359.71,151.67,-2.54
8176,2023-12-07T16:00:00Z,12,2023,11,262.35,293.62,159.48,-1.60
8177,2023-12-07T17:00:00Z,12,2023,12,238.45,234.06,153.87,-0.89
8178,2023-12-07T18:00:00Z,12,2023,13,200.35,175.29,146.68,-0.21
8179,2023-12-07T19:00:00Z,12,2023,14,126.40,81.29,100.95,0.00
8180,2023-12-07T20:00:00Z,12,2023,15,39.00,27.73,37.07,-0.82
8181,2023-12-07T21:00:00Z,12,2023,16,0.00,0.00,0.00,-2.99
8182,2023-12-07T22:00:00Z,12,2023,17,0.00,0.00,0.00,-3.27
8183,2023-12-07T23:00:00Z,12,2023,18,0.00,0.00,0.00,-3.19
8184,2023-12-08T00:00:00Z,12,2023,19,0.00,0.00,0.00,-3.16
8185,2023-12-08T01:00:00Z,12,2023,20,0.00,0.00,0.00,-3.19
8186,2023-12-08T02:00:00Z,12,2023,21,0.00,0.00,0.00,-3.30
8187,2023-12-08T03:00:00Z,12,2023,22,0.00,0.00,0.00,-3.49
8188,2023-12-08T04:00:00Z,12,2023,23,0.00,0.00,0.00,-3.70
8189,2023-12-08T05:00:00Z,12,2023,0,0.00,0.00,0.00,-3.95
8190,2023-12-08T06:00:00Z,12,2023,1,0.00,0.00,0.00,-4.10
8191,2023-12-08T07:00:00Z,12,2023,2,0.00,0.00,0.00,-4.22
8192,2023-12-08T08:00:00Z,12,2023,3,0.00,0.00,0.00,-4.31
8193,2023-12-08T09:00:00Z,12,2023,4,0.00,0.00,0.00,-4.41
8194,2023-12-08T10:00:00Z,12,2023,5,0.00,0.00,0.00,-4.75
8195,2023-12-08T11:00:00Z,12,2023,6,0.00,0.00,0.00,-4.90
8196,2023-12-08T12:00:00Z,12,2023,7,32.90,177.34,21.70,-4.52
8197,2023-12-08T13:00:00Z,12,2023,8,167.85,601.55,54.05,-2.30
8198,2023-12-08T14:00:00Z,12,2023,9,286.58,722.68,73.37,0.15
8199,2023-12-08T15:00:00Z,12,2023,10,368.85,760.19,89.84,2.69
8200,2023-12-08T16:00:00Z,12,2023,11,400.65,786.85,96.76,4.22
8201,2023-12-08T17:00:00Z,12,2023,12,377.12,758.42,105.86,4.93
8202,2023-12-08T18:00:00Z,12,2023,13,309.20,685.58,87.43,5.16
8203,2023-12-08T19:00:00Z,12,2023,14,193.10,599.83,61.17,4.75
8204,2023-12-08T20:00:00Z,12,2023,15,61.10,256.64,36.35,3.30
8205,2023-12-08T21:00:00Z,12,2023,16,0.00,0.00,0.00,1.35
8206,2023-12-08T22:00:00Z,12,2023,17,0.00,0.00,0.00,0.22
8207,2023-12-08T23:00:00Z,12,2023,18,0.00,0.00,0.00,-0.19
8208,2023-12-09T00:00:00Z,12,2023,19,0.00,0.00,0.00,-0.43
8209,2023-12-09T01:00:00Z,12,2023,20,0.00,0.00,0.00,-0.56
8210,2023-12-09T02:00:00Z,12,2023,21,0.00,0.00,0.00,-0.46
8211,2023-12-09T03:00:00Z,12,2023,22,0.00,0.00,0.00,-0.19
8212,2023-12-09T04:00:00Z,12,2023,23,0.00,0.00,0.00,0.36
8213,2023-12-09T05:00:00Z,12,2023,0,0.00,0.00,0.00,0.62
8214,2023-12-09T06:00:00Z,12,2023,1,0.00,0.00,0.00,0.73
8215,2023-12-09T07:00:00Z,12,2023,2,0.00,0.00,0.00,0.71
8216,2023-12-09T08:00:00Z,12,2023,3,0.00,0.00,0.00,0.71
8217,2023-12-09T09:00:00Z,12,2023,4,0.00,0.00,0.00,0.81
8218,2023-12-09T10:00:00Z,12,2023,5,0.00,0.00,0.00,0.94
8219,2023-12-09T11:00:00Z,12,2023,6,0.00,0.00,0.00,1.13
8220,2023-12-09T12:00:00Z,12,2023,7,21.98,57.19,22.99,1.39
8221,2023-12-09T13:00:00Z,12,2023,8,120.25,183.72,88.03,2.24
8222,2023-12-09T14:00:00Z,12,2023,9,218.55,267.71,152.16,3.47
8223,2023-12-09T15:00:00Z,12,2023,10,294.62,323.61,207.19,4.94
8224,2023-12-09T16:00:00Z,12,2023,11,318.12,260.81,238.59,6.34
8225,2023-12-09T17:00:00Z,12,2023,12,239.70,64.03,200.94,7.34
8226,2023-12-09T18:00:00Z,12,2023,13,155.55,45.46,129.85,7.00
8227,2023-12-09T19:00:00Z,12,2023,14,100.25,40.56,83.94,5.50
8228,2023-12-09T20:00:00Z,12,2023,15,32.53,5.30,30.16,4.77
8229,2023-12-09T21:00:00Z,12,2023,16,0.00,0.00,0.00,4.39
8230,2023-12-09T22:00:00Z,12,2023,17,0.00,0.00,0.00,3.94
8231,2023-12-09T23:00:00Z,12,2023,18,0.00,0.00,0.00,3.75
8232,2023-12-10T00:00:00Z,12,2023,19,0.00,0.00,0.00,3.90
8233,2023-12-10T01:00:00Z,12,2023,20,0.00,0.00,0.00,3.75
8234,2023-12-10T02:00:00Z,12,2023,21,0.00,0.00,0.00,3.84
8235,2023-12-10T03:00:00Z,12,2023,22,0.00,0.00,0.00,3.88
8236,2023-12-10T04:00:00Z,12,2023,23,0.00,0.00,0.00,3.86
8237,2023-12-10T05:00:00Z,12,2023,0,0.00,0.00,0.00,3.70
8238,2023-12-10T06:00:00Z,12,2023,1,0.00,0.00,0.00,3.39
8239,2023-12-10T07:00:00Z,12,2023,2,0.00,0.00,0.00,3.20
8240,2023-12-10T08:00:00Z,12,2023,3,0.00,0.00,0.00,3.26
8241,2023-12-10T09:00:00Z,12,2023,4,0.00,0.00,0.00,3.44
8242,2023-12-10T10:00:00Z,12,2023,5,0.00,0.00,0.00,3.59
8243,2023-12-10T11:00:00Z,12,2023,6,0.00,0.00,0.00,3.83
8244,2023-12-10T12:00:00Z,12,2023,7,21.67,11.69,23.66,4.40
8245,2023-12-10T13:00:00Z,12,2023,8,98.32,35.21,84.43,5.57
8246,2023-12-10T14:00:00Z,12,2023,9,165.30,32.12,141.39,7.14
8247,2023-12-10T15:00:00Z,12,2023,10,209.73,46.56,178.72,9.16
8248,2023-12-10T16:00:00Z,12,2023,11,217.32,24.68,184.14,10.73
8249,2023-12-10T17:00:00Z,12,2023,12,173.32,13.08,149.38,11.62
8250,2023-12-10T18:00:00Z,12,2023,13,64.18,0.00,54.84,12.13
8251,2023-12-10T19:00:00Z,12,2023,14,56.92,0.00,49.92,12.15
8252,2023-12-10T20:00:00Z,12,2023,15,17.40,0.00,16.18,11.83
8253,2023-12-10T21:00:00Z,12,2023,16,0.00,0.00,0.00,11.20
8254,2023-12-10T22:00:00Z,12,2023,17,0.00,0.00,0.00,12.10
8255,2023-12-10T23:00:00Z,12,2023,18,0.00,0.00,0.00,13.14
8256,2023-12-11T00:00:00Z,12,2023,19,0.00,0.00,0.00,13.59
8257,2023-12-11T01:00:00Z,12,2023,20,0.00,0.00,0.00,13.79
8258,2023-12-11T02:00:00Z,12,2023,21,0.00,0.00,0.00,13.96
8259,2023-12-11T03:00:00Z,12,2023,22,0.00,0.00,0.00,14.14
8260,2023-12-11T04:00:00Z,12,2023,23,0.00,0.00,0.00,14.50
8261,2023-12-11T05:00:00Z,12,2023,0,0.00,0.00,0.00,14.82
8262,2023-12-11T06:00:00Z,12,2023,1,0.00,0.00,0.00,14.05
8263,2023-12-11T07:00:00Z,12,2023,2,0.00,0.00,0.00,12.54
8264,2023-12-11T08:00:00Z,12,2023,3,0.00,0.00,0.00,11.24
8265,2023-12-11T09:00:00Z,12,2023,4,0.00,0.00,0.00,11.13
8266,2023-12-11T10:00:00Z,12,2023,5,0.00,0.00,0.00,11.57
8267,2023-12-11T11:00:00Z,12,2023,6,0.00,0.00,0.00,11.29
8268,2023-12-11T12:00:00Z,12,2023,7,12.52,19.12,14.45,8.36
8269,2023-12-11T13:00:00Z,12,2023,8,89.47,78.70,68.77,4.96
8270,2023-12-11T14:00:00Z,12,2023,9,159.12,124.74,117.81,2.66
8271,2023-12-11T15:00:00Z,12,2023,10,214.95,157.60,153.48,2.87
8272,2023-12-11T16:00:00Z,12,2023,11,229.75,178.56,157.88,4.57
8273,2023-12-11T17:00:00Z,12,2023,12,217.45,268.48,132.37,5.87
8274,2023-12-11T18:00:00Z,12,2023,13,168.15,343.91,76.56,6.28
8275,2023-12-11T19:00:00Z,12,2023,14,126.88,345.17,61.20,5.98
8276,2023-12-11T20:00:00Z,12,2023,15,47.05,185.09,29.79,5.08
8277,2023-12-11T21:00:00Z,12,2023,16,0.00,0.00,0.00,3.91
8278,2023-12-11T22:00:00Z,12,2023,17,0.00,0.00,0.00,3.26
8279,2023-12-11T23:00:00Z,12,2023,18,0.00,0.00,0.00,2.86
8280,2023-12-12T00:00:00Z,12,2023,19,0.00,0.00,0.00,2.48
8281,2023-12-12T01:00:00Z,12,2023,20,0.00,0.00,0.00,2.06
8282,2023-12-12T02:00:00Z,12,2023,21,0.00,0.00,0.00,1.60
8283,2023-12-12T03:00:00Z,12,2023,22,0.00,0.00,0.00,1.15
8284,2023-12-12T04:00:00Z,12,2023,23,0.00,0.00,0.00,0.75
8285,2023-12-12T05:00:00Z,12,2023,0,0.00,0.00,0.00,0.35
8286,2023-12-12T06:00:00Z,12,2023,1,0.00,0.00,0.00,-0.08
8287,2023-12-12T07:00:00Z,12,2023,2,0.00,0.00,0.00,-0.50
8288,2023-12-12T08:00:00Z,12,2023,3,0.00,0.00,0.00,-0.92
8289,2023-12-12T09:00:00Z,12,2023,4,0.00,0.00,0.00,-1.41
8290,2023-12-12T10:00:00Z,12,2023,5,0.00,0.00,0.00,-2.58
8291,2023-12-12T11:00:00Z,12,2023,6,0.00,0.00,0.00,-3.32
8292,2023-12-12T12:00:00Z,12,2023,7,29.10,255.94,17.53,-2.90
8293,2023-12-12T13:00:00Z,12,2023,8,161.32,585.10,50.36,-0.35
8294,2023-12-12T14:00:00Z,12,2023,9,282.42,725.76,77.93,2.10
8295,2023-12-12T15:00:00Z,12,2023,10,369.88,741.06,96.25,3.57
8296,2023-12-12T16:00:00Z,12,2023,11,404.23,752.99,101.21,4.34
8297,2023-12-12T17:00:00Z,12,2023,12,386.40,768.70,95.50,4.79
8298,2023-12-12T18:00:00Z,12,2023,13,314.38,746.83,79.93,4.89
8299,2023-12-12T19:00:00Z,12,2023,14,203.70,661.99,55.51,4.57
8300,2023-12-12T20:00:00Z,12,2023,15,67.60,372.74,28.32,3.48
8301,2023-12-12T21:00:00Z,12,2023,16,0.00,0.00,0.00,1.53
8302,2023-12-12T22:00:00Z,12,2023,17,0.00,0.00,0.00,0.91
8303,2023-12-12T23:00:00Z,12,2023,18,0.00,0.00,0.00,0.32
8304,2023-12-13T00:00:00Z,12,2023,19,0.00,0.00,0.00,0.09
8305,2023-12-13T01:00:00Z,12,2023,20,0.00,0.00,0.00,-0.07
8306,2023-12-13T02:00:00Z,12,2023,21,0.00,0.00,0.00,-0.05
8307,2023-12-13T03:00:00Z,12,2023,22,0.00,0.00,0.00,-0.07
8308,2023-12-13T04:00:00Z,12,2023,23,0.00,0.00,0.00,-0.08
8309,2023-12-13T05:00:00Z,12,2023,0,0.00,0.00,0.00,0.28
8310,2023-12-13T06:00:00Z,12,2023,1,0.00,0.00,0.00,0.28
8311,2023-12-13T07:00:00Z,12,2023,2,0.00,0.00,0.00,0.18
8312,2023-12-13T08:00:00Z,12,2023,3,0.00,0.00,0.00,-0.41
8313,2023-12-13T09:00:00Z,12,2023,4,0.00,0.00,0.00,-0.98
8314,2023-12-13T10:00:00Z,12,2023,5,0.00,0.00,0.00,-1.35
8315,2023-12-13T11:00:00Z,12,2023,6,0.00,0.00,0.00,-1.43
8316,2023-12-13T12:00:00Z,12,2023,7,27.83,214.37,15.77,-1.18
8317,2023-12-13T13:00:00Z,12,2023,8,152.80,572.26,41.32,0.73
8318,2023-12-13T14:00:00Z,12,2023,9,264.75,718.84,57.79,3.01
8319,2023-12-13T15:00:00Z,12,2023,10,343.65,756.97,70.07,4.34
8320,2023-12-13T16:00:00Z,12,2023,11,370.85,731.49,81.82,4.86
8321,2023-12-13T17:00:00Z,12,2023,12,342.35,672.43,86.77,4.96
8322,2023-12-13T18:00:00Z,12,2023,13,281.73,672.13,72.16,4.75
8323,2023-12-13T19:00:00Z,12,2023,14,184.23,578.12,56.27,4.24
8324,2023-12-13T20:00:00Z,12,2023,15,60.12,311.74,31.58,3.21
8325,2023-12-13T21:00:00Z,12,2023,16,0.00,0.00,0.00,1.99
8326,2023-12-13T22:00:00Z,12,2023,17,0.00,0.00,0.00,1.36
8327,2023-12-13T23:00:00Z,12,2023,18,0.00,0.00,0.00,0.91
8328,2023-12-14T00:00:00Z,12,2023,19,0.00,0.00,0.00,0.51
8329,2023-12-14T01:00:00Z,12,2023,20,0.00,0.00,0.00,0.08
8330,2023-12-14T02:00:00Z,12,2023,21,0.00,0.00,0.00,-0.37
8331,2023-12-14T03:00:00Z,12,2023,22,0.00,0.00,0.00,-0.75
8332,2023-12-14T04:00:00Z,12,2023,23,0.00,0.00,0.00,-1.14
8333,2023-12-14T05:00:00Z,12,2023,0,0.00,0.00,0.00,-1.79
8334,2023-12-14T06:00:00Z,12,2023,1,0.00,0.00,0.00,-2.59
8335,2023-12-14T07:00:00Z,12,2023,2,0.00,0.00,0.00,-3.19
8336,2023-12-14T08:00:00Z,12,2023,3,0.00,0.00,0.00,-3.65
8337,2023-12-14T09:00:00Z,12,2023,4,0.00,0.00,0.00,-4.03
8338,2023-12-14T10:00:00Z,12,2023,5,0.00,0.00,0.00,-4.43
8339,2023-12-14T11:00:00Z,12,2023,6,0.00,0.00,0.00,-4.90
8340,2023-12-14T12:00:00Z,12,2023,7,31.33,275.54,13.20,-4.83
8341,2023-12-14T13:00:00Z,12,2023,8,172.30,711.32,37.00,-3.11
8342,2023-12-14T14:00:00Z,12,2023,9,298.77,792.06,61.53,-1.57
8343,2023-12-14T15:00:00Z,12,2023,10,386.98,843.36,71.75,-0.24
8344,2023-12-14T16:00:00Z,12,2023,11,421.70,880.02,83.01,0.73
8345,2023-12-14T17:00:00Z,12,2023,12,399.33,817.35,95.84,1.34
8346,2023-12-14T18:00:00Z,12,2023,13,342.15,919.20,41.01,1.56
8347,2023-12-14T19:00:00Z,12,2023,14,218.65,776.23,38.83,1.26
8348,2023-12-14T20:00:00Z,12,2023,15,73.85,430.30,25.37,-0.54
8349,2023-12-14T21:00:00Z,12,2023,16,0.00,0.00,0.00,-3.07
8350,2023-12-14T22:00:00Z,12,2023,17,0.00,0.00,0.00,-2.81
8351,2023-12-14T23:00:00Z,12,2023,18,0.00,0.00,0.00,-2.66
8352,2023-12-15T00:00:00Z,12,2023,19,0.00,0.00,0.00,-2.55
8353,2023-12-15T01:00:00Z,12,2023,20,0.00,0.00,0.00,-2.54
8354,2023-12-15T02:00:00Z,12,2023,21,0.00,0.00,0.00,-2.45
8355,2023-12-15T03:00:00Z,12,2023,22,0.00,0.00,0.00,-2.34
8356,2023-12-15T04:00:00Z,12,2023,23,0.00,0.00,0.00,-2.12
8357,2023-12-15T05:00:00Z,12,2023,0,0.00,0.00,0.00,-1.83
8358,2023-12-15T06:00:00Z,12,2023,1,0.00,0.00,0.00,-1.53
8359,2023-12-15T07:00:00Z,12,2023,2,0.00,0.00,0.00,-1.31
8360,2023-12-15T08:00:00Z,12,2023,3,0.00,0.00,0.00,-1.18
8361,2023-12-15T09:00:00Z,12,2023,4,0.00,0.00,0.00,-1.11
8362,2023-12-15T10:00:00Z,12,2023,5,0.00,0.00,0.00,-1.03
8363,2023-12-15T11:00:00Z,12,2023,6,0.00,0.00,0.00,-0.96
8364,2023-12-15T12:00:00Z,12,2023,7,20.67,93.94,18.96,-0.79
8365,2023-12-15T13:00:00Z,12,2023,8,140.38,521.63,60.48,0.59
8366,2023-12-15T14:00:00Z,12,2023,9,255.23,678.71,95.52,2.85
8367,2023-12-15T15:00:00Z,12,2023,10,340.88,768.84,121.46,5.28
8368,2023-12-15T16:00:00Z,12,2023,11,388.60,883.21,132.34,7.18
8369,2023-12-15T17:00:00Z,12,2023,12,371.92,748.05,117.33,8.43
8370,2023-12-15T18:00:00Z,12,2023,13,308.95,669.84,89.39,8.91
8371,2023-12-15T19:00:00Z,12,2023,14,197.10,591.53,61.78,8.41
8372,2023-12-15T20:00:00Z,12,2023,15,63.83,270.58,32.03,5.94
8373,2023-12-15T21:00:00Z,12,2023,16,0.00,0.00,0.00,3.04
8374,2023-12-15T22:00:00Z,12,2023,17,0.00,0.00,0.00,3.54
8375,2023-12-15T23:00:00Z,12,2023,18,0.00,0.00,0.00,2.99
8376,2023-12-16T00:00:00Z,12,2023,19,0.00,0.00,0.00,2.66
8377,2023-12-16T01:00:00Z,12,2023,20,0.00,0.00,0.00,2.30
8378,2023-12-16T02:00:00Z,12,2023,21,0.00,0.00,0.00,1.88
8379,2023-12-16T03:00:00Z,12,2023,22,0.00,0.00,0.00,1.69
8380,2023-12-16T04:00:00Z,12,2023,23,0.00,0.00,0.00,1.55
8381,2023-12-16T05:00:00Z,12,2023,0,0.00,0.00,0.00,1.44
8382,2023-12-16T06:00:00Z,12,2023,1,0.00,0.00,0.00,1.37
8383,2023-12-16T07:00:00Z,12,2023,2,0.00,0.00,0.00,1.49
8384,2023-12-16T08:00:00Z,12,2023,3,0.00,0.00,0.00,1.49
8385,2023-12-16T09:00:00Z,12,2023,4,0.00,0.00,0.00,1.65
8386,2023-12-16T10:00:00Z,12,2023,5,0.00,0.00,0.00,1.72
8387,2023-12-16T11:00:00Z,12,2023,6,0.00,0.00,0.00,1.66
8388,2023-12-16T12:00:00Z,12,2023,7,19.35,66.89,19.35,1.53
8389,2023-12-16T13:00:00Z,12,2023,8,141.30,455.24,57.58,3.51
8390,2023-12-16T14:00:00Z,12,2023,9,265.08,630.42,78.41,5.48
8391,2023-12-16T15:00:00Z,12,2023,10,355.83,760.70,80.48,7.05
8392,2023-12-16T16:00:00Z,12,2023,11,413.85,894.76,61.41,7.98
8393,2023-12-16T17:00:00Z,12,2023,12,398.62,881.89,61.58,8.52
8394,2023-12-16T18:00:00Z,12,2023,13,329.33,858.76,51.66,8.61
8395,2023-12-16T19:00:00Z,12,2023,14,210.95,713.00,53.28,8.04
8396,2023-12-16T20:00:00Z,12,2023,15,68.95,307.54,40.57,5.50
8397,2023-12-16T21:00:00Z,12,2023,16,0.00,0.00,0.00,2.78
8398,2023-12-16T22:00:00Z,12,2023,17,0.00,0.00,0.00,2.26
8399,2023-12-16T23:00:00Z,12,2023,18,0.00,0.00,0.00,1.68
8400,2023-12-17T00:00:00Z,12,2023,19,0.00,0.00,0.00,1.09
8401,2023-12-17T01:00:00Z,12,2023,20,0.00,0.00,0.00,0.65
8402,2023-12-17T02:00:00Z,12,2023,21,0.00,0.00,0.00,0.44
8403,2023-12-17T03:00:00Z,12,2023,22,0.00,0.00,0.00,0.58
8404,2023-12-17T04:00:00Z,12,2023,23,0.00,0.00,0.00,0.74
8405,2023-12-17T05:00:00Z,12,2023,0,0.00,0.00,0.00,0.76
8406,2023-12-17T06:00:00Z,12,2023,1,0.00,0.00,0.00,1.32
8407,2023-12-17T07:00:00Z,12,2023,2,0.00,0.00,0.00,1.44
8408,2023-12-17T08:00:00Z,12,2023,3,0.00,0.00,0.00,0.95
8409,2023-12-17T09:00:00Z,12,2023,4,0.00,0.00,0.00,0.92
8410,2023-12-17T10:00:00Z,12,2023,5,0.00,0.00,0.00,1.24
8411,2023-12-17T11:00:00Z,12,2023,6,0.00,0.00,0.00,1.71
8412,2023-12-17T12:00:00Z,12,2023,7,11.38,0.00,11.70,2.12
8413,2023-12-17T13:00:00Z,12,2023,8,42.72,0.00,38.35,3.50
8414,2023-12-17T14:00:00Z,12,2023,9,84.70,4.62,73.39,5.00
8415,2023-12-17T15:00:00Z,12,2023,10,118.15,13.63,101.08,6.59
8416,2023-12-17T16:00:00Z,12,2023,11,128.57,9.97,110.65,7.83
8417,2023-12-17T17:00:00Z,12,2023,12,80.55,0.00,70.20,8.53
8418,2023-12-17T18:00:00Z,12,2023,13,96.03,0.00,82.06,8.56
8419,2023-12-17T19:00:00Z,12,2023,14,61.70,0.00,54.10,8.27
8420,2023-12-17T20:00:00Z,12,2023,15,18.33,0.00,16.55,7.86
8421,2023-12-17T21:00:00Z,12,2023,16,0.00,0.00,0.00,7.74
8422,2023-12-17T22:00:00Z,12,2023,17,0.00,0.00,0.00,7.85
8423,2023-12-17T23:00:00Z,12,2023,18,0.00,0.00,0.00,8.04
8424,2023-12-18T00:00:00Z,12,2023,19,0.00,0.00,0.00,8.27
8425,2023-12-18T01:00:00Z,12,2023,20,0.00,0.00,0.00,8.92
8426,2023-12-18T02:00:00Z,12,2023,21,0.00,0.00,0.00,9.58
8427,2023-12-18T03:00:00Z,12,2023,22,0.00,0.00,0.00,10.09
8428,2023-12-18T04:00:00Z,12,2023,23,0.00,0.00,0.00,10.73
8429,2023-12-18T05:00:00Z,12,2023,0,0.00,0.00,0.00,11.16
8430,2023-12-18T06:00:00Z,12,2023,1,0.00,0.00,0.00,11.49
8431,2023-12-18T07:00:00Z,12,2023,2,0.00,0.00,0.00,11.72
8432,2023-12-18T08:00:00Z,12,2023,3,0.00,0.00,0.00,12.04
8433,2023-12-18T09:00:00Z,12,2023,4,0.00,0.00,0.00,12.43
8434,2023-12-18T10:00:00Z,12,2023,5,0.00,0.00,0.00,12.61
8435,2023-12-18T11:00:00Z,12,2023,6,0.00,0.00,0.00,12.81
8436,2023-12-18T12:00:00Z,12,2023,7,3.83,4.54,3.88,13.34
8437,2023-12-18T13:00:00Z,12,2023,8,18.12,27.55,15.30,14.14
8438,2023-12-18T14:00:00Z,12,2023,9,41.75,26.13,34.03,14.93
8439,2023-12-18T15:00:00Z,12,2023,10,65.68,30.10,53.35,15.34
8440,2023-12-18T16:00:00Z,12,2023,11,72.12,6.96,61.85,15.58
8441,2023-12-18T17:00:00Z,12,2023,12,80.68,33.07,65.63,15.94
8442,2023-12-18T18:00:00Z,12,2023,13,73.95,59.90,53.17,15.78
8443,2023-12-18T19:00:00Z,12,2023,14,60.90,77.93,42.87,15.39
8444,2023-12-18T20:00:00Z,12,2023,15,26.65,51.20,21.55,15.07
8445,2023-12-18T21:00:00Z,12,2023,16,0.00,0.00,0.00,14.42
8446,2023-12-18T22:00:00Z,12,2023,17,0.00,0.00,0.00,11.85
8447,2023-12-18T23:00:00Z,12,2023,18,0.00,0.00,0.00,8.70
8448,2023-12-19T00:00:00Z,12,2023,19,0.00,0.00,0.00,7.70
8449,2023-12-19T01:00:00Z,12,2023,20,0.00,0.00,0.00,7.52
8450,2023-12-19T02:00:00Z,12,2023,21,0.00,0.00,0.00,7.09
8451,2023-12-19T03:00:00Z,12,2023,22,0.00,0.00,0.00,6.36
8452,2023-12-19T04:00:00Z,12,2023,23,0.00,0.00,0.00,5.58
8453,2023-12-19T05:00:00Z,12,2023,0,0.00,0.00,0.00,4.71
8454,2023-12-19T06:00:00Z,12,2023,1,0.00,0.00,0.00,4.24
8455,2023-12-19T07:00:00Z,12,2023,2,0.00,0.00,0.00,3.99
8456,2023-12-19T08:00:00Z,12,2023,3,0.00,0.00,0.00,3.87
8457,2023-12-19T09:00:00Z,12,2023,4,0.00,0.00,0.00,3.54
8458,2023-12-19T10:00:00Z,12,2023,5,0.00,0.00,0.00,3.43
8459,2023-12-19T11:00:00Z,12,2023,6,0.00,0.00,0.00,3.27
8460,2023-12-19T12:00:00Z,12,2023,7,17.15,75.77,16.90,3.10
8461,2023-12-19T13:00:00Z,12,2023,8,124.22,374.81,65.05,3.43
8462,2023-12-19T14:00:00Z,12,2023,9,242.98,484.02,110.87,4.45
8463,2023-12-19T15:00:00Z,12,2023,10,319.42,554.99,125.91,5.94
8464,2023-12-19T16:00:00Z,12,2023,11,362.60,646.54,111.28,6.96
8465,2023-12-19T17:00:00Z,12,2023,12,347.40,686.45,95.03,7.43
8466,2023-12-19T18:00:00Z,12,2023,13,280.65,503.05,116.72,7.36
8467,2023-12-19T19:00:00Z,12,2023,14,177.38,395.76,91.60,6.72
8468,2023-12-19T20:00:00Z,12,2023,15,50.83,139.90,38.48,5.52
8469,2023-12-19T21:00:00Z,12,2023,16,0.00,0.00,0.00,4.37
8470,2023-12-19T22:00:00Z,12,2023,17,0.00,0.00,0.00,3.76
8471,2023-12-19T23:00:00Z,12,2023,18,0.00,0.00,0.00,2.91
8472,2023-12-20T00:00:00Z,12,2023,19,0.00,0.00,0.00,1.82
8473,2023-12-20T01:00:00Z,12,2023,20,0.00,0.00,0.00,0.62
8474,2023-12-20T02:00:00Z,12,2023,21,0.00,0.00,0.00,-0.41
8475,2023-12-20T03:00:00Z,12,2023,22,0.00,0.00,0.00,-1.12
8476,2023-12-20T04:00:00Z,12,2023,23,0.00,0.00,0.00,-1.60
8477,2023-12-20T05:00:00Z,12,2023,0,0.00,0.00,0.00,-1.99
8478,2023-12-20T06:00:00Z,12,2023,1,0.00,0.00,0.00,-2.28
8479,2023-12-20T07:00:00Z,12,2023,2,0.00,0.00,0.00,-2.50
8480,2023-12-20T08:00:00Z,12,2023,3,0.00,0.00,0.00,-2.65
8481,2023-12-20T09:00:00Z,12,2023,4,0.00,0.00,0.00,-2.87
8482,2023-12-20T10:00:00Z,12,2023,5,0.00,0.00,0.00,-3.14
8483,2023-12-20T11:00:00Z,12,2023,6,0.00,0.00,0.00,-3.38
8484,2023-12-20T12:00:00Z,12,2023,7,24.90,233.05,11.88,-3.28
8485,2023-12-20T13:00:00Z,12,2023,8,160.98,715.50,33.43,-1.95
8486,2023-12-20T14:00:00Z,12,2023,9,293.12,864.64,40.58,-0.31
8487,2023-12-20T15:00:00Z,12,2023,10,383.75,924.40,47.59,1.35
8488,2023-12-20T16:00:00Z,12,2023,11,420.55,918.68,53.15,2.83
8489,2023-12-20T17:00:00Z,12,2023,12,402.38,891.64,54.68,3.94
8490,2023-12-20T18:00:00Z,12,2023,13,330.17,838.05,53.01,4.55
8491,2023-12-20T19:00:00Z,12,2023,14,212.70,726.37,42.38,4.54
8492,2023-12-20T20:00:00Z,12,2023,15,74.00,393.58,26.15,2.57
8493,2023-12-20T21:00:00Z,12,2023,16,0.00,0.00,0.00,0.53
8494,2023-12-20T22:00:00Z,12,2023,17,0.00,0.00,0.00,1.05
8495,2023-12-20T23:00:00Z,12,2023,18,0.00,0.00,0.00,0.32
8496,2023-12-21T00:00:00Z,12,2023,19,0.00,0.00,0.00,-0.20
8497,2023-12-21T01:00:00Z,12,2023,20,0.00,0.00,0.00,-0.54
8498,2023-12-21T02:00:00Z,12,2023,21,0.00,0.00,0.00,-0.80
8499,2023-12-21T03:00:00Z,12,2023,22,0.00,0.00,0.00,-1.33
8500,2023-12-21T04:00:00Z,12,2023,23,0.00,0.00,0.00,-1.91
8501,2023-12-21T05:00:00Z,12,2023,0,0.00,0.00,0.00,-2.22
8502,2023-12-21T06:00:00Z,12,2023,1,0.00,0.00,0.00,-1.89
8503,2023-12-21T07:00:00Z,12,2023,2,0.00,0.00,0.00,-1.69
8504,2023-12-21T08:00:00Z,12,2023,3,0.00,0.00,0.00,-1.91
8505,2023-12-21T09:00:00Z,12,2023,4,0.00,0.00,0.00,-2.29
8506,2023-12-21T10:00:00Z,12,2023,5,0.00,0.00,0.00,-2.54
8507,2023-12-21T11:00:00Z,12,2023,6,0.00,0.00,0.00,-2.78
8508,2023-12-21T12:00:00Z,12,2023,7,25.08,227.65,11.93,-3.08
8509,2023-12-21T13:00:00Z,12,2023,8,164.20,751.12,31.30,-2.48
8510,2023-12-21T14:00:00Z,12,2023,9,299.62,903.36,37.22,-1.61
8511,2023-12-21T15:00:00Z,12,2023,10,393.42,967.26,42.73,-0.60
8512,2023-12-21T16:00:00Z,12,2023,11,435.45,977.56,45.38,0.26
8513,2023-12-21T17:00:00Z,12,2023,12,419.85,965.07,44.41,0.84
8514,2023-12-21T18:00:00Z,12,2023,13,349.80,938.93,41.12,0.98
8515,2023-12-21T19:00:00Z,12,2023,14,232.30,858.98,33.01,0.54
8516,2023-12-21T20:00:00Z,12,2023,15,87.20,552.62,20.68,-0.66
8517,2023-12-21T21:00:00Z,12,2023,16,0.00,0.00,0.00,-2.21
8518,2023-12-21T22:00:00Z,12,2023,17,0.00,0.00,0.00,-2.97
8519,2023-12-21T23:00:00Z,12,2023,18,0.00,0.00,0.00,-3.55
8520,2023-12-22T00:00:00Z,12,2023,19,0.00,0.00,0.00,-4.02
8521,2023-12-22T01:00:00Z,12,2023,20,0.00,0.00,0.00,-4.43
8522,2023-12-22T02:00:00Z,12,2023,21,0.00,0.00,0.00,-4.73
8523,2023-12-22T03:00:00Z,12,2023,22,0.00,0.00,0.00,-4.95
8524,2023-12-22T04:00:00Z,12,2023,23,0.00,0.00,0.00,-5.13
8525,2023-12-22T05:00:00Z,12,2023,0,0.00,0.00,0.00,-5.26
8526,2023-12-22T06:00:00Z,12,2023,1,0.00,0.00,0.00,-5.36
8527,2023-12-22T07:00:00Z,12,2023,2,0.00,0.00,0.00,-5.42
8528,2023-12-22T08:00:00Z,12,2023,3,0.00,0.00,0.00,-5.45
8529,2023-12-22T09:00:00Z,12,2023,4,0.00,0.00,0.00,-5.45
8530,2023-12-22T10:00:00Z,12,2023,5,0.00,0.00,0.00,-5.43
8531,2023-12-22T11:00:00Z,12,2023,6,0.00,0.00,0.00,-5.44
8532,2023-12-22T12:00:00Z,12,2023,7,20.52,152.87,15.67,-5.36
8533,2023-12-22T13:00:00Z,12,2023,8,150.48,674.65,39.95,-4.36
8534,2023-12-22T14:00:00Z,12,2023,9,283.10,785.33,59.01,-2.82
8535,2023-12-22T15:00:00Z,12,2023,10,369.38,803.62,72.99,-1.16
8536,2023-12-22T16:00:00Z,12,2023,11,411.80,862.13,76.42,0.19
8537,2023-12-22T17:00:00Z,12,2023,12,401.08,854.29,72.78,1.17
8538,2023-12-22T18:00:00Z,12,2023,13,334.23,877.86,55.41,1.64
8539,2023-12-22T19:00:00Z,12,2023,14,216.27,720.09,44.46,1.41
8540,2023-12-22T20:00:00Z,12,2023,15,80.30,442.37,25.91,0.68
8541,2023-12-22T21:00:00Z,12,2023,16,0.00,0.00,0.00,0.09
8542,2023-12-22T22:00:00Z,12,2023,17,0.00,0.00,0.00,-0.09
8543,2023-12-22T23:00:00Z,12,2023,18,0.00,0.00,0.00,-0.24
8544,2023-12-23T00:00:00Z,12,2023,19,0.00,0.00,0.00,-0.44
8545,2023-12-23T01:00:00Z,12,2023,20,0.00,0.00,0.00,-0.76
8546,2023-12-23T02:00:00Z,12,2023,21,0.00,0.00,0.00,-1.28
8547,2023-12-23T03:00:00Z,12,2023,22,0.00,0.00,0.00,-1.80
8548,2023-12-23T04:00:00Z,12,2023,23,0.00,0.00,0.00,-2.24
8549,2023-12-23T05:00:00Z,12,2023,0,0.00,0.00,0.00,-2.69
8550,2023-12-23T06:00:00Z,12,2023,1,0.00,0.00,0.00,-3.13
8551,2023-12-23T07:00:00Z,12,2023,2,0.00,0.00,0.00,-3.57
8552,2023-12-23T08:00:00Z,12,2023,3,0.00,0.00,0.00,-3.82
8553,2023-12-23T09:00:00Z,12,2023,4,0.00,0.00,0.00,-3.88
8554,2023-12-23T10:00:00Z,12,2023,5,0.00,0.00,0.00,-3.95
8555,2023-12-23T11:00:00Z,12,2023,6,0.00,0.00,0.00,-3.98
8556,2023-12-23T12:00:00Z,12,2023,7,16.55,37.73,19.71,-3.90
8557,2023-12-23T13:00:00Z,12,2023,8,125.85,308.54,77.41,-2.36
8558,2023-12-23T14:00:00Z,12,2023,9,243.80,543.49,115.98,-0.42
8559,2023-12-23T15:00:00Z,12,2023,10,317.50,670.94,140.25,1.83
8560,2023-12-23T16:00:00Z,12,2023,11,353.25,654.17,149.36,3.23
8561,2023-12-23T17:00:00Z,12,2023,12,340.42,680.85,140.72,3.91
8562,2023-12-23T18:00:00Z,12,2023,13,272.62,592.93,116.00,4.12
8563,2023-12-23T19:00:00Z,12,2023,14,166.25,476.05,79.17,3.36
8564,2023-12-23T20:00:00Z,12,2023,15,51.17,160.15,37.33,1.31
8565,2023-12-23T21:00:00Z,12,2023,16,0.00,0.00,0.00,0.10
8566,2023-12-23T22:00:00Z,12,2023,17,0.00,0.00,0.00,0.12
8567,2023-12-23T23:00:00Z,12,2023,18,0.00,0.00,0.00,0.38
8568,2023-12-24T00:00:00Z,12,2023,19,0.00,0.00,0.00,0.43
8569,2023-12-24T01:00:00Z,12,2023,20,0.00,0.00,0.00,0.49
8570,2023-12-24T02:00:00Z,12,2023,21,0.00,0.00,0.00,0.57
8571,2023-12-24T03:00:00Z,12,2023,22,0.00,0.00,0.00,0.54
8572,2023-12-24T04:00:00Z,12,2023,23,0.00,0.00,0.00,0.36
8573,2023-12-24T05:00:00Z,12,2023,0,0.00,0.00,0.00,0.13
8574,2023-12-24T06:00:00Z,12,2023,1,0.00,0.00,0.00,0.00
8575,2023-12-24T07:00:00Z,12,2023,2,0.00,0.00,0.00,-0.03
8576,2023-12-24T08:00:00Z,12,2023,3,0.00,0.00,0.00,-0.01
8577,2023-12-24T09:00:00Z,12,2023,4,0.00,0.00,0.00,0.14
8578,2023-12-24T10:00:00Z,12,2023,5,0.00,0.00,0.00,0.29
8579,2023-12-24T11:00:00Z,12,2023,6,0.00,0.00,0.00,0.48
8580,2023-12-24T12:00:00Z,12,2023,7,12.32,0.00,12.94,0.77
8581,2023-12-24T13:00:00Z,12,2023,8,56.75,89.13,46.68,1.58
8582,2023-12-24T14:00:00Z,12,2023,9,104.12,158.96,78.94,2.48
8583,2023-12-24T15:00:00Z,12,2023,10,139.60,189.37,98.74,3.82
8584,2023-12-24T16:00:00Z,12,2023,11,156.12,210.03,105.92,5.07
8585,2023-12-24T17:00:00Z,12,2023,12,133.02,12.34,114.37,5.95
8586,2023-12-24T18:00:00Z,12,2023,13,123.90,210.40,86.14,6.19
8587,2023-12-24T19:00:00Z,12,2023,14,83.72,159.34,62.59,5.56
8588,2023-12-24T20:00:00Z,12,2023,15,28.58,75.43,24.33,4.35
8589,2023-12-24T21:00:00Z,12,2023,16,0.00,0.00,0.00,3.70
8590,2023-12-24T22:00:00Z,12,2023,17,0.00,0.00,0.00,3.78
8591,2023-12-24T23:00:00Z,12,2023,18,0.00,0.00,0.00,4.05
8592,2023-12-25T00:00:00Z,12,2023,19,0.00,0.00,0.00,4.25
8593,2023-12-25T01:00:00Z,12,2023,20,0.00,0.00,0.00,4.25
8594,2023-12-25T02:00:00Z,12,2023,21,0.00,0.00,0.00,3.98
8595,2023-12-25T03:00:00Z,12,2023,22,0.00,0.00,0.00,3.78
8596,2023-12-25T04:00:00Z,12,2023,23,0.00,0.00,0.00,3.64
8597,2023-12-25T05:00:00Z,12,2023,0,0.00,0.00,0.00,3.47
8598,2023-12-25T06:00:00Z,12,2023,1,0.00,0.00,0.00,3.32
8599,2023-12-25T07:00:00Z,12,2023,2,0.00,0.00,0.00,3.23
8600,2023-12-25T08:00:00Z,12,2023,3,0.00,0.00,0.00,3.24
8601,2023-12-25T09:00:00Z,12,2023,4,0.00,0.00,0.00,3.19
8602,2023-12-25T10:00:00Z,12,2023,5,0.00,0.00,0.00,3.11
8603,2023-12-25T11:00:00Z,12,2023,6,0.00,0.00,0.00,3.12
8604,2023-12-25T12:00:00Z,12,2023,7,9.30,15.72,10.88,3.33
8605,2023-12-25T13:00:00Z,12,2023,8,83.53,110.20,65.91,3.81
8606,2023-12-25T14:00:00Z,12,2023,9,160.70,176.04,118.92,4.47
8607,2023-12-25T15:00:00Z,12,2023,10,216.62,218.05,143.60,5.21
8608,2023-12-25T16:00:00Z,12,2023,11,245.00,270.14,148.94,6.04
8609,2023-12-25T17:00:00Z,12,2023,12,254.57,369.22,131.85,6.67
8610,2023-12-25T18:00:00Z,12,2023,13,218.93,381.42,102.35,6.99
8611,2023-12-25T19:00:00Z,12,2023,14,147.68,346.02,75.94,6.85
8612,2023-12-25T20:00:00Z,12,2023,15,54.58,199.82,30.79,6.24
8613,2023-12-25T21:00:00Z,12,2023,16,0.00,0.00,0.00,5.61
8614,2023-12-25T22:00:00Z,12,2023,17,0.00,0.00,0.00,5.19
8615,2023-12-25T23:00:00Z,12,2023,18,0.00,0.00,0.00,4.86
8616,2023-12-26T00:00:00Z,12,2023,19,0.00,0.00,0.00,4.66
8617,2023-12-26T01:00:00Z,12,2023,20,0.00,0.00,0.00,4.58
8618,2023-12-26T02:00:00Z,12,2023,21,0.00,0.00,0.00,4.51
8619,2023-12-26T03:00:00Z,12,2023,22,0.00,0.00,0.00,4.10
8620,2023-12-26T04:00:00Z,12,2023,23,0.00,0.00,0.00,3.04
8621,2023-12-26T05:00:00Z,12,2023,0,0.00,0.00,0.00,2.63
8622,2023-12-26T06:00:00Z,12,2023,1,0.00,0.00,0.00,2.62
8623,2023-12-26T07:00:00Z,12,2023,2,0.00,0.00,0.00,2.58
8624,2023-12-26T08:00:00Z,12,2023,3,0.00,0.00,0.00,2.54
8625,2023-12-26T09:00:00Z,12,2023,4,0.00,0.00,0.00,2.56
8626,2023-12-26T10:00:00Z,12,2023,5,0.00,0.00,0.00,2.43
8627,2023-12-26T11:00:00Z,12,2023,6,0.00,0.00,0.00,2.18
8628,2023-12-26T12:00:00Z,12,2023,7,12.05,46.75,12.59,2.20
8629,2023-12-26T13:00:00Z,12,2023,8,95.45,213.05,61.62,3.03
8630,2023-12-26T14:00:00Z,12,2023,9,185.93,236.93,120.38,3.78
8631,2023-12-26T15:00:00Z,12,2023,10,256.98,292.97,162.18,4.60
8632,2023-12-26T16:00:00Z,12,2023,11,298.62,120.26,238.89,5.48
8633,2023-12-26T17:00:00Z,12,2023,12,308.55,321.21,201.57,6.38
8634,2023-12-26T18:00:00Z,12,2023,13,263.92,374.10,163.83,7.19
8635,2023-12-26T19:00:00Z,12,2023,14,175.38,250.53,116.80,7.24
8636,2023-12-26T20:00:00Z,12,2023,15,63.00,82.15,50.63,5.78
8637,2023-12-26T21:00:00Z,12,2023,16,0.00,0.00,0.00,4.53
8638,2023-12-26T22:00:00Z,12,2023,17,0.00,0.00,0.00,4.22
8639,2023-12-26T23:00:00Z,12,2023,18,0.00,0.00,0.00,3.80
8640,2023-12-27T00:00:00Z,12,2023,19,0.00,0.00,0.00,3.49
8641,2023-12-27T01:00:00Z,12,2023,20,0.00,0.00,0.00,3.52
8642,2023-12-27T02:00:00Z,12,2023,21,0.00,0.00,0.00,3.69
8643,2023-12-27T03:00:00Z,12,2023,22,0.00,0.00,0.00,3.85
8644,2023-12-27T04:00:00Z,12,2023,23,0.00,0.00,0.00,3.91
8645,2023-12-27T05:00:00Z,12,2023,0,0.00,0.00,0.00,3.99
8646,2023-12-27T06:00:00Z,12,2023,1,0.00,0.00,0.00,3.90
8647,2023-12-27T07:00:00Z,12,2023,2,0.00,0.00,0.00,3.61
8648,2023-12-27T08:00:00Z,12,2023,3,0.00,0.00,0.00,3.42
8649,2023-12-27T09:00:00Z,12,2023,4,0.00,0.00,0.00,3.37
8650,2023-12-27T10:00:00Z,12,2023,5,0.00,0.00,0.00,3.35
8651,2023-12-27T11:00:00Z,12,2023,6,0.00,0.00,0.00,3.26
8652,2023-12-27T12:00:00Z,12,2023,7,9.77,0.00,10.26,3.24
8653,2023-12-27T13:00:00Z,12,2023,8,70.32,26.71,60.66,3.64
8654,2023-12-27T14:00:00Z,12,2023,9,137.80,14.53,118.91,4.33
8655,2023-12-27T15:00:00Z,12,2023,10,189.30,22.09,160.65,5.08
8656,2023-12-27T16:00:00Z,12,2023,11,213.12,43.24,179.56,6.09
8657,2023-12-27T17:00:00Z,12,2023,12,207.43,63.53,172.65,7.05
8658,2023-12-27T18:00:00Z,12,2023,13,173.88,31.12,145.32,7.62
8659,2023-12-27T19:00:00Z,12,2023,14,107.47,87.26,88.82,7.66
8660,2023-12-27T20:00:00Z,12,2023,15,38.28,0.00,34.78,7.30
8661,2023-12-27T21:00:00Z,12,2023,16,0.00,0.00,0.00,6.71
8662,2023-12-27T22:00:00Z,12,2023,17,0.00,0.00,0.00,5.87
8663,2023-12-27T23:00:00Z,12,2023,18,0.00,0.00,0.00,5.82
8664,2023-12-28T00:00:00Z,12,2023,19,0.00,0.00,0.00,5.76
8665,2023-12-28T01:00:00Z,12,2023,20,0.00,0.00,0.00,5.77
8666,2023-12-28T02:00:00Z,12,2023,21,0.00,0.00,0.00,5.87
8667,2023-12-28T03:00:00Z,12,2023,22,0.00,0.00,0.00,6.07
8668,2023-12-28T04:00:00Z,12,2023,23,0.00,0.00,0.00,6.07
8669,2023-12-28T05:00:00Z,12,2023,0,0.00,0.00,0.00,6.07
8670,2023-12-28T06:00:00Z,12,2023,1,0.00,0.00,0.00,5.97
8671,2023-12-28T07:00:00Z,12,2023,2,0.00,0.00,0.00,6.02
8672,2023-12-28T08:00:00Z,12,2023,3,0.00,0.00,0.00,6.07
8673,2023-12-28T09:00:00Z,12,2023,4,0.00,0.00,0.00,6.06
8674,2023-12-28T10:00:00Z,12,2023,5,0.00,0.00,0.00,5.99
8675,2023-12-28T11:00:00Z,12,2023,6,0.00,0.00,0.00,5.85
8676,2023-12-28T12:00:00Z,12,2023,7,4.38,2.65,4.57,5.68
8677,2023-12-28T13:00:00Z,12,2023,8,32.05,13.39,27.63,5.80
8678,2023-12-28T14:00:00Z,12,2023,9,61.75,9.49,53.06,6.19
8679,2023-12-28T15:00:00Z,12,2023,10,76.30,15.96,65.23,6.64
8680,2023-12-28T16:00:00Z,12,2023,11,89.30,24.50,73.20,6.68
8681,2023-12-28T17:00:00Z,12,2023,12,93.68,36.10,76.56,6.48
8682,2023-12-28T18:00:00Z,12,2023,13,81.07,61.95,60.21,6.29
8683,2023-12-28T19:00:00Z,12,2023,14,59.97,66.44,42.21,6.03
8684,2023-12-28T20:00:00Z,12,2023,15,24.50,55.59,19.51,5.71
8685,2023-12-28T21:00:00Z,12,2023,16,0.00,0.00,0.00,5.55
8686,2023-12-28T22:00:00Z,12,2023,17,0.00,0.00,0.00,5.40
8687,2023-12-28T23:00:00Z,12,2023,18,0.00,0.00,0.00,5.26
8688,2023-12-29T00:00:00Z,12,2023,19,0.00,0.00,0.00,5.08
8689,2023-12-29T01:00:00Z,12,2023,20,0.00,0.00,0.00,4.84
8690,2023-12-29T02:00:00Z,12,2023,21,0.00,0.00,0.00,4.54
8691,2023-12-29T03:00:00Z,12,2023,22,0.00,0.00,0.00,4.28
8692,2023-12-29T04:00:00Z,12,2023,23,0.00,0.00,0.00,4.11
8693,2023-12-29T05:00:00Z,12,2023,0,0.00,0.00,0.00,3.95
8694,2023-12-29T06:00:00Z,12,2023,1,0.00,0.00,0.00,3.81
8695,2023-12-29T07:00:00Z,12,2023,2,0.00,0.00,0.00,3.71
8696,2023-12-29T08:00:00Z,12,2023,3,0.00,0.00,0.00,3.63
8697,2023-12-29T09:00:00Z,12,2023,4,0.00,0.00,0.00,3.57
8698,2023-12-29T10:00:00Z,12,2023,5,0.00,0.00,0.00,3.55
8699,2023-12-29T11:00:00Z,12,2023,6,0.00,0.00,0.00,3.50
8700,2023-12-29T12:00:00Z,12,2023,7,9.27,16.78,10.90,3.51
8701,2023-12-29T13:00:00Z,12,2023,8,52.97,79.82,43.73,3.81
8702,2023-12-29T14:00:00Z,12,2023,9,112.75,111.46,87.93,4.14
8703,2023-12-29T15:00:00Z,12,2023,10,152.70,119.23,110.02,4.40
8704,2023-12-29T16:00:00Z,12,2023,11,169.50,156.03,111.19,4.69
8705,2023-12-29T17:00:00Z,12,2023,12,141.82,73.16,111.01,5.16
8706,2023-12-29T18:00:00Z,12,2023,13,127.90,94.67,92.02,5.65
8707,2023-12-29T19:00:00Z,12,2023,14,87.38,60.82,67.94,5.89
8708,2023-12-29T20:00:00Z,12,2023,15,26.15,8.49,23.37,5.48
8709,2023-12-29T21:00:00Z,12,2023,16,0.00,0.00,0.00,4.81
8710,2023-12-29T22:00:00Z,12,2023,17,0.00,0.00,0.00,5.01
8711,2023-12-29T23:00:00Z,12,2023,18,0.00,0.00,0.00,5.21
8712,2023-12-30T00:00:00Z,12,2023,19,0.00,0.00,0.00,5.30
8713,2023-12-30T01:00:00Z,12,2023,20,0.00,0.00,0.00,5.29
8714,2023-12-30T02:00:00Z,12,2023,21,0.00,0.00,0.00,5.17
8715,2023-12-30T03:00:00Z,12,2023,22,0.00,0.00,0.00,4.91
8716,2023-12-30T04:00:00Z,12,2023,23,0.00,0.00,0.00,4.76
8717,2023-12-30T05:00:00Z,12,2023,0,0.00,0.00,0.00,3.91
8718,2023-12-30T06:00:00Z,12,2023,1,0.00,0.00,0.00,2.81
8719,2023-12-30T07:00:00Z,12,2023,2,0.00,0.00,0.00,2.62
8720,2023-12-30T08:00:00Z,12,2023,3,0.00,0.00,0.00,2.98
8721,2023-12-30T09:00:00Z,12,2023,4,0.00,0.00,0.00,3.19
8722,2023-12-30T10:00:00Z,12,2023,5,0.00,0.00,0.00,3.21
8723,2023-12-30T11:00:00Z,12,2023,6,0.00,0.00,0.00,3.10
8724,2023-12-30T12:00:00Z,12,2023,7,7.78,0.00,8.16,3.23
8725,2023-12-30T13:00:00Z,12,2023,8,46.42,3.36,40.54,3.77
8726,2023-12-30T14:00:00Z,12,2023,9,91.70,3.56,79.57,4.37
8727,2023-12-30T15:00:00Z,12,2023,10,116.07,2.86,100.53,4.63
8728,2023-12-30T16:00:00Z,12,2023,11,125.00,1.65,108.75,4.64
8729,2023-12-30T17:00:00Z,12,2023,12,114.20,1.69,99.31,4.64
8730,2023-12-30T18:00:00Z,12,2023,13,136.32,33.42,113.71,4.77
8731,2023-12-30T19:00:00Z,12,2023,14,103.68,77.96,82.85,4.78
8732,2023-12-30T20:00:00Z,12,2023,15,33.05,15.20,29.56,4.32
8733,2023-12-30T21:00:00Z,12,2023,16,0.00,0.00,0.00,2.85
8734,2023-12-30T22:00:00Z,12,2023,17,0.00,0.00,0.00,2.30
8735,2023-12-30T23:00:00Z,12,2023,18,0.00,0.00,0.00,1.80
8736,2023-12-31T00:00:00Z,12,2023,19,0.00,0.00,0.00,1.17
8737,2023-12-31T01:00:00Z,12,2023,20,0.00,0.00,0.00,0.51
8738,2023-12-31T02:00:00Z,12,2023,21,0.00,0.00,0.00,-0.13
8739,2023-12-31T03:00:00Z,12,2023,22,0.00,0.00,0.00,-0.78
8740,2023-12-31T04:00:00Z,12,2023,23,0.00,0.00,0.00,-1.39
8741,2023-12-31T05:00:00Z,12,2023,0,0.00,0.00,0.00,-1.76
8742,2023-12-31T06:00:00Z,12,2023,1,0.00,0.00,0.00,-2.14
8743,2023-12-31T07:00:00Z,12,2023,2,0.00,0.00,0.00,-2.52
8744,2023-12-31T08:00:00Z,12,2023,3,0.00,0.00,0.00,-2.78
8745,2023-12-31T09:00:00Z,12,2023,4,0.00,0.00,0.00,-3.14
8746,2023-12-31T10:00:00Z,12,2023,5,0.00,0.00,0.00,-3.37
8747,2023-12-31T11:00:00Z,12,2023,6,0.00,0.00,0.00,-3.36
8748,2023-12-31T12:00:00Z,12,2023,7,11.90,17.03,14.02,-2.96
8749,2023-12-31T13:00:00Z,12,2023,8,94.57,76.63,76.75,-0.50
8750,2023-12-31T14:00:00Z,12,2023,9,179.05,105.15,141.21,1.15
8751,2023-12-31T15:00:00Z,12,2023,10,243.70,117.90,191.34,2.20
8752,2023-12-31T16:00:00Z,12,2023,11,266.00,127.29,204.96,2.90
8753,2023-12-31T17:00:00Z,12,2023,12,272.92,208.00,187.97,3.36
8754,2023-12-31T18:00:00Z,12,2023,13,236.75,300.44,146.77,3.46
8755,2023-12-31T19:00:00Z,12,2023,14,162.60,230.70,100.47,3.04
8756,2023-12-31T20:00:00Z,12,2023,15,64.55,156.17,44.60,1.06
8757,2023-12-31T21:00:00Z,12,2023,16,0.00,0.00,0.00,-1.85
8758,2023-12-31T22:00:00Z,12,2023,17,0.00,0.00,0.00,-2.44
8759,2023-12-31T23:00:00Z,12,2023,18,0.00,0.00,0.00,-2.83
