hour,time_utc,month,source_year,local_hour,ghi,dni,dhi,t2m
0,2023-01-01T00:00:00Z,1,2023,19,0.00,0.00,0.00,20.60
1,2023-01-01T01:00:00Z,1,2023,20,0.00,0.00,0.00,19.96
2,2023-01-01T02:00:00Z,1,2023,21,0.00,0.00,0.00,19.44
3,2023-01-01T03:00:00Z,1,2023,22,0.00,0.00,0.00,19.10
4,2023-01-01T04:00:00Z,1,2023,23,0.00,0.00,0.00,18.90
5,2023-01-01T05:00:00Z,1,2023,0,0.00,0.00,0.00,18.74
6,2023-01-01T06:00:00Z,1,2023,1,0.00,0.00,0.00,18.56
7,2023-01-01T07:00:00Z,1,2023,2,0.00,0.00,0.00,18.38
8,2023-01-01T08:00:00Z,1,2023,3,0.00,0.00,0.00,18.21
9,2023-01-01T09:00:00Z,1,2023,4,0.00,0.00,0.00,18.01
10,2023-01-01T10:00:00Z,1,2023,5,0.00,0.00,0.00,17.80
11,2023-01-01T11:00:00Z,1,2023,6,0.00,0.00,0.00,17.64
12,2023-01-01T12:00:00Z,1,2023,7,13.38,37.00,15.47,17.79
13,2023-01-01T13:00:00Z,1,2023,8,111.93,222.07,66.65,19.26
14,2023-01-01T14:00:00Z,1,2023,9,226.38,345.12,111.49,20.33
15,2023-01-01T15:00:00Z,1,2023,10,320.60,384.30,135.61,22.49
16,2023-01-01T16:00:00Z,1,2023,11,495.08,648.85,150.28,24.43
17,2023-01-01T17:00:00Z,1,2023,12,543.25,543.15,207.16,25.42
18,2023-01-01T18:00:00Z,1,2023,13,436.23,521.86,167.52,25.40
19,2023-01-01T19:00:00Z,1,2023,14,353.73,284.55,226.50,25.06
20,2023-01-01T20:00:00Z,1,2023,15,246.25,225.89,171.82,24.54
21,2023-01-01T21:00:00Z,1,2023,16,119.40,167.18,87.56,23.31
22,2023-01-01T22:00:00Z,1,2023,17,14.60,24.61,17.71,21.96
23,2023-01-01T23:00:00Z,1,2023,18,0.00,0.00,0.00,20.85
24,2023-01-02T00:00:00Z,1,2023,19,0.00,0.00,0.00,19.93
25,2023-01-02T01:00:00Z,1,2023,20,0.00,0.00,0.00,19.19
26,2023-01-02T02:00:00Z,1,2023,21,0.00,0.00,0.00,18.62
27,2023-01-02T03:00:00Z,1,2023,22,0.00,0.00,0.00,18.16
28,2023-01-02T04:00:00Z,1,2023,23,0.00,0.00,0.00,17.72
29,2023-01-02T05:00:00Z,1,2023,0,0.00,0.00,0.00,17.41
30,2023-01-02T06:00:00Z,1,2023,1,0.00,0.00,0.00,17.23
31,2023-01-02T07:00:00Z,1,2023,2,0.00,0.00,0.00,17.34
32,2023-01-02T08:00:00Z,1,2023,3,0.00,0.00,0.00,17.52
33,2023-01-02T09:00:00Z,1,2023,4,0.00,0.00,0.00,17.37
34,2023-01-02T10:00:00Z,1,2023,5,0.00,0.00,0.00,17.06
35,2023-01-02T11:00:00Z,1,2023,6,0.00,0.00,0.00,16.13
36,2023-01-02T12:00:00Z,1,2023,7,18.42,101.95,14.04,15.73
37,2023-01-02T13:00:00Z,1,2023,8,174.68,562.14,50.76,19.09
38,2023-01-02T14:00:00Z,1,2023,9,358.15,744.06,71.81,21.41
39,2023-01-02T15:00:00Z,1,2023,10,509.65,846.44,79.81,24.08
40,2023-01-02T16:00:00Z,1,2023,11,607.95,883.18,85.10,25.54
41,2023-01-02T17:00:00Z,1,2023,12,641.00,888.30,90.96,26.37
42,2023-01-02T18:00:00Z,1,2023,13,606.58,867.65,92.06,26.75
43,2023-01-02T19:00:00Z,1,2023,14,513.35,852.40,80.28,26.71
44,2023-01-02T20:00:00Z,1,2023,15,363.52,760.98,68.48,26.16
45,2023-01-02T21:00:00Z,1,2023,16,178.77,587.17,49.41,24.60
46,2023-01-02T22:00:00Z,1,2023,17,19.27,111.38,13.38,21.24
47,2023-01-02T23:00:00Z,1,2023,18,0.00,0.00,0.00,19.78
48,2023-01-03T00:00:00Z,1,2023,19,0.00,0.00,0.00,19.02
49,2023-01-03T01:00:00Z,1,2023,20,0.00,0.00,0.00,18.31
50,2023-01-03T02:00:00Z,1,2023,21,0.00,0.00,0.00,17.77
51,2023-01-03T03:00:00Z,1,2023,22,0.00,0.00,0.00,17.36
52,2023-01-03T04:00:00Z,1,2023,23,0.00,0.00,0.00,17.00
53,2023-01-03T05:00:00Z,1,2023,0,0.00,0.00,0.00,16.64
54,2023-01-03T06:00:00Z,1,2023,1,0.00,0.00,0.00,16.35
55,2023-01-03T07:00:00Z,1,2023,2,0.00,0.00,0.00,16.18
56,2023-01-03T08:00:00Z,1,2023,3,0.00,0.00,0.00,16.06
57,2023-01-03T09:00:00Z,1,2023,4,0.00,0.00,0.00,15.90
58,2023-01-03T10:00:00Z,1,2023,5,0.00,0.00,0.00,15.80
59,2023-01-03T11:00:00Z,1,2023,6,0.00,0.00,0.00,15.76
60,2023-01-03T12:00:00Z,1,2023,7,17.58,87.46,14.02,16.42
61,2023-01-03T13:00:00Z,1,2023,8,167.73,517.87,53.58,19.88
62,2023-01-03T14:00:00Z,1,2023,9,343.35,686.47,82.95,22.41
63,2023-01-03T15:00:00Z,1,2023,10,488.35,762.55,99.83,24.44
64,2023-01-03T16:00:00Z,1,2023,11,526.55,626.73,173.11,25.54
65,2023-01-03T17:00:00Z,1,2023,12,477.02,377.53,247.43,26.46
66,2023-01-03T18:00:00Z,1,2023,13,423.33,537.16,172.20,27.32
67,2023-01-03T19:00:00Z,1,2023,14,365.55,440.47,160.31,27.76
68,2023-01-03T20:00:00Z,1,2023,15,263.90,374.09,131.07,27.68
69,2023-01-03T21:00:00Z,1,2023,16,133.00,238.02,82.70,26.50
70,2023-01-03T22:00:00Z,1,2023,17,16.45,49.56,17.70,23.83
71,2023-01-03T23:00:00Z,1,2023,18,0.00,0.00,0.00,22.66
72,2023-01-04T00:00:00Z,1,2023,19,0.00,0.00,0.00,21.71
73,2023-01-04T01:00:00Z,1,2023,20,0.00,0.00,0.00,20.78
74,2023-01-04T02:00:00Z,1,2023,21,0.00,0.00,0.00,20.12
75,2023-01-04T03:00:00Z,1,2023,22,0.00,0.00,0.00,19.62
76,2023-01-04T04:00:00Z,1,2023,23,0.00,0.00,0.00,19.22
77,2023-01-04T05:00:00Z,1,2023,0,0.00,0.00,0.00,18.95
78,2023-01-04T06:00:00Z,1,2023,1,0.00,0.00,0.00,18.85
79,2023-01-04T07:00:00Z,1,2023,2,0.00,0.00,0.00,18.78
80,2023-01-04T08:00:00Z,1,2023,3,0.00,0.00,0.00,18.72
81,2023-01-04T09:00:00Z,1,2023,4,0.00,0.00,0.00,18.72
82,2023-01-04T10:00:00Z,1,2023,5,0.00,0.00,0.00,18.78
83,2023-01-04T11:00:00Z,1,2023,6,0.00,0.00,0.00,18.93
84,2023-01-04T12:00:00Z,1,2023,7,12.70,14.99,15.33,19.56
85,2023-01-04T13:00:00Z,1,2023,8,96.07,87.78,76.10,21.27
86,2023-01-04T14:00:00Z,1,2023,9,206.32,162.41,149.21,22.61
87,2023-01-04T15:00:00Z,1,2023,10,288.98,299.64,173.42,24.60
88,2023-01-04T16:00:00Z,1,2023,11,345.90,438.09,164.85,26.13
89,2023-01-04T17:00:00Z,1,2023,12,446.33,487.07,219.24,26.84
90,2023-01-04T18:00:00Z,1,2023,13,398.77,307.43,245.45,27.00
91,2023-01-04T19:00:00Z,1,2023,14,331.33,182.78,249.88,26.60
92,2023-01-04T20:00:00Z,1,2023,15,217.05,82.27,177.04,25.95
93,2023-01-04T21:00:00Z,1,2023,16,100.18,48.35,84.85,24.58
94,2023-01-04T22:00:00Z,1,2023,17,12.95,4.81,14.99,23.07
95,2023-01-04T23:00:00Z,1,2023,18,0.00,0.00,0.00,22.48
96,2023-01-05T00:00:00Z,1,2023,19,0.00,0.00,0.00,22.19
97,2023-01-05T01:00:00Z,1,2023,20,0.00,0.00,0.00,21.90
98,2023-01-05T02:00:00Z,1,2023,21,0.00,0.00,0.00,21.59
99,2023-01-05T03:00:00Z,1,2023,22,0.00,0.00,0.00,21.32
100,2023-01-05T04:00:00Z,1,2023,23,0.00,0.00,0.00,21.10
101,2023-01-05T05:00:00Z,1,2023,0,0.00,0.00,0.00,20.91
102,2023-01-05T06:00:00Z,1,2023,1,0.00,0.00,0.00,20.72
103,2023-01-05T07:00:00Z,1,2023,2,0.00,0.00,0.00,20.53
104,2023-01-05T08:00:00Z,1,2023,3,0.00,0.00,0.00,20.24
105,2023-01-05T09:00:00Z,1,2023,4,0.00,0.00,0.00,19.96
106,2023-01-05T10:00:00Z,1,2023,5,0.00,0.00,0.00,19.76
107,2023-01-05T11:00:00Z,1,2023,6,0.00,0.00,0.00,19.61
108,2023-01-05T12:00:00Z,1,2023,7,10.20,31.98,11.35,19.74
109,2023-01-05T13:00:00Z,1,2023,8,69.18,122.37,41.43,20.91
110,2023-01-05T14:00:00Z,1,2023,9,139.98,163.77,89.89,21.77
111,2023-01-05T15:00:00Z,1,2023,10,193.45,170.11,118.28,22.93
112,2023-01-05T16:00:00Z,1,2023,11,231.18,102.52,158.72,23.60
113,2023-01-05T17:00:00Z,1,2023,12,336.27,91.75,274.78,23.63
114,2023-01-05T18:00:00Z,1,2023,13,251.48,24.17,213.24,23.33
115,2023-01-05T19:00:00Z,1,2023,14,159.18,3.17,137.40,22.70
116,2023-01-05T20:00:00Z,1,2023,15,112.12,11.85,96.22,21.82
117,2023-01-05T21:00:00Z,1,2023,16,65.72,21.21,56.48,20.72
118,2023-01-05T22:00:00Z,1,2023,17,10.00,8.31,11.44,18.96
119,2023-01-05T23:00:00Z,1,2023,18,0.00,0.00,0.00,18.14
120,2023-01-06T00:00:00Z,1,2023,19,0.00,0.00,0.00,17.60
121,2023-01-06T01:00:00Z,1,2023,20,0.00,0.00,0.00,17.01
122,2023-01-06T02:00:00Z,1,2023,21,0.00,0.00,0.00,16.50
123,2023-01-06T03:00:00Z,1,2023,22,0.00,0.00,0.00,16.03
124,2023-01-06T04:00:00Z,1,2023,23,0.00,0.00,0.00,15.33
125,2023-01-06T05:00:00Z,1,2023,0,0.00,0.00,0.00,14.56
126,2023-01-06T06:00:00Z,1,2023,1,0.00,0.00,0.00,13.43
127,2023-01-06T07:00:00Z,1,2023,2,0.00,0.00,0.00,12.37
128,2023-01-06T08:00:00Z,1,2023,3,0.00,0.00,0.00,11.32
129,2023-01-06T09:00:00Z,1,2023,4,0.00,0.00,0.00,10.36
130,2023-01-06T10:00:00Z,1,2023,5,0.00,0.00,0.00,9.54
131,2023-01-06T11:00:00Z,1,2023,6,0.00,0.00,0.00,8.87
132,2023-01-06T12:00:00Z,1,2023,7,20.65,149.78,14.25,9.07
133,2023-01-06T13:00:00Z,1,2023,8,197.65,709.81,44.34,11.75
134,2023-01-06T14:00:00Z,1,2023,9,397.73,894.72,54.70,14.56
135,2023-01-06T15:00:00Z,1,2023,10,559.00,988.05,55.61,17.40
136,2023-01-06T16:00:00Z,1,2023,11,662.10,1035.72,54.88,18.76
137,2023-01-06T17:00:00Z,1,2023,12,697.35,1030.49,58.64,19.70
138,2023-01-06T18:00:00Z,1,2023,13,665.08,1018.45,58.02,20.29
139,2023-01-06T19:00:00Z,1,2023,14,567.40,994.65,54.33,20.47
140,2023-01-06T20:00:00Z,1,2023,15,411.67,936.17,50.22,20.05
141,2023-01-06T21:00:00Z,1,2023,16,213.82,780.99,38.34,18.71
142,2023-01-06T22:00:00Z,1,2023,17,28.38,260.68,13.24,15.40
143,2023-01-06T23:00:00Z,1,2023,18,0.00,0.00,0.00,13.80
144,2023-01-07T00:00:00Z,1,2023,19,0.00,0.00,0.00,12.59
145,2023-01-07T01:00:00Z,1,2023,20,0.00,0.00,0.00,11.54
146,2023-01-07T02:00:00Z,1,2023,21,0.00,0.00,0.00,10.56
147,2023-01-07T03:00:00Z,1,2023,22,0.00,0.00,0.00,9.64
148,2023-01-07T04:00:00Z,1,2023,23,0.00,0.00,0.00,8.72
149,2023-01-07T05:00:00Z,1,2023,0,0.00,0.00,0.00,8.03
150,2023-01-07T06:00:00Z,1,2023,1,0.00,0.00,0.00,7.43
151,2023-01-07T07:00:00Z,1,2023,2,0.00,0.00,0.00,6.91
152,2023-01-07T08:00:00Z,1,2023,3,0.00,0.00,0.00,6.48
153,2023-01-07T09:00:00Z,1,2023,4,0.00,0.00,0.00,6.16
154,2023-01-07T10:00:00Z,1,2023,5,0.00,0.00,0.00,5.90
155,2023-01-07T11:00:00Z,1,2023,6,0.00,0.00,0.00,5.69
156,2023-01-07T12:00:00Z,1,2023,7,21.35,191.67,12.47,6.32
157,2023-01-07T13:00:00Z,1,2023,8,196.32,717.72,41.43,10.12
158,2023-01-07T14:00:00Z,1,2023,9,392.88,880.91,54.80,13.39
159,2023-01-07T15:00:00Z,1,2023,10,552.10,965.44,58.91,17.33
160,2023-01-07T16:00:00Z,1,2023,11,655.10,1010.18,60.36,19.26
161,2023-01-07T17:00:00Z,1,2023,12,689.35,999.52,66.64,20.39
162,2023-01-07T18:00:00Z,1,2023,13,655.25,981.73,66.67,21.06
163,2023-01-07T19:00:00Z,1,2023,14,558.83,955.39,62.49,21.30
164,2023-01-07T20:00:00Z,1,2023,15,404.15,890.94,57.26,20.98
165,2023-01-07T21:00:00Z,1,2023,16,209.02,741.12,40.97,19.56
166,2023-01-07T22:00:00Z,1,2023,17,27.92,225.77,14.70,15.50
167,2023-01-07T23:00:00Z,1,2023,18,0.00,0.00,0.00,13.63
168,2023-01-08T00:00:00Z,1,2023,19,0.00,0.00,0.00,12.73
169,2023-01-08T01:00:00Z,1,2023,20,0.00,0.00,0.00,11.96
170,2023-01-08T02:00:00Z,1,2023,21,0.00,0.00,0.00,11.35
171,2023-01-08T03:00:00Z,1,2023,22,0.00,0.00,0.00,10.98
172,2023-01-08T04:00:00Z,1,2023,23,0.00,0.00,0.00,10.99
173,2023-01-08T05:00:00Z,1,2023,0,0.00,0.00,0.00,11.38
174,2023-01-08T06:00:00Z,1,2023,1,0.00,0.00,0.00,11.63
175,2023-01-08T07:00:00Z,1,2023,2,0.00,0.00,0.00,11.59
176,2023-01-08T08:00:00Z,1,2023,3,0.00,0.00,0.00,11.06
177,2023-01-08T09:00:00Z,1,2023,4,0.00,0.00,0.00,10.33
178,2023-01-08T10:00:00Z,1,2023,5,0.00,0.00,0.00,9.93
179,2023-01-08T11:00:00Z,1,2023,6,0.00,0.00,0.00,9.90
180,2023-01-08T12:00:00Z,1,2023,7,19.52,151.31,11.91,10.71
181,2023-01-08T13:00:00Z,1,2023,8,181.93,613.37,45.20,15.44
182,2023-01-08T14:00:00Z,1,2023,9,369.52,776.12,72.34,18.83
183,2023-01-08T15:00:00Z,1,2023,10,519.92,847.76,88.97,22.05
184,2023-01-08T16:00:00Z,1,2023,11,601.62,802.48,130.34,23.39
185,2023-01-08T17:00:00Z,1,2023,12,590.60,664.82,168.45,24.15
186,2023-01-08T18:00:00Z,1,2023,13,528.97,748.83,109.50,24.58
187,2023-01-08T19:00:00Z,1,2023,14,512.33,747.49,117.64,24.65
188,2023-01-08T20:00:00Z,1,2023,15,355.98,676.13,91.33,24.38
189,2023-01-08T21:00:00Z,1,2023,16,182.52,497.83,66.98,23.21
190,2023-01-08T22:00:00Z,1,2023,17,24.00,105.84,19.74,20.28
191,2023-01-08T23:00:00Z,1,2023,18,0.00,0.00,0.00,18.93
192,2023-01-09T00:00:00Z,1,2023,19,0.00,0.00,0.00,17.62
193,2023-01-09T01:00:00Z,1,2023,20,0.00,0.00,0.00,16.64
194,2023-01-09T02:00:00Z,1,2023,21,0.00,0.00,0.00,15.88
195,2023-01-09T03:00:00Z,1,2023,22,0.00,0.00,0.00,15.21
196,2023-01-09T04:00:00Z,1,2023,23,0.00,0.00,0.00,14.56
197,2023-01-09T05:00:00Z,1,2023,0,0.00,0.00,0.00,13.91
198,2023-01-09T06:00:00Z,1,2023,1,0.00,0.00,0.00,13.21
199,2023-01-09T07:00:00Z,1,2023,2,0.00,0.00,0.00,12.87
200,2023-01-09T08:00:00Z,1,2023,3,0.00,0.00,0.00,12.94
201,2023-01-09T09:00:00Z,1,2023,4,0.00,0.00,0.00,12.23
202,2023-01-09T10:00:00Z,1,2023,5,0.00,0.00,0.00,11.53
203,2023-01-09T11:00:00Z,1,2023,6,0.00,0.00,0.00,11.02
204,2023-01-09T12:00:00Z,1,2023,7,18.45,125.94,11.99,11.46
205,2023-01-09T13:00:00Z,1,2023,8,180.25,628.16,43.37,14.92
206,2023-01-09T14:00:00Z,1,2023,9,367.62,801.18,59.30,17.46
207,2023-01-09T15:00:00Z,1,2023,10,519.47,888.65,66.24,21.44
208,2023-01-09T16:00:00Z,1,2023,11,618.85,930.12,68.75,23.18
209,2023-01-09T17:00:00Z,1,2023,12,656.60,907.29,84.22,24.00
210,2023-01-09T18:00:00Z,1,2023,13,623.10,904.47,84.71,24.51
211,2023-01-09T19:00:00Z,1,2023,14,525.67,814.44,98.29,24.62
212,2023-01-09T20:00:00Z,1,2023,15,374.90,774.88,70.67,24.31
213,2023-01-09T21:00:00Z,1,2023,16,196.00,621.27,51.70,23.09
214,2023-01-09T22:00:00Z,1,2023,17,27.83,202.34,16.03,19.43
215,2023-01-09T23:00:00Z,1,2023,18,0.00,0.00,0.00,17.54
216,2023-01-10T00:00:00Z,1,2023,19,0.00,0.00,0.00,16.47
217,2023-01-10T01:00:00Z,1,2023,20,0.00,0.00,0.00,15.57
218,2023-01-10T02:00:00Z,1,2023,21,0.00,0.00,0.00,14.66
219,2023-01-10T03:00:00Z,1,2023,22,0.00,0.00,0.00,13.80
220,2023-01-10T04:00:00Z,1,2023,23,0.00,0.00,0.00,13.32
221,2023-01-10T05:00:00Z,1,2023,0,0.00,0.00,0.00,13.34
222,2023-01-10T06:00:00Z,1,2023,1,0.00,0.00,0.00,13.05
223,2023-01-10T07:00:00Z,1,2023,2,0.00,0.00,0.00,12.58
224,2023-01-10T08:00:00Z,1,2023,3,0.00,0.00,0.00,12.36
225,2023-01-10T09:00:00Z,1,2023,4,0.00,0.00,0.00,12.25
226,2023-01-10T10:00:00Z,1,2023,5,0.00,0.00,0.00,12.11
227,2023-01-10T11:00:00Z,1,2023,6,0.00,0.00,0.00,11.89
228,2023-01-10T12:00:00Z,1,2023,7,16.17,39.22,18.64,12.06
229,2023-01-10T13:00:00Z,1,2023,8,169.18,343.08,98.96,13.89
230,2023-01-10T14:00:00Z,1,2023,9,357.92,629.76,129.88,15.34
231,2023-01-10T15:00:00Z,1,2023,10,522.30,807.71,115.79,17.89
232,2023-01-10T16:00:00Z,1,2023,11,606.12,802.19,141.05,19.52
233,2023-01-10T17:00:00Z,1,2023,12,646.38,764.72,189.20,20.46
234,2023-01-10T18:00:00Z,1,2023,13,598.75,757.24,163.59,21.35
235,2023-01-10T19:00:00Z,1,2023,14,535.60,789.65,126.55,21.66
236,2023-01-10T20:00:00Z,1,2023,15,386.23,729.47,101.96,21.37
237,2023-01-10T21:00:00Z,1,2023,16,200.82,600.90,61.85,20.08
238,2023-01-10T22:00:00Z,1,2023,17,29.17,189.62,18.85,16.60
239,2023-01-10T23:00:00Z,1,2023,18,0.00,0.00,0.00,14.40
240,2023-01-11T00:00:00Z,1,2023,19,0.00,0.00,0.00,13.02
241,2023-01-11T01:00:00Z,1,2023,20,0.00,0.00,0.00,12.00
242,2023-01-11T02:00:00Z,1,2023,21,0.00,0.00,0.00,11.03
243,2023-01-11T03:00:00Z,1,2023,22,0.00,0.00,0.00,10.22
244,2023-01-11T04:00:00Z,1,2023,23,0.00,0.00,0.00,9.51
245,2023-01-11T05:00:00Z,1,2023,0,0.00,0.00,0.00,8.85
246,2023-01-11T06:00:00Z,1,2023,1,0.00,0.00,0.00,8.25
247,2023-01-11T07:00:00Z,1,2023,2,0.00,0.00,0.00,7.67
248,2023-01-11T08:00:00Z,1,2023,3,0.00,0.00,0.00,7.14
249,2023-01-11T09:00:00Z,1,2023,4,0.00,0.00,0.00,6.70
250,2023-01-11T10:00:00Z,1,2023,5,0.00,0.00,0.00,6.37
251,2023-01-11T11:00:00Z,1,2023,6,0.00,0.00,0.00,6.10
252,2023-01-11T12:00:00Z,1,2023,7,20.65,180.98,12.39,6.71
253,2023-01-11T13:00:00Z,1,2023,8,193.60,703.39,41.16,10.45
254,2023-01-11T14:00:00Z,1,2023,9,389.80,867.93,54.51,13.36
255,2023-01-11T15:00:00Z,1,2023,10,548.40,952.61,57.81,17.64
256,2023-01-11T16:00:00Z,1,2023,11,652.28,983.83,61.47,20.51
257,2023-01-11T17:00:00Z,1,2023,12,687.83,983.22,65.90,22.05
258,2023-01-11T18:00:00Z,1,2023,13,656.80,977.52,64.61,23.09
259,2023-01-11T19:00:00Z,1,2023,14,560.90,941.34,64.27,23.37
260,2023-01-11T20:00:00Z,1,2023,15,408.30,859.60,60.64,23.17
261,2023-01-11T21:00:00Z,1,2023,16,215.45,712.88,44.22,21.99
262,2023-01-11T22:00:00Z,1,2023,17,32.08,230.53,17.21,18.81
263,2023-01-11T23:00:00Z,1,2023,18,0.00,0.00,0.00,16.20
264,2023-01-12T00:00:00Z,1,2023,19,0.00,0.00,0.00,14.68
265,2023-01-12T01:00:00Z,1,2023,20,0.00,0.00,0.00,13.76
266,2023-01-12T02:00:00Z,1,2023,21,0.00,0.00,0.00,13.05
267,2023-01-12T03:00:00Z,1,2023,22,0.00,0.00,0.00,12.50
268,2023-01-12T04:00:00Z,1,2023,23,0.00,0.00,0.00,12.09
269,2023-01-12T05:00:00Z,1,2023,0,0.00,0.00,0.00,11.76
270,2023-01-12T06:00:00Z,1,2023,1,0.00,0.00,0.00,11.56
271,2023-01-12T07:00:00Z,1,2023,2,0.00,0.00,0.00,11.46
272,2023-01-12T08:00:00Z,1,2023,3,0.00,0.00,0.00,11.38
273,2023-01-12T09:00:00Z,1,2023,4,0.00,0.00,0.00,11.24
274,2023-01-12T10:00:00Z,1,2023,5,0.00,0.00,0.00,11.04
275,2023-01-12T11:00:00Z,1,2023,6,0.00,0.00,0.00,10.79
276,2023-01-12T12:00:00Z,1,2023,7,20.20,164.43,12.87,10.93
277,2023-01-12T13:00:00Z,1,2023,8,191.27,679.35,43.61,14.74
278,2023-01-12T14:00:00Z,1,2023,9,387.00,848.27,58.32,17.61
279,2023-01-12T15:00:00Z,1,2023,10,545.38,933.75,62.55,21.33
280,2023-01-12T16:00:00Z,1,2023,11,650.15,965.68,67.62,23.33
281,2023-01-12T17:00:00Z,1,2023,12,685.22,959.62,74.62,24.23
282,2023-01-12T18:00:00Z,1,2023,13,655.25,956.49,71.97,24.79
283,2023-01-12T19:00:00Z,1,2023,14,559.62,921.58,70.09,24.94
284,2023-01-12T20:00:00Z,1,2023,15,407.05,844.42,64.04,24.47
285,2023-01-12T21:00:00Z,1,2023,16,214.80,686.34,47.49,22.90
286,2023-01-12T22:00:00Z,1,2023,17,32.53,209.72,18.61,19.04
287,2023-01-12T23:00:00Z,1,2023,18,0.00,0.00,0.00,17.28
288,2023-01-13T00:00:00Z,1,2023,19,0.00,0.00,0.00,16.17
289,2023-01-13T01:00:00Z,1,2023,20,0.00,0.00,0.00,15.10
290,2023-01-13T02:00:00Z,1,2023,21,0.00,0.00,0.00,14.25
291,2023-01-13T03:00:00Z,1,2023,22,0.00,0.00,0.00,13.65
292,2023-01-13T04:00:00Z,1,2023,23,0.00,0.00,0.00,13.22
293,2023-01-13T05:00:00Z,1,2023,0,0.00,0.00,0.00,13.16
294,2023-01-13T06:00:00Z,1,2023,1,0.00,0.00,0.00,13.54
295,2023-01-13T07:00:00Z,1,2023,2,0.00,0.00,0.00,14.08
296,2023-01-13T08:00:00Z,1,2023,3,0.00,0.00,0.00,14.88
297,2023-01-13T09:00:00Z,1,2023,4,0.00,0.00,0.00,15.36
298,2023-01-13T10:00:00Z,1,2023,5,0.00,0.00,0.00,15.54
299,2023-01-13T11:00:00Z,1,2023,6,0.00,0.00,0.00,15.69
300,2023-01-13T12:00:00Z,1,2023,7,6.10,17.44,6.96,15.93
301,2023-01-13T13:00:00Z,1,2023,8,73.47,115.83,52.10,17.33
302,2023-01-13T14:00:00Z,1,2023,9,173.82,166.00,114.93,18.07
303,2023-01-13T15:00:00Z,1,2023,10,270.40,271.32,144.36,17.44
304,2023-01-13T16:00:00Z,1,2023,11,404.73,431.06,165.43,16.55
305,2023-01-13T17:00:00Z,1,2023,12,430.15,303.29,242.73,17.78
306,2023-01-13T18:00:00Z,1,2023,13,360.52,516.72,129.16,18.46
307,2023-01-13T19:00:00Z,1,2023,14,405.12,374.47,224.86,18.22
308,2023-01-13T20:00:00Z,1,2023,15,290.83,358.07,153.00,17.53
309,2023-01-13T21:00:00Z,1,2023,16,154.12,337.47,78.66,16.08
310,2023-01-13T22:00:00Z,1,2023,17,26.17,149.05,19.19,13.59
311,2023-01-13T23:00:00Z,1,2023,18,0.00,0.00,0.00,11.70
312,2023-01-14T00:00:00Z,1,2023,19,0.00,0.00,0.00,10.68
313,2023-01-14T01:00:00Z,1,2023,20,0.00,0.00,0.00,10.18
314,2023-01-14T02:00:00Z,1,2023,21,0.00,0.00,0.00,9.61
315,2023-01-14T03:00:00Z,1,2023,22,0.00,0.00,0.00,8.81
316,2023-01-14T04:00:00Z,1,2023,23,0.00,0.00,0.00,7.85
317,2023-01-14T05:00:00Z,1,2023,0,0.00,0.00,0.00,6.57
318,2023-01-14T06:00:00Z,1,2023,1,0.00,0.00,0.00,5.54
319,2023-01-14T07:00:00Z,1,2023,2,0.00,0.00,0.00,4.88
320,2023-01-14T08:00:00Z,1,2023,3,0.00,0.00,0.00,4.41
321,2023-01-14T09:00:00Z,1,2023,4,0.00,0.00,0.00,3.90
322,2023-01-14T10:00:00Z,1,2023,5,0.00,0.00,0.00,3.50
323,2023-01-14T11:00:00Z,1,2023,6,0.00,0.00,0.00,3.14
324,2023-01-14T12:00:00Z,1,2023,7,21.62,189.78,11.69,3.20
325,2023-01-14T13:00:00Z,1,2023,8,196.70,691.67,41.40,4.95
326,2023-01-14T14:00:00Z,1,2023,9,398.33,856.26,62.05,6.81
327,2023-01-14T15:00:00Z,1,2023,10,561.65,899.68,93.32,8.44
328,2023-01-14T16:00:00Z,1,2023,11,669.97,944.33,92.32,9.82
329,2023-01-14T17:00:00Z,1,2023,12,714.03,1019.48,75.97,10.96
330,2023-01-14T18:00:00Z,1,2023,13,690.70,1034.90,56.70,11.78
331,2023-01-14T19:00:00Z,1,2023,14,592.70,997.84,61.27,12.20
332,2023-01-14T20:00:00Z,1,2023,15,434.67,906.47,60.46,12.06
333,2023-01-14T21:00:00Z,1,2023,16,234.20,759.69,44.02,11.25
334,2023-01-14T22:00:00Z,1,2023,17,39.67,288.31,17.90,8.72
335,2023-01-14T23:00:00Z,1,2023,18,0.00,0.00,0.00,6.76
336,2023-01-15T00:00:00Z,1,2023,19,0.00,0.00,0.00,6.15
337,2023-01-15T01:00:00Z,1,2023,20,0.00,0.00,0.00,5.41
338,2023-01-15T02:00:00Z,1,2023,21,0.00,0.00,0.00,4.59
339,2023-01-15T03:00:00Z,1,2023,22,0.00,0.00,0.00,3.84
340,2023-01-15T04:00:00Z,1,2023,23,0.00,0.00,0.00,3.28
341,2023-01-15T05:00:00Z,1,2023,0,0.00,0.00,0.00,2.81
342,2023-01-15T06:00:00Z,1,2023,1,0.00,0.00,0.00,2.35
343,2023-01-15T07:00:00Z,1,2023,2,0.00,0.00,0.00,1.85
344,2023-01-15T08:00:00Z,1,2023,3,0.00,0.00,0.00,1.31
345,2023-01-15T09:00:00Z,1,2023,4,0.00,0.00,0.00,0.72
346,2023-01-15T10:00:00Z,1,2023,5,0.00,0.00,0.00,0.16
347,2023-01-15T11:00:00Z,1,2023,6,0.00,0.00,0.00,-0.27
348,2023-01-15T12:00:00Z,1,2023,7,21.55,168.93,13.41,0.35
349,2023-01-15T13:00:00Z,1,2023,8,198.43,700.18,47.03,3.18
350,2023-01-15T14:00:00Z,1,2023,9,402.15,860.53,70.10,6.84
351,2023-01-15T15:00:00Z,1,2023,10,570.30,937.61,80.02,9.49
352,2023-01-15T16:00:00Z,1,2023,11,682.38,1016.61,73.79,11.54
353,2023-01-15T17:00:00Z,1,2023,12,724.90,1034.67,69.44,13.14
354,2023-01-15T18:00:00Z,1,2023,13,698.00,1027.99,66.02,14.34
355,2023-01-15T19:00:00Z,1,2023,14,602.17,998.58,61.13,14.92
356,2023-01-15T20:00:00Z,1,2023,15,446.00,941.79,54.51,14.88
357,2023-01-15T21:00:00Z,1,2023,16,245.82,824.82,40.17,13.95
358,2023-01-15T22:00:00Z,1,2023,17,43.60,331.43,17.75,10.80
359,2023-01-15T23:00:00Z,1,2023,18,0.00,0.00,0.00,9.17
360,2023-01-16T00:00:00Z,1,2023,19,0.00,0.00,0.00,8.18
361,2023-01-16T01:00:00Z,1,2023,20,0.00,0.00,0.00,7.20
362,2023-01-16T02:00:00Z,1,2023,21,0.00,0.00,0.00,6.38
363,2023-01-16T03:00:00Z,1,2023,22,0.00,0.00,0.00,5.72
364,2023-01-16T04:00:00Z,1,2023,23,0.00,0.00,0.00,5.23
365,2023-01-16T05:00:00Z,1,2023,0,0.00,0.00,0.00,4.70
366,2023-01-16T06:00:00Z,1,2023,1,0.00,0.00,0.00,4.17
367,2023-01-16T07:00:00Z,1,2023,2,0.00,0.00,0.00,3.71
368,2023-01-16T08:00:00Z,1,2023,3,0.00,0.00,0.00,3.37
369,2023-01-16T09:00:00Z,1,2023,4,0.00,0.00,0.00,3.10
370,2023-01-16T10:00:00Z,1,2023,5,0.00,0.00,0.00,2.68
371,2023-01-16T11:00:00Z,1,2023,6,0.00,0.00,0.00,2.53
372,2023-01-16T12:00:00Z,1,2023,7,23.17,220.57,12.33,3.31
373,2023-01-16T13:00:00Z,1,2023,8,206.65,776.18,37.84,6.45
374,2023-01-16T14:00:00Z,1,2023,9,410.40,936.85,49.82,9.36
375,2023-01-16T15:00:00Z,1,2023,10,575.83,1001.74,53.49,14.04
376,2023-01-16T16:00:00Z,1,2023,11,684.78,1040.91,54.39,16.74
377,2023-01-16T17:00:00Z,1,2023,12,724.05,1039.73,58.35,17.97
378,2023-01-16T18:00:00Z,1,2023,13,695.53,1031.73,57.78,18.84
379,2023-01-16T19:00:00Z,1,2023,14,597.65,998.92,56.99,19.25
380,2023-01-16T20:00:00Z,1,2023,15,441.65,928.06,53.11,19.14
381,2023-01-16T21:00:00Z,1,2023,16,242.40,801.47,40.08,18.20
382,2023-01-16T22:00:00Z,1,2023,17,43.38,309.91,18.34,16.38
383,2023-01-16T23:00:00Z,1,2023,18,0.00,0.00,0.00,15.40
384,2023-01-17T00:00:00Z,1,2023,19,0.00,0.00,0.00,14.76
385,2023-01-17T01:00:00Z,1,2023,20,0.00,0.00,0.00,14.00
386,2023-01-17T02:00:00Z,1,2023,21,0.00,0.00,0.00,13.23
387,2023-01-17T03:00:00Z,1,2023,22,0.00,0.00,0.00,12.46
388,2023-01-17T04:00:00Z,1,2023,23,0.00,0.00,0.00,11.88
389,2023-01-17T05:00:00Z,1,2023,0,0.00,0.00,0.00,11.51
390,2023-01-17T06:00:00Z,1,2023,1,0.00,0.00,0.00,11.18
391,2023-01-17T07:00:00Z,1,2023,2,0.00,0.00,0.00,10.88
392,2023-01-17T08:00:00Z,1,2023,3,0.00,0.00,0.00,10.27
393,2023-01-17T09:00:00Z,1,2023,4,0.00,0.00,0.00,9.54
394,2023-01-17T10:00:00Z,1,2023,5,0.00,0.00,0.00,7.98
395,2023-01-17T11:00:00Z,1,2023,6,0.00,0.00,0.00,7.51
396,2023-01-17T12:00:00Z,1,2023,7,22.08,197.75,12.44,7.26
397,2023-01-17T13:00:00Z,1,2023,8,200.95,740.78,38.97,10.99
398,2023-01-17T14:00:00Z,1,2023,9,402.05,906.07,51.85,13.89
399,2023-01-17T15:00:00Z,1,2023,10,563.58,972.10,56.51,17.51
400,2023-01-17T16:00:00Z,1,2023,11,669.38,1005.34,57.52,20.66
401,2023-01-17T17:00:00Z,1,2023,12,705.30,1002.33,62.21,21.86
402,2023-01-17T18:00:00Z,1,2023,13,676.62,984.10,64.16,22.58
403,2023-01-17T19:00:00Z,1,2023,14,579.80,938.97,63.71,22.77
404,2023-01-17T20:00:00Z,1,2023,15,426.08,872.14,57.64,22.35
405,2023-01-17T21:00:00Z,1,2023,16,232.45,730.20,44.02,20.73
406,2023-01-17T22:00:00Z,1,2023,17,41.47,264.35,19.41,16.40
407,2023-01-17T23:00:00Z,1,2023,18,0.00,0.00,0.00,14.40
408,2023-01-18T00:00:00Z,1,2023,19,0.00,0.00,0.00,13.65
409,2023-01-18T01:00:00Z,1,2023,20,0.00,0.00,0.00,13.14
410,2023-01-18T02:00:00Z,1,2023,21,0.00,0.00,0.00,12.75
411,2023-01-18T03:00:00Z,1,2023,22,0.00,0.00,0.00,12.30
412,2023-01-18T04:00:00Z,1,2023,23,0.00,0.00,0.00,11.85
413,2023-01-18T05:00:00Z,1,2023,0,0.00,0.00,0.00,11.45
414,2023-01-18T06:00:00Z,1,2023,1,0.00,0.00,0.00,11.08
415,2023-01-18T07:00:00Z,1,2023,2,0.00,0.00,0.00,10.74
416,2023-01-18T08:00:00Z,1,2023,3,0.00,0.00,0.00,10.40
417,2023-01-18T09:00:00Z,1,2023,4,0.00,0.00,0.00,10.08
418,2023-01-18T10:00:00Z,1,2023,5,0.00,0.00,0.00,9.79
419,2023-01-18T11:00:00Z,1,2023,6,0.00,0.00,0.00,9.52
420,2023-01-18T12:00:00Z,1,2023,7,19.38,101.67,17.07,10.13
421,2023-01-18T13:00:00Z,1,2023,8,175.88,471.59,77.50,14.21
422,2023-01-18T14:00:00Z,1,2023,9,364.27,631.08,134.74,16.93
423,2023-01-18T15:00:00Z,1,2023,10,516.55,737.58,162.98,20.95
424,2023-01-18T16:00:00Z,1,2023,11,604.60,787.50,241.13,23.11
425,2023-01-18T17:00:00Z,1,2023,12,602.67,558.64,340.21,24.01
426,2023-01-18T18:00:00Z,1,2023,13,578.30,879.01,362.26,24.58
427,2023-01-18T19:00:00Z,1,2023,14,483.48,575.60,309.84,24.77
428,2023-01-18T20:00:00Z,1,2023,15,356.73,342.64,230.38,24.44
429,2023-01-18T21:00:00Z,1,2023,16,193.90,321.57,115.34,23.12
430,2023-01-18T22:00:00Z,1,2023,17,37.22,138.89,29.44,19.81
431,2023-01-18T23:00:00Z,1,2023,18,0.00,0.00,0.00,18.28
432,2023-01-19T00:00:00Z,1,2023,19,0.00,0.00,0.00,17.51
433,2023-01-19T01:00:00Z,1,2023,20,0.00,0.00,0.00,16.50
434,2023-01-19T02:00:00Z,1,2023,21,0.00,0.00,0.00,15.49
435,2023-01-19T03:00:00Z,1,2023,22,0.00,0.00,0.00,14.94
436,2023-01-19T04:00:00Z,1,2023,23,0.00,0.00,0.00,14.60
437,2023-01-19T05:00:00Z,1,2023,0,0.00,0.00,0.00,14.25
438,2023-01-19T06:00:00Z,1,2023,1,0.00,0.00,0.00,13.86
439,2023-01-19T07:00:00Z,1,2023,2,0.00,0.00,0.00,13.55
440,2023-01-19T08:00:00Z,1,2023,3,0.00,0.00,0.00,13.32
441,2023-01-19T09:00:00Z,1,2023,4,0.00,0.00,0.00,13.14
442,2023-01-19T10:00:00Z,1,2023,5,0.00,0.00,0.00,13.13
443,2023-01-19T11:00:00Z,1,2023,6,0.00,0.00,0.00,12.93
444,2023-01-19T12:00:00Z,1,2023,7,19.67,105.95,16.97,13.66
445,2023-01-19T13:00:00Z,1,2023,8,184.00,636.10,51.40,16.67
446,2023-01-19T14:00:00Z,1,2023,9,379.08,835.42,61.98,19.38
447,2023-01-19T15:00:00Z,1,2023,10,537.25,882.45,70.94,23.38
448,2023-01-19T16:00:00Z,1,2023,11,592.80,653.84,263.68,25.54
449,2023-01-19T17:00:00Z,1,2023,12,619.45,726.29,287.77,26.46
450,2023-01-19T18:00:00Z,1,2023,13,612.00,887.69,246.73,27.06
451,2023-01-19T19:00:00Z,1,2023,14,379.60,72.70,307.76,27.39
452,2023-01-19T20:00:00Z,1,2023,15,257.12,37.23,216.25,27.12
453,2023-01-19T21:00:00Z,1,2023,16,143.40,48.37,118.84,25.97
454,2023-01-19T22:00:00Z,1,2023,17,25.20,29.16,24.39,22.60
455,2023-01-19T23:00:00Z,1,2023,18,0.00,0.00,0.00,20.95
456,2023-01-20T00:00:00Z,1,2023,19,0.00,0.00,0.00,20.38
457,2023-01-20T01:00:00Z,1,2023,20,0.00,0.00,0.00,19.91
458,2023-01-20T02:00:00Z,1,2023,21,0.00,0.00,0.00,19.08
459,2023-01-20T03:00:00Z,1,2023,22,0.00,0.00,0.00,18.49
460,2023-01-20T04:00:00Z,1,2023,23,0.00,0.00,0.00,18.17
461,2023-01-20T05:00:00Z,1,2023,0,0.00,0.00,0.00,17.85
462,2023-01-20T06:00:00Z,1,2023,1,0.00,0.00,0.00,17.81
463,2023-01-20T07:00:00Z,1,2023,2,0.00,0.00,0.00,17.68
464,2023-01-20T08:00:00Z,1,2023,3,0.00,0.00,0.00,17.15
465,2023-01-20T09:00:00Z,1,2023,4,0.00,0.00,0.00,16.66
466,2023-01-20T10:00:00Z,1,2023,5,0.00,0.00,0.00,16.26
467,2023-01-20T11:00:00Z,1,2023,6,0.00,0.00,0.00,15.90
468,2023-01-20T12:00:00Z,1,2023,7,15.02,73.23,14.37,16.47
469,2023-01-20T13:00:00Z,1,2023,8,160.32,472.57,58.05,19.70
470,2023-01-20T14:00:00Z,1,2023,9,345.45,654.52,83.11,21.57
471,2023-01-20T15:00:00Z,1,2023,10,511.92,755.50,103.64,22.90
472,2023-01-20T16:00:00Z,1,2023,11,626.25,832.97,105.66,24.47
473,2023-01-20T17:00:00Z,1,2023,12,653.10,779.37,145.21,26.02
474,2023-01-20T18:00:00Z,1,2023,13,562.22,563.12,219.93,26.78
475,2023-01-20T19:00:00Z,1,2023,14,491.70,523.07,219.56,27.03
476,2023-01-20T20:00:00Z,1,2023,15,357.40,420.50,178.68,26.64
477,2023-01-20T21:00:00Z,1,2023,16,197.23,326.69,105.81,25.51
478,2023-01-20T22:00:00Z,1,2023,17,37.92,113.34,30.09,22.59
479,2023-01-20T23:00:00Z,1,2023,18,0.00,0.00,0.00,21.44
480,2023-01-21T00:00:00Z,1,2023,19,0.00,0.00,0.00,20.47
481,2023-01-21T01:00:00Z,1,2023,20,0.00,0.00,0.00,19.60
482,2023-01-21T02:00:00Z,1,2023,21,0.00,0.00,0.00,18.64
483,2023-01-21T03:00:00Z,1,2023,22,0.00,0.00,0.00,17.36
484,2023-01-21T04:00:00Z,1,2023,23,0.00,0.00,0.00,16.00
485,2023-01-21T05:00:00Z,1,2023,0,0.00,0.00,0.00,14.98
486,2023-01-21T06:00:00Z,1,2023,1,0.00,0.00,0.00,14.29
487,2023-01-21T07:00:00Z,1,2023,2,0.00,0.00,0.00,13.80
488,2023-01-21T08:00:00Z,1,2023,3,0.00,0.00,0.00,13.51
489,2023-01-21T09:00:00Z,1,2023,4,0.00,0.00,0.00,13.31
490,2023-01-21T10:00:00Z,1,2023,5,0.00,0.00,0.00,13.41
491,2023-01-21T11:00:00Z,1,2023,6,0.00,0.00,0.00,13.24
492,2023-01-21T12:00:00Z,1,2023,7,9.52,14.92,10.90,13.52
493,2023-01-21T13:00:00Z,1,2023,8,72.62,85.61,57.52,15.21
494,2023-01-21T14:00:00Z,1,2023,9,154.93,194.12,107.36,17.38
495,2023-01-21T15:00:00Z,1,2023,10,197.52,25.81,168.74,19.46
496,2023-01-21T16:00:00Z,1,2023,11,229.70,56.58,180.42,20.81
497,2023-01-21T17:00:00Z,1,2023,12,322.15,86.21,229.60,21.55
498,2023-01-21T18:00:00Z,1,2023,13,258.15,42.58,198.44,21.95
499,2023-01-21T19:00:00Z,1,2023,14,124.05,0.00,107.72,22.14
500,2023-01-21T20:00:00Z,1,2023,15,87.88,0.00,76.48,21.83
501,2023-01-21T21:00:00Z,1,2023,16,47.33,0.00,41.50,20.71
502,2023-01-21T22:00:00Z,1,2023,17,9.05,0.00,8.97,19.14
503,2023-01-21T23:00:00Z,1,2023,18,0.00,0.00,0.00,17.94
504,2023-01-22T00:00:00Z,1,2023,19,0.00,0.00,0.00,17.13
505,2023-01-22T01:00:00Z,1,2023,20,0.00,0.00,0.00,16.78
506,2023-01-22T02:00:00Z,1,2023,21,0.00,0.00,0.00,16.85
507,2023-01-22T03:00:00Z,1,2023,22,0.00,0.00,0.00,17.16
508,2023-01-22T04:00:00Z,1,2023,23,0.00,0.00,0.00,17.57
509,2023-01-22T05:00:00Z,1,2023,0,0.00,0.00,0.00,17.93
510,2023-01-22T06:00:00Z,1,2023,1,0.00,0.00,0.00,18.31
511,2023-01-22T07:00:00Z,1,2023,2,0.00,0.00,0.00,18.65
512,2023-01-22T08:00:00Z,1,2023,3,0.00,0.00,0.00,18.76
513,2023-01-22T09:00:00Z,1,2023,4,0.00,0.00,0.00,18.47
514,2023-01-22T10:00:00Z,1,2023,5,0.00,0.00,0.00,17.81
515,2023-01-22T11:00:00Z,1,2023,6,0.00,0.00,0.00,17.10
516,2023-01-22T12:00:00Z,1,2023,7,15.70,30.92,18.35,17.18
517,2023-01-22T13:00:00Z,1,2023,8,132.77,134.11,103.23,18.85
518,2023-01-22T14:00:00Z,1,2023,9,285.80,207.84,200.31,21.60
519,2023-01-22T15:00:00Z,1,2023,10,413.52,297.04,254.96,24.74
520,2023-01-22T16:00:00Z,1,2023,11,436.98,285.32,263.17,26.40
521,2023-01-22T17:00:00Z,1,2023,12,434.33,270.32,261.69,27.28
522,2023-01-22T18:00:00Z,1,2023,13,414.62,471.09,163.54,27.44
523,2023-01-22T19:00:00Z,1,2023,14,393.17,431.32,182.63,26.98
524,2023-01-22T20:00:00Z,1,2023,15,291.73,486.81,98.04,26.40
525,2023-01-22T21:00:00Z,1,2023,16,177.23,427.21,68.74,25.49
526,2023-01-22T22:00:00Z,1,2023,17,41.92,194.11,25.52,23.52
527,2023-01-22T23:00:00Z,1,2023,18,0.00,0.00,0.00,21.70
528,2023-01-23T00:00:00Z,1,2023,19,0.00,0.00,0.00,21.00
529,2023-01-23T01:00:00Z,1,2023,20,0.00,0.00,0.00,20.72
530,2023-01-23T02:00:00Z,1,2023,21,0.00,0.00,0.00,20.16
531,2023-01-23T03:00:00Z,1,2023,22,0.00,0.00,0.00,19.74
532,2023-01-23T04:00:00Z,1,2023,23,0.00,0.00,0.00,19.49
533,2023-01-23T05:00:00Z,1,2023,0,0.00,0.00,0.00,19.25
534,2023-01-23T06:00:00Z,1,2023,1,0.00,0.00,0.00,18.89
535,2023-01-23T07:00:00Z,1,2023,2,0.00,0.00,0.00,18.52
536,2023-01-23T08:00:00Z,1,2023,3,0.00,0.00,0.00,18.50
537,2023-01-23T09:00:00Z,1,2023,4,0.00,0.00,0.00,18.25
538,2023-01-23T10:00:00Z,1,2023,5,0.00,0.00,0.00,17.70
539,2023-01-23T11:00:00Z,1,2023,6,0.00,0.00,0.00,16.81
540,2023-01-23T12:00:00Z,1,2023,7,16.48,50.44,16.48,16.00
541,2023-01-23T13:00:00Z,1,2023,8,148.25,349.44,71.27,16.25
542,2023-01-23T14:00:00Z,1,2023,9,309.77,479.57,128.80,17.45
543,2023-01-23T15:00:00Z,1,2023,10,449.95,572.75,165.45,18.66
544,2023-01-23T16:00:00Z,1,2023,11,539.10,410.59,289.04,19.19
545,2023-01-23T17:00:00Z,1,2023,12,564.55,435.63,285.98,19.61
546,2023-01-23T18:00:00Z,1,2023,13,533.38,544.11,225.23,20.38
547,2023-01-23T19:00:00Z,1,2023,14,496.73,611.04,147.30,20.64
548,2023-01-23T20:00:00Z,1,2023,15,366.02,497.27,159.27,20.08
549,2023-01-23T21:00:00Z,1,2023,16,200.88,278.01,127.85,19.05
550,2023-01-23T22:00:00Z,1,2023,17,39.00,76.27,34.58,16.30
551,2023-01-23T23:00:00Z,1,2023,18,0.00,0.00,0.00,13.61
552,2023-01-24T00:00:00Z,1,2023,19,0.00,0.00,0.00,12.52
553,2023-01-24T01:00:00Z,1,2023,20,0.00,0.00,0.00,11.74
554,2023-01-24T02:00:00Z,1,2023,21,0.00,0.00,0.00,11.63
555,2023-01-24T03:00:00Z,1,2023,22,0.00,0.00,0.00,11.42
556,2023-01-24T04:00:00Z,1,2023,23,0.00,0.00,0.00,11.03
557,2023-01-24T05:00:00Z,1,2023,0,0.00,0.00,0.00,10.67
558,2023-01-24T06:00:00Z,1,2023,1,0.00,0.00,0.00,10.25
559,2023-01-24T07:00:00Z,1,2023,2,0.00,0.00,0.00,9.63
560,2023-01-24T08:00:00Z,1,2023,3,0.00,0.00,0.00,9.12
561,2023-01-24T09:00:00Z,1,2023,4,0.00,0.00,0.00,8.91
562,2023-01-24T10:00:00Z,1,2023,5,0.00,0.00,0.00,8.78
563,2023-01-24T11:00:00Z,1,2023,6,0.00,0.00,0.00,8.76
564,2023-01-24T12:00:00Z,1,2023,7,20.27,75.27,18.68,10.08
565,2023-01-24T13:00:00Z,1,2023,8,185.05,491.97,77.53,14.40
566,2023-01-24T14:00:00Z,1,2023,9,375.33,595.09,134.66,18.46
567,2023-01-24T15:00:00Z,1,2023,10,534.88,740.18,163.90,21.12
568,2023-01-24T16:00:00Z,1,2023,11,572.40,462.90,336.95,22.50
569,2023-01-24T17:00:00Z,1,2023,12,627.88,502.47,293.24,23.35
570,2023-01-24T18:00:00Z,1,2023,13,583.95,620.24,302.10,23.83
571,2023-01-24T19:00:00Z,1,2023,14,475.70,288.62,316.72,23.70
572,2023-01-24T20:00:00Z,1,2023,15,343.17,205.72,244.88,23.08
573,2023-01-24T21:00:00Z,1,2023,16,193.57,147.92,145.10,21.88
574,2023-01-24T22:00:00Z,1,2023,17,40.97,63.74,38.10,19.48
575,2023-01-24T23:00:00Z,1,2023,18,0.00,0.00,0.00,17.88
576,2023-01-25T00:00:00Z,1,2023,19,0.00,0.00,0.00,17.34
577,2023-01-25T01:00:00Z,1,2023,20,0.00,0.00,0.00,16.72
578,2023-01-25T02:00:00Z,1,2023,21,0.00,0.00,0.00,16.45
579,2023-01-25T03:00:00Z,1,2023,22,0.00,0.00,0.00,16.16
580,2023-01-25T04:00:00Z,1,2023,23,0.00,0.00,0.00,16.02
581,2023-01-25T05:00:00Z,1,2023,0,0.00,0.00,0.00,15.93
582,2023-01-25T06:00:00Z,1,2023,1,0.00,0.00,0.00,15.91
583,2023-01-25T07:00:00Z,1,2023,2,0.00,0.00,0.00,15.94
584,2023-01-25T08:00:00Z,1,2023,3,0.00,0.00,0.00,16.08
585,2023-01-25T09:00:00Z,1,2023,4,0.00,0.00,0.00,16.29
586,2023-01-25T10:00:00Z,1,2023,5,0.00,0.00,0.00,16.67
587,2023-01-25T11:00:00Z,1,2023,6,0.00,0.00,0.00,17.13
588,2023-01-25T12:00:00Z,1,2023,7,19.83,94.70,17.36,18.31
589,2023-01-25T13:00:00Z,1,2023,8,149.23,347.22,76.87,20.64
590,2023-01-25T14:00:00Z,1,2023,9,285.90,296.41,163.18,23.34
591,2023-01-25T15:00:00Z,1,2023,10,390.38,197.60,274.14,25.81
592,2023-01-25T16:00:00Z,1,2023,11,558.20,378.27,297.36,27.18
593,2023-01-25T17:00:00Z,1,2023,12,605.08,755.94,133.26,27.99
594,2023-01-25T18:00:00Z,1,2023,13,632.88,747.98,151.53,28.48
595,2023-01-25T19:00:00Z,1,2023,14,559.70,769.08,122.99,28.66
596,2023-01-25T20:00:00Z,1,2023,15,401.42,697.09,96.76,28.26
597,2023-01-25T21:00:00Z,1,2023,16,220.77,491.06,76.10,27.12
598,2023-01-25T22:00:00Z,1,2023,17,46.97,202.32,30.60,24.63
599,2023-01-25T23:00:00Z,1,2023,18,0.00,0.00,0.00,22.44
600,2023-01-26T00:00:00Z,1,2023,19,0.00,0.00,0.00,21.41
601,2023-01-26T01:00:00Z,1,2023,20,0.00,0.00,0.00,21.12
602,2023-01-26T02:00:00Z,1,2023,21,0.00,0.00,0.00,21.43
603,2023-01-26T03:00:00Z,1,2023,22,0.00,0.00,0.00,20.83
604,2023-01-26T04:00:00Z,1,2023,23,0.00,0.00,0.00,20.35
605,2023-01-26T05:00:00Z,1,2023,0,0.00,0.00,0.00,20.02
606,2023-01-26T06:00:00Z,1,2023,1,0.00,0.00,0.00,19.66
607,2023-01-26T07:00:00Z,1,2023,2,0.00,0.00,0.00,18.87
608,2023-01-26T08:00:00Z,1,2023,3,0.00,0.00,0.00,17.04
609,2023-01-26T09:00:00Z,1,2023,4,0.00,0.00,0.00,15.41
610,2023-01-26T10:00:00Z,1,2023,5,0.00,0.00,0.00,14.81
611,2023-01-26T11:00:00Z,1,2023,6,0.00,0.00,0.00,14.54
612,2023-01-26T12:00:00Z,1,2023,7,16.02,28.77,17.83,14.48
613,2023-01-26T13:00:00Z,1,2023,8,151.48,273.23,90.64,15.42
614,2023-01-26T14:00:00Z,1,2023,9,320.27,440.08,136.72,16.46
615,2023-01-26T15:00:00Z,1,2023,10,479.45,575.88,159.98,17.48
616,2023-01-26T16:00:00Z,1,2023,11,581.58,630.78,185.51,18.48
617,2023-01-26T17:00:00Z,1,2023,12,664.35,796.31,141.20,19.32
618,2023-01-26T18:00:00Z,1,2023,13,677.80,821.35,131.10,19.96
619,2023-01-26T19:00:00Z,1,2023,14,591.85,855.59,93.31,20.13
620,2023-01-26T20:00:00Z,1,2023,15,440.73,749.10,103.42,19.79
621,2023-01-26T21:00:00Z,1,2023,16,250.93,560.61,88.76,18.70
622,2023-01-26T22:00:00Z,1,2023,17,55.40,197.19,35.70,15.52
623,2023-01-26T23:00:00Z,1,2023,18,0.00,0.00,0.00,13.09
624,2023-01-27T00:00:00Z,1,2023,19,0.00,0.00,0.00,12.11
625,2023-01-27T01:00:00Z,1,2023,20,0.00,0.00,0.00,11.11
626,2023-01-27T02:00:00Z,1,2023,21,0.00,0.00,0.00,10.18
627,2023-01-27T03:00:00Z,1,2023,22,0.00,0.00,0.00,9.40
628,2023-01-27T04:00:00Z,1,2023,23,0.00,0.00,0.00,8.80
629,2023-01-27T05:00:00Z,1,2023,0,0.00,0.00,0.00,8.28
630,2023-01-27T06:00:00Z,1,2023,1,0.00,0.00,0.00,7.79
631,2023-01-27T07:00:00Z,1,2023,2,0.00,0.00,0.00,7.39
632,2023-01-27T08:00:00Z,1,2023,3,0.00,0.00,0.00,7.03
633,2023-01-27T09:00:00Z,1,2023,4,0.00,0.00,0.00,6.62
634,2023-01-27T10:00:00Z,1,2023,5,0.00,0.00,0.00,6.23
635,2023-01-27T11:00:00Z,1,2023,6,0.00,0.00,0.00,5.99
636,2023-01-27T12:00:00Z,1,2023,7,23.55,122.33,15.76,6.41
637,2023-01-27T13:00:00Z,1,2023,8,200.45,634.85,53.09,8.80
638,2023-01-27T14:00:00Z,1,2023,9,403.40,785.51,79.10,11.92
639,2023-01-27T15:00:00Z,1,2023,10,571.70,872.65,92.12,13.97
640,2023-01-27T16:00:00Z,1,2023,11,681.70,918.95,94.71,15.77
641,2023-01-27T17:00:00Z,1,2023,12,719.95,898.59,110.86,17.17
642,2023-01-27T18:00:00Z,1,2023,13,696.35,890.34,107.03,18.09
643,2023-01-27T19:00:00Z,1,2023,14,605.80,876.99,96.11,18.50
644,2023-01-27T20:00:00Z,1,2023,15,453.80,797.34,84.80,18.33
645,2023-01-27T21:00:00Z,1,2023,16,259.10,663.43,64.61,17.32
646,2023-01-27T22:00:00Z,1,2023,17,60.30,287.89,28.54,13.85
647,2023-01-27T23:00:00Z,1,2023,18,0.00,0.00,0.00,11.39
648,2023-01-28T00:00:00Z,1,2023,19,0.00,0.00,0.00,10.48
649,2023-01-28T01:00:00Z,1,2023,20,0.00,0.00,0.00,9.63
650,2023-01-28T02:00:00Z,1,2023,21,0.00,0.00,0.00,8.86
651,2023-01-28T03:00:00Z,1,2023,22,0.00,0.00,0.00,8.26
652,2023-01-28T04:00:00Z,1,2023,23,0.00,0.00,0.00,7.87
653,2023-01-28T05:00:00Z,1,2023,0,0.00,0.00,0.00,7.61
654,2023-01-28T06:00:00Z,1,2023,1,0.00,0.00,0.00,7.43
655,2023-01-28T07:00:00Z,1,2023,2,0.00,0.00,0.00,7.23
656,2023-01-28T08:00:00Z,1,2023,3,0.00,0.00,0.00,7.05
657,2023-01-28T09:00:00Z,1,2023,4,0.00,0.00,0.00,6.92
658,2023-01-28T10:00:00Z,1,2023,5,0.00,0.00,0.00,6.79
659,2023-01-28T11:00:00Z,1,2023,6,0.00,0.00,0.00,6.80
660,2023-01-28T12:00:00Z,1,2023,7,18.80,65.35,18.87,8.38
661,2023-01-28T13:00:00Z,1,2023,8,144.98,339.39,68.71,12.60
662,2023-01-28T14:00:00Z,1,2023,9,278.17,434.36,115.33,16.45
663,2023-01-28T15:00:00Z,1,2023,10,434.88,380.95,241.32,19.21
664,2023-01-28T16:00:00Z,1,2023,11,522.90,413.06,265.81,20.96
665,2023-01-28T17:00:00Z,1,2023,12,572.53,352.16,311.26,21.95
666,2023-01-28T18:00:00Z,1,2023,13,319.00,152.10,202.72,22.41
667,2023-01-28T19:00:00Z,1,2023,14,189.30,82.07,131.96,22.29
668,2023-01-28T20:00:00Z,1,2023,15,135.77,48.19,104.14,21.66
669,2023-01-28T21:00:00Z,1,2023,16,72.88,37.07,60.81,20.64
670,2023-01-28T22:00:00Z,1,2023,17,14.18,7.87,13.30,18.65
671,2023-01-28T23:00:00Z,1,2023,18,0.00,0.00,0.00,16.47
672,2023-01-29T00:00:00Z,1,2023,19,0.00,0.00,0.00,15.59
673,2023-01-29T01:00:00Z,1,2023,20,0.00,0.00,0.00,14.96
674,2023-01-29T02:00:00Z,1,2023,21,0.00,0.00,0.00,14.64
675,2023-01-29T03:00:00Z,1,2023,22,0.00,0.00,0.00,14.51
676,2023-01-29T04:00:00Z,1,2023,23,0.00,0.00,0.00,14.48
677,2023-01-29T05:00:00Z,1,2023,0,0.00,0.00,0.00,14.48
678,2023-01-29T06:00:00Z,1,2023,1,0.00,0.00,0.00,14.48
679,2023-01-29T07:00:00Z,1,2023,2,0.00,0.00,0.00,14.44
680,2023-01-29T08:00:00Z,1,2023,3,0.00,0.00,0.00,14.37
681,2023-01-29T09:00:00Z,1,2023,4,0.00,0.00,0.00,14.30
682,2023-01-29T10:00:00Z,1,2023,5,0.00,0.00,0.00,14.31
683,2023-01-29T11:00:00Z,1,2023,6,0.00,0.00,0.00,14.32
684,2023-01-29T12:00:00Z,1,2023,7,17.08,49.69,18.45,15.47
685,2023-01-29T13:00:00Z,1,2023,8,171.07,358.24,90.78,19.41
686,2023-01-29T14:00:00Z,1,2023,9,365.67,539.15,138.06,22.82
687,2023-01-29T15:00:00Z,1,2023,10,530.58,766.21,113.39,24.76
688,2023-01-29T16:00:00Z,1,2023,11,619.10,803.25,117.76,26.09
689,2023-01-29T17:00:00Z,1,2023,12,648.33,684.60,195.34,27.07
690,2023-01-29T18:00:00Z,1,2023,13,590.72,678.26,248.43,27.64
691,2023-01-29T19:00:00Z,1,2023,14,521.12,520.31,231.24,27.74
692,2023-01-29T20:00:00Z,1,2023,15,390.10,466.00,190.89,27.42
693,2023-01-29T21:00:00Z,1,2023,16,218.98,367.89,119.90,26.30
694,2023-01-29T22:00:00Z,1,2023,17,53.88,153.17,37.61,23.32
695,2023-01-29T23:00:00Z,1,2023,18,0.00,0.00,0.00,21.44
696,2023-01-30T00:00:00Z,1,2023,19,0.00,0.00,0.00,20.95
697,2023-01-30T01:00:00Z,1,2023,20,0.00,0.00,0.00,20.34
698,2023-01-30T02:00:00Z,1,2023,21,0.00,0.00,0.00,19.75
699,2023-01-30T03:00:00Z,1,2023,22,0.00,0.00,0.00,19.13
700,2023-01-30T04:00:00Z,1,2023,23,0.00,0.00,0.00,18.16
701,2023-01-30T05:00:00Z,1,2023,0,0.00,0.00,0.00,17.51
702,2023-01-30T06:00:00Z,1,2023,1,0.00,0.00,0.00,17.18
703,2023-01-30T07:00:00Z,1,2023,2,0.00,0.00,0.00,17.04
704,2023-01-30T08:00:00Z,1,2023,3,0.00,0.00,0.00,17.29
705,2023-01-30T09:00:00Z,1,2023,4,0.00,0.00,0.00,17.38
706,2023-01-30T10:00:00Z,1,2023,5,0.00,0.00,0.00,17.54
707,2023-01-30T11:00:00Z,1,2023,6,0.00,0.00,0.00,17.62
708,2023-01-30T12:00:00Z,1,2023,7,25.17,158.57,15.11,18.08
709,2023-01-30T13:00:00Z,1,2023,8,200.12,623.17,46.71,20.31
710,2023-01-30T14:00:00Z,1,2023,9,396.15,791.95,63.73,23.06
711,2023-01-30T15:00:00Z,1,2023,10,560.00,887.75,70.13,26.18
712,2023-01-30T16:00:00Z,1,2023,11,663.75,898.24,82.13,27.92
713,2023-01-30T17:00:00Z,1,2023,12,672.33,802.50,127.25,29.00
714,2023-01-30T18:00:00Z,1,2023,13,542.05,650.30,136.32,29.56
715,2023-01-30T19:00:00Z,1,2023,14,489.20,572.85,164.08,29.68
716,2023-01-30T20:00:00Z,1,2023,15,360.08,656.97,84.92,29.40
717,2023-01-30T21:00:00Z,1,2023,16,219.80,552.18,63.45,28.73
718,2023-01-30T22:00:00Z,1,2023,17,58.38,246.77,30.16,27.14
719,2023-01-30T23:00:00Z,1,2023,18,0.00,0.00,0.00,25.09
720,2023-01-31T00:00:00Z,1,2023,19,0.00,0.00,0.00,23.39
721,2023-01-31T01:00:00Z,1,2023,20,0.00,0.00,0.00,22.18
722,2023-01-31T02:00:00Z,1,2023,21,0.00,0.00,0.00,21.41
723,2023-01-31T03:00:00Z,1,2023,22,0.00,0.00,0.00,20.74
724,2023-01-31T04:00:00Z,1,2023,23,0.00,0.00,0.00,20.14
725,2023-01-31T05:00:00Z,1,2023,0,0.00,0.00,0.00,19.63
726,2023-01-31T06:00:00Z,1,2023,1,0.00,0.00,0.00,19.28
727,2023-01-31T07:00:00Z,1,2023,2,0.00,0.00,0.00,19.16
728,2023-01-31T08:00:00Z,1,2023,3,0.00,0.00,0.00,18.99
729,2023-01-31T09:00:00Z,1,2023,4,0.00,0.00,0.00,18.72
730,2023-01-31T10:00:00Z,1,2023,5,0.00,0.00,0.00,18.32
731,2023-01-31T11:00:00Z,1,2023,6,0.00,0.00,0.00,17.83
732,2023-01-31T12:00:00Z,1,2023,7,24.17,134.82,18.00,18.53
733,2023-01-31T13:00:00Z,1,2023,8,193.32,535.24,59.38,21.01
734,2023-01-31T14:00:00Z,1,2023,9,391.92,728.27,87.88,24.45
735,2023-01-31T15:00:00Z,1,2023,10,557.97,808.89,102.37,26.92
736,2023-01-31T16:00:00Z,1,2023,11,606.15,633.82,195.77,28.17
737,2023-01-31T17:00:00Z,1,2023,12,592.25,471.10,268.58,28.88
738,2023-01-31T18:00:00Z,1,2023,13,542.88,414.21,280.24,29.32
739,2023-01-31T19:00:00Z,1,2023,14,456.80,537.62,170.28,29.39
740,2023-01-31T20:00:00Z,1,2023,15,360.92,473.30,142.35,29.11
741,2023-01-31T21:00:00Z,1,2023,16,214.12,427.90,87.08,28.25
742,2023-01-31T22:00:00Z,1,2023,17,58.35,178.21,35.43,26.21
743,2023-01-31T23:00:00Z,1,2023,18,0.00,0.00,0.00,24.43
744,2023-02-01T00:00:00Z,2,2023,19,0.00,0.00,0.00,22.84
745,2023-02-01T01:00:00Z,2,2023,20,0.00,0.00,0.00,21.48
746,2023-02-01T02:00:00Z,2,2023,21,0.00,0.00,0.00,20.56
747,2023-02-01T03:00:00Z,2,2023,22,0.00,0.00,0.00,19.91
748,2023-02-01T04:00:00Z,2,2023,23,0.00,0.00,0.00,19.62
749,2023-02-01T05:00:00Z,2,2023,0,0.00,0.00,0.00,19.47
750,2023-02-01T06:00:00Z,2,2023,1,0.00,0.00,0.00,19.13
751,2023-02-01T07:00:00Z,2,2023,2,0.00,0.00,0.00,18.56
752,2023-02-01T08:00:00Z,2,2023,3,0.00,0.00,0.00,17.85
753,2023-02-01T09:00:00Z,2,2023,4,0.00,0.00,0.00,17.25
754,2023-02-01T10:00:00Z,2,2023,5,0.00,0.00,0.00,16.72
755,2023-02-01T11:00:00Z,2,2023,6,0.00,0.00,0.00,16.24
756,2023-02-01T12:00:00Z,2,2023,7,24.35,100.61,19.42,17.13
757,2023-02-01T13:00:00Z,2,2023,8,195.32,528.37,61.94,19.86
758,2023-02-01T14:00:00Z,2,2023,9,389.88,711.21,90.77,23.53
759,2023-02-01T15:00:00Z,2,2023,10,554.08,786.08,107.70,25.99
760,2023-02-01T16:00:00Z,2,2023,11,666.15,853.81,102.49,27.21
761,2023-02-01T17:00:00Z,2,2023,12,665.03,710.89,169.60,28.03
762,2023-02-01T18:00:00Z,2,2023,13,603.97,583.21,205.38,28.52
763,2023-02-01T19:00:00Z,2,2023,14,429.08,625.10,122.33,28.62
764,2023-02-01T20:00:00Z,2,2023,15,339.67,537.82,109.50,28.42
765,2023-02-01T21:00:00Z,2,2023,16,202.52,440.99,83.20,27.51
766,2023-02-01T22:00:00Z,2,2023,17,55.45,179.45,35.08,24.72
767,2023-02-01T23:00:00Z,2,2023,18,0.00,0.00,0.00,22.91
768,2023-02-02T00:00:00Z,2,2023,19,0.00,0.00,0.00,21.96
769,2023-02-02T01:00:00Z,2,2023,20,0.00,0.00,0.00,21.10
770,2023-02-02T02:00:00Z,2,2023,21,0.00,0.00,0.00,20.43
771,2023-02-02T03:00:00Z,2,2023,22,0.00,0.00,0.00,19.96
772,2023-02-02T04:00:00Z,2,2023,23,0.00,0.00,0.00,19.50
773,2023-02-02T05:00:00Z,2,2023,0,0.00,0.00,0.00,19.17
774,2023-02-02T06:00:00Z,2,2023,1,0.00,0.00,0.00,19.03
775,2023-02-02T07:00:00Z,2,2023,2,0.00,0.00,0.00,18.64
776,2023-02-02T08:00:00Z,2,2023,3,0.00,0.00,0.00,18.32
777,2023-02-02T09:00:00Z,2,2023,4,0.00,0.00,0.00,18.03
778,2023-02-02T10:00:00Z,2,2023,5,0.00,0.00,0.00,17.41
779,2023-02-02T11:00:00Z,2,2023,6,0.00,0.00,0.00,16.67
780,2023-02-02T12:00:00Z,2,2023,7,25.73,116.32,19.70,17.19
781,2023-02-02T13:00:00Z,2,2023,8,201.48,572.90,57.26,19.40
782,2023-02-02T14:00:00Z,2,2023,9,400.02,741.30,81.59,23.08
783,2023-02-02T15:00:00Z,2,2023,10,566.22,836.44,92.69,26.50
784,2023-02-02T16:00:00Z,2,2023,11,674.78,866.30,99.11,27.77
785,2023-02-02T17:00:00Z,2,2023,12,678.25,738.69,165.33,28.56
786,2023-02-02T18:00:00Z,2,2023,13,597.25,738.65,121.25,29.03
787,2023-02-02T19:00:00Z,2,2023,14,536.60,630.60,164.52,29.21
788,2023-02-02T20:00:00Z,2,2023,15,400.10,570.76,140.64,28.91
789,2023-02-02T21:00:00Z,2,2023,16,228.88,439.70,93.64,27.83
790,2023-02-02T22:00:00Z,2,2023,17,60.92,203.44,38.05,24.68
791,2023-02-02T23:00:00Z,2,2023,18,0.00,0.00,0.00,22.27
792,2023-02-03T00:00:00Z,2,2023,19,0.00,0.00,0.00,21.33
793,2023-02-03T01:00:00Z,2,2023,20,0.00,0.00,0.00,20.40
794,2023-02-03T02:00:00Z,2,2023,21,0.00,0.00,0.00,19.54
795,2023-02-03T03:00:00Z,2,2023,22,0.00,0.00,0.00,18.81
796,2023-02-03T04:00:00Z,2,2023,23,0.00,0.00,0.00,18.22
797,2023-02-03T05:00:00Z,2,2023,0,0.00,0.00,0.00,17.78
798,2023-02-03T06:00:00Z,2,2023,1,0.00,0.00,0.00,17.57
799,2023-02-03T07:00:00Z,2,2023,2,0.00,0.00,0.00,17.60
800,2023-02-03T08:00:00Z,2,2023,3,0.00,0.00,0.00,17.69
801,2023-02-03T09:00:00Z,2,2023,4,0.00,0.00,0.00,17.74
802,2023-02-03T10:00:00Z,2,2023,5,0.00,0.00,0.00,17.74
803,2023-02-03T11:00:00Z,2,2023,6,0.00,0.00,0.00,17.80
804,2023-02-03T12:00:00Z,2,2023,7,15.32,58.88,14.04,19.02
805,2023-02-03T13:00:00Z,2,2023,8,81.85,130.27,54.02,21.38
806,2023-02-03T14:00:00Z,2,2023,9,149.30,125.25,99.13,24.13
807,2023-02-03T15:00:00Z,2,2023,10,208.18,91.80,151.97,26.40
808,2023-02-03T16:00:00Z,2,2023,11,171.18,105.39,107.20,27.35
809,2023-02-03T17:00:00Z,2,2023,12,123.95,44.74,91.12,27.31
810,2023-02-03T18:00:00Z,2,2023,13,146.05,46.02,111.99,25.52
811,2023-02-03T19:00:00Z,2,2023,14,248.25,34.29,207.13,22.45
812,2023-02-03T20:00:00Z,2,2023,15,191.70,112.23,146.27,19.40
813,2023-02-03T21:00:00Z,2,2023,16,112.38,66.33,88.50,17.24
814,2023-02-03T22:00:00Z,2,2023,17,29.00,15.92,25.75,15.44
815,2023-02-03T23:00:00Z,2,2023,18,0.00,0.00,0.00,14.15
816,2023-02-04T00:00:00Z,2,2023,19,0.00,0.00,0.00,13.43
817,2023-02-04T01:00:00Z,2,2023,20,0.00,0.00,0.00,12.81
818,2023-02-04T02:00:00Z,2,2023,21,0.00,0.00,0.00,12.10
819,2023-02-04T03:00:00Z,2,2023,22,0.00,0.00,0.00,11.47
820,2023-02-04T04:00:00Z,2,2023,23,0.00,0.00,0.00,10.95
821,2023-02-04T05:00:00Z,2,2023,0,0.00,0.00,0.00,10.58
822,2023-02-04T06:00:00Z,2,2023,1,0.00,0.00,0.00,10.50
823,2023-02-04T07:00:00Z,2,2023,2,0.00,0.00,0.00,10.97
824,2023-02-04T08:00:00Z,2,2023,3,0.00,0.00,0.00,11.31
825,2023-02-04T09:00:00Z,2,2023,4,0.00,0.00,0.00,12.04
826,2023-02-04T10:00:00Z,2,2023,5,0.00,0.00,0.00,12.09
827,2023-02-04T11:00:00Z,2,2023,6,0.00,0.00,0.00,12.51
828,2023-02-04T12:00:00Z,2,2023,7,32.40,197.78,18.93,14.49
829,2023-02-04T13:00:00Z,2,2023,8,222.02,639.10,58.18,18.00
830,2023-02-04T14:00:00Z,2,2023,9,416.25,709.00,103.92,20.17
831,2023-02-04T15:00:00Z,2,2023,10,582.05,800.51,120.51,21.46
832,2023-02-04T16:00:00Z,2,2023,11,684.38,780.32,153.74,22.21
833,2023-02-04T17:00:00Z,2,2023,12,718.35,804.58,161.29,22.39
834,2023-02-04T18:00:00Z,2,2023,13,671.70,725.95,189.71,22.24
835,2023-02-04T19:00:00Z,2,2023,14,567.78,731.19,145.90,21.87
836,2023-02-04T20:00:00Z,2,2023,15,439.23,696.48,114.17,21.35
837,2023-02-04T21:00:00Z,2,2023,16,268.30,588.44,83.34,20.51
838,2023-02-04T22:00:00Z,2,2023,17,81.78,356.47,33.29,19.27
839,2023-02-04T23:00:00Z,2,2023,18,0.00,0.00,0.00,18.40
840,2023-02-05T00:00:00Z,2,2023,19,0.00,0.00,0.00,18.17
841,2023-02-05T01:00:00Z,2,2023,20,0.00,0.00,0.00,17.97
842,2023-02-05T02:00:00Z,2,2023,21,0.00,0.00,0.00,17.70
843,2023-02-05T03:00:00Z,2,2023,22,0.00,0.00,0.00,17.25
844,2023-02-05T04:00:00Z,2,2023,23,0.00,0.00,0.00,16.61
845,2023-02-05T05:00:00Z,2,2023,0,0.00,0.00,0.00,16.18
846,2023-02-05T06:00:00Z,2,2023,1,0.00,0.00,0.00,15.99
847,2023-02-05T07:00:00Z,2,2023,2,0.00,0.00,0.00,15.86
848,2023-02-05T08:00:00Z,2,2023,3,0.00,0.00,0.00,15.86
849,2023-02-05T09:00:00Z,2,2023,4,0.00,0.00,0.00,15.64
850,2023-02-05T10:00:00Z,2,2023,5,0.00,0.00,0.00,15.69
851,2023-02-05T11:00:00Z,2,2023,6,0.00,0.00,0.00,15.75
852,2023-02-05T12:00:00Z,2,2023,7,21.40,70.13,19.97,17.05
853,2023-02-05T13:00:00Z,2,2023,8,120.93,164.20,75.36,19.48
854,2023-02-05T14:00:00Z,2,2023,9,226.35,231.16,142.40,21.43
855,2023-02-05T15:00:00Z,2,2023,10,343.30,12.63,296.55,22.63
856,2023-02-05T16:00:00Z,2,2023,11,477.38,73.64,372.06,22.80
857,2023-02-05T17:00:00Z,2,2023,12,510.65,208.05,329.20,22.29
858,2023-02-05T18:00:00Z,2,2023,13,508.38,252.93,312.39,21.95
859,2023-02-05T19:00:00Z,2,2023,14,422.30,45.31,354.18,21.56
860,2023-02-05T20:00:00Z,2,2023,15,298.35,25.49,252.67,21.09
861,2023-02-05T21:00:00Z,2,2023,16,170.23,36.94,146.73,20.80
862,2023-02-05T22:00:00Z,2,2023,17,45.45,20.68,40.64,19.56
863,2023-02-05T23:00:00Z,2,2023,18,0.00,0.00,0.00,17.23
864,2023-02-06T00:00:00Z,2,2023,19,0.00,0.00,0.00,16.69
865,2023-02-06T01:00:00Z,2,2023,20,0.00,0.00,0.00,16.20
866,2023-02-06T02:00:00Z,2,2023,21,0.00,0.00,0.00,15.20
867,2023-02-06T03:00:00Z,2,2023,22,0.00,0.00,0.00,14.66
868,2023-02-06T04:00:00Z,2,2023,23,0.00,0.00,0.00,14.26
869,2023-02-06T05:00:00Z,2,2023,0,0.00,0.00,0.00,13.82
870,2023-02-06T06:00:00Z,2,2023,1,0.00,0.00,0.00,13.41
871,2023-02-06T07:00:00Z,2,2023,2,0.00,0.00,0.00,13.03
872,2023-02-06T08:00:00Z,2,2023,3,0.00,0.00,0.00,12.67
873,2023-02-06T09:00:00Z,2,2023,4,0.00,0.00,0.00,12.29
874,2023-02-06T10:00:00Z,2,2023,5,0.00,0.00,0.00,11.84
875,2023-02-06T11:00:00Z,2,2023,6,0.00,0.00,0.00,11.46
876,2023-02-06T12:00:00Z,2,2023,7,35.88,244.35,17.85,12.87
877,2023-02-06T13:00:00Z,2,2023,8,233.10,732.47,43.55,15.50
878,2023-02-06T14:00:00Z,2,2023,9,441.08,881.05,56.73,19.14
879,2023-02-06T15:00:00Z,2,2023,10,611.25,956.84,59.03,21.45
880,2023-02-06T16:00:00Z,2,2023,11,725.92,1001.08,60.94,22.75
881,2023-02-06T17:00:00Z,2,2023,12,769.03,975.79,75.96,23.75
882,2023-02-06T18:00:00Z,2,2023,13,747.78,979.01,73.02,24.39
883,2023-02-06T19:00:00Z,2,2023,14,656.72,945.83,72.97,24.56
884,2023-02-06T20:00:00Z,2,2023,15,505.12,891.57,67.04,24.22
885,2023-02-06T21:00:00Z,2,2023,16,307.48,795.74,53.93,22.96
886,2023-02-06T22:00:00Z,2,2023,17,94.38,430.98,30.34,19.57
887,2023-02-06T23:00:00Z,2,2023,18,0.00,0.00,0.00,16.59
888,2023-02-07T00:00:00Z,2,2023,19,0.00,0.00,0.00,15.26
889,2023-02-07T01:00:00Z,2,2023,20,0.00,0.00,0.00,13.86
890,2023-02-07T02:00:00Z,2,2023,21,0.00,0.00,0.00,12.89
891,2023-02-07T03:00:00Z,2,2023,22,0.00,0.00,0.00,12.35
892,2023-02-07T04:00:00Z,2,2023,23,0.00,0.00,0.00,12.07
893,2023-02-07T05:00:00Z,2,2023,0,0.00,0.00,0.00,11.94
894,2023-02-07T06:00:00Z,2,2023,1,0.00,0.00,0.00,11.90
895,2023-02-07T07:00:00Z,2,2023,2,0.00,0.00,0.00,11.99
896,2023-02-07T08:00:00Z,2,2023,3,0.00,0.00,0.00,12.03
897,2023-02-07T09:00:00Z,2,2023,4,0.00,0.00,0.00,12.03
898,2023-02-07T10:00:00Z,2,2023,5,0.00,0.00,0.00,11.92
899,2023-02-07T11:00:00Z,2,2023,6,0.00,0.00,0.00,11.83
900,2023-02-07T12:00:00Z,2,2023,7,39.03,275.35,18.30,13.71
901,2023-02-07T13:00:00Z,2,2023,8,240.38,741.14,44.67,18.41
902,2023-02-07T14:00:00Z,2,2023,9,449.73,887.86,58.75,21.40
903,2023-02-07T15:00:00Z,2,2023,10,619.72,971.92,60.69,23.09
904,2023-02-07T16:00:00Z,2,2023,11,733.55,1002.68,61.86,24.32
905,2023-02-07T17:00:00Z,2,2023,12,766.20,971.65,78.14,25.15
906,2023-02-07T18:00:00Z,2,2023,13,736.30,967.07,77.12,25.54
907,2023-02-07T19:00:00Z,2,2023,14,656.62,931.39,79.25,25.40
908,2023-02-07T20:00:00Z,2,2023,15,498.83,847.70,82.34,24.73
909,2023-02-07T21:00:00Z,2,2023,16,300.73,718.44,76.33,23.43
910,2023-02-07T22:00:00Z,2,2023,17,90.62,328.95,42.21,20.84
911,2023-02-07T23:00:00Z,2,2023,18,0.00,0.00,0.00,18.23
912,2023-02-08T00:00:00Z,2,2023,19,0.00,0.00,0.00,17.45
913,2023-02-08T01:00:00Z,2,2023,20,0.00,0.00,0.00,16.71
914,2023-02-08T02:00:00Z,2,2023,21,0.00,0.00,0.00,16.10
915,2023-02-08T03:00:00Z,2,2023,22,0.00,0.00,0.00,15.66
916,2023-02-08T04:00:00Z,2,2023,23,0.00,0.00,0.00,15.36
917,2023-02-08T05:00:00Z,2,2023,0,0.00,0.00,0.00,15.04
918,2023-02-08T06:00:00Z,2,2023,1,0.00,0.00,0.00,14.71
919,2023-02-08T07:00:00Z,2,2023,2,0.00,0.00,0.00,14.40
920,2023-02-08T08:00:00Z,2,2023,3,0.00,0.00,0.00,14.41
921,2023-02-08T09:00:00Z,2,2023,4,0.00,0.00,0.00,14.71
922,2023-02-08T10:00:00Z,2,2023,5,0.00,0.00,0.00,14.92
923,2023-02-08T11:00:00Z,2,2023,6,0.00,0.00,0.00,14.78
924,2023-02-08T12:00:00Z,2,2023,7,38.38,235.50,19.25,15.55
925,2023-02-08T13:00:00Z,2,2023,8,235.10,689.45,50.09,18.99
926,2023-02-08T14:00:00Z,2,2023,9,440.75,847.96,66.88,22.66
927,2023-02-08T15:00:00Z,2,2023,10,610.35,906.32,79.24,24.30
928,2023-02-08T16:00:00Z,2,2023,11,724.15,952.88,81.34,25.41
929,2023-02-08T17:00:00Z,2,2023,12,754.88,875.52,124.11,26.20
930,2023-02-08T18:00:00Z,2,2023,13,720.05,843.30,127.88,26.62
931,2023-02-08T19:00:00Z,2,2023,14,636.15,859.61,99.86,26.60
932,2023-02-08T20:00:00Z,2,2023,15,487.58,810.39,90.07,26.11
933,2023-02-08T21:00:00Z,2,2023,16,295.12,678.89,69.54,24.86
934,2023-02-08T22:00:00Z,2,2023,17,90.93,362.80,35.99,22.39
935,2023-02-08T23:00:00Z,2,2023,18,0.00,0.00,0.00,19.87
936,2023-02-09T00:00:00Z,2,2023,19,0.00,0.00,0.00,19.09
937,2023-02-09T01:00:00Z,2,2023,20,0.00,0.00,0.00,18.28
938,2023-02-09T02:00:00Z,2,2023,21,0.00,0.00,0.00,17.58
939,2023-02-09T03:00:00Z,2,2023,22,0.00,0.00,0.00,17.14
940,2023-02-09T04:00:00Z,2,2023,23,0.00,0.00,0.00,16.83
941,2023-02-09T05:00:00Z,2,2023,0,0.00,0.00,0.00,16.59
942,2023-02-09T06:00:00Z,2,2023,1,0.00,0.00,0.00,16.49
943,2023-02-09T07:00:00Z,2,2023,2,0.00,0.00,0.00,16.36
944,2023-02-09T08:00:00Z,2,2023,3,0.00,0.00,0.00,16.29
945,2023-02-09T09:00:00Z,2,2023,4,0.00,0.00,0.00,16.11
946,2023-02-09T10:00:00Z,2,2023,5,0.00,0.00,0.00,15.63
947,2023-02-09T11:00:00Z,2,2023,6,0.00,0.00,0.00,15.16
948,2023-02-09T12:00:00Z,2,2023,7,36.97,179.34,23.84,17.00
949,2023-02-09T13:00:00Z,2,2023,8,222.70,575.04,68.55,21.06
950,2023-02-09T14:00:00Z,2,2023,9,422.58,717.80,102.85,24.36
951,2023-02-09T15:00:00Z,2,2023,10,586.40,786.76,124.57,26.39
952,2023-02-09T16:00:00Z,2,2023,11,653.00,539.84,274.52,27.80
953,2023-02-09T17:00:00Z,2,2023,12,597.38,244.76,388.38,28.75
954,2023-02-09T18:00:00Z,2,2023,13,581.85,422.77,264.02,29.26
955,2023-02-09T19:00:00Z,2,2023,14,470.85,230.55,297.49,29.23
956,2023-02-09T20:00:00Z,2,2023,15,328.27,241.97,209.37,28.91
957,2023-02-09T21:00:00Z,2,2023,16,179.50,367.05,75.29,27.87
958,2023-02-09T22:00:00Z,2,2023,17,60.17,196.96,36.43,25.40
959,2023-02-09T23:00:00Z,2,2023,18,0.00,0.00,0.00,23.21
960,2023-02-10T00:00:00Z,2,2023,19,0.00,0.00,0.00,22.26
961,2023-02-10T01:00:00Z,2,2023,20,0.00,0.00,0.00,21.64
962,2023-02-10T02:00:00Z,2,2023,21,0.00,0.00,0.00,21.16
963,2023-02-10T03:00:00Z,2,2023,22,0.00,0.00,0.00,20.82
964,2023-02-10T04:00:00Z,2,2023,23,0.00,0.00,0.00,20.61
965,2023-02-10T05:00:00Z,2,2023,0,0.00,0.00,0.00,20.38
966,2023-02-10T06:00:00Z,2,2023,1,0.00,0.00,0.00,20.15
967,2023-02-10T07:00:00Z,2,2023,2,0.00,0.00,0.00,20.08
968,2023-02-10T08:00:00Z,2,2023,3,0.00,0.00,0.00,20.13
969,2023-02-10T09:00:00Z,2,2023,4,0.00,0.00,0.00,20.05
970,2023-02-10T10:00:00Z,2,2023,5,0.00,0.00,0.00,19.69
971,2023-02-10T11:00:00Z,2,2023,6,0.00,0.00,0.00,19.31
972,2023-02-10T12:00:00Z,2,2023,7,35.40,143.27,24.39,20.34
973,2023-02-10T13:00:00Z,2,2023,8,209.80,547.51,65.10,22.12
974,2023-02-10T14:00:00Z,2,2023,9,396.20,684.58,89.48,24.13
975,2023-02-10T15:00:00Z,2,2023,10,569.35,780.08,130.85,26.11
976,2023-02-10T16:00:00Z,2,2023,11,540.95,565.91,192.69,27.34
977,2023-02-10T17:00:00Z,2,2023,12,667.65,433.48,335.86,28.11
978,2023-02-10T18:00:00Z,2,2023,13,547.25,499.63,204.95,28.56
979,2023-02-10T19:00:00Z,2,2023,14,480.70,468.43,205.98,28.81
980,2023-02-10T20:00:00Z,2,2023,15,373.42,542.58,133.33,28.64
981,2023-02-10T21:00:00Z,2,2023,16,220.48,389.48,104.18,27.82
982,2023-02-10T22:00:00Z,2,2023,17,67.50,174.24,48.61,25.67
983,2023-02-10T23:00:00Z,2,2023,18,0.00,0.00,0.00,24.47
984,2023-02-11T00:00:00Z,2,2023,19,0.00,0.00,0.00,23.83
985,2023-02-11T01:00:00Z,2,2023,20,0.00,0.00,0.00,23.00
986,2023-02-11T02:00:00Z,2,2023,21,0.00,0.00,0.00,22.28
987,2023-02-11T03:00:00Z,2,2023,22,0.00,0.00,0.00,21.57
988,2023-02-11T04:00:00Z,2,2023,23,0.00,0.00,0.00,20.98
989,2023-02-11T05:00:00Z,2,2023,0,0.00,0.00,0.00,20.57
990,2023-02-11T06:00:00Z,2,2023,1,0.00,0.00,0.00,20.37
991,2023-02-11T07:00:00Z,2,2023,2,0.00,0.00,0.00,20.16
992,2023-02-11T08:00:00Z,2,2023,3,0.00,0.00,0.00,19.92
993,2023-02-11T09:00:00Z,2,2023,4,0.00,0.00,0.00,19.72
994,2023-02-11T10:00:00Z,2,2023,5,0.00,0.00,0.00,19.55
995,2023-02-11T11:00:00Z,2,2023,6,0.00,0.00,0.00,19.55
996,2023-02-11T12:00:00Z,2,2023,7,26.02,50.23,24.93,20.26
997,2023-02-11T13:00:00Z,2,2023,8,145.38,128.60,100.39,21.56
998,2023-02-11T14:00:00Z,2,2023,9,286.33,285.53,173.91,22.57
999,2023-02-11T15:00:00Z,2,2023,10,429.60,345.51,234.82,23.95
1000,2023-02-11T16:00:00Z,2,2023,11,492.73,182.77,335.91,25.40
1001,2023-02-11T17:00:00Z,2,2023,12,500.70,51.08,402.87,26.44
1002,2023-02-11T18:00:00Z,2,2023,13,451.00,12.78,373.82,27.18
1003,2023-02-11T19:00:00Z,2,2023,14,303.98,1.14,258.69,27.52
1004,2023-02-11T20:00:00Z,2,2023,15,202.50,0.83,175.56,27.36
1005,2023-02-11T21:00:00Z,2,2023,16,125.43,0.41,107.09,26.57
1006,2023-02-11T22:00:00Z,2,2023,17,40.33,0.00,35.19,25.33
1007,2023-02-11T23:00:00Z,2,2023,18,0.00,0.00,0.00,24.57
1008,2023-02-12T00:00:00Z,2,2023,19,0.00,0.00,0.00,23.88
1009,2023-02-12T01:00:00Z,2,2023,20,0.00,0.00,0.00,23.04
1010,2023-02-12T02:00:00Z,2,2023,21,0.00,0.00,0.00,22.45
1011,2023-02-12T03:00:00Z,2,2023,22,0.00,0.00,0.00,21.86
1012,2023-02-12T04:00:00Z,2,2023,23,0.00,0.00,0.00,21.14
1013,2023-02-12T05:00:00Z,2,2023,0,0.00,0.00,0.00,20.26
1014,2023-02-12T06:00:00Z,2,2023,1,0.00,0.00,0.00,19.17
1015,2023-02-12T07:00:00Z,2,2023,2,0.00,0.00,0.00,18.02
1016,2023-02-12T08:00:00Z,2,2023,3,0.00,0.00,0.00,17.32
1017,2023-02-12T09:00:00Z,2,2023,4,0.00,0.00,0.00,16.91
1018,2023-02-12T10:00:00Z,2,2023,5,0.00,0.00,0.00,16.51
1019,2023-02-12T11:00:00Z,2,2023,6,0.00,0.00,0.00,16.09
1020,2023-02-12T12:00:00Z,2,2023,7,21.50,68.17,19.28,16.10
1021,2023-02-12T13:00:00Z,2,2023,8,120.28,161.28,74.56,18.01
1022,2023-02-12T14:00:00Z,2,2023,9,250.27,221.33,159.78,19.80
1023,2023-02-12T15:00:00Z,2,2023,10,367.90,260.36,218.11,20.54
1024,2023-02-12T16:00:00Z,2,2023,11,350.15,143.15,235.99,20.28
1025,2023-02-12T17:00:00Z,2,2023,12,355.95,61.89,262.63,19.34
1026,2023-02-12T18:00:00Z,2,2023,13,420.08,120.31,299.87,19.87
1027,2023-02-12T19:00:00Z,2,2023,14,377.77,154.12,250.99,20.33
1028,2023-02-12T20:00:00Z,2,2023,15,351.70,290.58,205.41,19.74
1029,2023-02-12T21:00:00Z,2,2023,16,219.10,266.19,135.15,18.35
1030,2023-02-12T22:00:00Z,2,2023,17,80.35,212.07,48.33,16.49
1031,2023-02-12T23:00:00Z,2,2023,18,0.00,0.00,0.00,15.05
1032,2023-02-13T00:00:00Z,2,2023,19,0.00,0.00,0.00,14.55
1033,2023-02-13T01:00:00Z,2,2023,20,0.00,0.00,0.00,14.15
1034,2023-02-13T02:00:00Z,2,2023,21,0.00,0.00,0.00,13.70
1035,2023-02-13T03:00:00Z,2,2023,22,0.00,0.00,0.00,13.14
1036,2023-02-13T04:00:00Z,2,2023,23,0.00,0.00,0.00,12.32
1037,2023-02-13T05:00:00Z,2,2023,0,0.00,0.00,0.00,11.30
1038,2023-02-13T06:00:00Z,2,2023,1,0.00,0.00,0.00,10.54
1039,2023-02-13T07:00:00Z,2,2023,2,0.00,0.00,0.00,9.90
1040,2023-02-13T08:00:00Z,2,2023,3,0.00,0.00,0.00,9.25
1041,2023-02-13T09:00:00Z,2,2023,4,0.00,0.00,0.00,8.60
1042,2023-02-13T10:00:00Z,2,2023,5,0.00,0.00,0.00,8.06
1043,2023-02-13T11:00:00Z,2,2023,6,0.00,0.00,0.00,7.75
1044,2023-02-13T12:00:00Z,2,2023,7,50.08,344.63,20.05,8.87
1045,2023-02-13T13:00:00Z,2,2023,8,264.92,775.55,46.07,11.39
1046,2023-02-13T14:00:00Z,2,2023,9,481.23,922.00,57.32,13.83
1047,2023-02-13T15:00:00Z,2,2023,10,656.17,978.81,64.42,16.17
1048,2023-02-13T16:00:00Z,2,2023,11,772.90,1016.21,64.35,18.25
1049,2023-02-13T17:00:00Z,2,2023,12,818.55,1015.01,71.05,19.93
1050,2023-02-13T18:00:00Z,2,2023,13,795.08,1012.26,70.04,21.12
1051,2023-02-13T19:00:00Z,2,2023,14,701.88,985.02,69.64,21.75
1052,2023-02-13T20:00:00Z,2,2023,15,545.95,934.10,64.41,21.78
1053,2023-02-13T21:00:00Z,2,2023,16,341.92,850.88,54.09,21.02
1054,2023-02-13T22:00:00Z,2,2023,17,120.57,552.89,34.31,17.89
1055,2023-02-13T23:00:00Z,2,2023,18,0.00,0.00,0.00,14.57
1056,2023-02-14T00:00:00Z,2,2023,19,0.00,0.00,0.00,13.46
1057,2023-02-14T01:00:00Z,2,2023,20,0.00,0.00,0.00,12.42
1058,2023-02-14T02:00:00Z,2,2023,21,0.00,0.00,0.00,11.47
1059,2023-02-14T03:00:00Z,2,2023,22,0.00,0.00,0.00,10.64
1060,2023-02-14T04:00:00Z,2,2023,23,0.00,0.00,0.00,9.92
1061,2023-02-14T05:00:00Z,2,2023,0,0.00,0.00,0.00,9.29
1062,2023-02-14T06:00:00Z,2,2023,1,0.00,0.00,0.00,8.73
1063,2023-02-14T07:00:00Z,2,2023,2,0.00,0.00,0.00,8.25
1064,2023-02-14T08:00:00Z,2,2023,3,0.00,0.00,0.00,7.82
1065,2023-02-14T09:00:00Z,2,2023,4,0.00,0.00,0.00,7.42
1066,2023-02-14T10:00:00Z,2,2023,5,0.00,0.00,0.00,7.10
1067,2023-02-14T11:00:00Z,2,2023,6,0.00,0.00,0.00,6.85
1068,2023-02-14T12:00:00Z,2,2023,7,50.95,322.95,21.68,8.96
1069,2023-02-14T13:00:00Z,2,2023,8,263.23,738.01,51.62,12.37
1070,2023-02-14T14:00:00Z,2,2023,9,476.23,881.17,66.42,16.56
1071,2023-02-14T15:00:00Z,2,2023,10,651.62,949.64,74.21,20.98
1072,2023-02-14T16:00:00Z,2,2023,11,767.90,977.10,79.34,22.69
1073,2023-02-14T17:00:00Z,2,2023,12,816.78,991.11,80.77,23.96
1074,2023-02-14T18:00:00Z,2,2023,13,790.60,981.21,81.31,24.76
1075,2023-02-14T19:00:00Z,2,2023,14,694.67,952.48,79.16,25.17
1076,2023-02-14T20:00:00Z,2,2023,15,536.62,882.95,76.42,24.95
1077,2023-02-14T21:00:00Z,2,2023,16,331.67,768.32,64.23,23.97
1078,2023-02-14T22:00:00Z,2,2023,17,116.20,476.81,39.43,20.61
1079,2023-02-14T23:00:00Z,2,2023,18,0.00,0.00,0.00,17.45
1080,2023-02-15T00:00:00Z,2,2023,19,0.00,0.00,0.00,16.83
1081,2023-02-15T01:00:00Z,2,2023,20,0.00,0.00,0.00,16.33
1082,2023-02-15T02:00:00Z,2,2023,21,0.00,0.00,0.00,15.85
1083,2023-02-15T03:00:00Z,2,2023,22,0.00,0.00,0.00,15.42
1084,2023-02-15T04:00:00Z,2,2023,23,0.00,0.00,0.00,14.98
1085,2023-02-15T05:00:00Z,2,2023,0,0.00,0.00,0.00,14.48
1086,2023-02-15T06:00:00Z,2,2023,1,0.00,0.00,0.00,13.98
1087,2023-02-15T07:00:00Z,2,2023,2,0.00,0.00,0.00,13.55
1088,2023-02-15T08:00:00Z,2,2023,3,0.00,0.00,0.00,13.29
1089,2023-02-15T09:00:00Z,2,2023,4,0.00,0.00,0.00,13.30
1090,2023-02-15T10:00:00Z,2,2023,5,0.00,0.00,0.00,13.36
1091,2023-02-15T11:00:00Z,2,2023,6,0.00,0.00,0.00,13.12
1092,2023-02-15T12:00:00Z,2,2023,7,51.38,303.74,22.48,15.12
1093,2023-02-15T13:00:00Z,2,2023,8,257.92,687.74,56.20,19.19
1094,2023-02-15T14:00:00Z,2,2023,9,463.52,822.97,80.39,23.35
1095,2023-02-15T15:00:00Z,2,2023,10,630.92,850.48,103.12,25.29
1096,2023-02-15T16:00:00Z,2,2023,11,702.60,751.04,185.55,26.63
1097,2023-02-15T17:00:00Z,2,2023,12,731.30,717.89,197.25,27.67
1098,2023-02-15T18:00:00Z,2,2023,13,720.17,771.77,172.66,28.39
1099,2023-02-15T19:00:00Z,2,2023,14,644.75,757.69,151.71,28.66
1100,2023-02-15T20:00:00Z,2,2023,15,498.20,719.94,120.11,28.43
1101,2023-02-15T21:00:00Z,2,2023,16,306.73,615.58,90.02,27.44
1102,2023-02-15T22:00:00Z,2,2023,17,108.20,347.61,46.84,24.47
1103,2023-02-15T23:00:00Z,2,2023,18,0.00,0.00,0.00,21.47
1104,2023-02-16T00:00:00Z,2,2023,19,0.00,0.00,0.00,20.86
1105,2023-02-16T01:00:00Z,2,2023,20,0.00,0.00,0.00,20.00
1106,2023-02-16T02:00:00Z,2,2023,21,0.00,0.00,0.00,19.28
1107,2023-02-16T03:00:00Z,2,2023,22,0.00,0.00,0.00,18.73
1108,2023-02-16T04:00:00Z,2,2023,23,0.00,0.00,0.00,18.38
1109,2023-02-16T05:00:00Z,2,2023,0,0.00,0.00,0.00,18.21
1110,2023-02-16T06:00:00Z,2,2023,1,0.00,0.00,0.00,18.10
1111,2023-02-16T07:00:00Z,2,2023,2,0.00,0.00,0.00,17.94
1112,2023-02-16T08:00:00Z,2,2023,3,0.00,0.00,0.00,17.73
1113,2023-02-16T09:00:00Z,2,2023,4,0.00,0.00,0.00,17.54
1114,2023-02-16T10:00:00Z,2,2023,5,0.00,0.00,0.00,17.63
1115,2023-02-16T11:00:00Z,2,2023,6,0.00,0.00,0.00,17.27
1116,2023-02-16T12:00:00Z,2,2023,7,45.03,150.23,31.58,19.11
1117,2023-02-16T13:00:00Z,2,2023,8,240.30,575.82,83.48,22.33
1118,2023-02-16T14:00:00Z,2,2023,9,439.05,734.27,110.15,25.10
1119,2023-02-16T15:00:00Z,2,2023,10,611.47,810.30,120.74,26.65
1120,2023-02-16T16:00:00Z,2,2023,11,687.42,734.11,187.20,27.87
1121,2023-02-16T17:00:00Z,2,2023,12,663.97,655.27,213.01,28.86
1122,2023-02-16T18:00:00Z,2,2023,13,681.35,610.83,238.51,29.56
1123,2023-02-16T19:00:00Z,2,2023,14,506.70,616.02,144.38,29.82
1124,2023-02-16T20:00:00Z,2,2023,15,457.08,610.86,142.61,29.54
1125,2023-02-16T21:00:00Z,2,2023,16,284.38,509.08,102.89,28.61
1126,2023-02-16T22:00:00Z,2,2023,17,105.10,317.49,52.25,25.87
1127,2023-02-16T23:00:00Z,2,2023,18,0.00,0.00,0.00,23.12
1128,2023-02-17T00:00:00Z,2,2023,19,0.00,0.00,0.00,22.26
1129,2023-02-17T01:00:00Z,2,2023,20,0.00,0.00,0.00,21.47
1130,2023-02-17T02:00:00Z,2,2023,21,0.00,0.00,0.00,20.68
1131,2023-02-17T03:00:00Z,2,2023,22,0.00,0.00,0.00,19.89
1132,2023-02-17T04:00:00Z,2,2023,23,0.00,0.00,0.00,19.19
1133,2023-02-17T05:00:00Z,2,2023,0,0.00,0.00,0.00,18.67
1134,2023-02-17T06:00:00Z,2,2023,1,0.00,0.00,0.00,18.30
1135,2023-02-17T07:00:00Z,2,2023,2,0.00,0.00,0.00,17.94
1136,2023-02-17T08:00:00Z,2,2023,3,0.00,0.00,0.00,17.82
1137,2023-02-17T09:00:00Z,2,2023,4,0.00,0.00,0.00,17.83
1138,2023-02-17T10:00:00Z,2,2023,5,0.00,0.00,0.00,18.08
1139,2023-02-17T11:00:00Z,2,2023,6,0.00,0.00,0.00,17.98
1140,2023-02-17T12:00:00Z,2,2023,7,49.80,204.26,28.15,19.58
1141,2023-02-17T13:00:00Z,2,2023,8,251.05,614.95,66.98,22.46
1142,2023-02-17T14:00:00Z,2,2023,9,455.60,784.25,82.66,25.50
1143,2023-02-17T15:00:00Z,2,2023,10,626.90,858.53,94.03,27.75
1144,2023-02-17T16:00:00Z,2,2023,11,733.40,872.43,117.56,29.32
1145,2023-02-17T17:00:00Z,2,2023,12,762.55,820.14,146.10,30.40
1146,2023-02-17T18:00:00Z,2,2023,13,623.12,350.17,338.46,31.01
1147,2023-02-17T19:00:00Z,2,2023,14,500.25,649.22,127.00,31.02
1148,2023-02-17T20:00:00Z,2,2023,15,441.35,514.29,178.37,30.43
1149,2023-02-17T21:00:00Z,2,2023,16,245.27,499.93,86.49,29.34
1150,2023-02-17T22:00:00Z,2,2023,17,88.70,243.13,46.09,27.38
1151,2023-02-17T23:00:00Z,2,2023,18,0.00,0.00,0.00,25.09
1152,2023-02-18T00:00:00Z,2,2023,19,0.00,0.00,0.00,24.25
1153,2023-02-18T01:00:00Z,2,2023,20,0.00,0.00,0.00,23.40
1154,2023-02-18T02:00:00Z,2,2023,21,0.00,0.00,0.00,22.78
1155,2023-02-18T03:00:00Z,2,2023,22,0.00,0.00,0.00,21.90
1156,2023-02-18T04:00:00Z,2,2023,23,0.00,0.00,0.00,21.27
1157,2023-02-18T05:00:00Z,2,2023,0,0.00,0.00,0.00,19.89
1158,2023-02-18T06:00:00Z,2,2023,1,0.00,0.00,0.00,17.69
1159,2023-02-18T07:00:00Z,2,2023,2,0.00,0.00,0.00,15.86
1160,2023-02-18T08:00:00Z,2,2023,3,0.00,0.00,0.00,14.90
1161,2023-02-18T09:00:00Z,2,2023,4,0.00,0.00,0.00,14.25
1162,2023-02-18T10:00:00Z,2,2023,5,0.00,0.00,0.00,13.34
1163,2023-02-18T11:00:00Z,2,2023,6,0.00,0.00,0.00,12.38
1164,2023-02-18T12:00:00Z,2,2023,7,45.85,104.56,37.68,12.06
1165,2023-02-18T13:00:00Z,2,2023,8,241.12,500.96,104.28,13.39
1166,2023-02-18T14:00:00Z,2,2023,9,462.33,763.83,106.49,15.73
1167,2023-02-18T15:00:00Z,2,2023,10,649.62,903.92,83.34,18.26
1168,2023-02-18T16:00:00Z,2,2023,11,767.60,952.69,81.97,20.28
1169,2023-02-18T17:00:00Z,2,2023,12,796.42,869.20,126.33,21.57
1170,2023-02-18T18:00:00Z,2,2023,13,769.12,838.75,138.97,22.25
1171,2023-02-18T19:00:00Z,2,2023,14,679.30,824.40,131.93,22.29
1172,2023-02-18T20:00:00Z,2,2023,15,522.20,748.61,119.96,21.78
1173,2023-02-18T21:00:00Z,2,2023,16,327.15,668.07,81.04,20.73
1174,2023-02-18T22:00:00Z,2,2023,17,123.15,421.11,45.63,19.07
1175,2023-02-18T23:00:00Z,2,2023,18,0.00,0.00,0.00,16.93
1176,2023-02-19T00:00:00Z,2,2023,19,0.00,0.00,0.00,16.05
1177,2023-02-19T01:00:00Z,2,2023,20,0.00,0.00,0.00,15.44
1178,2023-02-19T02:00:00Z,2,2023,21,0.00,0.00,0.00,15.04
1179,2023-02-19T03:00:00Z,2,2023,22,0.00,0.00,0.00,14.80
1180,2023-02-19T04:00:00Z,2,2023,23,0.00,0.00,0.00,14.60
1181,2023-02-19T05:00:00Z,2,2023,0,0.00,0.00,0.00,14.42
1182,2023-02-19T06:00:00Z,2,2023,1,0.00,0.00,0.00,14.24
1183,2023-02-19T07:00:00Z,2,2023,2,0.00,0.00,0.00,14.11
1184,2023-02-19T08:00:00Z,2,2023,3,0.00,0.00,0.00,14.12
1185,2023-02-19T09:00:00Z,2,2023,4,0.00,0.00,0.00,14.23
1186,2023-02-19T10:00:00Z,2,2023,5,0.00,0.00,0.00,14.30
1187,2023-02-19T11:00:00Z,2,2023,6,0.00,0.00,0.00,14.38
1188,2023-02-19T12:00:00Z,2,2023,7,49.20,175.24,31.10,16.87
1189,2023-02-19T13:00:00Z,2,2023,8,233.90,557.96,75.93,20.45
1190,2023-02-19T14:00:00Z,2,2023,9,427.70,705.26,99.18,24.11
1191,2023-02-19T15:00:00Z,2,2023,10,602.83,788.04,123.08,26.22
1192,2023-02-19T16:00:00Z,2,2023,11,686.17,661.89,206.68,27.43
1193,2023-02-19T17:00:00Z,2,2023,12,671.92,568.97,234.90,28.44
1194,2023-02-19T18:00:00Z,2,2023,13,634.40,702.06,139.94,29.02
1195,2023-02-19T19:00:00Z,2,2023,14,551.53,509.72,203.57,29.23
1196,2023-02-19T20:00:00Z,2,2023,15,374.12,358.07,181.13,29.01
1197,2023-02-19T21:00:00Z,2,2023,16,230.48,329.34,117.60,28.26
1198,2023-02-19T22:00:00Z,2,2023,17,90.70,175.54,58.98,26.25
1199,2023-02-19T23:00:00Z,2,2023,18,0.00,0.00,0.00,23.75
1200,2023-02-20T00:00:00Z,2,2023,19,0.00,0.00,0.00,22.62
1201,2023-02-20T01:00:00Z,2,2023,20,0.00,0.00,0.00,21.18
1202,2023-02-20T02:00:00Z,2,2023,21,0.00,0.00,0.00,20.42
1203,2023-02-20T03:00:00Z,2,2023,22,0.00,0.00,0.00,19.53
1204,2023-02-20T04:00:00Z,2,2023,23,0.00,0.00,0.00,18.25
1205,2023-02-20T05:00:00Z,2,2023,0,0.00,0.00,0.00,17.14
1206,2023-02-20T06:00:00Z,2,2023,1,0.00,0.00,0.00,16.31
1207,2023-02-20T07:00:00Z,2,2023,2,0.00,0.00,0.00,15.59
1208,2023-02-20T08:00:00Z,2,2023,3,0.00,0.00,0.00,14.90
1209,2023-02-20T09:00:00Z,2,2023,4,0.00,0.00,0.00,14.36
1210,2023-02-20T10:00:00Z,2,2023,5,0.00,0.00,0.00,14.84
1211,2023-02-20T11:00:00Z,2,2023,6,0.00,0.00,0.00,14.66
1212,2023-02-20T12:00:00Z,2,2023,7,48.47,99.62,41.67,15.71
1213,2023-02-20T13:00:00Z,2,2023,8,230.10,408.63,113.72,18.51
1214,2023-02-20T14:00:00Z,2,2023,9,429.30,554.76,169.19,21.65
1215,2023-02-20T15:00:00Z,2,2023,10,604.65,686.37,174.77,24.26
1216,2023-02-20T16:00:00Z,2,2023,11,681.97,571.46,286.51,26.45
1217,2023-02-20T17:00:00Z,2,2023,12,753.20,661.63,251.80,28.15
1218,2023-02-20T18:00:00Z,2,2023,13,765.55,853.48,141.45,29.11
1219,2023-02-20T19:00:00Z,2,2023,14,675.97,821.73,118.89,29.10
1220,2023-02-20T20:00:00Z,2,2023,15,527.08,775.10,101.05,28.25
1221,2023-02-20T21:00:00Z,2,2023,16,322.45,616.88,97.97,26.87
1222,2023-02-20T22:00:00Z,2,2023,17,120.15,354.95,57.50,24.77
1223,2023-02-20T23:00:00Z,2,2023,18,0.00,0.00,0.00,21.79
1224,2023-02-21T00:00:00Z,2,2023,19,0.00,0.00,0.00,20.36
1225,2023-02-21T01:00:00Z,2,2023,20,0.00,0.00,0.00,19.14
1226,2023-02-21T02:00:00Z,2,2023,21,0.00,0.00,0.00,18.17
1227,2023-02-21T03:00:00Z,2,2023,22,0.00,0.00,0.00,17.53
1228,2023-02-21T04:00:00Z,2,2023,23,0.00,0.00,0.00,17.17
1229,2023-02-21T05:00:00Z,2,2023,0,0.00,0.00,0.00,16.91
1230,2023-02-21T06:00:00Z,2,2023,1,0.00,0.00,0.00,16.69
1231,2023-02-21T07:00:00Z,2,2023,2,0.00,0.00,0.00,16.49
1232,2023-02-21T08:00:00Z,2,2023,3,0.00,0.00,0.00,16.43
1233,2023-02-21T09:00:00Z,2,2023,4,0.00,0.00,0.00,16.38
1234,2023-02-21T10:00:00Z,2,2023,5,0.00,0.00,0.00,15.97
1235,2023-02-21T11:00:00Z,2,2023,6,0.00,0.00,0.00,15.80
1236,2023-02-21T12:00:00Z,2,2023,7,56.83,187.14,37.93,18.13
1237,2023-02-21T13:00:00Z,2,2023,8,255.32,530.56,92.71,21.30
1238,2023-02-21T14:00:00Z,2,2023,9,462.95,777.14,99.19,24.24
1239,2023-02-21T15:00:00Z,2,2023,10,655.62,909.27,85.69,26.62
1240,2023-02-21T16:00:00Z,2,2023,11,767.62,921.35,96.44,28.46
1241,2023-02-21T17:00:00Z,2,2023,12,789.70,972.61,190.77,29.67
1242,2023-02-21T18:00:00Z,2,2023,13,733.12,679.30,241.15,30.31
1243,2023-02-21T19:00:00Z,2,2023,14,655.05,726.46,174.36,30.44
1244,2023-02-21T20:00:00Z,2,2023,15,486.40,579.80,210.14,29.89
1245,2023-02-21T21:00:00Z,2,2023,16,302.88,416.90,166.27,28.74
1246,2023-02-21T22:00:00Z,2,2023,17,116.60,198.78,79.54,26.49
1247,2023-02-21T23:00:00Z,2,2023,18,0.00,0.00,0.00,23.01
1248,2023-02-22T00:00:00Z,2,2023,19,0.00,0.00,0.00,21.77
1249,2023-02-22T01:00:00Z,2,2023,20,0.00,0.00,0.00,20.66
1250,2023-02-22T02:00:00Z,2,2023,21,0.00,0.00,0.00,19.65
1251,2023-02-22T03:00:00Z,2,2023,22,0.00,0.00,0.00,18.79
1252,2023-02-22T04:00:00Z,2,2023,23,0.00,0.00,0.00,18.06
1253,2023-02-22T05:00:00Z,2,2023,0,0.00,0.00,0.00,17.41
1254,2023-02-22T06:00:00Z,2,2023,1,0.00,0.00,0.00,16.87
1255,2023-02-22T07:00:00Z,2,2023,2,0.00,0.00,0.00,16.47
1256,2023-02-22T08:00:00Z,2,2023,3,0.00,0.00,0.00,16.35
1257,2023-02-22T09:00:00Z,2,2023,4,0.00,0.00,0.00,16.43
1258,2023-02-22T10:00:00Z,2,2023,5,0.00,0.00,0.00,16.52
1259,2023-02-22T11:00:00Z,2,2023,6,0.00,0.00,0.00,16.51
1260,2023-02-22T12:00:00Z,2,2023,7,60.45,219.15,33.56,18.09
1261,2023-02-22T13:00:00Z,2,2023,8,260.30,563.15,86.14,20.95
1262,2023-02-22T14:00:00Z,2,2023,9,466.23,702.41,117.65,25.86
1263,2023-02-22T15:00:00Z,2,2023,10,648.28,809.48,125.26,28.12
1264,2023-02-22T16:00:00Z,2,2023,11,773.58,923.29,99.21,29.47
1265,2023-02-22T17:00:00Z,2,2023,12,788.62,807.46,158.75,30.54
1266,2023-02-22T18:00:00Z,2,2023,13,754.70,781.32,171.21,31.35
1267,2023-02-22T19:00:00Z,2,2023,14,645.80,649.43,211.16,31.74
1268,2023-02-22T20:00:00Z,2,2023,15,528.70,753.34,111.91,31.58
1269,2023-02-22T21:00:00Z,2,2023,16,337.25,662.78,82.83,30.77
1270,2023-02-22T22:00:00Z,2,2023,17,133.73,446.40,48.06,28.31
1271,2023-02-22T23:00:00Z,2,2023,18,0.00,0.00,0.00,24.89
1272,2023-02-23T00:00:00Z,2,2023,19,0.00,0.00,0.00,23.83
1273,2023-02-23T01:00:00Z,2,2023,20,0.00,0.00,0.00,22.81
1274,2023-02-23T02:00:00Z,2,2023,21,0.00,0.00,0.00,21.88
1275,2023-02-23T03:00:00Z,2,2023,22,0.00,0.00,0.00,21.09
1276,2023-02-23T04:00:00Z,2,2023,23,0.00,0.00,0.00,20.32
1277,2023-02-23T05:00:00Z,2,2023,0,0.00,0.00,0.00,19.61
1278,2023-02-23T06:00:00Z,2,2023,1,0.00,0.00,0.00,18.98
1279,2023-02-23T07:00:00Z,2,2023,2,0.00,0.00,0.00,18.40
1280,2023-02-23T08:00:00Z,2,2023,3,0.00,0.00,0.00,17.94
1281,2023-02-23T09:00:00Z,2,2023,4,0.00,0.00,0.00,17.69
1282,2023-02-23T10:00:00Z,2,2023,5,0.00,0.00,0.00,17.59
1283,2023-02-23T11:00:00Z,2,2023,6,0.00,0.00,0.00,17.45
1284,2023-02-23T12:00:00Z,2,2023,7,65.00,286.81,31.23,20.05
1285,2023-02-23T13:00:00Z,2,2023,8,259.92,584.57,76.47,23.54
1286,2023-02-23T14:00:00Z,2,2023,9,473.20,663.54,147.11,26.64
1287,2023-02-23T15:00:00Z,2,2023,10,639.08,785.90,148.39,28.78
1288,2023-02-23T16:00:00Z,2,2023,11,687.22,578.10,267.06,30.11
1289,2023-02-23T17:00:00Z,2,2023,12,637.08,371.37,348.29,31.08
1290,2023-02-23T18:00:00Z,2,2023,13,603.53,727.27,125.57,31.67
1291,2023-02-23T19:00:00Z,2,2023,14,631.97,682.59,168.75,31.89
1292,2023-02-23T20:00:00Z,2,2023,15,484.00,657.17,134.22,31.72
1293,2023-02-23T21:00:00Z,2,2023,16,301.17,559.17,101.82,31.04
1294,2023-02-23T22:00:00Z,2,2023,17,112.50,315.03,56.83,28.78
1295,2023-02-23T23:00:00Z,2,2023,18,3.67,11.97,5.33,25.48
1296,2023-02-24T00:00:00Z,2,2023,19,0.00,0.00,0.00,24.05
1297,2023-02-24T01:00:00Z,2,2023,20,0.00,0.00,0.00,22.88
1298,2023-02-24T02:00:00Z,2,2023,21,0.00,0.00,0.00,21.85
1299,2023-02-24T03:00:00Z,2,2023,22,0.00,0.00,0.00,21.25
1300,2023-02-24T04:00:00Z,2,2023,23,0.00,0.00,0.00,20.94
1301,2023-02-24T05:00:00Z,2,2023,0,0.00,0.00,0.00,20.77
1302,2023-02-24T06:00:00Z,2,2023,1,0.00,0.00,0.00,20.63
1303,2023-02-24T07:00:00Z,2,2023,2,0.00,0.00,0.00,20.71
1304,2023-02-24T08:00:00Z,2,2023,3,0.00,0.00,0.00,20.73
1305,2023-02-24T09:00:00Z,2,2023,4,0.00,0.00,0.00,20.36
1306,2023-02-24T10:00:00Z,2,2023,5,0.00,0.00,0.00,19.48
1307,2023-02-24T11:00:00Z,2,2023,6,0.00,0.00,0.00,18.97
1308,2023-02-24T12:00:00Z,2,2023,7,45.53,134.16,30.87,20.12
1309,2023-02-24T13:00:00Z,2,2023,8,177.32,354.08,83.91,23.07
1310,2023-02-24T14:00:00Z,2,2023,9,339.70,264.92,205.60,26.79
1311,2023-02-24T15:00:00Z,2,2023,10,645.97,809.31,117.79,28.87
1312,2023-02-24T16:00:00Z,2,2023,11,781.15,909.72,99.35,30.12
1313,2023-02-24T17:00:00Z,2,2023,12,780.97,762.40,177.31,31.03
1314,2023-02-24T18:00:00Z,2,2023,13,706.92,766.15,184.63,31.62
1315,2023-02-24T19:00:00Z,2,2023,14,652.78,670.56,201.74,31.81
1316,2023-02-24T20:00:00Z,2,2023,15,475.70,431.34,263.79,31.53
1317,2023-02-24T21:00:00Z,2,2023,16,288.10,276.71,196.72,30.70
1318,2023-02-24T22:00:00Z,2,2023,17,107.30,110.51,84.61,28.25
1319,2023-02-24T23:00:00Z,2,2023,18,3.78,4.52,5.47,24.98
1320,2023-02-25T00:00:00Z,2,2023,19,0.00,0.00,0.00,23.85
1321,2023-02-25T01:00:00Z,2,2023,20,0.00,0.00,0.00,22.63
1322,2023-02-25T02:00:00Z,2,2023,21,0.00,0.00,0.00,21.67
1323,2023-02-25T03:00:00Z,2,2023,22,0.00,0.00,0.00,20.86
1324,2023-02-25T04:00:00Z,2,2023,23,0.00,0.00,0.00,20.32
1325,2023-02-25T05:00:00Z,2,2023,0,0.00,0.00,0.00,19.93
1326,2023-02-25T06:00:00Z,2,2023,1,0.00,0.00,0.00,19.67
1327,2023-02-25T07:00:00Z,2,2023,2,0.00,0.00,0.00,19.51
1328,2023-02-25T08:00:00Z,2,2023,3,0.00,0.00,0.00,19.55
1329,2023-02-25T09:00:00Z,2,2023,4,0.00,0.00,0.00,19.54
1330,2023-02-25T10:00:00Z,2,2023,5,0.00,0.00,0.00,19.23
1331,2023-02-25T11:00:00Z,2,2023,6,0.00,0.00,0.00,18.71
1332,2023-02-25T12:00:00Z,2,2023,7,61.08,120.22,46.70,20.39
1333,2023-02-25T13:00:00Z,2,2023,8,253.15,382.35,149.67,23.61
1334,2023-02-25T14:00:00Z,2,2023,9,462.30,584.45,178.65,26.82
1335,2023-02-25T15:00:00Z,2,2023,10,622.50,633.18,220.50,28.66
1336,2023-02-25T16:00:00Z,2,2023,11,682.95,415.05,377.19,29.86
1337,2023-02-25T17:00:00Z,2,2023,12,705.05,374.33,375.41,30.77
1338,2023-02-25T18:00:00Z,2,2023,13,663.00,602.84,282.93,31.38
1339,2023-02-25T19:00:00Z,2,2023,14,602.75,505.01,256.89,31.61
1340,2023-02-25T20:00:00Z,2,2023,15,482.05,535.66,178.56,31.47
1341,2023-02-25T21:00:00Z,2,2023,16,306.23,481.06,122.78,30.69
1342,2023-02-25T22:00:00Z,2,2023,17,118.57,321.61,59.56,28.43
1343,2023-02-25T23:00:00Z,2,2023,18,4.28,14.74,5.96,25.20
1344,2023-02-26T00:00:00Z,2,2023,19,0.00,0.00,0.00,23.94
1345,2023-02-26T01:00:00Z,2,2023,20,0.00,0.00,0.00,22.67
1346,2023-02-26T02:00:00Z,2,2023,21,0.00,0.00,0.00,21.27
1347,2023-02-26T03:00:00Z,2,2023,22,0.00,0.00,0.00,19.91
1348,2023-02-26T04:00:00Z,2,2023,23,0.00,0.00,0.00,18.91
1349,2023-02-26T05:00:00Z,2,2023,0,0.00,0.00,0.00,18.15
1350,2023-02-26T06:00:00Z,2,2023,1,0.00,0.00,0.00,17.46
1351,2023-02-26T07:00:00Z,2,2023,2,0.00,0.00,0.00,16.79
1352,2023-02-26T08:00:00Z,2,2023,3,0.00,0.00,0.00,16.29
1353,2023-02-26T09:00:00Z,2,2023,4,0.00,0.00,0.00,15.91
1354,2023-02-26T10:00:00Z,2,2023,5,0.00,0.00,0.00,15.55
1355,2023-02-26T11:00:00Z,2,2023,6,0.00,0.00,0.00,15.26
1356,2023-02-26T12:00:00Z,2,2023,7,68.65,228.42,39.91,17.88
1357,2023-02-26T13:00:00Z,2,2023,8,271.52,534.37,92.12,21.09
1358,2023-02-26T14:00:00Z,2,2023,9,481.40,724.10,115.08,25.23
1359,2023-02-26T15:00:00Z,2,2023,10,679.00,884.21,94.91,27.75
1360,2023-02-26T16:00:00Z,2,2023,11,790.22,899.80,111.84,29.22
1361,2023-02-26T17:00:00Z,2,2023,12,831.67,908.27,118.45,30.24
1362,2023-02-26T18:00:00Z,2,2023,13,812.80,913.11,108.72,30.89
1363,2023-02-26T19:00:00Z,2,2023,14,716.85,889.81,104.44,31.12
1364,2023-02-26T20:00:00Z,2,2023,15,556.58,823.30,94.23,30.94
1365,2023-02-26T21:00:00Z,2,2023,16,354.35,695.86,82.98,30.23
1366,2023-02-26T22:00:00Z,2,2023,17,136.02,453.70,49.48,28.33
1367,2023-02-26T23:00:00Z,2,2023,18,4.88,20.69,6.11,25.83
1368,2023-02-27T00:00:00Z,2,2023,19,0.00,0.00,0.00,23.93
1369,2023-02-27T01:00:00Z,2,2023,20,0.00,0.00,0.00,21.83
1370,2023-02-27T02:00:00Z,2,2023,21,0.00,0.00,0.00,20.12
1371,2023-02-27T03:00:00Z,2,2023,22,0.00,0.00,0.00,18.78
1372,2023-02-27T04:00:00Z,2,2023,23,0.00,0.00,0.00,17.80
1373,2023-02-27T05:00:00Z,2,2023,0,0.00,0.00,0.00,17.01
1374,2023-02-27T06:00:00Z,2,2023,1,0.00,0.00,0.00,16.37
1375,2023-02-27T07:00:00Z,2,2023,2,0.00,0.00,0.00,15.85
1376,2023-02-27T08:00:00Z,2,2023,3,0.00,0.00,0.00,15.37
1377,2023-02-27T09:00:00Z,2,2023,4,0.00,0.00,0.00,14.94
1378,2023-02-27T10:00:00Z,2,2023,5,0.00,0.00,0.00,14.90
1379,2023-02-27T11:00:00Z,2,2023,6,0.00,0.00,0.00,14.93
1380,2023-02-27T12:00:00Z,2,2023,7,54.90,112.38,40.82,17.12
1381,2023-02-27T13:00:00Z,2,2023,8,220.68,264.04,142.08,20.42
1382,2023-02-27T14:00:00Z,2,2023,9,413.35,397.16,207.79,23.40
1383,2023-02-27T15:00:00Z,2,2023,10,620.53,663.58,187.42,25.61
1384,2023-02-27T16:00:00Z,2,2023,11,720.95,690.82,223.15,27.20
1385,2023-02-27T17:00:00Z,2,2023,12,832.17,858.88,165.32,28.54
1386,2023-02-27T18:00:00Z,2,2023,13,827.05,947.75,94.22,29.52
1387,2023-02-27T19:00:00Z,2,2023,14,728.20,921.88,93.61,29.99
1388,2023-02-27T20:00:00Z,2,2023,15,572.92,866.69,83.13,29.57
1389,2023-02-27T21:00:00Z,2,2023,16,366.25,744.70,79.15,28.34
1390,2023-02-27T22:00:00Z,2,2023,17,143.07,480.43,50.46,26.20
1391,2023-02-27T23:00:00Z,2,2023,18,5.53,25.41,7.13,23.18
1392,2023-02-28T00:00:00Z,2,2023,19,0.00,0.00,0.00,21.59
1393,2023-02-28T01:00:00Z,2,2023,20,0.00,0.00,0.00,20.57
1394,2023-02-28T02:00:00Z,2,2023,21,0.00,0.00,0.00,19.92
1395,2023-02-28T03:00:00Z,2,2023,22,0.00,0.00,0.00,19.48
1396,2023-02-28T04:00:00Z,2,2023,23,0.00,0.00,0.00,18.86
1397,2023-02-28T05:00:00Z,2,2023,0,0.00,0.00,0.00,18.51
1398,2023-02-28T06:00:00Z,2,2023,1,0.00,0.00,0.00,18.43
1399,2023-02-28T07:00:00Z,2,2023,2,0.00,0.00,0.00,18.37
1400,2023-02-28T08:00:00Z,2,2023,3,0.00,0.00,0.00,18.77
1401,2023-02-28T09:00:00Z,2,2023,4,0.00,0.00,0.00,18.25
1402,2023-02-28T10:00:00Z,2,2023,5,0.00,0.00,0.00,18.06
1403,2023-02-28T11:00:00Z,2,2023,6,0.00,0.00,0.00,18.06
1404,2023-02-28T12:00:00Z,2,2023,7,49.15,127.96,35.75,19.96
1405,2023-02-28T13:00:00Z,2,2023,8,167.02,261.62,92.71,22.69
1406,2023-02-28T14:00:00Z,2,2023,9,266.12,369.85,141.07,25.41
1407,2023-02-28T15:00:00Z,2,2023,10,353.92,455.15,155.98,27.72
1408,2023-02-28T16:00:00Z,2,2023,11,589.78,376.78,324.63,29.49
1409,2023-02-28T17:00:00Z,2,2023,12,683.92,409.03,327.34,30.65
1410,2023-02-28T18:00:00Z,2,2023,13,694.22,511.90,298.00,31.27
1411,2023-02-28T19:00:00Z,2,2023,14,561.10,705.91,123.52,31.32
1412,2023-02-28T20:00:00Z,2,2023,15,523.83,680.28,132.24,30.48
1413,2023-02-28T21:00:00Z,2,2023,16,332.58,623.01,94.77,28.99
1414,2023-02-28T22:00:00Z,2,2023,17,129.43,391.63,54.13,26.95
1415,2023-02-28T23:00:00Z,2,2023,18,5.28,19.40,7.00,24.07
1416,2023-03-01T00:00:00Z,3,2023,19,0.00,0.00,0.00,22.70
1417,2023-03-01T01:00:00Z,3,2023,20,0.00,0.00,0.00,21.65
1418,2023-03-01T02:00:00Z,3,2023,21,0.00,0.00,0.00,20.76
1419,2023-03-01T03:00:00Z,3,2023,22,0.00,0.00,0.00,19.95
1420,2023-03-01T04:00:00Z,3,2023,23,0.00,0.00,0.00,19.25
1421,2023-03-01T05:00:00Z,3,2023,0,0.00,0.00,0.00,18.75
1422,2023-03-01T06:00:00Z,3,2023,1,0.00,0.00,0.00,18.43
1423,2023-03-01T07:00:00Z,3,2023,2,0.00,0.00,0.00,18.08
1424,2023-03-01T08:00:00Z,3,2023,3,0.00,0.00,0.00,17.71
1425,2023-03-01T09:00:00Z,3,2023,4,0.00,0.00,0.00,17.41
1426,2023-03-01T10:00:00Z,3,2023,5,0.00,0.00,0.00,17.09
1427,2023-03-01T11:00:00Z,3,2023,6,0.00,0.00,0.00,16.88
1428,2023-03-01T12:00:00Z,3,2023,7,65.68,150.88,44.72,19.93
1429,2023-03-01T13:00:00Z,3,2023,8,236.05,374.07,134.71,23.11
1430,2023-03-01T14:00:00Z,3,2023,9,416.62,483.07,188.60,25.64
1431,2023-03-01T15:00:00Z,3,2023,10,663.25,816.69,133.83,27.88
1432,2023-03-01T16:00:00Z,3,2023,11,792.12,902.20,102.43,29.44
1433,2023-03-01T17:00:00Z,3,2023,12,831.60,880.28,119.80,30.56
1434,2023-03-01T18:00:00Z,3,2023,13,800.58,892.68,111.13,31.28
1435,2023-03-01T19:00:00Z,3,2023,14,712.33,823.78,128.68,31.61
1436,2023-03-01T20:00:00Z,3,2023,15,539.25,693.37,151.30,31.48
1437,2023-03-01T21:00:00Z,3,2023,16,345.00,616.61,109.61,30.63
1438,2023-03-01T22:00:00Z,3,2023,17,135.48,404.43,56.64,28.40
1439,2023-03-01T23:00:00Z,3,2023,18,5.72,21.19,7.57,24.85
1440,2023-03-02T00:00:00Z,3,2023,19,0.00,0.00,0.00,23.69
1441,2023-03-02T01:00:00Z,3,2023,20,0.00,0.00,0.00,22.62
1442,2023-03-02T02:00:00Z,3,2023,21,0.00,0.00,0.00,21.68
1443,2023-03-02T03:00:00Z,3,2023,22,0.00,0.00,0.00,20.88
1444,2023-03-02T04:00:00Z,3,2023,23,0.00,0.00,0.00,20.20
1445,2023-03-02T05:00:00Z,3,2023,0,0.00,0.00,0.00,19.13
1446,2023-03-02T06:00:00Z,3,2023,1,0.00,0.00,0.00,18.21
1447,2023-03-02T07:00:00Z,3,2023,2,0.00,0.00,0.00,17.41
1448,2023-03-02T08:00:00Z,3,2023,3,0.00,0.00,0.00,16.68
1449,2023-03-02T09:00:00Z,3,2023,4,0.00,0.00,0.00,16.14
1450,2023-03-02T10:00:00Z,3,2023,5,0.00,0.00,0.00,15.56
1451,2023-03-02T11:00:00Z,3,2023,6,0.00,0.00,0.00,14.99
1452,2023-03-02T12:00:00Z,3,2023,7,83.53,292.74,37.18,17.61
1453,2023-03-02T13:00:00Z,3,2023,8,298.75,669.60,73.67,21.09
1454,2023-03-02T14:00:00Z,3,2023,9,516.22,807.47,90.75,25.25
1455,2023-03-02T15:00:00Z,3,2023,10,698.10,902.23,92.01,27.75
1456,2023-03-02T16:00:00Z,3,2023,11,819.08,954.19,83.56,29.36
1457,2023-03-02T17:00:00Z,3,2023,12,846.95,907.97,110.75,30.46
1458,2023-03-02T18:00:00Z,3,2023,13,784.67,881.58,123.26,31.21
1459,2023-03-02T19:00:00Z,3,2023,14,692.83,764.56,167.31,31.51
1460,2023-03-02T20:00:00Z,3,2023,15,493.45,468.66,239.50,31.32
1461,2023-03-02T21:00:00Z,3,2023,16,316.33,408.69,162.16,30.51
1462,2023-03-02T22:00:00Z,3,2023,17,127.38,314.48,66.14,28.06
1463,2023-03-02T23:00:00Z,3,2023,18,6.05,17.37,8.29,25.32
1464,2023-03-03T00:00:00Z,3,2023,19,0.00,0.00,0.00,24.70
1465,2023-03-03T01:00:00Z,3,2023,20,0.00,0.00,0.00,23.62
1466,2023-03-03T02:00:00Z,3,2023,21,0.00,0.00,0.00,22.20
1467,2023-03-03T03:00:00Z,3,2023,22,0.00,0.00,0.00,20.76
1468,2023-03-03T04:00:00Z,3,2023,23,0.00,0.00,0.00,19.57
1469,2023-03-03T05:00:00Z,3,2023,0,0.00,0.00,0.00,18.71
1470,2023-03-03T06:00:00Z,3,2023,1,0.00,0.00,0.00,18.20
1471,2023-03-03T07:00:00Z,3,2023,2,0.00,0.00,0.00,17.97
1472,2023-03-03T08:00:00Z,3,2023,3,0.00,0.00,0.00,17.91
1473,2023-03-03T09:00:00Z,3,2023,4,0.00,0.00,0.00,17.91
1474,2023-03-03T10:00:00Z,3,2023,5,0.00,0.00,0.00,17.66
1475,2023-03-03T11:00:00Z,3,2023,6,0.00,0.00,0.00,17.44
1476,2023-03-03T12:00:00Z,3,2023,7,98.28,377.77,36.78,19.57
1477,2023-03-03T13:00:00Z,3,2023,8,319.10,712.65,70.16,23.07
1478,2023-03-03T14:00:00Z,3,2023,9,532.53,830.03,90.92,26.58
1479,2023-03-03T15:00:00Z,3,2023,10,666.45,791.99,147.10,28.92
1480,2023-03-03T16:00:00Z,3,2023,11,746.92,760.47,181.33,30.66
1481,2023-03-03T17:00:00Z,3,2023,12,794.75,731.10,190.98,32.22
1482,2023-03-03T18:00:00Z,3,2023,13,739.75,771.28,166.99,33.31
1483,2023-03-03T19:00:00Z,3,2023,14,562.95,421.36,311.87,33.67
1484,2023-03-03T20:00:00Z,3,2023,15,474.00,631.45,136.29,32.84
1485,2023-03-03T21:00:00Z,3,2023,16,311.05,524.95,107.52,30.87
1486,2023-03-03T22:00:00Z,3,2023,17,128.62,326.53,63.64,28.37
1487,2023-03-03T23:00:00Z,3,2023,18,6.60,19.90,8.75,25.92
1488,2023-03-04T00:00:00Z,3,2023,19,0.00,0.00,0.00,24.38
1489,2023-03-04T01:00:00Z,3,2023,20,0.00,0.00,0.00,23.38
1490,2023-03-04T02:00:00Z,3,2023,21,0.00,0.00,0.00,22.68
1491,2023-03-04T03:00:00Z,3,2023,22,0.00,0.00,0.00,22.14
1492,2023-03-04T04:00:00Z,3,2023,23,0.00,0.00,0.00,21.63
1493,2023-03-04T05:00:00Z,3,2023,0,0.00,0.00,0.00,21.15
1494,2023-03-04T06:00:00Z,3,2023,1,0.00,0.00,0.00,20.64
1495,2023-03-04T07:00:00Z,3,2023,2,0.00,0.00,0.00,20.13
1496,2023-03-04T08:00:00Z,3,2023,3,0.00,0.00,0.00,19.76
1497,2023-03-04T09:00:00Z,3,2023,4,0.00,0.00,0.00,19.50
1498,2023-03-04T10:00:00Z,3,2023,5,0.00,0.00,0.00,19.36
1499,2023-03-04T11:00:00Z,3,2023,6,0.00,0.00,0.00,19.38
1500,2023-03-04T12:00:00Z,3,2023,7,82.18,244.75,44.48,21.57
1501,2023-03-04T13:00:00Z,3,2023,8,280.62,517.29,105.16,25.00
1502,2023-03-04T14:00:00Z,3,2023,9,490.75,664.19,133.62,27.71
1503,2023-03-04T15:00:00Z,3,2023,10,562.12,602.76,172.49,29.66
1504,2023-03-04T16:00:00Z,3,2023,11,710.30,717.04,161.18,31.16
1505,2023-03-04T17:00:00Z,3,2023,12,751.17,637.81,238.26,32.20
1506,2023-03-04T18:00:00Z,3,2023,13,698.70,601.54,228.24,32.89
1507,2023-03-04T19:00:00Z,3,2023,14,620.55,515.03,246.02,32.92
1508,2023-03-04T20:00:00Z,3,2023,15,505.27,616.25,148.75,32.33
1509,2023-03-04T21:00:00Z,3,2023,16,321.23,517.67,110.93,31.00
1510,2023-03-04T22:00:00Z,3,2023,17,127.55,345.07,59.25,29.10
1511,2023-03-04T23:00:00Z,3,2023,18,6.30,17.98,8.62,26.67
1512,2023-03-05T00:00:00Z,3,2023,19,0.00,0.00,0.00,25.21
1513,2023-03-05T01:00:00Z,3,2023,20,0.00,0.00,0.00,24.10
1514,2023-03-05T02:00:00Z,3,2023,21,0.00,0.00,0.00,23.32
1515,2023-03-05T03:00:00Z,3,2023,22,0.00,0.00,0.00,22.70
1516,2023-03-05T04:00:00Z,3,2023,23,0.00,0.00,0.00,22.17
1517,2023-03-05T05:00:00Z,3,2023,0,0.00,0.00,0.00,21.72
1518,2023-03-05T06:00:00Z,3,2023,1,0.00,0.00,0.00,21.36
1519,2023-03-05T07:00:00Z,3,2023,2,0.00,0.00,0.00,21.25
1520,2023-03-05T08:00:00Z,3,2023,3,0.00,0.00,0.00,21.37
1521,2023-03-05T09:00:00Z,3,2023,4,0.00,0.00,0.00,21.27
1522,2023-03-05T10:00:00Z,3,2023,5,0.00,0.00,0.00,21.07
1523,2023-03-05T11:00:00Z,3,2023,6,0.00,0.00,0.00,20.84
1524,2023-03-05T12:00:00Z,3,2023,7,84.75,245.42,49.43,22.69
1525,2023-03-05T13:00:00Z,3,2023,8,272.05,475.09,104.23,24.62
1526,2023-03-05T14:00:00Z,3,2023,9,465.00,641.65,133.11,26.93
1527,2023-03-05T15:00:00Z,3,2023,10,661.92,735.32,154.41,29.04
1528,2023-03-05T16:00:00Z,3,2023,11,736.05,718.85,175.80,30.44
1529,2023-03-05T17:00:00Z,3,2023,12,693.05,495.10,272.67,31.28
1530,2023-03-05T18:00:00Z,3,2023,13,672.72,489.70,270.84,31.77
1531,2023-03-05T19:00:00Z,3,2023,14,485.92,576.65,180.81,31.99
1532,2023-03-05T20:00:00Z,3,2023,15,334.73,408.96,136.93,31.82
1533,2023-03-05T21:00:00Z,3,2023,16,200.43,218.51,119.78,31.01
1534,2023-03-05T22:00:00Z,3,2023,17,81.40,118.69,57.24,29.04
1535,2023-03-05T23:00:00Z,3,2023,18,4.03,3.72,5.63,26.52
1536,2023-03-06T00:00:00Z,3,2023,19,0.00,0.00,0.00,24.94
1537,2023-03-06T01:00:00Z,3,2023,20,0.00,0.00,0.00,23.74
1538,2023-03-06T02:00:00Z,3,2023,21,0.00,0.00,0.00,23.08
1539,2023-03-06T03:00:00Z,3,2023,22,0.00,0.00,0.00,22.67
1540,2023-03-06T04:00:00Z,3,2023,23,0.00,0.00,0.00,22.23
1541,2023-03-06T05:00:00Z,3,2023,0,0.00,0.00,0.00,21.99
1542,2023-03-06T06:00:00Z,3,2023,1,0.00,0.00,0.00,21.74
1543,2023-03-06T07:00:00Z,3,2023,2,0.00,0.00,0.00,21.54
1544,2023-03-06T08:00:00Z,3,2023,3,0.00,0.00,0.00,21.26
1545,2023-03-06T09:00:00Z,3,2023,4,0.00,0.00,0.00,20.78
1546,2023-03-06T10:00:00Z,3,2023,5,0.00,0.00,0.00,20.42
1547,2023-03-06T11:00:00Z,3,2023,6,0.00,0.00,0.00,20.43
1548,2023-03-06T12:00:00Z,3,2023,7,75.75,117.42,55.62,22.17
1549,2023-03-06T13:00:00Z,3,2023,8,262.15,368.65,119.95,23.80
1550,2023-03-06T14:00:00Z,3,2023,9,471.08,518.68,171.87,26.95
1551,2023-03-06T15:00:00Z,3,2023,10,652.08,653.34,182.49,29.46
1552,2023-03-06T16:00:00Z,3,2023,11,745.15,641.08,227.51,30.72
1553,2023-03-06T17:00:00Z,3,2023,12,790.92,732.48,185.99,31.57
1554,2023-03-06T18:00:00Z,3,2023,13,637.40,645.35,148.36,32.05
1555,2023-03-06T19:00:00Z,3,2023,14,609.95,477.20,235.90,32.13
1556,2023-03-06T20:00:00Z,3,2023,15,389.85,509.72,123.05,31.83
1557,2023-03-06T21:00:00Z,3,2023,16,245.45,372.85,102.58,30.69
1558,2023-03-06T22:00:00Z,3,2023,17,98.40,186.73,57.00,29.18
1559,2023-03-06T23:00:00Z,3,2023,18,5.35,5.15,7.16,26.64
1560,2023-03-07T00:00:00Z,3,2023,19,0.00,0.00,0.00,25.52
1561,2023-03-07T01:00:00Z,3,2023,20,0.00,0.00,0.00,24.10
1562,2023-03-07T02:00:00Z,3,2023,21,0.00,0.00,0.00,22.95
1563,2023-03-07T03:00:00Z,3,2023,22,0.00,0.00,0.00,22.19
1564,2023-03-07T04:00:00Z,3,2023,23,0.00,0.00,0.00,21.65
1565,2023-03-07T05:00:00Z,3,2023,0,0.00,0.00,0.00,21.17
1566,2023-03-07T06:00:00Z,3,2023,1,0.00,0.00,0.00,20.68
1567,2023-03-07T07:00:00Z,3,2023,2,0.00,0.00,0.00,20.11
1568,2023-03-07T08:00:00Z,3,2023,3,0.00,0.00,0.00,19.55
1569,2023-03-07T09:00:00Z,3,2023,4,0.00,0.00,0.00,18.97
1570,2023-03-07T10:00:00Z,3,2023,5,0.00,0.00,0.00,18.33
1571,2023-03-07T11:00:00Z,3,2023,6,0.00,0.00,0.00,17.89
1572,2023-03-07T12:00:00Z,3,2023,7,103.78,323.22,47.47,19.87
1573,2023-03-07T13:00:00Z,3,2023,8,312.40,598.45,88.94,23.07
1574,2023-03-07T14:00:00Z,3,2023,9,518.92,713.66,122.44,26.69
1575,2023-03-07T15:00:00Z,3,2023,10,691.42,827.55,118.12,28.92
1576,2023-03-07T16:00:00Z,3,2023,11,798.62,836.81,135.77,30.36
1577,2023-03-07T17:00:00Z,3,2023,12,840.15,858.01,136.70,31.24
1578,2023-03-07T18:00:00Z,3,2023,13,738.08,747.36,146.16,31.71
1579,2023-03-07T19:00:00Z,3,2023,14,670.10,717.57,159.97,31.74
1580,2023-03-07T20:00:00Z,3,2023,15,524.30,684.16,120.86,31.34
1581,2023-03-07T21:00:00Z,3,2023,16,339.75,581.07,100.33,30.42
1582,2023-03-07T22:00:00Z,3,2023,17,140.45,383.00,60.14,29.04
1583,2023-03-07T23:00:00Z,3,2023,18,7.62,18.56,8.73,26.37
1584,2023-03-08T00:00:00Z,3,2023,19,0.00,0.00,0.00,25.15
1585,2023-03-08T01:00:00Z,3,2023,20,0.00,0.00,0.00,23.69
1586,2023-03-08T02:00:00Z,3,2023,21,0.00,0.00,0.00,22.54
1587,2023-03-08T03:00:00Z,3,2023,22,0.00,0.00,0.00,21.81
1588,2023-03-08T04:00:00Z,3,2023,23,0.00,0.00,0.00,21.32
1589,2023-03-08T05:00:00Z,3,2023,0,0.00,0.00,0.00,20.95
1590,2023-03-08T06:00:00Z,3,2023,1,0.00,0.00,0.00,20.61
1591,2023-03-08T07:00:00Z,3,2023,2,0.00,0.00,0.00,20.29
1592,2023-03-08T08:00:00Z,3,2023,3,0.00,0.00,0.00,20.08
1593,2023-03-08T09:00:00Z,3,2023,4,0.00,0.00,0.00,19.91
1594,2023-03-08T10:00:00Z,3,2023,5,0.00,0.00,0.00,19.74
1595,2023-03-08T11:00:00Z,3,2023,6,0.00,0.00,0.00,19.66
1596,2023-03-08T12:00:00Z,3,2023,7,97.55,228.65,60.99,21.69
1597,2023-03-08T13:00:00Z,3,2023,8,302.27,505.18,116.23,24.21
1598,2023-03-08T14:00:00Z,3,2023,9,521.15,696.71,125.55,26.82
1599,2023-03-08T15:00:00Z,3,2023,10,663.00,694.99,161.32,28.55
1600,2023-03-08T16:00:00Z,3,2023,11,745.65,683.79,197.65,29.36
1601,2023-03-08T17:00:00Z,3,2023,12,731.00,561.30,246.53,29.33
1602,2023-03-08T18:00:00Z,3,2023,13,701.95,505.97,268.49,28.71
1603,2023-03-08T19:00:00Z,3,2023,14,613.30,506.02,237.01,27.81
1604,2023-03-08T20:00:00Z,3,2023,15,517.33,602.73,154.93,26.66
1605,2023-03-08T21:00:00Z,3,2023,16,327.77,491.63,118.89,25.53
1606,2023-03-08T22:00:00Z,3,2023,17,139.00,346.72,61.72,23.80
1607,2023-03-08T23:00:00Z,3,2023,18,8.05,17.70,9.24,21.61
1608,2023-03-09T00:00:00Z,3,2023,19,0.00,0.00,0.00,20.20
1609,2023-03-09T01:00:00Z,3,2023,20,0.00,0.00,0.00,19.19
1610,2023-03-09T02:00:00Z,3,2023,21,0.00,0.00,0.00,18.45
1611,2023-03-09T03:00:00Z,3,2023,22,0.00,0.00,0.00,17.87
1612,2023-03-09T04:00:00Z,3,2023,23,0.00,0.00,0.00,17.39
1613,2023-03-09T05:00:00Z,3,2023,0,0.00,0.00,0.00,17.00
1614,2023-03-09T06:00:00Z,3,2023,1,0.00,0.00,0.00,16.72
1615,2023-03-09T07:00:00Z,3,2023,2,0.00,0.00,0.00,16.53
1616,2023-03-09T08:00:00Z,3,2023,3,0.00,0.00,0.00,16.31
1617,2023-03-09T09:00:00Z,3,2023,4,0.00,0.00,0.00,16.04
1618,2023-03-09T10:00:00Z,3,2023,5,0.00,0.00,0.00,15.70
1619,2023-03-09T11:00:00Z,3,2023,6,0.00,0.00,0.00,15.48
1620,2023-03-09T12:00:00Z,3,2023,7,126.28,492.20,42.28,18.34
1621,2023-03-09T13:00:00Z,3,2023,8,347.50,754.95,66.25,21.22
1622,2023-03-09T14:00:00Z,3,2023,9,561.65,869.75,75.69,23.24
1623,2023-03-09T15:00:00Z,3,2023,10,732.62,924.40,80.49,24.95
1624,2023-03-09T16:00:00Z,3,2023,11,845.65,956.08,84.61,26.32
1625,2023-03-09T17:00:00Z,3,2023,12,819.70,788.18,169.74,27.22
1626,2023-03-09T18:00:00Z,3,2023,13,839.88,864.25,134.79,27.72
1627,2023-03-09T19:00:00Z,3,2023,14,734.62,817.19,139.13,27.82
1628,2023-03-09T20:00:00Z,3,2023,15,589.15,833.03,95.29,27.40
1629,2023-03-09T21:00:00Z,3,2023,16,385.88,721.10,79.85,26.39
1630,2023-03-09T22:00:00Z,3,2023,17,163.10,514.41,52.41,24.56
1631,2023-03-09T23:00:00Z,3,2023,18,9.57,43.75,9.47,21.88
1632,2023-03-10T00:00:00Z,3,2023,19,0.00,0.00,0.00,20.59
1633,2023-03-10T01:00:00Z,3,2023,20,0.00,0.00,0.00,19.72
1634,2023-03-10T02:00:00Z,3,2023,21,0.00,0.00,0.00,18.94
1635,2023-03-10T03:00:00Z,3,2023,22,0.00,0.00,0.00,18.41
1636,2023-03-10T04:00:00Z,3,2023,23,0.00,0.00,0.00,17.98
1637,2023-03-10T05:00:00Z,3,2023,0,0.00,0.00,0.00,17.54
1638,2023-03-10T06:00:00Z,3,2023,1,0.00,0.00,0.00,17.11
1639,2023-03-10T07:00:00Z,3,2023,2,0.00,0.00,0.00,16.61
1640,2023-03-10T08:00:00Z,3,2023,3,0.00,0.00,0.00,16.13
1641,2023-03-10T09:00:00Z,3,2023,4,0.00,0.00,0.00,15.84
1642,2023-03-10T10:00:00Z,3,2023,5,0.00,0.00,0.00,15.44
1643,2023-03-10T11:00:00Z,3,2023,6,0.00,0.00,0.00,15.33
1644,2023-03-10T12:00:00Z,3,2023,7,114.03,301.14,60.70,17.98
1645,2023-03-10T13:00:00Z,3,2023,8,321.58,556.38,112.84,21.30
1646,2023-03-10T14:00:00Z,3,2023,9,536.45,729.36,122.56,23.81
1647,2023-03-10T15:00:00Z,3,2023,10,677.30,669.73,239.69,26.18
1648,2023-03-10T16:00:00Z,3,2023,11,765.12,567.13,346.16,28.29
1649,2023-03-10T17:00:00Z,3,2023,12,847.03,784.54,178.61,29.62
1650,2023-03-10T18:00:00Z,3,2023,13,765.30,666.11,218.66,30.39
1651,2023-03-10T19:00:00Z,3,2023,14,551.58,630.92,169.75,30.71
1652,2023-03-10T20:00:00Z,3,2023,15,366.33,325.65,193.40,30.16
1653,2023-03-10T21:00:00Z,3,2023,16,211.27,266.03,121.62,28.71
1654,2023-03-10T22:00:00Z,3,2023,17,90.32,114.77,64.02,27.17
1655,2023-03-10T23:00:00Z,3,2023,18,5.53,3.94,6.75,25.29
1656,2023-03-11T00:00:00Z,3,2023,19,0.00,0.00,0.00,23.83
1657,2023-03-11T01:00:00Z,3,2023,20,0.00,0.00,0.00,22.88
1658,2023-03-11T02:00:00Z,3,2023,21,0.00,0.00,0.00,22.18
1659,2023-03-11T03:00:00Z,3,2023,22,0.00,0.00,0.00,21.47
1660,2023-03-11T04:00:00Z,3,2023,23,0.00,0.00,0.00,21.01
1661,2023-03-11T05:00:00Z,3,2023,0,0.00,0.00,0.00,20.71
1662,2023-03-11T06:00:00Z,3,2023,1,0.00,0.00,0.00,20.43
1663,2023-03-11T07:00:00Z,3,2023,2,0.00,0.00,0.00,20.13
1664,2023-03-11T08:00:00Z,3,2023,3,0.00,0.00,0.00,19.97
1665,2023-03-11T09:00:00Z,3,2023,4,0.00,0.00,0.00,19.93
1666,2023-03-11T10:00:00Z,3,2023,5,0.00,0.00,0.00,19.48
1667,2023-03-11T11:00:00Z,3,2023,6,0.00,0.00,0.00,18.93
1668,2023-03-11T12:00:00Z,3,2023,7,103.18,220.28,63.67,19.29
1669,2023-03-11T13:00:00Z,3,2023,8,293.25,455.77,125.07,20.28
1670,2023-03-11T14:00:00Z,3,2023,9,496.10,548.74,173.35,22.90
1671,2023-03-11T15:00:00Z,3,2023,10,724.58,840.57,126.16,25.41
1672,2023-03-11T16:00:00Z,3,2023,11,848.12,885.77,130.30,27.03
1673,2023-03-11T17:00:00Z,3,2023,12,906.78,936.07,112.60,28.28
1674,2023-03-11T18:00:00Z,3,2023,13,878.72,931.30,122.35,29.09
1675,2023-03-11T19:00:00Z,3,2023,14,783.08,914.55,113.12,29.34
1676,2023-03-11T20:00:00Z,3,2023,15,619.78,871.60,96.22,29.03
1677,2023-03-11T21:00:00Z,3,2023,16,408.15,766.59,79.87,28.13
1678,2023-03-11T22:00:00Z,3,2023,17,175.98,554.66,53.10,25.92
1679,2023-03-11T23:00:00Z,3,2023,18,10.90,46.68,10.17,21.95
1680,2023-03-12T00:00:00Z,3,2023,19,0.00,0.00,0.00,20.01
1681,2023-03-12T01:00:00Z,3,2023,20,0.00,0.00,0.00,18.61
1682,2023-03-12T02:00:00Z,3,2023,21,0.00,0.00,0.00,17.66
1683,2023-03-12T03:00:00Z,3,2023,22,0.00,0.00,0.00,16.95
1684,2023-03-12T04:00:00Z,3,2023,23,0.00,0.00,0.00,16.24
1685,2023-03-12T05:00:00Z,3,2023,0,0.00,0.00,0.00,15.50
1686,2023-03-12T06:00:00Z,3,2023,1,0.00,0.00,0.00,15.06
1687,2023-03-12T07:00:00Z,3,2023,3,0.00,0.00,0.00,14.66
1688,2023-03-12T08:00:00Z,3,2023,4,0.00,0.00,0.00,14.32
1689,2023-03-12T09:00:00Z,3,2023,5,0.00,0.00,0.00,14.08
1690,2023-03-12T10:00:00Z,3,2023,6,0.00,0.00,0.00,13.90
1691,2023-03-12T11:00:00Z,3,2023,7,0.00,0.00,0.00,13.74
1692,2023-03-12T12:00:00Z,3,2023,8,138.30,486.23,50.06,16.71
1693,2023-03-12T13:00:00Z,3,2023,9,356.30,732.27,74.13,20.38
1694,2023-03-12T14:00:00Z,3,2023,10,570.38,838.37,87.42,24.74
1695,2023-03-12T15:00:00Z,3,2023,11,739.53,904.56,89.83,27.39
1696,2023-03-12T16:00:00Z,3,2023,12,849.42,934.63,93.89,28.93
1697,2023-03-12T17:00:00Z,3,2023,13,889.95,926.76,103.63,30.09
1698,2023-03-12T18:00:00Z,3,2023,14,858.30,929.20,99.92,30.91
1699,2023-03-12T19:00:00Z,3,2023,15,737.80,829.98,125.07,31.25
1700,2023-03-12T20:00:00Z,3,2023,16,496.23,490.84,191.23,31.01
1701,2023-03-12T21:00:00Z,3,2023,17,310.33,551.43,87.03,30.11
1702,2023-03-12T22:00:00Z,3,2023,18,137.52,396.92,54.49,28.25
1703,2023-03-12T23:00:00Z,3,2023,19,9.50,26.59,10.94,25.63
1704,2023-03-13T00:00:00Z,3,2023,20,0.00,0.00,0.00,23.97
1705,2023-03-13T01:00:00Z,3,2023,21,0.00,0.00,0.00,22.62
1706,2023-03-13T02:00:00Z,3,2023,22,0.00,0.00,0.00,21.73
1707,2023-03-13T03:00:00Z,3,2023,23,0.00,0.00,0.00,21.18
1708,2023-03-13T04:00:00Z,3,2023,0,0.00,0.00,0.00,20.76
1709,2023-03-13T05:00:00Z,3,2023,1,0.00,0.00,0.00,20.41
1710,2023-03-13T06:00:00Z,3,2023,2,0.00,0.00,0.00,20.45
1711,2023-03-13T07:00:00Z,3,2023,3,0.00,0.00,0.00,20.62
1712,2023-03-13T08:00:00Z,3,2023,4,0.00,0.00,0.00,20.70
1713,2023-03-13T09:00:00Z,3,2023,5,0.00,0.00,0.00,20.74
1714,2023-03-13T10:00:00Z,3,2023,6,0.00,0.00,0.00,20.86
1715,2023-03-13T11:00:00Z,3,2023,7,2.65,2.63,3.92,20.98
1716,2023-03-13T12:00:00Z,3,2023,8,76.97,106.57,56.76,21.67
1717,2023-03-13T13:00:00Z,3,2023,9,225.88,227.92,141.11,22.79
1718,2023-03-13T14:00:00Z,3,2023,10,395.58,312.73,206.08,24.37
1719,2023-03-13T15:00:00Z,3,2023,11,460.83,272.48,245.79,26.02
1720,2023-03-13T16:00:00Z,3,2023,12,481.25,343.24,198.52,26.54
1721,2023-03-13T17:00:00Z,3,2023,13,466.20,240.71,241.54,26.28
1722,2023-03-13T18:00:00Z,3,2023,14,484.08,201.66,283.26,25.70
1723,2023-03-13T19:00:00Z,3,2023,15,388.25,205.70,214.86,25.08
1724,2023-03-13T20:00:00Z,3,2023,16,354.05,264.48,196.60,24.36
1725,2023-03-13T21:00:00Z,3,2023,17,224.48,315.18,104.62,23.71
1726,2023-03-13T22:00:00Z,3,2023,18,106.07,220.47,63.90,22.94
1727,2023-03-13T23:00:00Z,3,2023,19,8.18,9.34,10.30,21.35
1728,2023-03-14T00:00:00Z,3,2023,20,0.00,0.00,0.00,20.23
1729,2023-03-14T01:00:00Z,3,2023,21,0.00,0.00,0.00,19.49
1730,2023-03-14T02:00:00Z,3,2023,22,0.00,0.00,0.00,18.83
1731,2023-03-14T03:00:00Z,3,2023,23,0.00,0.00,0.00,17.83
1732,2023-03-14T04:00:00Z,3,2023,0,0.00,0.00,0.00,17.50
1733,2023-03-14T05:00:00Z,3,2023,1,0.00,0.00,0.00,17.19
1734,2023-03-14T06:00:00Z,3,2023,2,0.00,0.00,0.00,16.55
1735,2023-03-14T07:00:00Z,3,2023,3,0.00,0.00,0.00,15.66
1736,2023-03-14T08:00:00Z,3,2023,4,0.00,0.00,0.00,14.53
1737,2023-03-14T09:00:00Z,3,2023,5,0.00,0.00,0.00,14.24
1738,2023-03-14T10:00:00Z,3,2023,6,0.00,0.00,0.00,13.74
1739,2023-03-14T11:00:00Z,3,2023,7,4.20,9.49,5.78,13.10
1740,2023-03-14T12:00:00Z,3,2023,8,128.62,357.11,60.44,13.71
1741,2023-03-14T13:00:00Z,3,2023,9,356.35,620.85,104.87,15.87
1742,2023-03-14T14:00:00Z,3,2023,10,574.42,756.47,122.09,18.21
1743,2023-03-14T15:00:00Z,3,2023,11,751.97,842.28,130.31,20.26
1744,2023-03-14T16:00:00Z,3,2023,12,873.58,911.41,123.04,22.01
1745,2023-03-14T17:00:00Z,3,2023,13,920.22,935.46,116.75,23.38
1746,2023-03-14T18:00:00Z,3,2023,14,892.47,931.03,118.24,24.34
1747,2023-03-14T19:00:00Z,3,2023,15,793.00,916.98,108.45,24.78
1748,2023-03-14T20:00:00Z,3,2023,16,616.00,781.38,135.54,24.80
1749,2023-03-14T21:00:00Z,3,2023,17,402.27,701.15,110.82,24.00
1750,2023-03-14T22:00:00Z,3,2023,18,175.05,466.23,74.01,22.14
1751,2023-03-14T23:00:00Z,3,2023,19,12.35,38.64,14.08,18.06
1752,2023-03-15T00:00:00Z,3,2023,20,0.00,0.00,0.00,16.71
1753,2023-03-15T01:00:00Z,3,2023,21,0.00,0.00,0.00,15.91
1754,2023-03-15T02:00:00Z,3,2023,22,0.00,0.00,0.00,15.05
1755,2023-03-15T03:00:00Z,3,2023,23,0.00,0.00,0.00,14.12
1756,2023-03-15T04:00:00Z,3,2023,0,0.00,0.00,0.00,13.36
1757,2023-03-15T05:00:00Z,3,2023,1,0.00,0.00,0.00,12.68
1758,2023-03-15T06:00:00Z,3,2023,2,0.00,0.00,0.00,11.92
1759,2023-03-15T07:00:00Z,3,2023,3,0.00,0.00,0.00,11.65
1760,2023-03-15T08:00:00Z,3,2023,4,0.00,0.00,0.00,11.23
1761,2023-03-15T09:00:00Z,3,2023,5,0.00,0.00,0.00,10.66
1762,2023-03-15T10:00:00Z,3,2023,6,0.00,0.00,0.00,10.22
1763,2023-03-15T11:00:00Z,3,2023,7,2.47,1.79,3.33,9.68
1764,2023-03-15T12:00:00Z,3,2023,8,38.30,22.03,33.30,10.96
1765,2023-03-15T13:00:00Z,3,2023,9,87.95,33.61,70.73,14.17
1766,2023-03-15T14:00:00Z,3,2023,10,142.98,37.41,114.53,16.70
1767,2023-03-15T15:00:00Z,3,2023,11,272.52,5.16,223.01,17.80
1768,2023-03-15T16:00:00Z,3,2023,12,477.55,376.49,253.50,18.27
1769,2023-03-15T17:00:00Z,3,2023,13,775.35,555.23,316.77,18.76
1770,2023-03-15T18:00:00Z,3,2023,14,852.53,765.06,214.81,19.44
1771,2023-03-15T19:00:00Z,3,2023,15,764.42,850.09,128.74,20.96
1772,2023-03-15T20:00:00Z,3,2023,16,628.05,854.53,103.63,21.30
1773,2023-03-15T21:00:00Z,3,2023,17,419.30,761.40,84.59,20.54
1774,2023-03-15T22:00:00Z,3,2023,18,184.98,568.87,54.46,18.77
1775,2023-03-15T23:00:00Z,3,2023,19,13.57,60.48,12.45,16.04
1776,2023-03-16T00:00:00Z,3,2023,20,0.00,0.00,0.00,14.34
1777,2023-03-16T01:00:00Z,3,2023,21,0.00,0.00,0.00,13.18
1778,2023-03-16T02:00:00Z,3,2023,22,0.00,0.00,0.00,12.30
1779,2023-03-16T03:00:00Z,3,2023,23,0.00,0.00,0.00,11.59
1780,2023-03-16T04:00:00Z,3,2023,0,0.00,0.00,0.00,11.09
1781,2023-03-16T05:00:00Z,3,2023,1,0.00,0.00,0.00,10.74
1782,2023-03-16T06:00:00Z,3,2023,2,0.00,0.00,0.00,10.48
1783,2023-03-16T07:00:00Z,3,2023,3,0.00,0.00,0.00,10.15
1784,2023-03-16T08:00:00Z,3,2023,4,0.00,0.00,0.00,9.72
1785,2023-03-16T09:00:00Z,3,2023,5,0.00,0.00,0.00,9.28
1786,2023-03-16T10:00:00Z,3,2023,6,0.00,0.00,0.00,8.97
1787,2023-03-16T11:00:00Z,3,2023,7,7.05,81.62,6.48,9.15
1788,2023-03-16T12:00:00Z,3,2023,8,166.95,670.98,34.32,13.56
1789,2023-03-16T13:00:00Z,3,2023,9,407.48,877.46,52.32,17.53
1790,2023-03-16T14:00:00Z,3,2023,10,624.90,957.47,63.41,20.07
1791,2023-03-16T15:00:00Z,3,2023,11,799.30,1012.41,64.08,22.00
1792,2023-03-16T16:00:00Z,3,2023,12,910.88,1044.46,64.53,23.60
1793,2023-03-16T17:00:00Z,3,2023,13,950.55,1035.48,72.15,24.78
1794,2023-03-16T18:00:00Z,3,2023,14,917.38,1040.99,69.38,25.48
1795,2023-03-16T19:00:00Z,3,2023,15,815.35,1002.10,72.30,25.59
1796,2023-03-16T20:00:00Z,3,2023,16,649.67,956.60,66.53,25.28
1797,2023-03-16T21:00:00Z,3,2023,17,436.50,856.07,60.55,24.37
1798,2023-03-16T22:00:00Z,3,2023,18,199.20,699.89,38.89,22.54
1799,2023-03-16T23:00:00Z,3,2023,19,15.70,139.34,9.58,19.08
1800,2023-03-17T00:00:00Z,3,2023,20,0.00,0.00,0.00,17.70
1801,2023-03-17T01:00:00Z,3,2023,21,0.00,0.00,0.00,16.67
1802,2023-03-17T02:00:00Z,3,2023,22,0.00,0.00,0.00,15.71
1803,2023-03-17T03:00:00Z,3,2023,23,0.00,0.00,0.00,15.01
1804,2023-03-17T04:00:00Z,3,2023,0,0.00,0.00,0.00,14.52
1805,2023-03-17T05:00:00Z,3,2023,1,0.00,0.00,0.00,14.14
1806,2023-03-17T06:00:00Z,3,2023,2,0.00,0.00,0.00,13.90
1807,2023-03-17T07:00:00Z,3,2023,3,0.00,0.00,0.00,13.82
1808,2023-03-17T08:00:00Z,3,2023,4,0.00,0.00,0.00,13.56
1809,2023-03-17T09:00:00Z,3,2023,5,0.00,0.00,0.00,12.99
1810,2023-03-17T10:00:00Z,3,2023,6,0.00,0.00,0.00,12.39
1811,2023-03-17T11:00:00Z,3,2023,7,7.60,70.26,7.50,12.38
1812,2023-03-17T12:00:00Z,3,2023,8,165.57,641.46,41.93,16.44
1813,2023-03-17T13:00:00Z,3,2023,9,401.92,842.61,57.43,20.61
1814,2023-03-17T14:00:00Z,3,2023,10,617.95,930.21,67.73,23.38
1815,2023-03-17T15:00:00Z,3,2023,11,759.58,807.14,165.24,25.17
1816,2023-03-17T16:00:00Z,3,2023,12,808.25,660.39,287.43,26.71
1817,2023-03-17T17:00:00Z,3,2023,13,806.47,569.44,310.05,27.98
1818,2023-03-17T18:00:00Z,3,2023,14,761.25,805.54,139.07,28.91
1819,2023-03-17T19:00:00Z,3,2023,15,771.33,847.35,139.03,29.37
1820,2023-03-17T20:00:00Z,3,2023,16,603.25,740.55,139.84,29.37
1821,2023-03-17T21:00:00Z,3,2023,17,367.40,567.39,122.08,28.79
1822,2023-03-17T22:00:00Z,3,2023,18,154.90,349.58,73.36,27.27
1823,2023-03-17T23:00:00Z,3,2023,19,10.07,18.39,11.44,23.45
1824,2023-03-18T00:00:00Z,3,2023,20,0.00,0.00,0.00,22.12
1825,2023-03-18T01:00:00Z,3,2023,21,0.00,0.00,0.00,21.76
1826,2023-03-18T02:00:00Z,3,2023,22,0.00,0.00,0.00,20.48
1827,2023-03-18T03:00:00Z,3,2023,23,0.00,0.00,0.00,19.48
1828,2023-03-18T04:00:00Z,3,2023,0,0.00,0.00,0.00,19.19
1829,2023-03-18T05:00:00Z,3,2023,1,0.00,0.00,0.00,19.01
1830,2023-03-18T06:00:00Z,3,2023,2,0.00,0.00,0.00,18.64
1831,2023-03-18T07:00:00Z,3,2023,3,0.00,0.00,0.00,18.22
1832,2023-03-18T08:00:00Z,3,2023,4,0.00,0.00,0.00,17.95
1833,2023-03-18T09:00:00Z,3,2023,5,0.00,0.00,0.00,17.86
1834,2023-03-18T10:00:00Z,3,2023,6,0.00,0.00,0.00,17.77
1835,2023-03-18T11:00:00Z,3,2023,7,5.68,7.47,8.12,17.76
1836,2023-03-18T12:00:00Z,3,2023,8,110.68,114.23,87.36,18.96
1837,2023-03-18T13:00:00Z,3,2023,9,275.45,165.77,200.13,21.21
1838,2023-03-18T14:00:00Z,3,2023,10,450.70,287.53,286.42,23.74
1839,2023-03-18T15:00:00Z,3,2023,11,582.90,278.60,435.98,25.83
1840,2023-03-18T16:00:00Z,3,2023,12,594.47,63.67,475.15,27.56
1841,2023-03-18T17:00:00Z,3,2023,13,562.80,35.51,450.42,28.46
1842,2023-03-18T18:00:00Z,3,2023,14,506.77,185.57,382.64,28.76
1843,2023-03-18T19:00:00Z,3,2023,15,319.08,4.44,260.17,28.77
1844,2023-03-18T20:00:00Z,3,2023,16,207.80,0.00,178.64,28.54
1845,2023-03-18T21:00:00Z,3,2023,17,149.23,0.14,129.25,28.01
1846,2023-03-18T22:00:00Z,3,2023,18,69.38,0.00,60.83,26.65
1847,2023-03-18T23:00:00Z,3,2023,19,7.05,0.00,7.40,24.35
1848,2023-03-19T00:00:00Z,3,2023,20,0.00,0.00,0.00,22.89
1849,2023-03-19T01:00:00Z,3,2023,21,0.00,0.00,0.00,20.96
1850,2023-03-19T02:00:00Z,3,2023,22,0.00,0.00,0.00,18.91
1851,2023-03-19T03:00:00Z,3,2023,23,0.00,0.00,0.00,17.18
1852,2023-03-19T04:00:00Z,3,2023,0,0.00,0.00,0.00,15.74
1853,2023-03-19T05:00:00Z,3,2023,1,0.00,0.00,0.00,14.19
1854,2023-03-19T06:00:00Z,3,2023,2,0.00,0.00,0.00,12.99
1855,2023-03-19T07:00:00Z,3,2023,3,0.00,0.00,0.00,12.19
1856,2023-03-19T08:00:00Z,3,2023,4,0.00,0.00,0.00,11.73
1857,2023-03-19T09:00:00Z,3,2023,5,0.00,0.00,0.00,11.35
1858,2023-03-19T10:00:00Z,3,2023,6,0.00,0.00,0.00,10.87
1859,2023-03-19T11:00:00Z,3,2023,7,4.55,1.63,6.54,10.41
1860,2023-03-19T12:00:00Z,3,2023,8,63.25,57.74,50.31,11.13
1861,2023-03-19T13:00:00Z,3,2023,9,154.93,125.55,106.33,13.05
1862,2023-03-19T14:00:00Z,3,2023,10,246.60,353.44,127.03,15.37
1863,2023-03-19T15:00:00Z,3,2023,11,335.55,184.42,199.19,17.04
1864,2023-03-19T16:00:00Z,3,2023,12,383.70,68.64,301.61,17.70
1865,2023-03-19T17:00:00Z,3,2023,13,481.05,180.85,277.83,18.57
1866,2023-03-19T18:00:00Z,3,2023,14,412.92,284.40,210.13,19.11
1867,2023-03-19T19:00:00Z,3,2023,15,569.25,448.99,234.56,19.57
1868,2023-03-19T20:00:00Z,3,2023,16,478.60,409.18,215.46,20.16
1869,2023-03-19T21:00:00Z,3,2023,17,289.73,256.21,174.66,20.13
1870,2023-03-19T22:00:00Z,3,2023,18,121.30,118.77,92.31,19.14
1871,2023-03-19T23:00:00Z,3,2023,19,8.05,3.95,9.79,16.09
1872,2023-03-20T00:00:00Z,3,2023,20,0.00,0.00,0.00,15.26
1873,2023-03-20T01:00:00Z,3,2023,21,0.00,0.00,0.00,14.91
1874,2023-03-20T02:00:00Z,3,2023,22,0.00,0.00,0.00,14.45
1875,2023-03-20T03:00:00Z,3,2023,23,0.00,0.00,0.00,13.51
1876,2023-03-20T04:00:00Z,3,2023,0,0.00,0.00,0.00,12.71
1877,2023-03-20T05:00:00Z,3,2023,1,0.00,0.00,0.00,11.94
1878,2023-03-20T06:00:00Z,3,2023,2,0.00,0.00,0.00,11.69
1879,2023-03-20T07:00:00Z,3,2023,3,0.00,0.00,0.00,11.35
1880,2023-03-20T08:00:00Z,3,2023,4,0.00,0.00,0.00,10.70
1881,2023-03-20T09:00:00Z,3,2023,5,0.00,0.00,0.00,10.26
1882,2023-03-20T10:00:00Z,3,2023,6,0.00,0.00,0.00,9.76
1883,2023-03-20T11:00:00Z,3,2023,7,7.72,17.04,8.96,8.88
1884,2023-03-20T12:00:00Z,3,2023,8,153.55,403.60,65.62,9.92
1885,2023-03-20T13:00:00Z,3,2023,9,381.98,675.18,96.10,12.18
1886,2023-03-20T14:00:00Z,3,2023,10,605.25,812.95,108.96,14.84
1887,2023-03-20T15:00:00Z,3,2023,11,788.03,896.20,116.99,17.27
1888,2023-03-20T16:00:00Z,3,2023,12,911.53,952.39,114.31,19.12
1889,2023-03-20T17:00:00Z,3,2023,13,959.05,964.63,113.52,20.59
1890,2023-03-20T18:00:00Z,3,2023,14,933.88,975.53,104.15,21.56
1891,2023-03-20T19:00:00Z,3,2023,15,834.15,964.24,95.54,21.95
1892,2023-03-20T20:00:00Z,3,2023,16,668.92,933.03,86.18,21.74
1893,2023-03-20T21:00:00Z,3,2023,17,453.42,867.35,69.90,20.81
1894,2023-03-20T22:00:00Z,3,2023,18,212.00,700.46,48.24,18.82
1895,2023-03-20T23:00:00Z,3,2023,19,19.10,141.59,12.56,15.06
1896,2023-03-21T00:00:00Z,3,2023,20,0.00,0.00,0.00,13.11
1897,2023-03-21T01:00:00Z,3,2023,21,0.00,0.00,0.00,11.68
1898,2023-03-21T02:00:00Z,3,2023,22,0.00,0.00,0.00,10.72
1899,2023-03-21T03:00:00Z,3,2023,23,0.00,0.00,0.00,9.84
1900,2023-03-21T04:00:00Z,3,2023,0,0.00,0.00,0.00,9.06
1901,2023-03-21T05:00:00Z,3,2023,1,0.00,0.00,0.00,8.48
1902,2023-03-21T06:00:00Z,3,2023,2,0.00,0.00,0.00,8.17
1903,2023-03-21T07:00:00Z,3,2023,3,0.00,0.00,0.00,8.12
1904,2023-03-21T08:00:00Z,3,2023,4,0.00,0.00,0.00,8.15
1905,2023-03-21T09:00:00Z,3,2023,5,0.00,0.00,0.00,8.29
1906,2023-03-21T10:00:00Z,3,2023,6,0.00,0.00,0.00,8.37
1907,2023-03-21T11:00:00Z,3,2023,7,11.62,94.42,8.83,8.81
1908,2023-03-21T12:00:00Z,3,2023,8,181.38,637.90,45.28,12.65
1909,2023-03-21T13:00:00Z,3,2023,9,415.08,824.99,70.57,17.39
1910,2023-03-21T14:00:00Z,3,2023,10,623.97,881.99,90.48,21.67
1911,2023-03-21T15:00:00Z,3,2023,11,769.10,908.52,99.91,24.07
1912,2023-03-21T16:00:00Z,3,2023,12,816.78,693.23,235.81,25.68
1913,2023-03-21T17:00:00Z,3,2023,13,840.45,756.85,197.55,26.80
1914,2023-03-21T18:00:00Z,3,2023,14,762.40,689.52,184.35,27.41
1915,2023-03-21T19:00:00Z,3,2023,15,622.92,748.72,120.78,27.50
1916,2023-03-21T20:00:00Z,3,2023,16,558.28,646.23,162.22,27.02
1917,2023-03-21T21:00:00Z,3,2023,17,370.45,620.18,105.75,25.89
1918,2023-03-21T22:00:00Z,3,2023,18,170.68,449.67,60.41,23.99
1919,2023-03-21T23:00:00Z,3,2023,19,16.08,79.80,13.38,20.87
1920,2023-03-22T00:00:00Z,3,2023,20,0.00,0.00,0.00,19.06
1921,2023-03-22T01:00:00Z,3,2023,21,0.00,0.00,0.00,18.03
1922,2023-03-22T02:00:00Z,3,2023,22,0.00,0.00,0.00,17.25
1923,2023-03-22T03:00:00Z,3,2023,23,0.00,0.00,0.00,16.71
1924,2023-03-22T04:00:00Z,3,2023,0,0.00,0.00,0.00,16.26
1925,2023-03-22T05:00:00Z,3,2023,1,0.00,0.00,0.00,15.88
1926,2023-03-22T06:00:00Z,3,2023,2,0.00,0.00,0.00,15.59
1927,2023-03-22T07:00:00Z,3,2023,3,0.00,0.00,0.00,15.37
1928,2023-03-22T08:00:00Z,3,2023,4,0.00,0.00,0.00,15.20
1929,2023-03-22T09:00:00Z,3,2023,5,0.00,0.00,0.00,15.04
1930,2023-03-22T10:00:00Z,3,2023,6,0.00,0.00,0.00,14.83
1931,2023-03-22T11:00:00Z,3,2023,7,11.20,60.73,10.04,15.10
1932,2023-03-22T12:00:00Z,3,2023,8,175.40,581.90,45.14,18.85
1933,2023-03-22T13:00:00Z,3,2023,9,406.27,782.94,66.33,22.58
1934,2023-03-22T14:00:00Z,3,2023,10,620.50,902.96,68.06,25.03
1935,2023-03-22T15:00:00Z,3,2023,11,743.35,814.87,141.25,26.90
1936,2023-03-22T16:00:00Z,3,2023,12,799.12,685.54,231.16,28.39
1937,2023-03-22T17:00:00Z,3,2023,13,735.55,417.28,328.69,29.46
1938,2023-03-22T18:00:00Z,3,2023,14,624.15,628.13,169.35,30.02
1939,2023-03-22T19:00:00Z,3,2023,15,586.78,416.54,268.58,30.00
1940,2023-03-22T20:00:00Z,3,2023,16,487.30,495.24,190.93,29.45
1941,2023-03-22T21:00:00Z,3,2023,17,321.50,436.74,127.89,28.20
1942,2023-03-22T22:00:00Z,3,2023,18,150.57,364.27,66.46,26.05
1943,2023-03-22T23:00:00Z,3,2023,19,15.10,55.30,14.89,23.20
1944,2023-03-23T00:00:00Z,3,2023,20,0.00,0.00,0.00,21.57
1945,2023-03-23T01:00:00Z,3,2023,21,0.00,0.00,0.00,20.68
1946,2023-03-23T02:00:00Z,3,2023,22,0.00,0.00,0.00,19.91
1947,2023-03-23T03:00:00Z,3,2023,23,0.00,0.00,0.00,19.21
1948,2023-03-23T04:00:00Z,3,2023,0,0.00,0.00,0.00,18.46
1949,2023-03-23T05:00:00Z,3,2023,1,0.00,0.00,0.00,17.80
1950,2023-03-23T06:00:00Z,3,2023,2,0.00,0.00,0.00,17.24
1951,2023-03-23T07:00:00Z,3,2023,3,0.00,0.00,0.00,16.77
1952,2023-03-23T08:00:00Z,3,2023,4,0.00,0.00,0.00,16.44
1953,2023-03-23T09:00:00Z,3,2023,5,0.00,0.00,0.00,16.17
1954,2023-03-23T10:00:00Z,3,2023,6,0.00,0.00,0.00,15.93
1955,2023-03-23T11:00:00Z,3,2023,7,12.73,66.29,11.52,16.07
1956,2023-03-23T12:00:00Z,3,2023,8,184.15,614.48,49.17,20.11
1957,2023-03-23T13:00:00Z,3,2023,9,414.12,799.55,70.92,23.46
1958,2023-03-23T14:00:00Z,3,2023,10,626.40,876.55,84.54,25.75
1959,2023-03-23T15:00:00Z,3,2023,11,795.12,949.40,80.44,27.68
1960,2023-03-23T16:00:00Z,3,2023,12,905.53,1006.87,75.78,29.30
1961,2023-03-23T17:00:00Z,3,2023,13,942.80,971.05,92.86,30.51
1962,2023-03-23T18:00:00Z,3,2023,14,913.88,963.44,93.61,31.17
1963,2023-03-23T19:00:00Z,3,2023,15,810.78,939.70,88.86,31.26
1964,2023-03-23T20:00:00Z,3,2023,16,646.28,890.39,83.94,30.69
1965,2023-03-23T21:00:00Z,3,2023,17,435.45,800.15,70.23,29.33
1966,2023-03-23T22:00:00Z,3,2023,18,202.50,612.73,50.15,27.10
1967,2023-03-23T23:00:00Z,3,2023,19,18.85,108.32,14.45,23.77
1968,2023-03-24T00:00:00Z,3,2023,20,0.00,0.00,0.00,21.66
1969,2023-03-24T01:00:00Z,3,2023,21,0.00,0.00,0.00,20.36
1970,2023-03-24T02:00:00Z,3,2023,22,0.00,0.00,0.00,19.19
1971,2023-03-24T03:00:00Z,3,2023,23,0.00,0.00,0.00,18.31
1972,2023-03-24T04:00:00Z,3,2023,0,0.00,0.00,0.00,17.68
1973,2023-03-24T05:00:00Z,3,2023,1,0.00,0.00,0.00,17.14
1974,2023-03-24T06:00:00Z,3,2023,2,0.00,0.00,0.00,16.65
1975,2023-03-24T07:00:00Z,3,2023,3,0.00,0.00,0.00,16.19
1976,2023-03-24T08:00:00Z,3,2023,4,0.00,0.00,0.00,15.80
1977,2023-03-24T09:00:00Z,3,2023,5,0.00,0.00,0.00,15.44
1978,2023-03-24T10:00:00Z,3,2023,6,0.00,0.00,0.00,15.11
1979,2023-03-24T11:00:00Z,3,2023,7,13.70,84.19,11.44,15.42
1980,2023-03-24T12:00:00Z,3,2023,8,187.07,592.19,51.33,19.39
1981,2023-03-24T13:00:00Z,3,2023,9,422.25,784.13,77.41,23.44
1982,2023-03-24T14:00:00Z,3,2023,10,636.67,878.10,88.12,26.17
1983,2023-03-24T15:00:00Z,3,2023,11,804.88,918.86,98.54,28.36
1984,2023-03-24T16:00:00Z,3,2023,12,912.80,956.23,96.34,30.13
1985,2023-03-24T17:00:00Z,3,2023,13,943.92,930.43,113.71,31.47
1986,2023-03-24T18:00:00Z,3,2023,14,905.65,917.16,115.71,32.35
1987,2023-03-24T19:00:00Z,3,2023,15,798.35,876.28,115.84,32.84
1988,2023-03-24T20:00:00Z,3,2023,16,630.35,810.80,110.89,32.76
1989,2023-03-24T21:00:00Z,3,2023,17,419.35,708.20,90.16,32.10
1990,2023-03-24T22:00:00Z,3,2023,18,191.98,519.33,59.57,30.53
1991,2023-03-24T23:00:00Z,3,2023,19,17.45,72.14,13.40,26.46
1992,2023-03-25T00:00:00Z,3,2023,20,0.00,0.00,0.00,24.69
1993,2023-03-25T01:00:00Z,3,2023,21,0.00,0.00,0.00,23.33
1994,2023-03-25T02:00:00Z,3,2023,22,0.00,0.00,0.00,22.18
1995,2023-03-25T03:00:00Z,3,2023,23,0.00,0.00,0.00,21.44
1996,2023-03-25T04:00:00Z,3,2023,0,0.00,0.00,0.00,20.95
1997,2023-03-25T05:00:00Z,3,2023,1,0.00,0.00,0.00,20.53
1998,2023-03-25T06:00:00Z,3,2023,2,0.00,0.00,0.00,19.84
1999,2023-03-25T07:00:00Z,3,2023,3,0.00,0.00,0.00,19.04
2000,2023-03-25T08:00:00Z,3,2023,4,0.00,0.00,0.00,18.39
2001,2023-03-25T09:00:00Z,3,2023,5,0.00,0.00,0.00,17.95
2002,2023-03-25T10:00:00Z,3,2023,6,0.00,0.00,0.00,17.68
2003,2023-03-25T11:00:00Z,3,2023,7,12.18,41.08,13.49,18.21
2004,2023-03-25T12:00:00Z,3,2023,8,154.00,373.22,76.17,21.61
2005,2023-03-25T13:00:00Z,3,2023,9,344.40,508.70,128.62,24.89
2006,2023-03-25T14:00:00Z,3,2023,10,529.85,610.58,167.93,27.68
2007,2023-03-25T15:00:00Z,3,2023,11,752.08,810.46,145.51,30.00
2008,2023-03-25T16:00:00Z,3,2023,12,870.70,826.54,161.47,31.79
2009,2023-03-25T17:00:00Z,3,2023,13,872.78,689.43,259.04,33.17
2010,2023-03-25T18:00:00Z,3,2023,14,750.08,635.53,229.49,34.11
2011,2023-03-25T19:00:00Z,3,2023,15,726.35,695.00,193.13,34.56
2012,2023-03-25T20:00:00Z,3,2023,16,518.08,504.11,221.24,34.38
2013,2023-03-25T21:00:00Z,3,2023,17,324.50,394.68,162.96,33.71
2014,2023-03-25T22:00:00Z,3,2023,18,146.65,231.58,90.87,32.31
2015,2023-03-25T23:00:00Z,3,2023,19,14.35,39.56,15.14,28.88
2016,2023-03-26T00:00:00Z,3,2023,20,0.00,0.00,0.00,27.70
2017,2023-03-26T01:00:00Z,3,2023,21,0.00,0.00,0.00,27.04
2018,2023-03-26T02:00:00Z,3,2023,22,0.00,0.00,0.00,26.11
2019,2023-03-26T03:00:00Z,3,2023,23,0.00,0.00,0.00,24.77
2020,2023-03-26T04:00:00Z,3,2023,0,0.00,0.00,0.00,23.84
2021,2023-03-26T05:00:00Z,3,2023,1,0.00,0.00,0.00,23.03
2022,2023-03-26T06:00:00Z,3,2023,2,0.00,0.00,0.00,22.29
2023,2023-03-26T07:00:00Z,3,2023,3,0.00,0.00,0.00,21.69
2024,2023-03-26T08:00:00Z,3,2023,4,0.00,0.00,0.00,21.19
2025,2023-03-26T09:00:00Z,3,2023,5,0.00,0.00,0.00,20.80
2026,2023-03-26T10:00:00Z,3,2023,6,0.00,0.00,0.00,20.35
2027,2023-03-26T11:00:00Z,3,2023,7,13.60,64.51,12.79,20.38
2028,2023-03-26T12:00:00Z,3,2023,8,177.77,507.63,58.26,23.15
2029,2023-03-26T13:00:00Z,3,2023,9,401.83,726.78,78.75,26.33
2030,2023-03-26T14:00:00Z,3,2023,10,610.72,836.98,86.61,29.23
2031,2023-03-26T15:00:00Z,3,2023,11,787.17,902.00,92.13,31.35
2032,2023-03-26T16:00:00Z,3,2023,12,844.35,759.05,210.39,32.90
2033,2023-03-26T17:00:00Z,3,2023,13,714.92,533.36,276.63,34.03
2034,2023-03-26T18:00:00Z,3,2023,14,688.03,474.44,351.69,34.70
2035,2023-03-26T19:00:00Z,3,2023,15,673.85,620.59,352.32,34.98
2036,2023-03-26T20:00:00Z,3,2023,16,564.47,665.03,144.38,34.75
2037,2023-03-26T21:00:00Z,3,2023,17,360.60,518.31,133.07,33.92
2038,2023-03-26T22:00:00Z,3,2023,18,161.23,269.33,94.43,32.68
2039,2023-03-26T23:00:00Z,3,2023,19,15.40,23.76,17.26,29.84
2040,2023-03-27T00:00:00Z,3,2023,20,0.00,0.00,0.00,28.31
2041,2023-03-27T01:00:00Z,3,2023,21,0.00,0.00,0.00,27.21
2042,2023-03-27T02:00:00Z,3,2023,22,0.00,0.00,0.00,25.96
2043,2023-03-27T03:00:00Z,3,2023,23,0.00,0.00,0.00,25.19
2044,2023-03-27T04:00:00Z,3,2023,0,0.00,0.00,0.00,24.51
2045,2023-03-27T05:00:00Z,3,2023,1,0.00,0.00,0.00,23.83
2046,2023-03-27T06:00:00Z,3,2023,2,0.00,0.00,0.00,23.56
2047,2023-03-27T07:00:00Z,3,2023,3,0.00,0.00,0.00,23.22
2048,2023-03-27T08:00:00Z,3,2023,4,0.00,0.00,0.00,22.55
2049,2023-03-27T09:00:00Z,3,2023,5,0.00,0.00,0.00,21.81
2050,2023-03-27T10:00:00Z,3,2023,6,0.00,0.00,0.00,21.18
2051,2023-03-27T11:00:00Z,3,2023,7,13.98,25.55,16.94,21.27
2052,2023-03-27T12:00:00Z,3,2023,8,156.98,180.42,114.10,23.67
2053,2023-03-27T13:00:00Z,3,2023,9,357.62,330.69,233.08,26.45
2054,2023-03-27T14:00:00Z,3,2023,10,546.00,567.20,324.91,28.79
2055,2023-03-27T15:00:00Z,3,2023,11,686.80,430.39,388.15,30.80
2056,2023-03-27T16:00:00Z,3,2023,12,826.90,640.81,285.50,32.39
2057,2023-03-27T17:00:00Z,3,2023,13,882.80,706.71,243.32,33.55
2058,2023-03-27T18:00:00Z,3,2023,14,735.28,671.22,172.99,34.24
2059,2023-03-27T19:00:00Z,3,2023,15,725.60,626.60,231.99,34.50
2060,2023-03-27T20:00:00Z,3,2023,16,558.50,596.23,176.40,34.16
2061,2023-03-27T21:00:00Z,3,2023,17,369.17,555.46,118.24,33.43
2062,2023-03-27T22:00:00Z,3,2023,18,172.32,373.10,77.19,32.17
2063,2023-03-27T23:00:00Z,3,2023,19,17.35,53.38,16.06,29.24
2064,2023-03-28T00:00:00Z,3,2023,20,0.00,0.00,0.00,27.66
2065,2023-03-28T01:00:00Z,3,2023,21,0.00,0.00,0.00,26.52
2066,2023-03-28T02:00:00Z,3,2023,22,0.00,0.00,0.00,25.64
2067,2023-03-28T03:00:00Z,3,2023,23,0.00,0.00,0.00,24.89
2068,2023-03-28T04:00:00Z,3,2023,0,0.00,0.00,0.00,24.47
2069,2023-03-28T05:00:00Z,3,2023,1,0.00,0.00,0.00,23.74
2070,2023-03-28T06:00:00Z,3,2023,2,0.00,0.00,0.00,23.10
2071,2023-03-28T07:00:00Z,3,2023,3,0.00,0.00,0.00,22.34
2072,2023-03-28T08:00:00Z,3,2023,4,0.00,0.00,0.00,21.22
2073,2023-03-28T09:00:00Z,3,2023,5,0.00,0.00,0.00,20.47
2074,2023-03-28T10:00:00Z,3,2023,6,0.00,0.00,0.00,20.14
2075,2023-03-28T11:00:00Z,3,2023,7,14.38,38.07,16.57,20.22
2076,2023-03-28T12:00:00Z,3,2023,8,170.62,380.20,79.51,21.67
2077,2023-03-28T13:00:00Z,3,2023,9,371.30,559.17,128.30,23.04
2078,2023-03-28T14:00:00Z,3,2023,10,569.42,671.56,148.62,25.95
2079,2023-03-28T15:00:00Z,3,2023,11,793.70,833.03,144.19,29.09
2080,2023-03-28T16:00:00Z,3,2023,12,899.72,881.68,134.33,31.46
2081,2023-03-28T17:00:00Z,3,2023,13,796.50,499.86,325.36,32.32
2082,2023-03-28T18:00:00Z,3,2023,14,683.65,312.80,395.25,33.20
2083,2023-03-28T19:00:00Z,3,2023,15,648.97,483.07,263.02,33.40
2084,2023-03-28T20:00:00Z,3,2023,16,505.42,484.24,209.96,32.88
2085,2023-03-28T21:00:00Z,3,2023,17,313.83,283.42,177.69,31.42
2086,2023-03-28T22:00:00Z,3,2023,18,135.48,124.17,100.49,29.66
2087,2023-03-28T23:00:00Z,3,2023,19,13.48,9.33,15.61,27.85
2088,2023-03-29T00:00:00Z,3,2023,20,0.00,0.00,0.00,26.29
2089,2023-03-29T01:00:00Z,3,2023,21,0.00,0.00,0.00,25.00
2090,2023-03-29T02:00:00Z,3,2023,22,0.00,0.00,0.00,24.04
2091,2023-03-29T03:00:00Z,3,2023,23,0.00,0.00,0.00,23.21
2092,2023-03-29T04:00:00Z,3,2023,0,0.00,0.00,0.00,22.69
2093,2023-03-29T05:00:00Z,3,2023,1,0.00,0.00,0.00,22.16
2094,2023-03-29T06:00:00Z,3,2023,2,0.00,0.00,0.00,21.47
2095,2023-03-29T07:00:00Z,3,2023,3,0.00,0.00,0.00,20.94
2096,2023-03-29T08:00:00Z,3,2023,4,0.00,0.00,0.00,20.65
2097,2023-03-29T09:00:00Z,3,2023,5,0.00,0.00,0.00,20.58
2098,2023-03-29T10:00:00Z,3,2023,6,0.00,0.00,0.00,20.38
2099,2023-03-29T11:00:00Z,3,2023,7,13.40,8.58,15.36,20.60
2100,2023-03-29T12:00:00Z,3,2023,8,123.20,78.75,99.56,22.00
2101,2023-03-29T13:00:00Z,3,2023,9,275.08,178.22,194.96,23.65
2102,2023-03-29T14:00:00Z,3,2023,10,429.52,289.90,261.20,25.43
2103,2023-03-29T15:00:00Z,3,2023,11,683.50,507.06,265.50,26.75
2104,2023-03-29T16:00:00Z,3,2023,12,797.60,642.04,234.99,27.91
2105,2023-03-29T17:00:00Z,3,2023,13,757.47,541.69,289.60,28.68
2106,2023-03-29T18:00:00Z,3,2023,14,637.70,437.61,353.92,27.95
2107,2023-03-29T19:00:00Z,3,2023,15,582.47,228.68,364.17,26.80
2108,2023-03-29T20:00:00Z,3,2023,16,411.92,168.43,272.22,25.69
2109,2023-03-29T21:00:00Z,3,2023,17,255.38,92.58,194.85,24.41
2110,2023-03-29T22:00:00Z,3,2023,18,105.90,47.42,86.89,22.88
2111,2023-03-29T23:00:00Z,3,2023,19,11.02,4.74,12.63,21.21
2112,2023-03-30T00:00:00Z,3,2023,20,0.00,0.00,0.00,20.06
2113,2023-03-30T01:00:00Z,3,2023,21,0.00,0.00,0.00,19.17
2114,2023-03-30T02:00:00Z,3,2023,22,0.00,0.00,0.00,18.47
2115,2023-03-30T03:00:00Z,3,2023,23,0.00,0.00,0.00,18.14
2116,2023-03-30T04:00:00Z,3,2023,0,0.00,0.00,0.00,17.31
2117,2023-03-30T05:00:00Z,3,2023,1,0.00,0.00,0.00,17.20
2118,2023-03-30T06:00:00Z,3,2023,2,0.00,0.00,0.00,17.41
2119,2023-03-30T07:00:00Z,3,2023,3,0.00,0.00,0.00,16.58
2120,2023-03-30T08:00:00Z,3,2023,4,0.00,0.00,0.00,16.24
2121,2023-03-30T09:00:00Z,3,2023,5,0.00,0.00,0.00,16.01
2122,2023-03-30T10:00:00Z,3,2023,6,0.00,0.00,0.00,15.80
2123,2023-03-30T11:00:00Z,3,2023,7,18.17,50.67,19.08,16.27
2124,2023-03-30T12:00:00Z,3,2023,8,185.38,406.66,82.85,19.85
2125,2023-03-30T13:00:00Z,3,2023,9,413.98,633.79,120.77,22.92
2126,2023-03-30T14:00:00Z,3,2023,10,635.08,818.51,115.72,25.14
2127,2023-03-30T15:00:00Z,3,2023,11,821.42,929.37,91.51,26.85
2128,2023-03-30T16:00:00Z,3,2023,12,929.55,956.07,95.06,28.13
2129,2023-03-30T17:00:00Z,3,2023,13,942.65,828.72,182.71,28.88
2130,2023-03-30T18:00:00Z,3,2023,14,906.83,832.53,171.57,29.13
2131,2023-03-30T19:00:00Z,3,2023,15,796.65,827.04,141.58,28.80
2132,2023-03-30T20:00:00Z,3,2023,16,650.78,821.37,111.45,27.88
2133,2023-03-30T21:00:00Z,3,2023,17,442.52,744.58,90.97,26.44
2134,2023-03-30T22:00:00Z,3,2023,18,213.57,593.46,56.53,24.64
2135,2023-03-30T23:00:00Z,3,2023,19,23.65,132.26,15.81,22.43
2136,2023-03-31T00:00:00Z,3,2023,20,0.00,0.00,0.00,20.84
2137,2023-03-31T01:00:00Z,3,2023,21,0.00,0.00,0.00,19.83
2138,2023-03-31T02:00:00Z,3,2023,22,0.00,0.00,0.00,19.06
2139,2023-03-31T03:00:00Z,3,2023,23,0.00,0.00,0.00,18.66
2140,2023-03-31T04:00:00Z,3,2023,0,0.00,0.00,0.00,18.55
2141,2023-03-31T05:00:00Z,3,2023,1,0.00,0.00,0.00,18.31
2142,2023-03-31T06:00:00Z,3,2023,2,0.00,0.00,0.00,18.09
2143,2023-03-31T07:00:00Z,3,2023,3,0.00,0.00,0.00,18.08
2144,2023-03-31T08:00:00Z,3,2023,4,0.00,0.00,0.00,18.05
2145,2023-03-31T09:00:00Z,3,2023,5,0.00,0.00,0.00,17.99
2146,2023-03-31T10:00:00Z,3,2023,6,0.00,0.00,0.00,18.03
2147,2023-03-31T11:00:00Z,3,2023,7,21.35,130.83,16.54,18.79
2148,2023-03-31T12:00:00Z,3,2023,8,186.62,484.04,64.63,22.32
2149,2023-03-31T13:00:00Z,3,2023,9,385.12,666.68,103.92,24.98
2150,2023-03-31T14:00:00Z,3,2023,10,603.72,654.10,203.92,26.79
2151,2023-03-31T15:00:00Z,3,2023,11,740.95,655.13,298.08,28.29
2152,2023-03-31T16:00:00Z,3,2023,12,839.62,585.10,380.59,29.48
2153,2023-03-31T17:00:00Z,3,2023,13,846.25,789.19,304.75,30.22
2154,2023-03-31T18:00:00Z,3,2023,14,806.38,523.36,345.54,30.55
2155,2023-03-31T19:00:00Z,3,2023,15,704.85,856.82,425.32,30.54
2156,2023-03-31T20:00:00Z,3,2023,16,526.55,472.01,277.96,29.98
2157,2023-03-31T21:00:00Z,3,2023,17,341.35,305.72,216.80,28.92
2158,2023-03-31T22:00:00Z,3,2023,18,156.35,145.62,116.93,27.31
2159,2023-03-31T23:00:00Z,3,2023,19,17.25,17.45,19.48,25.06
2160,2023-04-01T00:00:00Z,4,2023,20,0.00,0.00,0.00,23.40
2161,2023-04-01T01:00:00Z,4,2023,21,0.00,0.00,0.00,22.53
2162,2023-04-01T02:00:00Z,4,2023,22,0.00,0.00,0.00,21.90
2163,2023-04-01T03:00:00Z,4,2023,23,0.00,0.00,0.00,21.33
2164,2023-04-01T04:00:00Z,4,2023,0,0.00,0.00,0.00,21.04
2165,2023-04-01T05:00:00Z,4,2023,1,0.00,0.00,0.00,20.96
2166,2023-04-01T06:00:00Z,4,2023,2,0.00,0.00,0.00,20.44
2167,2023-04-01T07:00:00Z,4,2023,3,0.00,0.00,0.00,19.89
2168,2023-04-01T08:00:00Z,4,2023,4,0.00,0.00,0.00,19.71
2169,2023-04-01T09:00:00Z,4,2023,5,0.00,0.00,0.00,19.08
2170,2023-04-01T10:00:00Z,4,2023,6,0.00,0.00,0.00,18.39
2171,2023-04-01T11:00:00Z,4,2023,7,22.60,97.68,17.37,18.80
2172,2023-04-01T12:00:00Z,4,2023,8,205.52,541.00,61.06,22.14
2173,2023-04-01T13:00:00Z,4,2023,9,431.73,716.75,89.30,25.42
2174,2023-04-01T14:00:00Z,4,2023,10,640.40,825.27,99.05,27.67
2175,2023-04-01T15:00:00Z,4,2023,11,799.42,851.03,120.33,29.81
2176,2023-04-01T16:00:00Z,4,2023,12,902.53,884.00,123.02,31.59
2177,2023-04-01T17:00:00Z,4,2023,13,843.28,615.31,280.89,32.77
2178,2023-04-01T18:00:00Z,4,2023,14,752.03,525.76,284.39,33.68
2179,2023-04-01T19:00:00Z,4,2023,15,589.30,605.67,172.07,33.79
2180,2023-04-01T20:00:00Z,4,2023,16,518.35,598.65,148.64,33.16
2181,2023-04-01T21:00:00Z,4,2023,17,351.27,506.82,115.69,31.69
2182,2023-04-01T22:00:00Z,4,2023,18,173.52,371.43,76.91,29.88
2183,2023-04-01T23:00:00Z,4,2023,19,20.30,61.58,17.88,27.68
2184,2023-04-02T00:00:00Z,4,2023,20,0.00,0.00,0.00,26.19
2185,2023-04-02T01:00:00Z,4,2023,21,0.00,0.00,0.00,25.03
2186,2023-04-02T02:00:00Z,4,2023,22,0.00,0.00,0.00,23.20
2187,2023-04-02T03:00:00Z,4,2023,23,0.00,0.00,0.00,22.17
2188,2023-04-02T04:00:00Z,4,2023,0,0.00,0.00,0.00,22.13
2189,2023-04-02T05:00:00Z,4,2023,1,0.00,0.00,0.00,21.93
2190,2023-04-02T06:00:00Z,4,2023,2,0.00,0.00,0.00,21.82
2191,2023-04-02T07:00:00Z,4,2023,3,0.00,0.00,0.00,21.67
2192,2023-04-02T08:00:00Z,4,2023,4,0.00,0.00,0.00,21.26
2193,2023-04-02T09:00:00Z,4,2023,5,0.00,0.00,0.00,21.04
2194,2023-04-02T10:00:00Z,4,2023,6,0.00,0.00,0.00,20.66
2195,2023-04-02T11:00:00Z,4,2023,7,21.60,56.37,19.60,21.32
2196,2023-04-02T12:00:00Z,4,2023,8,185.43,394.17,80.05,23.79
2197,2023-04-02T13:00:00Z,4,2023,9,386.42,526.89,134.13,26.19
2198,2023-04-02T14:00:00Z,4,2023,10,586.92,628.95,180.42,28.53
2199,2023-04-02T15:00:00Z,4,2023,11,685.95,460.70,307.71,30.41
2200,2023-04-02T16:00:00Z,4,2023,12,842.33,592.99,300.10,31.91
2201,2023-04-02T17:00:00Z,4,2023,13,880.90,639.27,290.40,33.08
2202,2023-04-02T18:00:00Z,4,2023,14,788.12,720.75,171.55,33.79
2203,2023-04-02T19:00:00Z,4,2023,15,733.08,685.59,185.59,33.85
2204,2023-04-02T20:00:00Z,4,2023,16,590.97,680.27,144.70,33.46
2205,2023-04-02T21:00:00Z,4,2023,17,392.52,555.88,133.47,32.58
2206,2023-04-02T22:00:00Z,4,2023,18,186.15,393.89,86.74,31.26
2207,2023-04-02T23:00:00Z,4,2023,19,20.62,47.42,21.08,28.07
2208,2023-04-03T00:00:00Z,4,2023,20,0.00,0.00,0.00,26.19
2209,2023-04-03T01:00:00Z,4,2023,21,0.00,0.00,0.00,24.73
2210,2023-04-03T02:00:00Z,4,2023,22,0.00,0.00,0.00,23.35
2211,2023-04-03T03:00:00Z,4,2023,23,0.00,0.00,0.00,22.63
2212,2023-04-03T04:00:00Z,4,2023,0,0.00,0.00,0.00,21.95
2213,2023-04-03T05:00:00Z,4,2023,1,0.00,0.00,0.00,21.43
2214,2023-04-03T06:00:00Z,4,2023,2,0.00,0.00,0.00,21.36
2215,2023-04-03T07:00:00Z,4,2023,3,0.00,0.00,0.00,21.41
2216,2023-04-03T08:00:00Z,4,2023,4,0.00,0.00,0.00,21.51
2217,2023-04-03T09:00:00Z,4,2023,5,0.00,0.00,0.00,21.30
2218,2023-04-03T10:00:00Z,4,2023,6,0.00,0.00,0.00,20.84
2219,2023-04-03T11:00:00Z,4,2023,7,17.77,3.81,19.51,21.19
2220,2023-04-03T12:00:00Z,4,2023,8,141.23,24.14,116.01,24.16
2221,2023-04-03T13:00:00Z,4,2023,9,303.83,57.16,249.36,26.26
2222,2023-04-03T14:00:00Z,4,2023,10,480.15,100.00,363.88,28.81
2223,2023-04-03T15:00:00Z,4,2023,11,575.83,117.57,402.94,30.53
2224,2023-04-03T16:00:00Z,4,2023,12,682.00,103.51,508.76,31.32
2225,2023-04-03T17:00:00Z,4,2023,13,705.85,156.18,461.53,31.39
2226,2023-04-03T18:00:00Z,4,2023,14,663.97,224.16,412.38,31.29
2227,2023-04-03T19:00:00Z,4,2023,15,655.45,349.07,342.52,31.79
2228,2023-04-03T20:00:00Z,4,2023,16,548.53,513.33,193.21,32.28
2229,2023-04-03T21:00:00Z,4,2023,17,343.12,387.43,152.28,32.05
2230,2023-04-03T22:00:00Z,4,2023,18,157.20,232.14,97.45,31.05
2231,2023-04-03T23:00:00Z,4,2023,19,17.83,19.63,18.78,28.23
2232,2023-04-04T00:00:00Z,4,2023,20,0.00,0.00,0.00,26.06
2233,2023-04-04T01:00:00Z,4,2023,21,0.00,0.00,0.00,24.59
2234,2023-04-04T02:00:00Z,4,2023,22,0.00,0.00,0.00,23.74
2235,2023-04-04T03:00:00Z,4,2023,23,0.00,0.00,0.00,22.97
2236,2023-04-04T04:00:00Z,4,2023,0,0.00,0.00,0.00,22.36
2237,2023-04-04T05:00:00Z,4,2023,1,0.00,0.00,0.00,22.28
2238,2023-04-04T06:00:00Z,4,2023,2,0.00,0.00,0.00,22.35
2239,2023-04-04T07:00:00Z,4,2023,3,0.00,0.00,0.00,21.60
2240,2023-04-04T08:00:00Z,4,2023,4,0.00,0.00,0.00,20.75
2241,2023-04-04T09:00:00Z,4,2023,5,0.00,0.00,0.00,20.05
2242,2023-04-04T10:00:00Z,4,2023,6,0.00,0.00,0.00,19.69
2243,2023-04-04T11:00:00Z,4,2023,7,24.58,64.85,20.90,20.28
2244,2023-04-04T12:00:00Z,4,2023,8,200.50,442.41,72.30,23.64
2245,2023-04-04T13:00:00Z,4,2023,9,418.88,602.34,119.16,27.31
2246,2023-04-04T14:00:00Z,4,2023,10,625.90,717.24,135.59,30.26
2247,2023-04-04T15:00:00Z,4,2023,11,789.65,773.09,153.71,32.13
2248,2023-04-04T16:00:00Z,4,2023,12,889.75,782.00,180.62,33.51
2249,2023-04-04T17:00:00Z,4,2023,13,870.45,667.13,244.06,34.45
2250,2023-04-04T18:00:00Z,4,2023,14,786.00,669.46,190.29,34.95
2251,2023-04-04T19:00:00Z,4,2023,15,705.22,543.05,252.57,34.95
2252,2023-04-04T20:00:00Z,4,2023,16,556.67,500.02,208.60,34.39
2253,2023-04-04T21:00:00Z,4,2023,17,367.02,472.22,136.40,33.36
2254,2023-04-04T22:00:00Z,4,2023,18,176.90,326.31,86.41,31.42
2255,2023-04-04T23:00:00Z,4,2023,19,21.02,45.71,19.17,28.71
2256,2023-04-05T00:00:00Z,4,2023,20,0.00,0.00,0.00,26.40
2257,2023-04-05T01:00:00Z,4,2023,21,0.00,0.00,0.00,25.15
2258,2023-04-05T02:00:00Z,4,2023,22,0.00,0.00,0.00,24.29
2259,2023-04-05T03:00:00Z,4,2023,23,0.00,0.00,0.00,23.57
2260,2023-04-05T04:00:00Z,4,2023,0,0.00,0.00,0.00,22.92
2261,2023-04-05T05:00:00Z,4,2023,1,0.00,0.00,0.00,22.26
2262,2023-04-05T06:00:00Z,4,2023,2,0.00,0.00,0.00,21.67
2263,2023-04-05T07:00:00Z,4,2023,3,0.00,0.00,0.00,21.17
2264,2023-04-05T08:00:00Z,4,2023,4,0.00,0.00,0.00,20.77
2265,2023-04-05T09:00:00Z,4,2023,5,0.00,0.00,0.00,20.44
2266,2023-04-05T10:00:00Z,4,2023,6,0.00,0.00,0.00,20.25
2267,2023-04-05T11:00:00Z,4,2023,7,29.83,126.65,20.24,21.04
2268,2023-04-05T12:00:00Z,4,2023,8,223.35,554.77,64.56,24.65
2269,2023-04-05T13:00:00Z,4,2023,9,445.60,692.45,106.98,27.32
2270,2023-04-05T14:00:00Z,4,2023,10,634.47,729.79,147.29,29.68
2271,2023-04-05T15:00:00Z,4,2023,11,788.47,736.17,188.44,31.60
2272,2023-04-05T16:00:00Z,4,2023,12,819.60,484.49,338.19,32.78
2273,2023-04-05T17:00:00Z,4,2023,13,796.95,615.22,259.19,33.39
2274,2023-04-05T18:00:00Z,4,2023,14,846.33,701.54,226.77,33.59
2275,2023-04-05T19:00:00Z,4,2023,15,691.33,503.98,363.86,33.34
2276,2023-04-05T20:00:00Z,4,2023,16,570.83,666.62,315.64,32.64
2277,2023-04-05T21:00:00Z,4,2023,17,381.83,436.21,247.71,31.38
2278,2023-04-05T22:00:00Z,4,2023,18,181.35,182.46,130.31,29.54
2279,2023-04-05T23:00:00Z,4,2023,19,22.05,13.29,24.08,27.17
2280,2023-04-06T00:00:00Z,4,2023,20,0.00,0.00,0.00,25.30
2281,2023-04-06T01:00:00Z,4,2023,21,0.00,0.00,0.00,24.38
2282,2023-04-06T02:00:00Z,4,2023,22,0.00,0.00,0.00,23.76
2283,2023-04-06T03:00:00Z,4,2023,23,0.00,0.00,0.00,23.22
2284,2023-04-06T04:00:00Z,4,2023,0,0.00,0.00,0.00,22.83
2285,2023-04-06T05:00:00Z,4,2023,1,0.00,0.00,0.00,22.47
2286,2023-04-06T06:00:00Z,4,2023,2,0.00,0.00,0.00,22.21
2287,2023-04-06T07:00:00Z,4,2023,3,0.00,0.00,0.00,22.11
2288,2023-04-06T08:00:00Z,4,2023,4,0.00,0.00,0.00,22.10
2289,2023-04-06T09:00:00Z,4,2023,5,0.00,0.00,0.00,21.88
2290,2023-04-06T10:00:00Z,4,2023,6,0.00,0.00,0.00,21.37
2291,2023-04-06T11:00:00Z,4,2023,7,26.85,31.08,27.09,21.86
2292,2023-04-06T12:00:00Z,4,2023,8,208.35,347.87,128.85,24.87
2293,2023-04-06T13:00:00Z,4,2023,9,407.45,451.64,234.21,27.27
2294,2023-04-06T14:00:00Z,4,2023,10,579.70,520.64,305.20,29.46
2295,2023-04-06T15:00:00Z,4,2023,11,695.17,504.32,360.40,31.23
2296,2023-04-06T16:00:00Z,4,2023,12,824.35,298.81,498.29,32.46
2297,2023-04-06T17:00:00Z,4,2023,13,858.53,454.39,390.52,33.28
2298,2023-04-06T18:00:00Z,4,2023,14,838.30,706.95,222.38,33.64
2299,2023-04-06T19:00:00Z,4,2023,15,690.75,687.66,178.92,33.45
2300,2023-04-06T20:00:00Z,4,2023,16,590.50,641.84,172.88,32.75
2301,2023-04-06T21:00:00Z,4,2023,17,398.50,558.05,145.84,31.57
2302,2023-04-06T22:00:00Z,4,2023,18,195.38,372.04,93.87,29.83
2303,2023-04-06T23:00:00Z,4,2023,19,25.10,74.01,24.66,27.51
2304,2023-04-07T00:00:00Z,4,2023,20,0.00,0.00,0.00,25.69
2305,2023-04-07T01:00:00Z,4,2023,21,0.00,0.00,0.00,24.63
2306,2023-04-07T02:00:00Z,4,2023,22,0.00,0.00,0.00,23.86
2307,2023-04-07T03:00:00Z,4,2023,23,0.00,0.00,0.00,23.17
2308,2023-04-07T04:00:00Z,4,2023,0,0.00,0.00,0.00,22.52
2309,2023-04-07T05:00:00Z,4,2023,1,0.00,0.00,0.00,22.02
2310,2023-04-07T06:00:00Z,4,2023,2,0.00,0.00,0.00,21.79
2311,2023-04-07T07:00:00Z,4,2023,3,0.00,0.00,0.00,21.90
2312,2023-04-07T08:00:00Z,4,2023,4,0.00,0.00,0.00,22.02
2313,2023-04-07T09:00:00Z,4,2023,5,0.00,0.00,0.00,21.94
2314,2023-04-07T10:00:00Z,4,2023,6,0.00,0.00,0.00,21.84
2315,2023-04-07T11:00:00Z,4,2023,7,28.77,44.63,30.04,22.30
2316,2023-04-07T12:00:00Z,4,2023,8,207.98,313.08,124.22,24.30
2317,2023-04-07T13:00:00Z,4,2023,9,397.55,435.87,213.37,25.81
2318,2023-04-07T14:00:00Z,4,2023,10,543.58,461.22,304.69,27.25
2319,2023-04-07T15:00:00Z,4,2023,11,686.58,411.56,408.95,29.36
2320,2023-04-07T16:00:00Z,4,2023,12,750.03,443.23,407.00,31.37
2321,2023-04-07T17:00:00Z,4,2023,13,844.78,559.11,358.94,32.63
2322,2023-04-07T18:00:00Z,4,2023,14,724.05,651.44,205.71,33.36
2323,2023-04-07T19:00:00Z,4,2023,15,714.58,533.92,269.12,33.61
2324,2023-04-07T20:00:00Z,4,2023,16,561.92,561.01,202.43,33.21
2325,2023-04-07T21:00:00Z,4,2023,17,341.05,520.44,118.34,31.77
2326,2023-04-07T22:00:00Z,4,2023,18,160.05,293.58,82.30,29.84
2327,2023-04-07T23:00:00Z,4,2023,19,19.05,54.65,18.50,27.43
2328,2023-04-08T00:00:00Z,4,2023,20,0.00,0.00,0.00,25.06
2329,2023-04-08T01:00:00Z,4,2023,21,0.00,0.00,0.00,23.81
2330,2023-04-08T02:00:00Z,4,2023,22,0.00,0.00,0.00,23.17
2331,2023-04-08T03:00:00Z,4,2023,23,0.00,0.00,0.00,22.78
2332,2023-04-08T04:00:00Z,4,2023,0,0.00,0.00,0.00,22.65
2333,2023-04-08T05:00:00Z,4,2023,1,0.00,0.00,0.00,22.49
2334,2023-04-08T06:00:00Z,4,2023,2,0.00,0.00,0.00,22.13
2335,2023-04-08T07:00:00Z,4,2023,3,0.00,0.00,0.00,21.66
2336,2023-04-08T08:00:00Z,4,2023,4,0.00,0.00,0.00,21.38
2337,2023-04-08T09:00:00Z,4,2023,5,0.00,0.00,0.00,21.25
2338,2023-04-08T10:00:00Z,4,2023,6,0.00,0.00,0.00,21.05
2339,2023-04-08T11:00:00Z,4,2023,7,31.65,70.85,28.82,21.61
2340,2023-04-08T12:00:00Z,4,2023,8,219.12,407.57,100.55,23.74
2341,2023-04-08T13:00:00Z,4,2023,9,443.48,661.23,122.60,26.18
2342,2023-04-08T14:00:00Z,4,2023,10,592.70,486.20,253.04,28.47
2343,2023-04-08T15:00:00Z,4,2023,11,762.03,536.50,341.53,30.48
2344,2023-04-08T16:00:00Z,4,2023,12,853.53,557.66,349.86,32.02
2345,2023-04-08T17:00:00Z,4,2023,13,825.47,373.48,436.81,33.05
2346,2023-04-08T18:00:00Z,4,2023,14,799.30,576.86,280.67,33.21
2347,2023-04-08T19:00:00Z,4,2023,15,692.75,426.10,319.59,33.48
2348,2023-04-08T20:00:00Z,4,2023,16,453.65,189.00,287.96,33.68
2349,2023-04-08T21:00:00Z,4,2023,17,298.12,107.56,230.48,33.00
2350,2023-04-08T22:00:00Z,4,2023,18,142.95,55.98,120.61,31.75
2351,2023-04-08T23:00:00Z,4,2023,19,18.55,7.73,19.19,29.60
2352,2023-04-09T00:00:00Z,4,2023,20,0.00,0.00,0.00,27.86
2353,2023-04-09T01:00:00Z,4,2023,21,0.00,0.00,0.00,26.50
2354,2023-04-09T02:00:00Z,4,2023,22,0.00,0.00,0.00,25.46
2355,2023-04-09T03:00:00Z,4,2023,23,0.00,0.00,0.00,24.88
2356,2023-04-09T04:00:00Z,4,2023,0,0.00,0.00,0.00,24.52
2357,2023-04-09T05:00:00Z,4,2023,1,0.00,0.00,0.00,24.11
2358,2023-04-09T06:00:00Z,4,2023,2,0.00,0.00,0.00,23.80
2359,2023-04-09T07:00:00Z,4,2023,3,0.00,0.00,0.00,23.30
2360,2023-04-09T08:00:00Z,4,2023,4,0.00,0.00,0.00,22.68
2361,2023-04-09T09:00:00Z,4,2023,5,0.00,0.00,0.00,22.26
2362,2023-04-09T10:00:00Z,4,2023,6,0.00,0.00,0.00,21.66
2363,2023-04-09T11:00:00Z,4,2023,7,9.48,3.09,9.35,21.27
2364,2023-04-09T12:00:00Z,4,2023,8,60.15,37.53,49.08,20.92
2365,2023-04-09T13:00:00Z,4,2023,9,117.65,15.44,97.63,21.73
2366,2023-04-09T14:00:00Z,4,2023,10,219.18,82.51,165.42,24.03
2367,2023-04-09T15:00:00Z,4,2023,11,292.92,91.98,213.82,25.49
2368,2023-04-09T16:00:00Z,4,2023,12,363.17,27.05,287.17,26.37
2369,2023-04-09T17:00:00Z,4,2023,13,472.92,43.58,372.48,26.75
2370,2023-04-09T18:00:00Z,4,2023,14,485.25,204.89,332.37,26.64
2371,2023-04-09T19:00:00Z,4,2023,15,338.58,122.78,257.61,25.51
2372,2023-04-09T20:00:00Z,4,2023,16,208.18,20.31,171.72,24.22
2373,2023-04-09T21:00:00Z,4,2023,17,143.70,46.09,112.37,23.33
2374,2023-04-09T22:00:00Z,4,2023,18,72.97,44.51,56.22,22.32
2375,2023-04-09T23:00:00Z,4,2023,19,9.65,16.45,10.10,21.05
2376,2023-04-10T00:00:00Z,4,2023,20,0.00,0.00,0.00,20.25
2377,2023-04-10T01:00:00Z,4,2023,21,0.00,0.00,0.00,19.98
2378,2023-04-10T02:00:00Z,4,2023,22,0.00,0.00,0.00,19.99
2379,2023-04-10T03:00:00Z,4,2023,23,0.00,0.00,0.00,20.05
2380,2023-04-10T04:00:00Z,4,2023,0,0.00,0.00,0.00,20.09
2381,2023-04-10T05:00:00Z,4,2023,1,0.00,0.00,0.00,19.93
2382,2023-04-10T06:00:00Z,4,2023,2,0.00,0.00,0.00,19.76
2383,2023-04-10T07:00:00Z,4,2023,3,0.00,0.00,0.00,19.50
2384,2023-04-10T08:00:00Z,4,2023,4,0.00,0.00,0.00,19.13
2385,2023-04-10T09:00:00Z,4,2023,5,0.00,0.00,0.00,18.84
2386,2023-04-10T10:00:00Z,4,2023,6,0.00,0.00,0.00,18.86
2387,2023-04-10T11:00:00Z,4,2023,7,37.65,156.30,25.77,19.39
2388,2023-04-10T12:00:00Z,4,2023,8,228.10,540.82,70.46,21.16
2389,2023-04-10T13:00:00Z,4,2023,9,446.90,723.62,87.55,23.38
2390,2023-04-10T14:00:00Z,4,2023,10,518.88,358.87,260.83,24.78
2391,2023-04-10T15:00:00Z,4,2023,11,617.22,287.10,346.59,25.68
2392,2023-04-10T16:00:00Z,4,2023,12,630.90,275.68,330.20,25.04
2393,2023-04-10T17:00:00Z,4,2023,13,605.55,184.78,375.77,24.63
2394,2023-04-10T18:00:00Z,4,2023,14,532.50,193.10,312.68,24.71
2395,2023-04-10T19:00:00Z,4,2023,15,431.17,178.42,270.55,24.45
2396,2023-04-10T20:00:00Z,4,2023,16,297.10,179.39,193.47,24.00
2397,2023-04-10T21:00:00Z,4,2023,17,194.12,121.44,140.05,23.43
2398,2023-04-10T22:00:00Z,4,2023,18,95.07,63.23,71.85,22.84
2399,2023-04-10T23:00:00Z,4,2023,19,12.75,16.88,13.11,21.93
2400,2023-04-11T00:00:00Z,4,2023,20,0.00,0.00,0.00,21.02
2401,2023-04-11T01:00:00Z,4,2023,21,0.00,0.00,0.00,20.67
2402,2023-04-11T02:00:00Z,4,2023,22,0.00,0.00,0.00,20.17
2403,2023-04-11T03:00:00Z,4,2023,23,0.00,0.00,0.00,19.90
2404,2023-04-11T04:00:00Z,4,2023,0,0.00,0.00,0.00,19.65
2405,2023-04-11T05:00:00Z,4,2023,1,0.00,0.00,0.00,19.32
2406,2023-04-11T06:00:00Z,4,2023,2,0.00,0.00,0.00,18.95
2407,2023-04-11T07:00:00Z,4,2023,3,0.00,0.00,0.00,18.65
2408,2023-04-11T08:00:00Z,4,2023,4,0.00,0.00,0.00,18.36
2409,2023-04-11T09:00:00Z,4,2023,5,0.00,0.00,0.00,18.16
2410,2023-04-11T10:00:00Z,4,2023,6,0.00,0.00,0.00,18.17
2411,2023-04-11T11:00:00Z,4,2023,7,44.15,179.90,25.63,19.12
2412,2023-04-11T12:00:00Z,4,2023,8,246.15,557.12,75.41,21.71
2413,2023-04-11T13:00:00Z,4,2023,9,466.23,695.29,109.60,23.54
2414,2023-04-11T14:00:00Z,4,2023,10,671.10,752.39,150.61,24.89
2415,2023-04-11T15:00:00Z,4,2023,11,762.97,701.03,199.86,25.90
2416,2023-04-11T16:00:00Z,4,2023,12,755.33,399.88,396.54,26.74
2417,2023-04-11T17:00:00Z,4,2023,13,746.55,283.38,441.09,27.22
2418,2023-04-11T18:00:00Z,4,2023,14,775.33,316.68,460.76,27.25
2419,2023-04-11T19:00:00Z,4,2023,15,671.42,483.63,323.01,26.79
2420,2023-04-11T20:00:00Z,4,2023,16,448.73,225.08,276.63,26.00
2421,2023-04-11T21:00:00Z,4,2023,17,287.75,137.01,210.68,24.86
2422,2023-04-11T22:00:00Z,4,2023,18,131.82,55.05,105.31,23.40
2423,2023-04-11T23:00:00Z,4,2023,19,20.73,11.42,21.62,21.87
2424,2023-04-12T00:00:00Z,4,2023,20,0.00,0.00,0.00,21.01
2425,2023-04-12T01:00:00Z,4,2023,21,0.00,0.00,0.00,20.72
2426,2023-04-12T02:00:00Z,4,2023,22,0.00,0.00,0.00,20.46
2427,2023-04-12T03:00:00Z,4,2023,23,0.00,0.00,0.00,20.29
2428,2023-04-12T04:00:00Z,4,2023,0,0.00,0.00,0.00,20.45
2429,2023-04-12T05:00:00Z,4,2023,1,0.00,0.00,0.00,20.51
2430,2023-04-12T06:00:00Z,4,2023,2,0.00,0.00,0.00,20.45
2431,2023-04-12T07:00:00Z,4,2023,3,0.00,0.00,0.00,20.38
2432,2023-04-12T08:00:00Z,4,2023,4,0.00,0.00,0.00,20.32
2433,2023-04-12T09:00:00Z,4,2023,5,0.00,0.00,0.00,20.19
2434,2023-04-12T10:00:00Z,4,2023,6,0.00,0.00,0.00,19.98
2435,2023-04-12T11:00:00Z,4,2023,7,16.27,0.00,15.88,20.25
2436,2023-04-12T12:00:00Z,4,2023,8,90.82,6.11,78.25,21.74
2437,2023-04-12T13:00:00Z,4,2023,9,183.20,0.00,158.93,23.20
2438,2023-04-12T14:00:00Z,4,2023,10,312.95,2.10,261.23,24.25
2439,2023-04-12T15:00:00Z,4,2023,11,494.52,234.59,359.79,25.03
2440,2023-04-12T16:00:00Z,4,2023,12,543.35,58.27,421.43,25.72
2441,2023-04-12T17:00:00Z,4,2023,13,408.83,1.12,328.52,26.31
2442,2023-04-12T18:00:00Z,4,2023,14,228.00,0.00,183.58,25.78
2443,2023-04-12T19:00:00Z,4,2023,15,200.80,0.00,165.07,25.09
2444,2023-04-12T20:00:00Z,4,2023,16,193.23,0.00,162.30,24.77
2445,2023-04-12T21:00:00Z,4,2023,17,133.90,1.79,110.91,24.30
2446,2023-04-12T22:00:00Z,4,2023,18,77.93,3.31,67.23,23.46
2447,2023-04-12T23:00:00Z,4,2023,19,12.57,1.78,12.52,22.38
2448,2023-04-13T00:00:00Z,4,2023,20,0.00,0.00,0.00,21.65
2449,2023-04-13T01:00:00Z,4,2023,21,0.00,0.00,0.00,21.39
2450,2023-04-13T02:00:00Z,4,2023,22,0.00,0.00,0.00,21.33
2451,2023-04-13T03:00:00Z,4,2023,23,0.00,0.00,0.00,21.30
2452,2023-04-13T04:00:00Z,4,2023,0,0.00,0.00,0.00,21.30
2453,2023-04-13T05:00:00Z,4,2023,1,0.00,0.00,0.00,21.32
2454,2023-04-13T06:00:00Z,4,2023,2,0.00,0.00,0.00,21.29
2455,2023-04-13T07:00:00Z,4,2023,3,0.00,0.00,0.00,21.31
2456,2023-04-13T08:00:00Z,4,2023,4,0.00,0.00,0.00,21.26
2457,2023-04-13T09:00:00Z,4,2023,5,0.00,0.00,0.00,21.26
2458,2023-04-13T10:00:00Z,4,2023,6,0.00,0.00,0.00,21.14
2459,2023-04-13T11:00:00Z,4,2023,7,38.60,131.67,28.58,21.54
2460,2023-04-13T12:00:00Z,4,2023,8,187.75,335.75,87.18,23.21
2461,2023-04-13T13:00:00Z,4,2023,9,361.45,404.70,170.46,25.40
2462,2023-04-13T14:00:00Z,4,2023,10,654.10,736.50,150.02,28.10
2463,2023-04-13T15:00:00Z,4,2023,11,832.05,831.47,135.34,30.28
2464,2023-04-13T16:00:00Z,4,2023,12,843.12,634.62,273.05,31.85
2465,2023-04-13T17:00:00Z,4,2023,13,783.55,372.36,403.52,32.88
2466,2023-04-13T18:00:00Z,4,2023,14,677.60,480.29,248.93,33.36
2467,2023-04-13T19:00:00Z,4,2023,15,563.35,303.73,295.37,33.19
2468,2023-04-13T20:00:00Z,4,2023,16,482.58,378.18,215.63,32.43
2469,2023-04-13T21:00:00Z,4,2023,17,316.30,352.88,147.27,31.57
2470,2023-04-13T22:00:00Z,4,2023,18,155.65,251.83,86.16,30.46
2471,2023-04-13T23:00:00Z,4,2023,19,23.92,47.94,22.32,28.11
2472,2023-04-14T00:00:00Z,4,2023,20,0.00,0.00,0.00,26.38
2473,2023-04-14T01:00:00Z,4,2023,21,0.00,0.00,0.00,24.86
2474,2023-04-14T02:00:00Z,4,2023,22,0.00,0.00,0.00,23.60
2475,2023-04-14T03:00:00Z,4,2023,23,0.00,0.00,0.00,22.53
2476,2023-04-14T04:00:00Z,4,2023,0,0.00,0.00,0.00,21.96
2477,2023-04-14T05:00:00Z,4,2023,1,0.00,0.00,0.00,21.78
2478,2023-04-14T06:00:00Z,4,2023,2,0.00,0.00,0.00,21.55
2479,2023-04-14T07:00:00Z,4,2023,3,0.00,0.00,0.00,21.27
2480,2023-04-14T08:00:00Z,4,2023,4,0.00,0.00,0.00,21.06
2481,2023-04-14T09:00:00Z,4,2023,5,0.00,0.00,0.00,20.92
2482,2023-04-14T10:00:00Z,4,2023,6,0.00,0.00,0.00,20.52
2483,2023-04-14T11:00:00Z,4,2023,7,38.50,81.68,30.68,20.96
2484,2023-04-14T12:00:00Z,4,2023,8,202.93,379.02,87.91,22.87
2485,2023-04-14T13:00:00Z,4,2023,9,413.67,474.38,162.24,26.29
2486,2023-04-14T14:00:00Z,4,2023,10,559.22,364.83,283.38,28.91
2487,2023-04-14T15:00:00Z,4,2023,11,654.12,343.30,345.59,30.75
2488,2023-04-14T16:00:00Z,4,2023,12,703.08,414.46,310.66,32.02
2489,2023-04-14T17:00:00Z,4,2023,13,661.53,394.76,262.98,32.62
2490,2023-04-14T18:00:00Z,4,2023,14,666.08,409.73,252.45,32.95
2491,2023-04-14T19:00:00Z,4,2023,15,608.92,378.82,280.14,33.24
2492,2023-04-14T20:00:00Z,4,2023,16,537.35,433.24,238.58,32.74
2493,2023-04-14T21:00:00Z,4,2023,17,346.98,288.69,203.45,31.89
2494,2023-04-14T22:00:00Z,4,2023,18,164.95,118.07,128.79,31.04
2495,2023-04-14T23:00:00Z,4,2023,19,25.12,14.97,26.00,29.00
2496,2023-04-15T00:00:00Z,4,2023,20,0.00,0.00,0.00,27.01
2497,2023-04-15T01:00:00Z,4,2023,21,0.00,0.00,0.00,26.02
2498,2023-04-15T02:00:00Z,4,2023,22,0.00,0.00,0.00,24.86
2499,2023-04-15T03:00:00Z,4,2023,23,0.00,0.00,0.00,23.84
2500,2023-04-15T04:00:00Z,4,2023,0,0.00,0.00,0.00,23.13
2501,2023-04-15T05:00:00Z,4,2023,1,0.00,0.00,0.00,22.68
2502,2023-04-15T06:00:00Z,4,2023,2,0.00,0.00,0.00,22.18
2503,2023-04-15T07:00:00Z,4,2023,3,0.00,0.00,0.00,21.68
2504,2023-04-15T08:00:00Z,4,2023,4,0.00,0.00,0.00,21.51
2505,2023-04-15T09:00:00Z,4,2023,5,0.00,0.00,0.00,21.36
2506,2023-04-15T10:00:00Z,4,2023,6,0.00,0.00,0.00,21.24
2507,2023-04-15T11:00:00Z,4,2023,7,40.62,85.56,31.91,21.72
2508,2023-04-15T12:00:00Z,4,2023,8,206.32,376.71,90.47,23.93
2509,2023-04-15T13:00:00Z,4,2023,9,420.60,477.39,169.51,26.91
2510,2023-04-15T14:00:00Z,4,2023,10,607.25,612.09,179.03,29.27
2511,2023-04-15T15:00:00Z,4,2023,11,727.50,607.70,214.82,31.18
2512,2023-04-15T16:00:00Z,4,2023,12,811.45,455.39,348.04,32.66
2513,2023-04-15T17:00:00Z,4,2023,13,833.38,430.10,364.77,33.42
2514,2023-04-15T18:00:00Z,4,2023,14,801.00,530.93,274.98,33.03
2515,2023-04-15T19:00:00Z,4,2023,15,706.50,574.88,230.53,32.58
2516,2023-04-15T20:00:00Z,4,2023,16,583.28,591.16,174.65,32.39
2517,2023-04-15T21:00:00Z,4,2023,17,345.42,341.19,171.03,32.23
2518,2023-04-15T22:00:00Z,4,2023,18,179.32,221.77,113.78,31.36
2519,2023-04-15T23:00:00Z,4,2023,19,21.60,14.07,22.14,29.83
2520,2023-04-16T00:00:00Z,4,2023,20,0.00,0.00,0.00,28.34
2521,2023-04-16T01:00:00Z,4,2023,21,0.00,0.00,0.00,27.30
2522,2023-04-16T02:00:00Z,4,2023,22,0.00,0.00,0.00,26.11
2523,2023-04-16T03:00:00Z,4,2023,23,0.00,0.00,0.00,25.28
2524,2023-04-16T04:00:00Z,4,2023,0,0.00,0.00,0.00,24.74
2525,2023-04-16T05:00:00Z,4,2023,1,0.00,0.00,0.00,24.18
2526,2023-04-16T06:00:00Z,4,2023,2,0.00,0.00,0.00,23.35
2527,2023-04-16T07:00:00Z,4,2023,3,0.00,0.00,0.00,22.49
2528,2023-04-16T08:00:00Z,4,2023,4,0.00,0.00,0.00,21.83
2529,2023-04-16T09:00:00Z,4,2023,5,0.00,0.00,0.00,21.53
2530,2023-04-16T10:00:00Z,4,2023,6,0.00,0.00,0.00,21.41
2531,2023-04-16T11:00:00Z,4,2023,7,41.05,39.63,36.83,21.87
2532,2023-04-16T12:00:00Z,4,2023,8,207.62,215.20,133.64,23.26
2533,2023-04-16T13:00:00Z,4,2023,9,404.05,459.35,166.98,25.92
2534,2023-04-16T14:00:00Z,4,2023,10,597.17,546.88,315.95,28.91
2535,2023-04-16T15:00:00Z,4,2023,11,799.22,688.01,245.36,30.56
2536,2023-04-16T16:00:00Z,4,2023,12,852.45,637.38,287.86,31.70
2537,2023-04-16T17:00:00Z,4,2023,13,714.50,429.17,307.28,32.52
2538,2023-04-16T18:00:00Z,4,2023,14,601.75,350.62,288.51,32.94
2539,2023-04-16T19:00:00Z,4,2023,15,486.25,347.19,220.07,32.84
2540,2023-04-16T20:00:00Z,4,2023,16,511.12,394.36,216.11,32.12
2541,2023-04-16T21:00:00Z,4,2023,17,315.38,339.74,155.04,31.13
2542,2023-04-16T22:00:00Z,4,2023,18,141.62,171.06,93.55,29.92
2543,2023-04-16T23:00:00Z,4,2023,19,17.65,19.22,17.53,27.84
2544,2023-04-17T00:00:00Z,4,2023,20,0.00,0.00,0.00,25.99
2545,2023-04-17T01:00:00Z,4,2023,21,0.00,0.00,0.00,24.94
2546,2023-04-17T02:00:00Z,4,2023,22,0.00,0.00,0.00,23.94
2547,2023-04-17T03:00:00Z,4,2023,23,0.00,0.00,0.00,23.12
2548,2023-04-17T04:00:00Z,4,2023,0,0.00,0.00,0.00,22.49
2549,2023-04-17T05:00:00Z,4,2023,1,0.00,0.00,0.00,21.86
2550,2023-04-17T06:00:00Z,4,2023,2,0.00,0.00,0.00,21.35
2551,2023-04-17T07:00:00Z,4,2023,3,0.00,0.00,0.00,21.03
2552,2023-04-17T08:00:00Z,4,2023,4,0.00,0.00,0.00,20.87
2553,2023-04-17T09:00:00Z,4,2023,5,0.00,0.00,0.00,20.86
2554,2023-04-17T10:00:00Z,4,2023,6,0.00,0.00,0.00,20.96
2555,2023-04-17T11:00:00Z,4,2023,7,12.12,0.00,10.95,21.13
2556,2023-04-17T12:00:00Z,4,2023,8,33.75,0.25,29.49,21.54
2557,2023-04-17T13:00:00Z,4,2023,9,28.40,9.11,23.60,21.75
2558,2023-04-17T14:00:00Z,4,2023,10,183.57,0.00,154.09,21.99
2559,2023-04-17T15:00:00Z,4,2023,11,275.27,24.08,217.14,22.30
2560,2023-04-17T16:00:00Z,4,2023,12,479.10,56.10,351.82,22.66
2561,2023-04-17T17:00:00Z,4,2023,13,657.38,418.79,287.56,23.09
2562,2023-04-17T18:00:00Z,4,2023,14,802.45,561.78,280.25,23.69
2563,2023-04-17T19:00:00Z,4,2023,15,623.90,575.88,198.59,24.38
2564,2023-04-17T20:00:00Z,4,2023,16,650.97,725.53,140.99,24.71
2565,2023-04-17T21:00:00Z,4,2023,17,447.60,633.05,121.82,25.05
2566,2023-04-17T22:00:00Z,4,2023,18,231.10,530.96,72.44,24.48
2567,2023-04-17T23:00:00Z,4,2023,19,37.42,145.03,24.38,22.16
2568,2023-04-18T00:00:00Z,4,2023,20,0.00,0.00,0.00,19.67
2569,2023-04-18T01:00:00Z,4,2023,21,0.00,0.00,0.00,18.61
2570,2023-04-18T02:00:00Z,4,2023,22,0.00,0.00,0.00,17.85
2571,2023-04-18T03:00:00Z,4,2023,23,0.00,0.00,0.00,17.38
2572,2023-04-18T04:00:00Z,4,2023,0,0.00,0.00,0.00,16.91
2573,2023-04-18T05:00:00Z,4,2023,1,0.00,0.00,0.00,15.93
2574,2023-04-18T06:00:00Z,4,2023,2,0.00,0.00,0.00,14.66
2575,2023-04-18T07:00:00Z,4,2023,3,0.00,0.00,0.00,13.77
2576,2023-04-18T08:00:00Z,4,2023,4,0.00,0.00,0.00,13.13
2577,2023-04-18T09:00:00Z,4,2023,5,0.00,0.00,0.00,12.58
2578,2023-04-18T10:00:00Z,4,2023,6,0.00,0.00,0.00,12.02
2579,2023-04-18T11:00:00Z,4,2023,7,70.95,340.44,29.48,12.88
2580,2023-04-18T12:00:00Z,4,2023,8,304.35,760.39,59.28,15.78
2581,2023-04-18T13:00:00Z,4,2023,9,547.53,897.26,72.68,20.54
2582,2023-04-18T14:00:00Z,4,2023,10,761.80,973.06,75.47,23.44
2583,2023-04-18T15:00:00Z,4,2023,11,924.15,1008.26,78.41,25.23
2584,2023-04-18T16:00:00Z,4,2023,12,1023.42,1030.03,78.93,26.77
2585,2023-04-18T17:00:00Z,4,2023,13,1050.12,1068.58,73.86,27.97
2586,2023-04-18T18:00:00Z,4,2023,14,1005.47,1014.35,83.71,28.60
2587,2023-04-18T19:00:00Z,4,2023,15,895.80,992.20,81.30,28.54
2588,2023-04-18T20:00:00Z,4,2023,16,724.78,958.27,74.30,27.86
2589,2023-04-18T21:00:00Z,4,2023,17,508.02,876.50,68.53,26.85
2590,2023-04-18T22:00:00Z,4,2023,18,266.80,724.27,51.80,25.25
2591,2023-04-18T23:00:00Z,4,2023,19,46.60,296.23,20.52,22.25
2592,2023-04-19T00:00:00Z,4,2023,20,0.00,0.00,0.00,19.41
2593,2023-04-19T01:00:00Z,4,2023,21,0.00,0.00,0.00,18.33
2594,2023-04-19T02:00:00Z,4,2023,22,0.00,0.00,0.00,17.34
2595,2023-04-19T03:00:00Z,4,2023,23,0.00,0.00,0.00,16.66
2596,2023-04-19T04:00:00Z,4,2023,0,0.00,0.00,0.00,16.60
2597,2023-04-19T05:00:00Z,4,2023,1,0.00,0.00,0.00,16.49
2598,2023-04-19T06:00:00Z,4,2023,2,0.00,0.00,0.00,16.30
2599,2023-04-19T07:00:00Z,4,2023,3,0.00,0.00,0.00,16.06
2600,2023-04-19T08:00:00Z,4,2023,4,0.00,0.00,0.00,15.89
2601,2023-04-19T09:00:00Z,4,2023,5,0.00,0.00,0.00,16.11
2602,2023-04-19T10:00:00Z,4,2023,6,0.00,0.00,0.00,16.24
2603,2023-04-19T11:00:00Z,4,2023,7,50.38,51.68,43.92,17.14
2604,2023-04-19T12:00:00Z,4,2023,8,220.32,111.09,168.44,19.63
2605,2023-04-19T13:00:00Z,4,2023,9,406.38,197.32,288.36,21.74
2606,2023-04-19T14:00:00Z,4,2023,10,575.83,392.86,310.70,23.89
2607,2023-04-19T15:00:00Z,4,2023,11,703.92,452.28,363.14,25.22
2608,2023-04-19T16:00:00Z,4,2023,12,853.65,584.91,329.05,26.34
2609,2023-04-19T17:00:00Z,4,2023,13,910.20,573.57,354.79,27.24
2610,2023-04-19T18:00:00Z,4,2023,14,849.50,494.36,376.10,27.50
2611,2023-04-19T19:00:00Z,4,2023,15,754.20,533.45,301.56,27.12
2612,2023-04-19T20:00:00Z,4,2023,16,591.47,424.69,291.28,26.44
2613,2023-04-19T21:00:00Z,4,2023,17,387.33,366.99,214.80,25.56
2614,2023-04-19T22:00:00Z,4,2023,18,199.90,280.35,123.39,24.54
2615,2023-04-19T23:00:00Z,4,2023,19,32.30,55.71,31.25,22.93
2616,2023-04-20T00:00:00Z,4,2023,20,0.00,0.00,0.00,21.00
2617,2023-04-20T01:00:00Z,4,2023,21,0.00,0.00,0.00,20.16
2618,2023-04-20T02:00:00Z,4,2023,22,0.00,0.00,0.00,19.57
2619,2023-04-20T03:00:00Z,4,2023,23,0.00,0.00,0.00,19.34
2620,2023-04-20T04:00:00Z,4,2023,0,0.00,0.00,0.00,19.22
2621,2023-04-20T05:00:00Z,4,2023,1,0.00,0.00,0.00,19.01
2622,2023-04-20T06:00:00Z,4,2023,2,0.00,0.00,0.00,18.70
2623,2023-04-20T07:00:00Z,4,2023,3,0.00,0.00,0.00,18.25
2624,2023-04-20T08:00:00Z,4,2023,4,0.00,0.00,0.00,17.84
2625,2023-04-20T09:00:00Z,4,2023,5,0.00,0.00,0.00,17.51
2626,2023-04-20T10:00:00Z,4,2023,6,0.00,0.00,0.00,17.25
2627,2023-04-20T11:00:00Z,4,2023,7,64.75,202.68,36.15,18.77
2628,2023-04-20T12:00:00Z,4,2023,8,278.02,587.11,82.20,22.66
2629,2023-04-20T13:00:00Z,4,2023,9,512.58,784.80,88.72,24.82
2630,2023-04-20T14:00:00Z,4,2023,10,714.80,848.40,107.50,26.44
2631,2023-04-20T15:00:00Z,4,2023,11,859.40,819.56,160.16,27.83
2632,2023-04-20T16:00:00Z,4,2023,12,943.33,813.98,188.79,28.90
2633,2023-04-20T17:00:00Z,4,2023,13,961.35,763.25,218.69,29.47
2634,2023-04-20T18:00:00Z,4,2023,14,840.70,725.69,185.98,29.71
2635,2023-04-20T19:00:00Z,4,2023,15,793.85,673.74,218.73,29.48
2636,2023-04-20T20:00:00Z,4,2023,16,640.42,683.37,173.92,28.84
2637,2023-04-20T21:00:00Z,4,2023,17,457.92,690.95,110.11,27.79
2638,2023-04-20T22:00:00Z,4,2023,18,236.35,515.92,78.33,26.24
2639,2023-04-20T23:00:00Z,4,2023,19,39.67,149.33,25.46,24.18
2640,2023-04-21T00:00:00Z,4,2023,20,0.00,0.00,0.00,22.29
2641,2023-04-21T01:00:00Z,4,2023,21,0.00,0.00,0.00,21.28
2642,2023-04-21T02:00:00Z,4,2023,22,0.00,0.00,0.00,20.41
2643,2023-04-21T03:00:00Z,4,2023,23,0.00,0.00,0.00,19.78
2644,2023-04-21T04:00:00Z,4,2023,0,0.00,0.00,0.00,19.32
2645,2023-04-21T05:00:00Z,4,2023,1,0.00,0.00,0.00,18.98
2646,2023-04-21T06:00:00Z,4,2023,2,0.00,0.00,0.00,18.65
2647,2023-04-21T07:00:00Z,4,2023,3,0.00,0.00,0.00,18.38
2648,2023-04-21T08:00:00Z,4,2023,4,0.00,0.00,0.00,18.15
2649,2023-04-21T09:00:00Z,4,2023,5,0.00,0.00,0.00,17.93
2650,2023-04-21T10:00:00Z,4,2023,6,0.00,0.00,0.00,17.77
2651,2023-04-21T11:00:00Z,4,2023,7,75.03,341.53,29.53,19.44
2652,2023-04-21T12:00:00Z,4,2023,8,292.17,709.82,56.88,23.35
2653,2023-04-21T13:00:00Z,4,2023,9,517.40,814.30,75.02,25.75
2654,2023-04-21T14:00:00Z,4,2023,10,684.15,754.42,161.19,27.68
2655,2023-04-21T15:00:00Z,4,2023,11,795.97,584.28,295.67,29.25
2656,2023-04-21T16:00:00Z,4,2023,12,869.03,678.88,267.01,30.25
2657,2023-04-21T17:00:00Z,4,2023,13,880.03,528.61,352.85,30.56
2658,2023-04-21T18:00:00Z,4,2023,14,806.78,501.91,313.56,30.85
2659,2023-04-21T19:00:00Z,4,2023,15,595.38,646.70,135.05,30.86
2660,2023-04-21T20:00:00Z,4,2023,16,586.85,541.99,218.90,30.44
2661,2023-04-21T21:00:00Z,4,2023,17,403.38,509.88,137.89,29.43
2662,2023-04-21T22:00:00Z,4,2023,18,199.23,372.88,90.26,28.00
2663,2023-04-21T23:00:00Z,4,2023,19,32.50,73.35,28.59,25.83
2664,2023-04-22T00:00:00Z,4,2023,20,0.00,0.00,0.00,23.94
2665,2023-04-22T01:00:00Z,4,2023,21,0.00,0.00,0.00,23.13
2666,2023-04-22T02:00:00Z,4,2023,22,0.00,0.00,0.00,22.51
2667,2023-04-22T03:00:00Z,4,2023,23,0.00,0.00,0.00,22.02
2668,2023-04-22T04:00:00Z,4,2023,0,0.00,0.00,0.00,21.61
2669,2023-04-22T05:00:00Z,4,2023,1,0.00,0.00,0.00,21.27
2670,2023-04-22T06:00:00Z,4,2023,2,0.00,0.00,0.00,21.19
2671,2023-04-22T07:00:00Z,4,2023,3,0.00,0.00,0.00,21.09
2672,2023-04-22T08:00:00Z,4,2023,4,0.00,0.00,0.00,20.94
2673,2023-04-22T09:00:00Z,4,2023,5,0.00,0.00,0.00,20.63
2674,2023-04-22T10:00:00Z,4,2023,6,0.00,0.00,0.00,20.16
2675,2023-04-22T11:00:00Z,4,2023,7,60.92,145.40,41.23,20.97
2676,2023-04-22T12:00:00Z,4,2023,8,260.60,461.14,101.77,22.84
2677,2023-04-22T13:00:00Z,4,2023,9,495.12,692.94,112.85,25.55
2678,2023-04-22T14:00:00Z,4,2023,10,686.10,737.76,151.97,28.41
2679,2023-04-22T15:00:00Z,4,2023,11,819.62,705.34,206.57,30.11
2680,2023-04-22T16:00:00Z,4,2023,12,850.58,497.42,380.33,31.33
2681,2023-04-22T17:00:00Z,4,2023,13,870.20,456.06,403.84,32.33
2682,2023-04-22T18:00:00Z,4,2023,14,800.88,462.29,338.53,32.96
2683,2023-04-22T19:00:00Z,4,2023,15,706.83,469.47,286.38,33.02
2684,2023-04-22T20:00:00Z,4,2023,16,396.83,185.05,281.27,32.66
2685,2023-04-22T21:00:00Z,4,2023,17,292.88,176.90,201.39,31.59
2686,2023-04-22T22:00:00Z,4,2023,18,147.12,178.83,98.09,30.58
2687,2023-04-22T23:00:00Z,4,2023,19,29.02,70.49,25.25,28.76
2688,2023-04-23T00:00:00Z,4,2023,20,0.00,0.00,0.00,27.42
2689,2023-04-23T01:00:00Z,4,2023,21,0.00,0.00,0.00,26.64
2690,2023-04-23T02:00:00Z,4,2023,22,0.00,0.00,0.00,25.63
2691,2023-04-23T03:00:00Z,4,2023,23,0.00,0.00,0.00,24.34
2692,2023-04-23T04:00:00Z,4,2023,0,0.00,0.00,0.00,23.42
2693,2023-04-23T05:00:00Z,4,2023,1,0.00,0.00,0.00,22.61
2694,2023-04-23T06:00:00Z,4,2023,2,0.00,0.00,0.00,21.98
2695,2023-04-23T07:00:00Z,4,2023,3,0.00,0.00,0.00,21.37
2696,2023-04-23T08:00:00Z,4,2023,4,0.00,0.00,0.00,20.80
2697,2023-04-23T09:00:00Z,4,2023,5,0.00,0.00,0.00,20.48
2698,2023-04-23T10:00:00Z,4,2023,6,0.00,0.00,0.00,20.28
2699,2023-04-23T11:00:00Z,4,2023,7,76.12,313.43,32.77,20.31
2700,2023-04-23T12:00:00Z,4,2023,8,290.38,642.40,69.28,21.66
2701,2023-04-23T13:00:00Z,4,2023,9,516.45,786.02,87.29,24.65
2702,2023-04-23T14:00:00Z,4,2023,10,717.58,856.39,102.46,26.97
2703,2023-04-23T15:00:00Z,4,2023,11,835.22,761.13,195.00,28.63
2704,2023-04-23T16:00:00Z,4,2023,12,939.72,811.40,167.36,29.80
2705,2023-04-23T17:00:00Z,4,2023,13,922.22,690.80,260.47,30.58
2706,2023-04-23T18:00:00Z,4,2023,14,834.83,641.31,279.37,30.98
2707,2023-04-23T19:00:00Z,4,2023,15,782.58,692.14,209.05,31.00
2708,2023-04-23T20:00:00Z,4,2023,16,664.75,788.61,121.03,30.46
2709,2023-04-23T21:00:00Z,4,2023,17,470.70,728.41,96.92,29.59
2710,2023-04-23T22:00:00Z,4,2023,18,245.57,573.23,67.58,28.11
2711,2023-04-23T23:00:00Z,4,2023,19,44.38,174.01,25.31,26.04
2712,2023-04-24T00:00:00Z,4,2023,20,0.00,0.00,0.00,24.04
2713,2023-04-24T01:00:00Z,4,2023,21,0.00,0.00,0.00,22.92
2714,2023-04-24T02:00:00Z,4,2023,22,0.00,0.00,0.00,22.02
2715,2023-04-24T03:00:00Z,4,2023,23,0.00,0.00,0.00,21.37
2716,2023-04-24T04:00:00Z,4,2023,0,0.00,0.00,0.00,20.91
2717,2023-04-24T05:00:00Z,4,2023,1,0.00,0.00,0.00,20.57
2718,2023-04-24T06:00:00Z,4,2023,2,0.00,0.00,0.00,20.42
2719,2023-04-24T07:00:00Z,4,2023,3,0.00,0.00,0.00,20.37
2720,2023-04-24T08:00:00Z,4,2023,4,0.00,0.00,0.00,20.53
2721,2023-04-24T09:00:00Z,4,2023,5,0.00,0.00,0.00,20.73
2722,2023-04-24T10:00:00Z,4,2023,6,0.00,0.00,0.00,20.83
2723,2023-04-24T11:00:00Z,4,2023,7,46.25,51.67,39.56,21.90
2724,2023-04-24T12:00:00Z,4,2023,8,143.82,79.92,114.26,23.71
2725,2023-04-24T13:00:00Z,4,2023,9,254.07,16.28,220.04,24.96
2726,2023-04-24T14:00:00Z,4,2023,10,303.45,4.57,255.93,26.06
2727,2023-04-24T15:00:00Z,4,2023,11,508.05,18.85,406.78,26.48
2728,2023-04-24T16:00:00Z,4,2023,12,688.22,97.71,488.55,26.69
2729,2023-04-24T17:00:00Z,4,2023,13,613.10,165.73,373.54,26.78
2730,2023-04-24T18:00:00Z,4,2023,14,448.67,40.35,328.97,26.68
2731,2023-04-24T19:00:00Z,4,2023,15,75.00,0.00,61.39,26.57
2732,2023-04-24T20:00:00Z,4,2023,16,44.58,0.00,37.26,26.10
2733,2023-04-24T21:00:00Z,4,2023,17,161.12,40.89,124.25,25.26
2734,2023-04-24T22:00:00Z,4,2023,18,77.72,17.36,65.64,24.24
2735,2023-04-24T23:00:00Z,4,2023,19,13.38,0.00,13.03,22.97
2736,2023-04-25T00:00:00Z,4,2023,20,0.00,0.00,0.00,21.78
2737,2023-04-25T01:00:00Z,4,2023,21,0.00,0.00,0.00,21.26
2738,2023-04-25T02:00:00Z,4,2023,22,0.00,0.00,0.00,21.08
2739,2023-04-25T03:00:00Z,4,2023,23,0.00,0.00,0.00,20.78
2740,2023-04-25T04:00:00Z,4,2023,0,0.00,0.00,0.00,20.43
2741,2023-04-25T05:00:00Z,4,2023,1,0.00,0.00,0.00,20.34
2742,2023-04-25T06:00:00Z,4,2023,2,0.00,0.00,0.00,20.19
2743,2023-04-25T07:00:00Z,4,2023,3,0.00,0.00,0.00,19.99
2744,2023-04-25T08:00:00Z,4,2023,4,0.00,0.00,0.00,19.74
2745,2023-04-25T09:00:00Z,4,2023,5,0.00,0.00,0.00,19.60
2746,2023-04-25T10:00:00Z,4,2023,6,0.00,0.00,0.00,19.51
2747,2023-04-25T11:00:00Z,4,2023,7,58.67,156.45,38.38,20.47
2748,2023-04-25T12:00:00Z,4,2023,8,211.40,405.46,84.34,22.64
2749,2023-04-25T13:00:00Z,4,2023,9,424.48,411.00,193.46,25.16
2750,2023-04-25T14:00:00Z,4,2023,10,609.55,493.23,246.86,26.94
2751,2023-04-25T15:00:00Z,4,2023,11,718.55,413.81,331.19,28.14
2752,2023-04-25T16:00:00Z,4,2023,12,830.28,549.14,300.12,29.04
2753,2023-04-25T17:00:00Z,4,2023,13,760.47,428.09,335.35,29.58
2754,2023-04-25T18:00:00Z,4,2023,14,731.12,522.01,262.92,29.87
2755,2023-04-25T19:00:00Z,4,2023,15,638.95,401.49,273.37,29.77
2756,2023-04-25T20:00:00Z,4,2023,16,328.10,214.54,182.14,28.64
2757,2023-04-25T21:00:00Z,4,2023,17,243.77,195.03,144.80,26.96
2758,2023-04-25T22:00:00Z,4,2023,18,125.57,173.63,79.86,25.28
2759,2023-04-25T23:00:00Z,4,2023,19,27.05,44.76,25.16,23.74
2760,2023-04-26T00:00:00Z,4,2023,20,0.00,0.00,0.00,22.66
2761,2023-04-26T01:00:00Z,4,2023,21,0.00,0.00,0.00,22.17
2762,2023-04-26T02:00:00Z,4,2023,22,0.00,0.00,0.00,21.78
2763,2023-04-26T03:00:00Z,4,2023,23,0.00,0.00,0.00,21.40
2764,2023-04-26T04:00:00Z,4,2023,0,0.00,0.00,0.00,21.02
2765,2023-04-26T05:00:00Z,4,2023,1,0.00,0.00,0.00,20.81
2766,2023-04-26T06:00:00Z,4,2023,2,0.00,0.00,0.00,20.71
2767,2023-04-26T07:00:00Z,4,2023,3,0.00,0.00,0.00,20.61
2768,2023-04-26T08:00:00Z,4,2023,4,0.00,0.00,0.00,20.38
2769,2023-04-26T09:00:00Z,4,2023,5,0.00,0.00,0.00,20.16
2770,2023-04-26T10:00:00Z,4,2023,6,0.00,0.00,0.00,20.00
2771,2023-04-26T11:00:00Z,4,2023,7,78.93,239.18,39.23,20.89
2772,2023-04-26T12:00:00Z,4,2023,8,286.27,566.12,83.03,22.83
2773,2023-04-26T13:00:00Z,4,2023,9,507.40,709.92,108.50,24.63
2774,2023-04-26T14:00:00Z,4,2023,10,705.55,775.06,134.47,26.38
2775,2023-04-26T15:00:00Z,4,2023,11,806.78,689.41,218.69,27.77
2776,2023-04-26T16:00:00Z,4,2023,12,824.92,535.79,298.15,28.95
2777,2023-04-26T17:00:00Z,4,2023,13,859.83,534.71,318.18,29.61
2778,2023-04-26T18:00:00Z,4,2023,14,785.22,553.54,259.78,29.82
2779,2023-04-26T19:00:00Z,4,2023,15,652.75,456.64,257.00,29.79
2780,2023-04-26T20:00:00Z,4,2023,16,511.73,395.35,218.13,29.56
2781,2023-04-26T21:00:00Z,4,2023,17,375.12,386.33,165.83,28.88
2782,2023-04-26T22:00:00Z,4,2023,18,180.60,214.06,109.57,27.65
2783,2023-04-26T23:00:00Z,4,2023,19,31.30,22.40,30.64,25.77
2784,2023-04-27T00:00:00Z,4,2023,20,0.00,0.00,0.00,23.96
2785,2023-04-27T01:00:00Z,4,2023,21,0.00,0.00,0.00,23.09
2786,2023-04-27T02:00:00Z,4,2023,22,0.00,0.00,0.00,22.63
2787,2023-04-27T03:00:00Z,4,2023,23,0.00,0.00,0.00,22.49
2788,2023-04-27T04:00:00Z,4,2023,0,0.00,0.00,0.00,22.24
2789,2023-04-27T05:00:00Z,4,2023,1,0.00,0.00,0.00,22.01
2790,2023-04-27T06:00:00Z,4,2023,2,0.00,0.00,0.00,21.88
2791,2023-04-27T07:00:00Z,4,2023,3,0.00,0.00,0.00,21.83
2792,2023-04-27T08:00:00Z,4,2023,4,0.00,0.00,0.00,21.68
2793,2023-04-27T09:00:00Z,4,2023,5,0.00,0.00,0.00,21.47
2794,2023-04-27T10:00:00Z,4,2023,6,0.00,0.00,0.00,21.54
2795,2023-04-27T11:00:00Z,4,2023,7,70.35,66.64,60.24,22.15
2796,2023-04-27T12:00:00Z,4,2023,8,252.73,251.21,151.92,23.31
2797,2023-04-27T13:00:00Z,4,2023,9,459.38,500.30,176.98,25.03
2798,2023-04-27T14:00:00Z,4,2023,10,641.10,526.98,234.91,27.03
2799,2023-04-27T15:00:00Z,4,2023,11,795.20,633.08,241.80,27.37
2800,2023-04-27T16:00:00Z,4,2023,12,853.92,604.08,255.91,27.62
2801,2023-04-27T17:00:00Z,4,2023,13,781.10,518.08,325.18,28.22
2802,2023-04-27T18:00:00Z,4,2023,14,723.17,280.36,387.29,28.94
2803,2023-04-27T19:00:00Z,4,2023,15,516.30,170.54,365.16,28.35
2804,2023-04-27T20:00:00Z,4,2023,16,299.42,102.77,198.23,27.69
2805,2023-04-27T21:00:00Z,4,2023,17,145.95,0.00,126.59,26.22
2806,2023-04-27T22:00:00Z,4,2023,18,69.70,0.00,60.78,24.82
2807,2023-04-27T23:00:00Z,4,2023,19,15.32,0.00,14.25,24.03
2808,2023-04-28T00:00:00Z,4,2023,20,0.00,0.00,0.00,23.60
2809,2023-04-28T01:00:00Z,4,2023,21,0.00,0.00,0.00,23.30
2810,2023-04-28T02:00:00Z,4,2023,22,0.00,0.00,0.00,22.73
2811,2023-04-28T03:00:00Z,4,2023,23,0.00,0.00,0.00,22.16
2812,2023-04-28T04:00:00Z,4,2023,0,0.00,0.00,0.00,21.99
2813,2023-04-28T05:00:00Z,4,2023,1,0.00,0.00,0.00,21.56
2814,2023-04-28T06:00:00Z,4,2023,2,0.00,0.00,0.00,21.14
2815,2023-04-28T07:00:00Z,4,2023,3,0.00,0.00,0.00,20.66
2816,2023-04-28T08:00:00Z,4,2023,4,0.00,0.00,0.00,20.08
2817,2023-04-28T09:00:00Z,4,2023,5,0.00,0.00,0.00,19.79
2818,2023-04-28T10:00:00Z,4,2023,6,0.00,0.00,0.00,19.67
2819,2023-04-28T11:00:00Z,4,2023,7,45.17,4.93,39.14,20.12
2820,2023-04-28T12:00:00Z,4,2023,8,113.12,5.72,95.74,21.04
2821,2023-04-28T13:00:00Z,4,2023,9,180.45,4.78,156.04,22.37
2822,2023-04-28T14:00:00Z,4,2023,10,384.92,6.76,315.04,24.13
2823,2023-04-28T15:00:00Z,4,2023,11,445.12,32.53,355.44,25.82
2824,2023-04-28T16:00:00Z,4,2023,12,373.62,0.22,300.77,27.00
2825,2023-04-28T17:00:00Z,4,2023,13,875.33,446.13,396.05,28.05
2826,2023-04-28T18:00:00Z,4,2023,14,661.28,187.37,416.03,28.94
2827,2023-04-28T19:00:00Z,4,2023,15,488.17,84.66,350.91,29.67
2828,2023-04-28T20:00:00Z,4,2023,16,337.00,9.12,281.53,29.68
2829,2023-04-28T21:00:00Z,4,2023,17,186.12,0.16,161.20,28.84
2830,2023-04-28T22:00:00Z,4,2023,18,106.47,11.29,92.29,27.65
2831,2023-04-28T23:00:00Z,4,2023,19,25.48,7.29,23.99,25.90
2832,2023-04-29T00:00:00Z,4,2023,20,0.00,0.00,0.00,24.57
2833,2023-04-29T01:00:00Z,4,2023,21,0.00,0.00,0.00,23.71
2834,2023-04-29T02:00:00Z,4,2023,22,0.00,0.00,0.00,22.97
2835,2023-04-29T03:00:00Z,4,2023,23,0.00,0.00,0.00,22.52
2836,2023-04-29T04:00:00Z,4,2023,0,0.00,0.00,0.00,22.19
2837,2023-04-29T05:00:00Z,4,2023,1,0.00,0.00,0.00,21.86
2838,2023-04-29T06:00:00Z,4,2023,2,0.00,0.00,0.00,21.64
2839,2023-04-29T07:00:00Z,4,2023,3,0.00,0.00,0.00,21.49
2840,2023-04-29T08:00:00Z,4,2023,4,0.00,0.00,0.00,21.40
2841,2023-04-29T09:00:00Z,4,2023,5,0.00,0.00,0.00,21.30
2842,2023-04-29T10:00:00Z,4,2023,6,0.00,0.00,0.00,21.15
2843,2023-04-29T11:00:00Z,4,2023,7,60.92,46.10,53.77,21.69
2844,2023-04-29T12:00:00Z,4,2023,8,194.60,103.04,154.17,23.08
2845,2023-04-29T13:00:00Z,4,2023,9,366.85,129.86,263.08,24.49
2846,2023-04-29T14:00:00Z,4,2023,10,529.20,192.51,335.17,26.31
2847,2023-04-29T15:00:00Z,4,2023,11,579.53,203.33,349.86,27.50
2848,2023-04-29T16:00:00Z,4,2023,12,597.22,168.44,358.30,28.37
2849,2023-04-29T17:00:00Z,4,2023,13,493.83,1.42,394.15,28.86
2850,2023-04-29T18:00:00Z,4,2023,14,232.60,1.58,186.71,28.98
2851,2023-04-29T19:00:00Z,4,2023,15,210.88,19.64,169.72,28.82
2852,2023-04-29T20:00:00Z,4,2023,16,93.60,12.80,76.68,28.29
2853,2023-04-29T21:00:00Z,4,2023,17,53.33,7.88,45.12,27.69
2854,2023-04-29T22:00:00Z,4,2023,18,49.20,0.00,42.90,26.59
2855,2023-04-29T23:00:00Z,4,2023,19,13.38,0.00,12.44,25.13
2856,2023-04-30T00:00:00Z,4,2023,20,0.00,0.00,0.00,24.09
2857,2023-04-30T01:00:00Z,4,2023,21,0.00,0.00,0.00,23.40
2858,2023-04-30T02:00:00Z,4,2023,22,0.00,0.00,0.00,22.87
2859,2023-04-30T03:00:00Z,4,2023,23,0.00,0.00,0.00,22.55
2860,2023-04-30T04:00:00Z,4,2023,0,0.00,0.00,0.00,22.46
2861,2023-04-30T05:00:00Z,4,2023,1,0.00,0.00,0.00,22.46
2862,2023-04-30T06:00:00Z,4,2023,2,0.00,0.00,0.00,22.51
2863,2023-04-30T07:00:00Z,4,2023,3,0.00,0.00,0.00,22.55
2864,2023-04-30T08:00:00Z,4,2023,4,0.00,0.00,0.00,22.70
2865,2023-04-30T09:00:00Z,4,2023,5,0.00,0.00,0.00,22.87
2866,2023-04-30T10:00:00Z,4,2023,6,0.00,0.00,0.00,23.30
2867,2023-04-30T11:00:00Z,4,2023,7,59.60,39.58,52.74,23.56
2868,2023-04-30T12:00:00Z,4,2023,8,238.50,237.44,148.05,22.91
2869,2023-04-30T13:00:00Z,4,2023,9,463.98,474.93,178.89,22.44
2870,2023-04-30T14:00:00Z,4,2023,10,673.03,610.14,205.92,24.11
2871,2023-04-30T15:00:00Z,4,2023,11,798.10,607.51,243.82,25.55
2872,2023-04-30T16:00:00Z,4,2023,12,865.88,549.71,302.44,26.16
2873,2023-04-30T17:00:00Z,4,2023,13,890.40,570.43,307.27,26.60
2874,2023-04-30T18:00:00Z,4,2023,14,870.22,676.01,239.49,27.21
2875,2023-04-30T19:00:00Z,4,2023,15,817.38,774.32,174.37,27.50
2876,2023-04-30T20:00:00Z,4,2023,16,699.08,841.87,104.60,27.06
2877,2023-04-30T21:00:00Z,4,2023,17,491.88,769.34,89.33,25.96
2878,2023-04-30T22:00:00Z,4,2023,18,267.33,651.19,62.55,24.52
2879,2023-04-30T23:00:00Z,4,2023,19,58.17,260.71,26.54,22.78
2880,2023-05-01T00:00:00Z,5,2023,20,0.00,0.00,0.00,21.18
2881,2023-05-01T01:00:00Z,5,2023,21,0.00,0.00,0.00,20.22
2882,2023-05-01T02:00:00Z,5,2023,22,0.00,0.00,0.00,19.49
2883,2023-05-01T03:00:00Z,5,2023,23,0.00,0.00,0.00,18.84
2884,2023-05-01T04:00:00Z,5,2023,0,0.00,0.00,0.00,18.27
2885,2023-05-01T05:00:00Z,5,2023,1,0.00,0.00,0.00,17.64
2886,2023-05-01T06:00:00Z,5,2023,2,0.00,0.00,0.00,17.23
2887,2023-05-01T07:00:00Z,5,2023,3,0.00,0.00,0.00,16.97
2888,2023-05-01T08:00:00Z,5,2023,4,0.00,0.00,0.00,16.78
2889,2023-05-01T09:00:00Z,5,2023,5,0.00,0.00,0.00,16.31
2890,2023-05-01T10:00:00Z,5,2023,6,0.00,0.00,0.00,15.75
2891,2023-05-01T11:00:00Z,5,2023,7,105.12,415.45,39.01,17.44
2892,2023-05-01T12:00:00Z,5,2023,8,325.62,706.90,67.59,20.48
2893,2023-05-01T13:00:00Z,5,2023,9,552.58,837.80,78.51,23.12
2894,2023-05-01T14:00:00Z,5,2023,10,750.22,896.77,86.84,25.06
2895,2023-05-01T15:00:00Z,5,2023,11,900.17,931.51,97.04,26.73
2896,2023-05-01T16:00:00Z,5,2023,12,990.00,930.50,107.19,28.22
2897,2023-05-01T17:00:00Z,5,2023,13,1010.72,954.03,110.25,29.41
2898,2023-05-01T18:00:00Z,5,2023,14,960.72,923.61,106.53,30.14
2899,2023-05-01T19:00:00Z,5,2023,15,855.30,892.02,106.31,30.26
2900,2023-05-01T20:00:00Z,5,2023,16,694.20,848.38,98.44,29.57
2901,2023-05-01T21:00:00Z,5,2023,17,489.95,757.66,90.18,28.17
2902,2023-05-01T22:00:00Z,5,2023,18,263.90,617.05,68.94,26.49
2903,2023-05-01T23:00:00Z,5,2023,19,56.30,234.31,29.84,24.55
2904,2023-05-02T00:00:00Z,5,2023,20,0.00,0.00,0.00,22.49
2905,2023-05-02T01:00:00Z,5,2023,21,0.00,0.00,0.00,21.07
2906,2023-05-02T02:00:00Z,5,2023,22,0.00,0.00,0.00,20.23
2907,2023-05-02T03:00:00Z,5,2023,23,0.00,0.00,0.00,19.82
2908,2023-05-02T04:00:00Z,5,2023,0,0.00,0.00,0.00,19.32
2909,2023-05-02T05:00:00Z,5,2023,1,0.00,0.00,0.00,18.77
2910,2023-05-02T06:00:00Z,5,2023,2,0.00,0.00,0.00,18.33
2911,2023-05-02T07:00:00Z,5,2023,3,0.00,0.00,0.00,17.96
2912,2023-05-02T08:00:00Z,5,2023,4,0.00,0.00,0.00,17.98
2913,2023-05-02T09:00:00Z,5,2023,5,0.00,0.00,0.00,17.29
2914,2023-05-02T10:00:00Z,5,2023,6,0.00,0.00,0.00,17.03
2915,2023-05-02T11:00:00Z,5,2023,7,102.15,348.51,42.04,18.82
2916,2023-05-02T12:00:00Z,5,2023,8,310.50,615.02,82.68,21.95
2917,2023-05-02T13:00:00Z,5,2023,9,527.03,720.39,112.17,24.81
2918,2023-05-02T14:00:00Z,5,2023,10,707.90,750.11,157.81,26.70
2919,2023-05-02T15:00:00Z,5,2023,11,853.62,777.48,180.48,28.30
2920,2023-05-02T16:00:00Z,5,2023,12,968.40,836.45,163.74,29.62
2921,2023-05-02T17:00:00Z,5,2023,13,1002.72,847.05,176.29,30.73
2922,2023-05-02T18:00:00Z,5,2023,14,965.38,914.79,114.22,31.47
2923,2023-05-02T19:00:00Z,5,2023,15,857.08,876.42,116.08,31.55
2924,2023-05-02T20:00:00Z,5,2023,16,696.85,842.37,98.32,30.67
2925,2023-05-02T21:00:00Z,5,2023,17,491.88,756.67,91.65,29.14
2926,2023-05-02T22:00:00Z,5,2023,18,265.40,617.19,68.74,27.37
2927,2023-05-02T23:00:00Z,5,2023,19,58.38,244.69,29.00,25.31
2928,2023-05-03T00:00:00Z,5,2023,20,0.00,0.00,0.00,23.18
2929,2023-05-03T01:00:00Z,5,2023,21,0.00,0.00,0.00,21.87
2930,2023-05-03T02:00:00Z,5,2023,22,0.00,0.00,0.00,20.87
2931,2023-05-03T03:00:00Z,5,2023,23,0.00,0.00,0.00,20.22
2932,2023-05-03T04:00:00Z,5,2023,0,0.00,0.00,0.00,19.90
2933,2023-05-03T05:00:00Z,5,2023,1,0.00,0.00,0.00,20.17
2934,2023-05-03T06:00:00Z,5,2023,2,0.00,0.00,0.00,20.46
2935,2023-05-03T07:00:00Z,5,2023,3,0.00,0.00,0.00,20.46
2936,2023-05-03T08:00:00Z,5,2023,4,0.00,0.00,0.00,20.14
2937,2023-05-03T09:00:00Z,5,2023,5,0.00,0.00,0.00,19.67
2938,2023-05-03T10:00:00Z,5,2023,6,0.00,0.00,0.00,19.04
2939,2023-05-03T11:00:00Z,5,2023,7,92.38,209.79,57.65,19.93
2940,2023-05-03T12:00:00Z,5,2023,8,295.02,498.74,109.48,22.08
2941,2023-05-03T13:00:00Z,5,2023,9,523.10,666.63,140.02,23.73
2942,2023-05-03T14:00:00Z,5,2023,10,725.33,763.79,146.53,24.72
2943,2023-05-03T15:00:00Z,5,2023,11,880.08,812.26,163.48,25.49
2944,2023-05-03T16:00:00Z,5,2023,12,976.38,867.51,154.37,26.20
2945,2023-05-03T17:00:00Z,5,2023,13,1012.95,924.96,130.51,27.88
2946,2023-05-03T18:00:00Z,5,2023,14,974.58,902.23,125.80,29.08
2947,2023-05-03T19:00:00Z,5,2023,15,869.55,891.57,110.38,29.71
2948,2023-05-03T20:00:00Z,5,2023,16,703.42,846.70,100.44,29.81
2949,2023-05-03T21:00:00Z,5,2023,17,492.48,742.06,99.75,29.28
2950,2023-05-03T22:00:00Z,5,2023,18,265.00,584.15,78.20,27.84
2951,2023-05-03T23:00:00Z,5,2023,19,57.55,188.66,34.24,25.03
2952,2023-05-04T00:00:00Z,5,2023,20,0.00,0.00,0.00,22.32
2953,2023-05-04T01:00:00Z,5,2023,21,0.00,0.00,0.00,20.73
2954,2023-05-04T02:00:00Z,5,2023,22,0.00,0.00,0.00,19.37
2955,2023-05-04T03:00:00Z,5,2023,23,0.00,0.00,0.00,18.31
2956,2023-05-04T04:00:00Z,5,2023,0,0.00,0.00,0.00,17.71
2957,2023-05-04T05:00:00Z,5,2023,1,0.00,0.00,0.00,17.31
2958,2023-05-04T06:00:00Z,5,2023,2,0.00,0.00,0.00,17.02
2959,2023-05-04T07:00:00Z,5,2023,3,0.00,0.00,0.00,16.72
2960,2023-05-04T08:00:00Z,5,2023,4,0.00,0.00,0.00,16.40
2961,2023-05-04T09:00:00Z,5,2023,5,0.00,0.00,0.00,15.95
2962,2023-05-04T10:00:00Z,5,2023,6,0.00,0.00,0.00,15.38
2963,2023-05-04T11:00:00Z,5,2023,7,108.10,367.45,46.13,16.84
2964,2023-05-04T12:00:00Z,5,2023,8,322.20,655.06,78.49,19.33
2965,2023-05-04T13:00:00Z,5,2023,9,548.30,781.22,96.82,23.86
2966,2023-05-04T14:00:00Z,5,2023,10,746.88,859.69,102.59,26.25
2967,2023-05-04T15:00:00Z,5,2023,11,898.17,898.95,110.68,27.78
2968,2023-05-04T16:00:00Z,5,2023,12,990.05,958.78,98.61,29.03
2969,2023-05-04T17:00:00Z,5,2023,13,1015.47,958.76,97.93,30.09
2970,2023-05-04T18:00:00Z,5,2023,14,972.33,918.59,111.18,30.84
2971,2023-05-04T19:00:00Z,5,2023,15,864.65,881.01,112.72,31.29
2972,2023-05-04T20:00:00Z,5,2023,16,699.33,831.15,105.13,31.30
2973,2023-05-04T21:00:00Z,5,2023,17,491.62,742.53,97.80,31.00
2974,2023-05-04T22:00:00Z,5,2023,18,262.38,581.67,74.02,30.28
2975,2023-05-04T23:00:00Z,5,2023,19,58.00,215.10,30.77,27.57
2976,2023-05-05T00:00:00Z,5,2023,20,0.00,0.00,0.00,23.67
2977,2023-05-05T01:00:00Z,5,2023,21,0.00,0.00,0.00,22.04
2978,2023-05-05T02:00:00Z,5,2023,22,0.00,0.00,0.00,20.86
2979,2023-05-05T03:00:00Z,5,2023,23,0.00,0.00,0.00,19.97
2980,2023-05-05T04:00:00Z,5,2023,0,0.00,0.00,0.00,19.33
2981,2023-05-05T05:00:00Z,5,2023,1,0.00,0.00,0.00,18.85
2982,2023-05-05T06:00:00Z,5,2023,2,0.00,0.00,0.00,18.86
2983,2023-05-05T07:00:00Z,5,2023,3,0.00,0.00,0.00,18.47
2984,2023-05-05T08:00:00Z,5,2023,4,0.00,0.00,0.00,18.30
2985,2023-05-05T09:00:00Z,5,2023,5,0.00,0.00,0.00,18.61
2986,2023-05-05T10:00:00Z,5,2023,6,0.00,0.00,0.00,18.74
2987,2023-05-05T11:00:00Z,5,2023,7,98.10,241.13,56.74,20.41
2988,2023-05-05T12:00:00Z,5,2023,8,297.70,499.12,108.16,23.27
2989,2023-05-05T13:00:00Z,5,2023,9,517.62,683.56,120.13,26.09
2990,2023-05-05T14:00:00Z,5,2023,10,706.95,699.70,170.98,27.98
2991,2023-05-05T15:00:00Z,5,2023,11,839.90,733.46,190.81,29.37
2992,2023-05-05T16:00:00Z,5,2023,12,859.30,480.84,363.82,30.39
2993,2023-05-05T17:00:00Z,5,2023,13,819.83,367.84,397.96,31.13
2994,2023-05-05T18:00:00Z,5,2023,14,713.00,464.87,287.17,31.20
2995,2023-05-05T19:00:00Z,5,2023,15,589.95,147.83,401.74,30.86
2996,2023-05-05T20:00:00Z,5,2023,16,319.25,37.50,249.65,29.68
2997,2023-05-05T21:00:00Z,5,2023,17,215.62,3.51,187.33,28.07
2998,2023-05-05T22:00:00Z,5,2023,18,114.10,21.05,94.99,26.47
2999,2023-05-05T23:00:00Z,5,2023,19,27.80,8.81,24.99,24.80
3000,2023-05-06T00:00:00Z,5,2023,20,0.00,0.00,0.00,23.65
3001,2023-05-06T01:00:00Z,5,2023,21,0.00,0.00,0.00,22.91
3002,2023-05-06T02:00:00Z,5,2023,22,0.00,0.00,0.00,22.27
3003,2023-05-06T03:00:00Z,5,2023,23,0.00,0.00,0.00,21.68
3004,2023-05-06T04:00:00Z,5,2023,0,0.00,0.00,0.00,21.17
3005,2023-05-06T05:00:00Z,5,2023,1,0.00,0.00,0.00,21.32
3006,2023-05-06T06:00:00Z,5,2023,2,0.00,0.00,0.00,21.40
3007,2023-05-06T07:00:00Z,5,2023,3,0.00,0.00,0.00,21.20
3008,2023-05-06T08:00:00Z,5,2023,4,0.00,0.00,0.00,21.17
3009,2023-05-06T09:00:00Z,5,2023,5,0.00,0.00,0.00,21.08
3010,2023-05-06T10:00:00Z,5,2023,6,0.00,0.00,0.00,20.95
3011,2023-05-06T11:00:00Z,5,2023,7,70.05,114.38,49.37,22.43
3012,2023-05-06T12:00:00Z,5,2023,8,185.00,254.16,101.62,24.62
3013,2023-05-06T13:00:00Z,5,2023,9,346.92,204.94,214.60,26.16
3014,2023-05-06T14:00:00Z,5,2023,10,568.58,423.55,237.35,27.42
3015,2023-05-06T15:00:00Z,5,2023,11,675.20,486.15,254.03,28.18
3016,2023-05-06T16:00:00Z,5,2023,12,683.65,387.05,290.06,28.35
3017,2023-05-06T17:00:00Z,5,2023,13,666.67,312.00,307.45,28.74
3018,2023-05-06T18:00:00Z,5,2023,14,676.05,329.60,306.17,28.63
3019,2023-05-06T19:00:00Z,5,2023,15,620.72,393.71,259.03,27.88
3020,2023-05-06T20:00:00Z,5,2023,16,505.85,334.21,244.88,26.98
3021,2023-05-06T21:00:00Z,5,2023,17,370.02,412.29,145.85,26.28
3022,2023-05-06T22:00:00Z,5,2023,18,193.43,307.26,98.04,25.25
3023,2023-05-06T23:00:00Z,5,2023,19,43.67,66.88,38.42,24.16
3024,2023-05-07T00:00:00Z,5,2023,20,0.00,0.00,0.00,23.25
3025,2023-05-07T01:00:00Z,5,2023,21,0.00,0.00,0.00,22.59
3026,2023-05-07T02:00:00Z,5,2023,22,0.00,0.00,0.00,21.93
3027,2023-05-07T03:00:00Z,5,2023,23,0.00,0.00,0.00,21.49
3028,2023-05-07T04:00:00Z,5,2023,0,0.00,0.00,0.00,21.20
3029,2023-05-07T05:00:00Z,5,2023,1,0.00,0.00,0.00,20.89
3030,2023-05-07T06:00:00Z,5,2023,2,0.00,0.00,0.00,20.55
3031,2023-05-07T07:00:00Z,5,2023,3,0.00,0.00,0.00,20.22
3032,2023-05-07T08:00:00Z,5,2023,4,0.00,0.00,0.00,19.90
3033,2023-05-07T09:00:00Z,5,2023,5,0.00,0.00,0.00,19.55
3034,2023-05-07T10:00:00Z,5,2023,6,0.00,0.00,0.00,19.24
3035,2023-05-07T11:00:00Z,5,2023,7,117.25,411.49,44.16,20.95
3036,2023-05-07T12:00:00Z,5,2023,8,327.95,648.48,77.50,23.58
3037,2023-05-07T13:00:00Z,5,2023,9,547.25,782.34,93.66,25.52
3038,2023-05-07T14:00:00Z,5,2023,10,727.42,774.83,141.33,27.10
3039,2023-05-07T15:00:00Z,5,2023,11,838.92,742.54,203.41,28.33
3040,2023-05-07T16:00:00Z,5,2023,12,892.33,583.59,306.76,29.15
3041,2023-05-07T17:00:00Z,5,2023,13,878.50,513.46,365.77,29.61
3042,2023-05-07T18:00:00Z,5,2023,14,805.40,451.91,336.48,29.67
3043,2023-05-07T19:00:00Z,5,2023,15,555.85,588.89,185.35,29.32
3044,2023-05-07T20:00:00Z,5,2023,16,608.25,575.85,207.91,28.74
3045,2023-05-07T21:00:00Z,5,2023,17,460.42,620.20,128.54,27.93
3046,2023-05-07T22:00:00Z,5,2023,18,250.00,501.07,89.37,26.67
3047,2023-05-07T23:00:00Z,5,2023,19,59.72,191.40,33.26,24.86
3048,2023-05-08T00:00:00Z,5,2023,20,0.00,0.00,0.00,22.74
3049,2023-05-08T01:00:00Z,5,2023,21,0.00,0.00,0.00,21.69
3050,2023-05-08T02:00:00Z,5,2023,22,0.00,0.00,0.00,20.89
3051,2023-05-08T03:00:00Z,5,2023,23,0.00,0.00,0.00,20.21
3052,2023-05-08T04:00:00Z,5,2023,0,0.00,0.00,0.00,19.50
3053,2023-05-08T05:00:00Z,5,2023,1,0.00,0.00,0.00,18.90
3054,2023-05-08T06:00:00Z,5,2023,2,0.00,0.00,0.00,18.41
3055,2023-05-08T07:00:00Z,5,2023,3,0.00,0.00,0.00,18.01
3056,2023-05-08T08:00:00Z,5,2023,4,0.00,0.00,0.00,17.64
3057,2023-05-08T09:00:00Z,5,2023,5,0.00,0.00,0.00,17.20
3058,2023-05-08T10:00:00Z,5,2023,6,0.00,0.00,0.00,17.07
3059,2023-05-08T11:00:00Z,5,2023,7,119.07,411.62,46.00,19.30
3060,2023-05-08T12:00:00Z,5,2023,8,326.65,637.54,78.83,22.52
3061,2023-05-08T13:00:00Z,5,2023,9,547.17,784.96,88.38,24.70
3062,2023-05-08T14:00:00Z,5,2023,10,739.75,830.90,115.94,26.71
3063,2023-05-08T15:00:00Z,5,2023,11,887.15,852.35,135.91,28.61
3064,2023-05-08T16:00:00Z,5,2023,12,975.60,870.32,144.11,29.97
3065,2023-05-08T17:00:00Z,5,2023,13,1008.80,877.94,130.61,30.97
3066,2023-05-08T18:00:00Z,5,2023,14,958.97,876.21,116.89,31.58
3067,2023-05-08T19:00:00Z,5,2023,15,852.38,853.42,140.07,31.72
3068,2023-05-08T20:00:00Z,5,2023,16,701.10,852.65,93.44,31.40
3069,2023-05-08T21:00:00Z,5,2023,17,496.05,773.97,83.24,30.73
3070,2023-05-08T22:00:00Z,5,2023,18,273.15,630.46,63.85,29.48
3071,2023-05-08T23:00:00Z,5,2023,19,66.53,278.55,30.16,27.15
3072,2023-05-09T00:00:00Z,5,2023,20,0.00,0.00,0.00,24.36
3073,2023-05-09T01:00:00Z,5,2023,21,0.00,0.00,0.00,23.00
3074,2023-05-09T02:00:00Z,5,2023,22,0.00,0.00,0.00,22.06
3075,2023-05-09T03:00:00Z,5,2023,23,0.00,0.00,0.00,21.38
3076,2023-05-09T04:00:00Z,5,2023,0,0.00,0.00,0.00,20.96
3077,2023-05-09T05:00:00Z,5,2023,1,0.00,0.00,0.00,20.31
3078,2023-05-09T06:00:00Z,5,2023,2,0.00,0.00,0.00,19.58
3079,2023-05-09T07:00:00Z,5,2023,3,0.00,0.00,0.00,19.06
3080,2023-05-09T08:00:00Z,5,2023,4,0.00,0.00,0.00,18.64
3081,2023-05-09T09:00:00Z,5,2023,5,0.00,0.00,0.00,18.25
3082,2023-05-09T10:00:00Z,5,2023,6,0.00,0.00,0.00,17.98
3083,2023-05-09T11:00:00Z,5,2023,7,99.95,202.04,61.08,19.69
3084,2023-05-09T12:00:00Z,5,2023,8,281.95,369.87,135.40,22.45
3085,2023-05-09T13:00:00Z,5,2023,9,484.48,520.38,178.92,26.39
3086,2023-05-09T14:00:00Z,5,2023,10,677.60,569.56,229.05,28.92
3087,2023-05-09T15:00:00Z,5,2023,11,785.75,512.94,292.31,30.64
3088,2023-05-09T16:00:00Z,5,2023,12,723.10,247.08,407.89,31.98
3089,2023-05-09T17:00:00Z,5,2023,13,851.75,422.60,403.32,32.92
3090,2023-05-09T18:00:00Z,5,2023,14,749.83,281.77,551.37,33.40
3091,2023-05-09T19:00:00Z,5,2023,15,635.08,134.10,487.86,33.46
3092,2023-05-09T20:00:00Z,5,2023,16,482.27,196.38,308.61,33.18
3093,2023-05-09T21:00:00Z,5,2023,17,347.27,232.83,202.41,32.33
3094,2023-05-09T22:00:00Z,5,2023,18,181.60,128.15,139.02,31.13
3095,2023-05-09T23:00:00Z,5,2023,19,46.00,34.92,39.24,29.29
3096,2023-05-10T00:00:00Z,5,2023,20,0.00,0.00,0.00,28.07
3097,2023-05-10T01:00:00Z,5,2023,21,0.00,0.00,0.00,27.61
3098,2023-05-10T02:00:00Z,5,2023,22,0.00,0.00,0.00,26.36
3099,2023-05-10T03:00:00Z,5,2023,23,0.00,0.00,0.00,25.01
3100,2023-05-10T04:00:00Z,5,2023,0,0.00,0.00,0.00,24.02
3101,2023-05-10T05:00:00Z,5,2023,1,0.00,0.00,0.00,23.32
3102,2023-05-10T06:00:00Z,5,2023,2,0.00,0.00,0.00,22.74
3103,2023-05-10T07:00:00Z,5,2023,3,0.00,0.00,0.00,22.18
3104,2023-05-10T08:00:00Z,5,2023,4,0.00,0.00,0.00,21.66
3105,2023-05-10T09:00:00Z,5,2023,5,0.00,0.00,0.00,21.21
3106,2023-05-10T10:00:00Z,5,2023,6,0.00,0.00,0.00,20.81
3107,2023-05-10T11:00:00Z,5,2023,7,105.28,261.10,59.33,22.25
3108,2023-05-10T12:00:00Z,5,2023,8,291.23,457.14,111.19,25.16
3109,2023-05-10T13:00:00Z,5,2023,9,505.50,612.04,132.28,28.06
3110,2023-05-10T14:00:00Z,5,2023,10,698.75,696.07,158.00,30.40
3111,2023-05-10T15:00:00Z,5,2023,11,849.05,748.47,168.59,32.13
3112,2023-05-10T16:00:00Z,5,2023,12,923.20,704.87,214.41,33.47
3113,2023-05-10T17:00:00Z,5,2023,13,913.35,674.01,231.32,34.45
3114,2023-05-10T18:00:00Z,5,2023,14,822.92,592.23,245.10,35.04
3115,2023-05-10T19:00:00Z,5,2023,15,654.95,513.87,213.63,35.22
3116,2023-05-10T20:00:00Z,5,2023,16,510.65,420.19,205.32,34.88
3117,2023-05-10T21:00:00Z,5,2023,17,315.30,286.10,158.89,34.11
3118,2023-05-10T22:00:00Z,5,2023,18,157.98,173.12,103.75,32.63
3119,2023-05-10T23:00:00Z,5,2023,19,37.62,37.16,32.37,30.66
3120,2023-05-11T00:00:00Z,5,2023,20,0.00,0.00,0.00,28.39
3121,2023-05-11T01:00:00Z,5,2023,21,0.00,0.00,0.00,26.69
3122,2023-05-11T02:00:00Z,5,2023,22,0.00,0.00,0.00,25.31
3123,2023-05-11T03:00:00Z,5,2023,23,0.00,0.00,0.00,24.37
3124,2023-05-11T04:00:00Z,5,2023,0,0.00,0.00,0.00,23.72
3125,2023-05-11T05:00:00Z,5,2023,1,0.00,0.00,0.00,23.18
3126,2023-05-11T06:00:00Z,5,2023,2,0.00,0.00,0.00,22.73
3127,2023-05-11T07:00:00Z,5,2023,3,0.00,0.00,0.00,22.33
3128,2023-05-11T08:00:00Z,5,2023,4,0.00,0.00,0.00,22.01
3129,2023-05-11T09:00:00Z,5,2023,5,0.00,0.00,0.00,21.71
3130,2023-05-11T10:00:00Z,5,2023,6,0.00,0.00,0.00,21.39
3131,2023-05-11T11:00:00Z,5,2023,7,98.00,214.65,57.32,22.92
3132,2023-05-11T12:00:00Z,5,2023,8,275.60,450.91,105.31,24.89
3133,2023-05-11T13:00:00Z,5,2023,9,487.80,601.06,130.11,27.51
3134,2023-05-11T14:00:00Z,5,2023,10,648.42,495.77,290.61,29.69
3135,2023-05-11T15:00:00Z,5,2023,11,762.38,481.50,342.71,31.31
3136,2023-05-11T16:00:00Z,5,2023,12,882.15,454.91,394.80,32.44
3137,2023-05-11T17:00:00Z,5,2023,13,865.12,325.06,464.16,33.27
3138,2023-05-11T18:00:00Z,5,2023,14,757.00,666.76,296.45,33.76
3139,2023-05-11T19:00:00Z,5,2023,15,655.97,356.67,463.07,33.90
3140,2023-05-11T20:00:00Z,5,2023,16,501.40,269.99,336.09,33.67
3141,2023-05-11T21:00:00Z,5,2023,17,345.05,241.02,198.42,32.67
3142,2023-05-11T22:00:00Z,5,2023,18,171.15,91.60,140.48,30.95
3143,2023-05-11T23:00:00Z,5,2023,19,42.00,15.23,37.50,28.83
3144,2023-05-12T00:00:00Z,5,2023,20,0.00,0.00,0.00,26.72
3145,2023-05-12T01:00:00Z,5,2023,21,0.00,0.00,0.00,25.49
3146,2023-05-12T02:00:00Z,5,2023,22,0.00,0.00,0.00,24.68
3147,2023-05-12T03:00:00Z,5,2023,23,0.00,0.00,0.00,24.09
3148,2023-05-12T04:00:00Z,5,2023,0,0.00,0.00,0.00,23.60
3149,2023-05-12T05:00:00Z,5,2023,1,0.00,0.00,0.00,23.20
3150,2023-05-12T06:00:00Z,5,2023,2,0.00,0.00,0.00,22.88
3151,2023-05-12T07:00:00Z,5,2023,3,0.00,0.00,0.00,22.61
3152,2023-05-12T08:00:00Z,5,2023,4,0.00,0.00,0.00,22.36
3153,2023-05-12T09:00:00Z,5,2023,5,0.00,0.00,0.00,22.07
3154,2023-05-12T10:00:00Z,5,2023,6,3.08,2.71,4.83,21.81
3155,2023-05-12T11:00:00Z,5,2023,7,96.78,185.95,58.31,22.97
3156,2023-05-12T12:00:00Z,5,2023,8,296.25,454.18,118.26,24.66
3157,2023-05-12T13:00:00Z,5,2023,9,517.47,629.16,137.98,26.76
3158,2023-05-12T14:00:00Z,5,2023,10,703.72,689.54,174.74,28.48
3159,2023-05-12T15:00:00Z,5,2023,11,805.95,601.71,253.04,30.03
3160,2023-05-12T16:00:00Z,5,2023,12,886.45,634.45,267.96,31.14
3161,2023-05-12T17:00:00Z,5,2023,13,755.92,322.29,384.35,31.67
3162,2023-05-12T18:00:00Z,5,2023,14,758.20,307.44,388.66,31.66
3163,2023-05-12T19:00:00Z,5,2023,15,678.17,372.52,330.50,31.37
3164,2023-05-12T20:00:00Z,5,2023,16,580.88,523.87,200.04,30.76
3165,2023-05-12T21:00:00Z,5,2023,17,409.02,478.06,154.45,29.88
3166,2023-05-12T22:00:00Z,5,2023,18,218.90,322.76,109.94,28.74
3167,2023-05-12T23:00:00Z,5,2023,19,56.05,119.94,40.76,27.30
3168,2023-05-13T00:00:00Z,5,2023,20,0.00,0.00,0.00,25.66
3169,2023-05-13T01:00:00Z,5,2023,21,0.00,0.00,0.00,24.67
3170,2023-05-13T02:00:00Z,5,2023,22,0.00,0.00,0.00,23.92
3171,2023-05-13T03:00:00Z,5,2023,23,0.00,0.00,0.00,23.24
3172,2023-05-13T04:00:00Z,5,2023,0,0.00,0.00,0.00,22.62
3173,2023-05-13T05:00:00Z,5,2023,1,0.00,0.00,0.00,22.13
3174,2023-05-13T06:00:00Z,5,2023,2,0.00,0.00,0.00,21.71
3175,2023-05-13T07:00:00Z,5,2023,3,0.00,0.00,0.00,21.40
3176,2023-05-13T08:00:00Z,5,2023,4,0.00,0.00,0.00,21.19
3177,2023-05-13T09:00:00Z,5,2023,5,0.00,0.00,0.00,21.03
3178,2023-05-13T10:00:00Z,5,2023,6,3.55,8.75,4.87,20.91
3179,2023-05-13T11:00:00Z,5,2023,7,110.88,315.82,52.26,22.88
3180,2023-05-13T12:00:00Z,5,2023,8,317.40,566.56,94.00,25.16
3181,2023-05-13T13:00:00Z,5,2023,9,532.22,699.36,113.34,26.99
3182,2023-05-13T14:00:00Z,5,2023,10,723.17,771.75,133.72,28.80
3183,2023-05-13T15:00:00Z,5,2023,11,793.08,676.54,194.82,30.37
3184,2023-05-13T16:00:00Z,5,2023,12,788.50,417.10,360.05,31.30
3185,2023-05-13T17:00:00Z,5,2023,13,673.00,291.92,316.23,31.65
3186,2023-05-13T18:00:00Z,5,2023,14,628.10,312.94,320.19,31.63
3187,2023-05-13T19:00:00Z,5,2023,15,536.88,349.15,238.62,31.30
3188,2023-05-13T20:00:00Z,5,2023,16,417.05,253.30,219.07,30.72
3189,2023-05-13T21:00:00Z,5,2023,17,273.70,211.79,154.03,29.77
3190,2023-05-13T22:00:00Z,5,2023,18,144.85,150.30,98.89,28.61
3191,2023-05-13T23:00:00Z,5,2023,19,39.58,53.33,32.57,27.23
3192,2023-05-14T00:00:00Z,5,2023,20,0.00,0.00,0.00,25.58
3193,2023-05-14T01:00:00Z,5,2023,21,0.00,0.00,0.00,24.50
3194,2023-05-14T02:00:00Z,5,2023,22,0.00,0.00,0.00,23.76
3195,2023-05-14T03:00:00Z,5,2023,23,0.00,0.00,0.00,23.06
3196,2023-05-14T04:00:00Z,5,2023,0,0.00,0.00,0.00,22.47
3197,2023-05-14T05:00:00Z,5,2023,1,0.00,0.00,0.00,21.98
3198,2023-05-14T06:00:00Z,5,2023,2,0.00,0.00,0.00,21.53
3199,2023-05-14T07:00:00Z,5,2023,3,0.00,0.00,0.00,21.14
3200,2023-05-14T08:00:00Z,5,2023,4,0.00,0.00,0.00,20.81
3201,2023-05-14T09:00:00Z,5,2023,5,0.00,0.00,0.00,20.47
3202,2023-05-14T10:00:00Z,5,2023,6,3.55,4.02,5.16,20.18
3203,2023-05-14T11:00:00Z,5,2023,7,102.60,235.53,57.83,22.39
3204,2023-05-14T12:00:00Z,5,2023,8,305.12,492.64,105.31,24.95
3205,2023-05-14T13:00:00Z,5,2023,9,523.12,652.03,127.72,26.99
3206,2023-05-14T14:00:00Z,5,2023,10,706.38,686.97,169.28,28.81
3207,2023-05-14T15:00:00Z,5,2023,11,808.65,649.42,221.58,30.27
3208,2023-05-14T16:00:00Z,5,2023,12,829.12,430.58,361.41,31.44
3209,2023-05-14T17:00:00Z,5,2023,13,853.42,444.72,351.63,32.23
3210,2023-05-14T18:00:00Z,5,2023,14,832.65,630.67,248.36,32.67
3211,2023-05-14T19:00:00Z,5,2023,15,761.70,528.47,273.20,32.75
3212,2023-05-14T20:00:00Z,5,2023,16,600.58,478.44,244.67,32.39
3213,2023-05-14T21:00:00Z,5,2023,17,430.50,473.47,173.41,31.48
3214,2023-05-14T22:00:00Z,5,2023,18,238.25,380.33,114.57,29.90
3215,2023-05-14T23:00:00Z,5,2023,19,64.47,148.20,40.62,27.59
3216,2023-05-15T00:00:00Z,5,2023,20,0.00,0.00,0.00,24.87
3217,2023-05-15T01:00:00Z,5,2023,21,0.00,0.00,0.00,23.59
3218,2023-05-15T02:00:00Z,5,2023,22,0.00,0.00,0.00,22.65
3219,2023-05-15T03:00:00Z,5,2023,23,0.00,0.00,0.00,21.86
3220,2023-05-15T04:00:00Z,5,2023,0,0.00,0.00,0.00,21.24
3221,2023-05-15T05:00:00Z,5,2023,1,0.00,0.00,0.00,20.80
3222,2023-05-15T06:00:00Z,5,2023,2,0.00,0.00,0.00,20.52
3223,2023-05-15T07:00:00Z,5,2023,3,0.00,0.00,0.00,20.46
3224,2023-05-15T08:00:00Z,5,2023,4,0.00,0.00,0.00,20.61
3225,2023-05-15T09:00:00Z,5,2023,5,0.00,0.00,0.00,20.71
3226,2023-05-15T10:00:00Z,5,2023,6,4.18,12.74,5.55,20.84
3227,2023-05-15T11:00:00Z,5,2023,7,121.12,389.42,47.91,21.98
3228,2023-05-15T12:00:00Z,5,2023,8,334.25,632.20,81.86,24.81
3229,2023-05-15T13:00:00Z,5,2023,9,554.65,761.66,100.28,27.13
3230,2023-05-15T14:00:00Z,5,2023,10,744.20,816.86,119.25,29.25
3231,2023-05-15T15:00:00Z,5,2023,11,893.92,865.12,120.70,30.99
3232,2023-05-15T16:00:00Z,5,2023,12,980.28,919.42,107.73,32.26
3233,2023-05-15T17:00:00Z,5,2023,13,993.25,879.49,142.74,33.09
3234,2023-05-15T18:00:00Z,5,2023,14,916.03,793.73,160.72,33.38
3235,2023-05-15T19:00:00Z,5,2023,15,828.80,742.21,177.43,33.20
3236,2023-05-15T20:00:00Z,5,2023,16,675.95,748.28,134.37,32.43
3237,2023-05-15T21:00:00Z,5,2023,17,479.12,655.01,114.31,31.18
3238,2023-05-15T22:00:00Z,5,2023,18,256.80,508.25,86.49,29.50
3239,2023-05-15T23:00:00Z,5,2023,19,64.53,167.21,40.71,27.37
3240,2023-05-16T00:00:00Z,5,2023,20,0.00,0.00,0.00,24.89
3241,2023-05-16T01:00:00Z,5,2023,21,0.00,0.00,0.00,23.76
3242,2023-05-16T02:00:00Z,5,2023,22,0.00,0.00,0.00,22.95
3243,2023-05-16T03:00:00Z,5,2023,23,0.00,0.00,0.00,22.32
3244,2023-05-16T04:00:00Z,5,2023,0,0.00,0.00,0.00,21.87
3245,2023-05-16T05:00:00Z,5,2023,1,0.00,0.00,0.00,21.53
3246,2023-05-16T06:00:00Z,5,2023,2,0.00,0.00,0.00,21.39
3247,2023-05-16T07:00:00Z,5,2023,3,0.00,0.00,0.00,21.46
3248,2023-05-16T08:00:00Z,5,2023,4,0.00,0.00,0.00,21.59
3249,2023-05-16T09:00:00Z,5,2023,5,0.00,0.00,0.00,21.49
3250,2023-05-16T10:00:00Z,5,2023,6,4.25,9.97,5.85,21.59
3251,2023-05-16T11:00:00Z,5,2023,7,117.80,351.36,47.52,22.76
3252,2023-05-16T12:00:00Z,5,2023,8,327.75,599.58,87.31,25.27
3253,2023-05-16T13:00:00Z,5,2023,9,545.83,747.02,99.76,27.65
3254,2023-05-16T14:00:00Z,5,2023,10,736.95,810.98,113.58,30.07
3255,2023-05-16T15:00:00Z,5,2023,11,883.25,853.49,119.64,31.83
3256,2023-05-16T16:00:00Z,5,2023,12,954.05,811.24,163.82,33.15
3257,2023-05-16T17:00:00Z,5,2023,13,939.80,620.62,297.33,34.11
3258,2023-05-16T18:00:00Z,5,2023,14,842.45,603.65,263.97,34.70
3259,2023-05-16T19:00:00Z,5,2023,15,759.95,613.67,222.27,34.83
3260,2023-05-16T20:00:00Z,5,2023,16,617.80,599.51,190.56,34.54
3261,2023-05-16T21:00:00Z,5,2023,17,419.23,506.94,149.75,33.97
3262,2023-05-16T22:00:00Z,5,2023,18,221.45,330.37,112.40,32.74
3263,2023-05-16T23:00:00Z,5,2023,19,57.45,108.52,42.37,31.05
3264,2023-05-17T00:00:00Z,5,2023,20,0.00,0.00,0.00,28.93
3265,2023-05-17T01:00:00Z,5,2023,21,0.00,0.00,0.00,27.78
3266,2023-05-17T02:00:00Z,5,2023,22,0.00,0.00,0.00,26.75
3267,2023-05-17T03:00:00Z,5,2023,23,0.00,0.00,0.00,25.98
3268,2023-05-17T04:00:00Z,5,2023,0,0.00,0.00,0.00,25.42
3269,2023-05-17T05:00:00Z,5,2023,1,0.00,0.00,0.00,25.00
3270,2023-05-17T06:00:00Z,5,2023,2,0.00,0.00,0.00,24.54
3271,2023-05-17T07:00:00Z,5,2023,3,0.00,0.00,0.00,24.08
3272,2023-05-17T08:00:00Z,5,2023,4,0.00,0.00,0.00,23.61
3273,2023-05-17T09:00:00Z,5,2023,5,0.00,0.00,0.00,23.08
3274,2023-05-17T10:00:00Z,5,2023,6,4.15,4.12,6.03,22.48
3275,2023-05-17T11:00:00Z,5,2023,7,107.78,237.02,60.69,23.93
3276,2023-05-17T12:00:00Z,5,2023,8,302.80,454.05,118.57,26.11
3277,2023-05-17T13:00:00Z,5,2023,9,523.60,626.01,140.01,28.64
3278,2023-05-17T14:00:00Z,5,2023,10,713.83,705.85,161.72,30.82
3279,2023-05-17T15:00:00Z,5,2023,11,861.45,752.26,172.37,32.47
3280,2023-05-17T16:00:00Z,5,2023,12,931.28,752.19,204.22,33.79
3281,2023-05-17T17:00:00Z,5,2023,13,828.78,639.46,213.39,34.62
3282,2023-05-17T18:00:00Z,5,2023,14,801.78,435.53,349.43,35.08
3283,2023-05-17T19:00:00Z,5,2023,15,663.62,473.61,268.76,34.91
3284,2023-05-17T20:00:00Z,5,2023,16,487.60,388.19,201.55,34.25
3285,2023-05-17T21:00:00Z,5,2023,17,366.23,386.66,165.33,32.79
3286,2023-05-17T22:00:00Z,5,2023,18,199.40,294.41,99.10,31.47
3287,2023-05-17T23:00:00Z,5,2023,19,57.28,114.95,40.41,29.69
3288,2023-05-18T00:00:00Z,5,2023,20,0.00,0.00,0.00,27.64
3289,2023-05-18T01:00:00Z,5,2023,21,0.00,0.00,0.00,26.40
3290,2023-05-18T02:00:00Z,5,2023,22,0.00,0.00,0.00,25.34
3291,2023-05-18T03:00:00Z,5,2023,23,0.00,0.00,0.00,24.68
3292,2023-05-18T04:00:00Z,5,2023,0,0.00,0.00,0.00,24.38
3293,2023-05-18T05:00:00Z,5,2023,1,0.00,0.00,0.00,24.06
3294,2023-05-18T06:00:00Z,5,2023,2,0.00,0.00,0.00,23.55
3295,2023-05-18T07:00:00Z,5,2023,3,0.00,0.00,0.00,23.11
3296,2023-05-18T08:00:00Z,5,2023,4,0.00,0.00,0.00,22.62
3297,2023-05-18T09:00:00Z,5,2023,5,0.00,0.00,0.00,22.31
3298,2023-05-18T10:00:00Z,5,2023,6,4.78,9.85,6.91,22.00
3299,2023-05-18T11:00:00Z,5,2023,7,117.70,312.90,55.17,23.08
3300,2023-05-18T12:00:00Z,5,2023,8,326.77,555.84,100.18,25.58
3301,2023-05-18T13:00:00Z,5,2023,9,546.12,739.55,102.34,27.92
3302,2023-05-18T14:00:00Z,5,2023,10,733.38,786.20,127.56,29.90
3303,2023-05-18T15:00:00Z,5,2023,11,824.47,701.75,201.92,31.45
3304,2023-05-18T16:00:00Z,5,2023,12,854.47,475.68,341.34,32.76
3305,2023-05-18T17:00:00Z,5,2023,13,907.40,559.42,343.54,33.74
3306,2023-05-18T18:00:00Z,5,2023,14,881.15,656.11,243.54,34.30
3307,2023-05-18T19:00:00Z,5,2023,15,668.65,516.31,236.69,34.23
3308,2023-05-18T20:00:00Z,5,2023,16,537.47,410.41,237.58,33.85
3309,2023-05-18T21:00:00Z,5,2023,17,354.95,388.89,151.59,33.03
3310,2023-05-18T22:00:00Z,5,2023,18,184.85,201.85,120.51,31.72
3311,2023-05-18T23:00:00Z,5,2023,19,49.62,57.00,39.95,29.91
3312,2023-05-19T00:00:00Z,5,2023,20,0.00,0.00,0.00,27.93
3313,2023-05-19T01:00:00Z,5,2023,21,0.00,0.00,0.00,26.81
3314,2023-05-19T02:00:00Z,5,2023,22,0.00,0.00,0.00,25.99
3315,2023-05-19T03:00:00Z,5,2023,23,0.00,0.00,0.00,25.37
3316,2023-05-19T04:00:00Z,5,2023,0,0.00,0.00,0.00,24.74
3317,2023-05-19T05:00:00Z,5,2023,1,0.00,0.00,0.00,24.23
3318,2023-05-19T06:00:00Z,5,2023,2,0.00,0.00,0.00,23.91
3319,2023-05-19T07:00:00Z,5,2023,3,0.00,0.00,0.00,23.48
3320,2023-05-19T08:00:00Z,5,2023,4,0.00,0.00,0.00,23.06
3321,2023-05-19T09:00:00Z,5,2023,5,0.00,0.00,0.00,22.76
3322,2023-05-19T10:00:00Z,5,2023,6,5.12,17.32,6.86,22.57
3323,2023-05-19T11:00:00Z,5,2023,7,124.40,387.84,45.89,23.60
3324,2023-05-19T12:00:00Z,5,2023,8,333.40,626.82,79.64,24.92
3325,2023-05-19T13:00:00Z,5,2023,9,542.83,723.78,106.35,27.09
3326,2023-05-19T14:00:00Z,5,2023,10,726.42,774.17,130.44,29.56
3327,2023-05-19T15:00:00Z,5,2023,11,834.00,714.45,200.76,31.27
3328,2023-05-19T16:00:00Z,5,2023,12,880.67,624.95,265.28,32.56
3329,2023-05-19T17:00:00Z,5,2023,13,894.60,481.45,299.85,33.38
3330,2023-05-19T18:00:00Z,5,2023,14,806.92,580.77,247.61,33.96
3331,2023-05-19T19:00:00Z,5,2023,15,673.65,597.58,167.24,33.89
3332,2023-05-19T20:00:00Z,5,2023,16,516.53,465.10,187.24,33.45
3333,2023-05-19T21:00:00Z,5,2023,17,350.08,376.62,168.89,32.51
3334,2023-05-19T22:00:00Z,5,2023,18,182.15,207.59,116.00,30.84
3335,2023-05-19T23:00:00Z,5,2023,19,51.33,50.30,40.06,28.93
3336,2023-05-20T00:00:00Z,5,2023,20,0.00,0.00,0.00,26.92
3337,2023-05-20T01:00:00Z,5,2023,21,0.00,0.00,0.00,25.73
3338,2023-05-20T02:00:00Z,5,2023,22,0.00,0.00,0.00,25.01
3339,2023-05-20T03:00:00Z,5,2023,23,0.00,0.00,0.00,24.56
3340,2023-05-20T04:00:00Z,5,2023,0,0.00,0.00,0.00,24.26
3341,2023-05-20T05:00:00Z,5,2023,1,0.00,0.00,0.00,23.91
3342,2023-05-20T06:00:00Z,5,2023,2,0.00,0.00,0.00,23.64
3343,2023-05-20T07:00:00Z,5,2023,3,0.00,0.00,0.00,23.41
3344,2023-05-20T08:00:00Z,5,2023,4,0.00,0.00,0.00,23.24
3345,2023-05-20T09:00:00Z,5,2023,5,0.00,0.00,0.00,23.07
3346,2023-05-20T10:00:00Z,5,2023,6,5.12,13.93,7.43,22.87
3347,2023-05-20T11:00:00Z,5,2023,7,113.90,318.19,53.72,24.13
3348,2023-05-20T12:00:00Z,5,2023,8,303.67,519.25,97.33,26.02
3349,2023-05-20T13:00:00Z,5,2023,9,503.77,629.28,138.74,28.54
3350,2023-05-20T14:00:00Z,5,2023,10,688.38,685.88,165.96,30.65
3351,2023-05-20T15:00:00Z,5,2023,11,791.85,589.06,265.64,32.21
3352,2023-05-20T16:00:00Z,5,2023,12,835.95,524.09,336.84,33.20
3353,2023-05-20T17:00:00Z,5,2023,13,822.22,508.07,311.04,33.61
3354,2023-05-20T18:00:00Z,5,2023,14,692.33,456.00,257.66,33.82
3355,2023-05-20T19:00:00Z,5,2023,15,695.95,502.50,257.18,33.77
3356,2023-05-20T20:00:00Z,5,2023,16,476.12,353.48,216.52,33.20
3357,2023-05-20T21:00:00Z,5,2023,17,369.42,453.82,133.11,32.14
3358,2023-05-20T22:00:00Z,5,2023,18,195.85,281.18,104.05,30.36
3359,2023-05-20T23:00:00Z,5,2023,19,54.03,99.76,39.65,28.56
3360,2023-05-21T00:00:00Z,5,2023,20,0.00,0.00,0.00,26.82
3361,2023-05-21T01:00:00Z,5,2023,21,0.00,0.00,0.00,25.79
3362,2023-05-21T02:00:00Z,5,2023,22,0.00,0.00,0.00,25.08
3363,2023-05-21T03:00:00Z,5,2023,23,0.00,0.00,0.00,24.56
3364,2023-05-21T04:00:00Z,5,2023,0,0.00,0.00,0.00,24.17
3365,2023-05-21T05:00:00Z,5,2023,1,0.00,0.00,0.00,23.81
3366,2023-05-21T06:00:00Z,5,2023,2,0.00,0.00,0.00,23.49
3367,2023-05-21T07:00:00Z,5,2023,3,0.00,0.00,0.00,23.24
3368,2023-05-21T08:00:00Z,5,2023,4,0.00,0.00,0.00,23.03
3369,2023-05-21T09:00:00Z,5,2023,5,0.00,0.00,0.00,22.84
3370,2023-05-21T10:00:00Z,5,2023,6,4.93,8.80,7.12,22.68
3371,2023-05-21T11:00:00Z,5,2023,7,112.95,289.94,56.77,24.39
3372,2023-05-21T12:00:00Z,5,2023,8,309.48,540.98,101.06,26.23
3373,2023-05-21T13:00:00Z,5,2023,9,518.80,672.83,126.31,28.62
3374,2023-05-21T14:00:00Z,5,2023,10,600.95,436.34,294.96,30.88
3375,2023-05-21T15:00:00Z,5,2023,11,657.40,411.79,331.96,32.61
3376,2023-05-21T16:00:00Z,5,2023,12,789.85,169.56,560.88,33.79
3377,2023-05-21T17:00:00Z,5,2023,13,764.33,166.22,422.96,34.60
3378,2023-05-21T18:00:00Z,5,2023,14,732.65,391.83,414.01,34.69
3379,2023-05-21T19:00:00Z,5,2023,15,437.50,93.48,312.42,34.47
3380,2023-05-21T20:00:00Z,5,2023,16,274.77,38.26,206.77,33.57
3381,2023-05-21T21:00:00Z,5,2023,17,261.58,105.23,179.49,32.50
3382,2023-05-21T22:00:00Z,5,2023,18,139.02,44.88,112.24,30.87
3383,2023-05-21T23:00:00Z,5,2023,19,38.12,7.40,33.86,29.27
3384,2023-05-22T00:00:00Z,5,2023,20,0.00,0.00,0.00,27.74
3385,2023-05-22T01:00:00Z,5,2023,21,0.00,0.00,0.00,26.60
3386,2023-05-22T02:00:00Z,5,2023,22,0.00,0.00,0.00,25.96
3387,2023-05-22T03:00:00Z,5,2023,23,0.00,0.00,0.00,25.54
3388,2023-05-22T04:00:00Z,5,2023,0,0.00,0.00,0.00,25.21
3389,2023-05-22T05:00:00Z,5,2023,1,0.00,0.00,0.00,24.81
3390,2023-05-22T06:00:00Z,5,2023,2,0.00,0.00,0.00,24.36
3391,2023-05-22T07:00:00Z,5,2023,3,0.00,0.00,0.00,23.78
3392,2023-05-22T08:00:00Z,5,2023,4,0.00,0.00,0.00,23.57
3393,2023-05-22T09:00:00Z,5,2023,5,0.00,0.00,0.00,23.47
3394,2023-05-22T10:00:00Z,5,2023,6,5.05,4.80,7.42,23.38
3395,2023-05-22T11:00:00Z,5,2023,7,104.78,205.12,63.19,24.44
3396,2023-05-22T12:00:00Z,5,2023,8,279.38,420.50,113.79,26.26
3397,2023-05-22T13:00:00Z,5,2023,9,477.30,540.43,152.47,28.06
3398,2023-05-22T14:00:00Z,5,2023,10,660.30,588.32,198.84,29.41
3399,2023-05-22T15:00:00Z,5,2023,11,780.67,580.00,247.49,30.25
3400,2023-05-22T16:00:00Z,5,2023,12,822.03,538.11,293.59,30.60
3401,2023-05-22T17:00:00Z,5,2023,13,715.12,257.51,329.21,30.50
3402,2023-05-22T18:00:00Z,5,2023,14,532.20,216.50,294.34,30.35
3403,2023-05-22T19:00:00Z,5,2023,15,196.88,4.80,158.97,30.02
3404,2023-05-22T20:00:00Z,5,2023,16,267.33,93.03,176.85,29.50
3405,2023-05-22T21:00:00Z,5,2023,17,188.62,69.22,136.52,28.41
3406,2023-05-22T22:00:00Z,5,2023,18,106.62,29.96,88.57,27.01
3407,2023-05-22T23:00:00Z,5,2023,19,28.62,6.42,25.21,25.57
3408,2023-05-23T00:00:00Z,5,2023,20,0.00,0.00,0.00,24.44
3409,2023-05-23T01:00:00Z,5,2023,21,0.00,0.00,0.00,23.87
3410,2023-05-23T02:00:00Z,5,2023,22,0.00,0.00,0.00,23.52
3411,2023-05-23T03:00:00Z,5,2023,23,0.00,0.00,0.00,23.26
3412,2023-05-23T04:00:00Z,5,2023,0,0.00,0.00,0.00,22.95
3413,2023-05-23T05:00:00Z,5,2023,1,0.00,0.00,0.00,22.66
3414,2023-05-23T06:00:00Z,5,2023,2,0.00,0.00,0.00,22.56
3415,2023-05-23T07:00:00Z,5,2023,3,0.00,0.00,0.00,22.46
3416,2023-05-23T08:00:00Z,5,2023,4,0.00,0.00,0.00,22.38
3417,2023-05-23T09:00:00Z,5,2023,5,0.00,0.00,0.00,22.39
3418,2023-05-23T10:00:00Z,5,2023,6,5.25,5.80,7.78,22.50
3419,2023-05-23T11:00:00Z,5,2023,7,105.12,202.10,64.49,23.38
3420,2023-05-23T12:00:00Z,5,2023,8,284.10,371.63,136.03,24.97
3421,2023-05-23T13:00:00Z,5,2023,9,477.55,479.63,180.17,26.22
3422,2023-05-23T14:00:00Z,5,2023,10,607.38,350.11,314.92,27.56
3423,2023-05-23T15:00:00Z,5,2023,11,665.50,373.18,321.35,28.49
3424,2023-05-23T16:00:00Z,5,2023,12,790.88,399.23,369.27,29.11
3425,2023-05-23T17:00:00Z,5,2023,13,803.60,463.58,311.84,29.55
3426,2023-05-23T18:00:00Z,5,2023,14,730.97,392.53,349.75,29.73
3427,2023-05-23T19:00:00Z,5,2023,15,403.67,83.04,289.08,29.52
3428,2023-05-23T20:00:00Z,5,2023,16,317.62,73.57,232.46,29.04
3429,2023-05-23T21:00:00Z,5,2023,17,117.97,50.42,88.84,28.02
3430,2023-05-23T22:00:00Z,5,2023,18,60.12,39.20,47.38,26.46
3431,2023-05-23T23:00:00Z,5,2023,19,10.80,10.01,9.19,24.94
3432,2023-05-24T00:00:00Z,5,2023,20,0.00,0.00,0.00,23.89
3433,2023-05-24T01:00:00Z,5,2023,21,0.00,0.00,0.00,23.40
3434,2023-05-24T02:00:00Z,5,2023,22,0.00,0.00,0.00,23.10
3435,2023-05-24T03:00:00Z,5,2023,23,0.00,0.00,0.00,23.01
3436,2023-05-24T04:00:00Z,5,2023,0,0.00,0.00,0.00,23.05
3437,2023-05-24T05:00:00Z,5,2023,1,0.00,0.00,0.00,23.02
3438,2023-05-24T06:00:00Z,5,2023,2,0.00,0.00,0.00,22.94
3439,2023-05-24T07:00:00Z,5,2023,3,0.00,0.00,0.00,22.84
3440,2023-05-24T08:00:00Z,5,2023,4,0.00,0.00,0.00,22.72
3441,2023-05-24T09:00:00Z,5,2023,5,0.00,0.00,0.00,22.65
3442,2023-05-24T10:00:00Z,5,2023,6,4.95,4.30,7.16,22.56
3443,2023-05-24T11:00:00Z,5,2023,7,86.80,95.40,68.68,22.92
3444,2023-05-24T12:00:00Z,5,2023,8,235.02,213.91,154.17,23.51
3445,2023-05-24T13:00:00Z,5,2023,9,400.15,317.13,201.53,24.18
3446,2023-05-24T14:00:00Z,5,2023,10,568.05,333.29,291.59,24.86
3447,2023-05-24T15:00:00Z,5,2023,11,690.08,344.01,345.17,25.43
3448,2023-05-24T16:00:00Z,5,2023,12,684.65,191.40,400.19,25.80
3449,2023-05-24T17:00:00Z,5,2023,13,560.95,96.58,335.75,25.89
3450,2023-05-24T18:00:00Z,5,2023,14,454.58,79.65,308.80,25.80
3451,2023-05-24T19:00:00Z,5,2023,15,161.93,2.83,130.99,25.47
3452,2023-05-24T20:00:00Z,5,2023,16,118.38,0.00,97.23,24.84
3453,2023-05-24T21:00:00Z,5,2023,17,134.85,0.00,118.03,24.13
3454,2023-05-24T22:00:00Z,5,2023,18,81.88,0.00,69.74,23.44
3455,2023-05-24T23:00:00Z,5,2023,19,28.73,0.00,25.06,22.65
3456,2023-05-25T00:00:00Z,5,2023,20,0.00,0.00,0.00,22.03
3457,2023-05-25T01:00:00Z,5,2023,21,0.00,0.00,0.00,21.81
3458,2023-05-25T02:00:00Z,5,2023,22,0.00,0.00,0.00,21.68
3459,2023-05-25T03:00:00Z,5,2023,23,0.00,0.00,0.00,21.51
3460,2023-05-25T04:00:00Z,5,2023,0,0.00,0.00,0.00,21.44
3461,2023-05-25T05:00:00Z,5,2023,1,0.00,0.00,0.00,21.50
3462,2023-05-25T06:00:00Z,5,2023,2,0.00,0.00,0.00,21.47
3463,2023-05-25T07:00:00Z,5,2023,3,0.00,0.00,0.00,21.37
3464,2023-05-25T08:00:00Z,5,2023,4,0.00,0.00,0.00,21.25
3465,2023-05-25T09:00:00Z,5,2023,5,0.00,0.00,0.00,21.16
3466,2023-05-25T10:00:00Z,5,2023,6,5.20,9.28,7.96,21.18
3467,2023-05-25T11:00:00Z,5,2023,7,105.78,262.55,59.09,22.28
3468,2023-05-25T12:00:00Z,5,2023,8,284.60,460.22,102.54,23.29
3469,2023-05-25T13:00:00Z,5,2023,9,484.90,575.65,139.31,24.35
3470,2023-05-25T14:00:00Z,5,2023,10,587.92,492.64,215.58,25.31
3471,2023-05-25T15:00:00Z,5,2023,11,763.70,620.63,201.75,26.20
3472,2023-05-25T16:00:00Z,5,2023,12,794.90,538.23,247.83,26.73
3473,2023-05-25T17:00:00Z,5,2023,13,734.53,514.27,237.05,26.98
3474,2023-05-25T18:00:00Z,5,2023,14,678.15,416.12,270.52,27.15
3475,2023-05-25T19:00:00Z,5,2023,15,602.47,393.60,271.99,27.02
3476,2023-05-25T20:00:00Z,5,2023,16,445.73,214.65,258.90,26.43
3477,2023-05-25T21:00:00Z,5,2023,17,228.68,74.80,170.04,25.67
3478,2023-05-25T22:00:00Z,5,2023,18,133.68,45.19,109.65,24.85
3479,2023-05-25T23:00:00Z,5,2023,19,42.50,12.73,37.48,23.91
3480,2023-05-26T00:00:00Z,5,2023,20,0.00,0.00,0.00,22.92
3481,2023-05-26T01:00:00Z,5,2023,21,0.00,0.00,0.00,22.29
3482,2023-05-26T02:00:00Z,5,2023,22,0.00,0.00,0.00,21.77
3483,2023-05-26T03:00:00Z,5,2023,23,0.00,0.00,0.00,21.33
3484,2023-05-26T04:00:00Z,5,2023,0,0.00,0.00,0.00,21.13
3485,2023-05-26T05:00:00Z,5,2023,1,0.00,0.00,0.00,20.94
3486,2023-05-26T06:00:00Z,5,2023,2,0.00,0.00,0.00,20.76
3487,2023-05-26T07:00:00Z,5,2023,3,0.00,0.00,0.00,20.84
3488,2023-05-26T08:00:00Z,5,2023,4,0.00,0.00,0.00,21.06
3489,2023-05-26T09:00:00Z,5,2023,5,0.00,0.00,0.00,21.26
3490,2023-05-26T10:00:00Z,5,2023,6,4.60,2.14,6.33,21.33
3491,2023-05-26T11:00:00Z,5,2023,7,74.18,70.80,62.20,21.97
3492,2023-05-26T12:00:00Z,5,2023,8,208.43,179.29,145.05,22.79
3493,2023-05-26T13:00:00Z,5,2023,9,347.35,347.02,189.35,23.72
3494,2023-05-26T14:00:00Z,5,2023,10,599.15,412.88,276.82,24.73
3495,2023-05-26T15:00:00Z,5,2023,11,624.50,282.42,346.44,25.76
3496,2023-05-26T16:00:00Z,5,2023,12,602.15,256.75,316.23,26.69
3497,2023-05-26T17:00:00Z,5,2023,13,504.33,157.63,260.82,27.40
3498,2023-05-26T18:00:00Z,5,2023,14,486.77,116.68,308.38,27.70
3499,2023-05-26T19:00:00Z,5,2023,15,439.75,69.15,319.53,27.56
3500,2023-05-26T20:00:00Z,5,2023,16,400.77,145.04,254.33,26.73
3501,2023-05-26T21:00:00Z,5,2023,17,282.65,211.13,169.87,25.29
3502,2023-05-26T22:00:00Z,5,2023,18,156.68,183.34,101.02,23.82
3503,2023-05-26T23:00:00Z,5,2023,19,52.17,66.44,40.89,22.51
3504,2023-05-27T00:00:00Z,5,2023,20,0.00,0.00,0.00,21.53
3505,2023-05-27T01:00:00Z,5,2023,21,0.00,0.00,0.00,20.96
3506,2023-05-27T02:00:00Z,5,2023,22,0.00,0.00,0.00,20.55
3507,2023-05-27T03:00:00Z,5,2023,23,0.00,0.00,0.00,20.10
3508,2023-05-27T04:00:00Z,5,2023,0,0.00,0.00,0.00,19.47
3509,2023-05-27T05:00:00Z,5,2023,1,0.00,0.00,0.00,18.66
3510,2023-05-27T06:00:00Z,5,2023,2,0.00,0.00,0.00,17.96
3511,2023-05-27T07:00:00Z,5,2023,3,0.00,0.00,0.00,17.41
3512,2023-05-27T08:00:00Z,5,2023,4,0.00,0.00,0.00,16.95
3513,2023-05-27T09:00:00Z,5,2023,5,0.00,0.00,0.00,16.52
3514,2023-05-27T10:00:00Z,5,2023,6,6.78,16.96,8.71,16.13
3515,2023-05-27T11:00:00Z,5,2023,7,133.90,406.57,49.04,16.84
3516,2023-05-27T12:00:00Z,5,2023,8,345.58,644.71,80.21,18.67
3517,2023-05-27T13:00:00Z,5,2023,9,561.00,769.44,94.83,21.10
3518,2023-05-27T14:00:00Z,5,2023,10,750.47,843.70,99.52,23.46
3519,2023-05-27T15:00:00Z,5,2023,11,892.12,868.22,115.64,25.47
3520,2023-05-27T16:00:00Z,5,2023,12,977.33,926.20,100.24,27.16
3521,2023-05-27T17:00:00Z,5,2023,13,1002.47,931.80,104.84,28.41
3522,2023-05-27T18:00:00Z,5,2023,14,926.53,836.14,141.39,29.25
3523,2023-05-27T19:00:00Z,5,2023,15,854.03,820.88,135.42,29.66
3524,2023-05-27T20:00:00Z,5,2023,16,700.20,777.09,124.03,29.67
3525,2023-05-27T21:00:00Z,5,2023,17,480.95,632.13,134.39,29.30
3526,2023-05-27T22:00:00Z,5,2023,18,278.48,529.74,90.36,28.46
3527,2023-05-27T23:00:00Z,5,2023,19,92.12,288.57,42.28,26.75
3528,2023-05-28T00:00:00Z,5,2023,20,0.00,0.00,0.00,23.90
3529,2023-05-28T01:00:00Z,5,2023,21,0.00,0.00,0.00,22.69
3530,2023-05-28T02:00:00Z,5,2023,22,0.00,0.00,0.00,21.70
3531,2023-05-28T03:00:00Z,5,2023,23,0.00,0.00,0.00,20.67
3532,2023-05-28T04:00:00Z,5,2023,0,0.00,0.00,0.00,19.57
3533,2023-05-28T05:00:00Z,5,2023,1,0.00,0.00,0.00,18.52
3534,2023-05-28T06:00:00Z,5,2023,2,0.00,0.00,0.00,17.61
3535,2023-05-28T07:00:00Z,5,2023,3,0.00,0.00,0.00,16.90
3536,2023-05-28T08:00:00Z,5,2023,4,0.00,0.00,0.00,16.38
3537,2023-05-28T09:00:00Z,5,2023,5,0.00,0.00,0.00,15.96
3538,2023-05-28T10:00:00Z,5,2023,6,7.10,21.48,8.90,15.77
3539,2023-05-28T11:00:00Z,5,2023,7,135.48,416.62,49.05,17.20
3540,2023-05-28T12:00:00Z,5,2023,8,342.92,626.75,85.70,19.86
3541,2023-05-28T13:00:00Z,5,2023,9,554.75,752.77,100.16,22.99
3542,2023-05-28T14:00:00Z,5,2023,10,743.55,810.54,119.83,26.21
3543,2023-05-28T15:00:00Z,5,2023,11,891.67,863.88,118.23,28.37
3544,2023-05-28T16:00:00Z,5,2023,12,965.42,827.33,156.89,29.77
3545,2023-05-28T17:00:00Z,5,2023,13,876.15,734.06,162.00,30.78
3546,2023-05-28T18:00:00Z,5,2023,14,914.80,724.34,208.57,31.40
3547,2023-05-28T19:00:00Z,5,2023,15,835.08,748.30,170.85,31.52
3548,2023-05-28T20:00:00Z,5,2023,16,671.08,706.45,147.72,31.26
3549,2023-05-28T21:00:00Z,5,2023,17,447.73,626.79,108.19,30.55
3550,2023-05-28T22:00:00Z,5,2023,18,259.35,511.95,80.45,29.70
3551,2023-05-28T23:00:00Z,5,2023,19,85.72,249.10,43.18,28.18
3552,2023-05-29T00:00:00Z,5,2023,20,0.00,0.00,0.00,26.11
3553,2023-05-29T01:00:00Z,5,2023,21,0.00,0.00,0.00,25.17
3554,2023-05-29T02:00:00Z,5,2023,22,0.00,0.00,0.00,23.98
3555,2023-05-29T03:00:00Z,5,2023,23,0.00,0.00,0.00,23.23
3556,2023-05-29T04:00:00Z,5,2023,0,0.00,0.00,0.00,22.49
3557,2023-05-29T05:00:00Z,5,2023,1,0.00,0.00,0.00,21.72
3558,2023-05-29T06:00:00Z,5,2023,2,0.00,0.00,0.00,21.00
3559,2023-05-29T07:00:00Z,5,2023,3,0.00,0.00,0.00,20.34
3560,2023-05-29T08:00:00Z,5,2023,4,0.00,0.00,0.00,19.83
3561,2023-05-29T09:00:00Z,5,2023,5,0.00,0.00,0.00,19.51
3562,2023-05-29T10:00:00Z,5,2023,6,6.28,2.69,7.95,19.37
3563,2023-05-29T11:00:00Z,5,2023,7,101.38,41.99,87.81,21.29
3564,2023-05-29T12:00:00Z,5,2023,8,264.67,85.96,214.42,22.76
3565,2023-05-29T13:00:00Z,5,2023,9,438.98,217.35,344.41,24.45
3566,2023-05-29T14:00:00Z,5,2023,10,555.95,155.91,430.76,25.99
3567,2023-05-29T15:00:00Z,5,2023,11,693.33,213.87,519.68,27.01
3568,2023-05-29T16:00:00Z,5,2023,12,758.92,279.04,444.37,28.16
3569,2023-05-29T17:00:00Z,5,2023,13,771.00,230.23,428.68,29.42
3570,2023-05-29T18:00:00Z,5,2023,14,689.00,92.83,492.75,30.20
3571,2023-05-29T19:00:00Z,5,2023,15,717.38,344.28,403.51,30.11
3572,2023-05-29T20:00:00Z,5,2023,16,542.00,304.80,268.08,29.56
3573,2023-05-29T21:00:00Z,5,2023,17,381.25,278.42,215.40,29.04
3574,2023-05-29T22:00:00Z,5,2023,18,209.93,154.58,156.62,28.35
3575,2023-05-29T23:00:00Z,5,2023,19,78.12,62.08,63.85,27.03
3576,2023-05-30T00:00:00Z,5,2023,20,0.00,0.00,0.00,25.40
3577,2023-05-30T01:00:00Z,5,2023,21,0.00,0.00,0.00,24.12
3578,2023-05-30T02:00:00Z,5,2023,22,0.00,0.00,0.00,23.23
3579,2023-05-30T03:00:00Z,5,2023,23,0.00,0.00,0.00,22.61
3580,2023-05-30T04:00:00Z,5,2023,0,0.00,0.00,0.00,21.62
3581,2023-05-30T05:00:00Z,5,2023,1,0.00,0.00,0.00,20.76
3582,2023-05-30T06:00:00Z,5,2023,2,0.00,0.00,0.00,20.22
3583,2023-05-30T07:00:00Z,5,2023,3,0.00,0.00,0.00,19.85
3584,2023-05-30T08:00:00Z,5,2023,4,0.00,0.00,0.00,19.47
3585,2023-05-30T09:00:00Z,5,2023,5,0.00,0.00,0.00,19.26
3586,2023-05-30T10:00:00Z,5,2023,6,6.68,6.11,8.83,19.29
3587,2023-05-30T11:00:00Z,5,2023,7,115.38,134.79,91.57,21.13
3588,2023-05-30T12:00:00Z,5,2023,8,307.12,313.75,193.25,24.05
3589,2023-05-30T13:00:00Z,5,2023,9,509.52,705.00,267.80,26.92
3590,2023-05-30T14:00:00Z,5,2023,10,637.03,502.52,438.68,28.77
3591,2023-05-30T15:00:00Z,5,2023,11,715.33,344.82,514.28,30.11
3592,2023-05-30T16:00:00Z,5,2023,12,705.10,124.16,540.41,31.23
3593,2023-05-30T17:00:00Z,5,2023,13,820.45,200.64,573.72,32.10
3594,2023-05-30T18:00:00Z,5,2023,14,815.05,514.78,300.81,32.55
3595,2023-05-30T19:00:00Z,5,2023,15,760.33,443.67,357.11,32.64
3596,2023-05-30T20:00:00Z,5,2023,16,602.65,566.86,182.37,32.29
3597,2023-05-30T21:00:00Z,5,2023,17,416.45,460.09,160.06,31.46
3598,2023-05-30T22:00:00Z,5,2023,18,225.32,291.96,121.87,30.37
3599,2023-05-30T23:00:00Z,5,2023,19,73.80,81.57,61.02,28.63
3600,2023-05-31T00:00:00Z,5,2023,20,0.00,0.00,0.00,26.66
3601,2023-05-31T01:00:00Z,5,2023,21,0.00,0.00,0.00,25.14
3602,2023-05-31T02:00:00Z,5,2023,22,0.00,0.00,0.00,24.21
3603,2023-05-31T03:00:00Z,5,2023,23,0.00,0.00,0.00,23.52
3604,2023-05-31T04:00:00Z,5,2023,0,0.00,0.00,0.00,22.95
3605,2023-05-31T05:00:00Z,5,2023,1,0.00,0.00,0.00,22.67
3606,2023-05-31T06:00:00Z,5,2023,2,0.00,0.00,0.00,22.55
3607,2023-05-31T07:00:00Z,5,2023,3,0.00,0.00,0.00,22.72
3608,2023-05-31T08:00:00Z,5,2023,4,0.00,0.00,0.00,22.84
3609,2023-05-31T09:00:00Z,5,2023,5,0.00,0.00,0.00,23.01
3610,2023-05-31T10:00:00Z,5,2023,6,5.25,2.30,6.44,23.00
3611,2023-05-31T11:00:00Z,5,2023,7,91.00,28.74,79.59,23.86
3612,2023-05-31T12:00:00Z,5,2023,8,237.60,66.33,193.21,25.04
3613,2023-05-31T13:00:00Z,5,2023,9,406.67,164.82,279.37,26.11
3614,2023-05-31T14:00:00Z,5,2023,10,549.60,209.07,416.52,26.90
3615,2023-05-31T15:00:00Z,5,2023,11,599.83,107.10,422.28,27.63
3616,2023-05-31T16:00:00Z,5,2023,12,705.58,268.57,383.31,27.96
3617,2023-05-31T17:00:00Z,5,2023,13,734.08,199.09,402.69,28.08
3618,2023-05-31T18:00:00Z,5,2023,14,728.72,364.34,376.89,28.11
3619,2023-05-31T19:00:00Z,5,2023,15,672.45,187.56,448.05,28.01
3620,2023-05-31T20:00:00Z,5,2023,16,430.80,123.53,333.48,27.79
3621,2023-05-31T21:00:00Z,5,2023,17,187.55,46.32,156.12,27.29
3622,2023-05-31T22:00:00Z,5,2023,18,102.45,21.29,85.89,26.53
3623,2023-05-31T23:00:00Z,5,2023,19,32.95,11.19,28.83,25.48
3624,2023-06-01T00:00:00Z,6,2023,20,0.98,0.00,3.54,24.27
3625,2023-06-01T01:00:00Z,6,2023,21,0.00,0.00,0.00,23.56
3626,2023-06-01T02:00:00Z,6,2023,22,0.00,0.00,0.00,23.16
3627,2023-06-01T03:00:00Z,6,2023,23,0.00,0.00,0.00,22.95
3628,2023-06-01T04:00:00Z,6,2023,0,0.00,0.00,0.00,22.76
3629,2023-06-01T05:00:00Z,6,2023,1,0.00,0.00,0.00,22.62
3630,2023-06-01T06:00:00Z,6,2023,2,0.00,0.00,0.00,22.59
3631,2023-06-01T07:00:00Z,6,2023,3,0.00,0.00,0.00,22.64
3632,2023-06-01T08:00:00Z,6,2023,4,0.00,0.00,0.00,22.69
3633,2023-06-01T09:00:00Z,6,2023,5,0.00,0.00,0.00,22.71
3634,2023-06-01T10:00:00Z,6,2023,6,6.03,10.39,8.11,22.81
3635,2023-06-01T11:00:00Z,6,2023,7,111.03,244.61,61.89,23.42
3636,2023-06-01T12:00:00Z,6,2023,8,287.10,454.17,105.02,24.38
3637,2023-06-01T13:00:00Z,6,2023,9,500.77,581.22,150.17,25.92
3638,2023-06-01T14:00:00Z,6,2023,10,619.75,523.27,210.59,27.51
3639,2023-06-01T15:00:00Z,6,2023,11,656.10,462.59,253.88,28.05
3640,2023-06-01T16:00:00Z,6,2023,12,741.22,431.73,316.63,28.39
3641,2023-06-01T17:00:00Z,6,2023,13,742.03,454.28,267.77,28.55
3642,2023-06-01T18:00:00Z,6,2023,14,628.25,500.05,211.44,28.59
3643,2023-06-01T19:00:00Z,6,2023,15,633.50,369.61,292.72,28.33
3644,2023-06-01T20:00:00Z,6,2023,16,469.33,187.60,284.68,27.88
3645,2023-06-01T21:00:00Z,6,2023,17,315.05,202.40,188.48,27.26
3646,2023-06-01T22:00:00Z,6,2023,18,177.93,96.13,142.03,26.51
3647,2023-06-01T23:00:00Z,6,2023,19,64.93,48.32,56.70,25.51
3648,2023-06-02T00:00:00Z,6,2023,20,0.00,0.00,0.00,24.35
3649,2023-06-02T01:00:00Z,6,2023,21,0.00,0.00,0.00,23.68
3650,2023-06-02T02:00:00Z,6,2023,22,0.00,0.00,0.00,23.24
3651,2023-06-02T03:00:00Z,6,2023,23,0.00,0.00,0.00,22.91
3652,2023-06-02T04:00:00Z,6,2023,0,0.00,0.00,0.00,22.60
3653,2023-06-02T05:00:00Z,6,2023,1,0.00,0.00,0.00,22.36
3654,2023-06-02T06:00:00Z,6,2023,2,0.00,0.00,0.00,22.14
3655,2023-06-02T07:00:00Z,6,2023,3,0.00,0.00,0.00,21.88
3656,2023-06-02T08:00:00Z,6,2023,4,0.00,0.00,0.00,21.50
3657,2023-06-02T09:00:00Z,6,2023,5,0.00,0.00,0.00,21.35
3658,2023-06-02T10:00:00Z,6,2023,6,7.07,16.70,8.62,21.39
3659,2023-06-02T11:00:00Z,6,2023,7,120.22,298.04,62.57,23.28
3660,2023-06-02T12:00:00Z,6,2023,8,305.20,512.08,97.53,25.03
3661,2023-06-02T13:00:00Z,6,2023,9,503.10,548.42,160.52,27.10
3662,2023-06-02T14:00:00Z,6,2023,10,628.33,572.19,194.08,28.57
3663,2023-06-02T15:00:00Z,6,2023,11,641.95,467.81,240.06,29.67
3664,2023-06-02T16:00:00Z,6,2023,12,785.92,393.56,391.02,30.49
3665,2023-06-02T17:00:00Z,6,2023,13,754.90,502.40,259.82,31.05
3666,2023-06-02T18:00:00Z,6,2023,14,774.80,366.85,373.05,31.08
3667,2023-06-02T19:00:00Z,6,2023,15,648.70,426.49,264.61,30.85
3668,2023-06-02T20:00:00Z,6,2023,16,510.50,347.00,250.61,30.07
3669,2023-06-02T21:00:00Z,6,2023,17,299.90,101.05,214.29,28.84
3670,2023-06-02T22:00:00Z,6,2023,18,159.00,49.03,130.38,27.61
3671,2023-06-02T23:00:00Z,6,2023,19,55.55,28.25,48.51,26.42
3672,2023-06-03T00:00:00Z,6,2023,20,0.00,0.00,0.00,25.07
3673,2023-06-03T01:00:00Z,6,2023,21,0.00,0.00,0.00,24.26
3674,2023-06-03T02:00:00Z,6,2023,22,0.00,0.00,0.00,23.77
3675,2023-06-03T03:00:00Z,6,2023,23,0.00,0.00,0.00,23.37
3676,2023-06-03T04:00:00Z,6,2023,0,0.00,0.00,0.00,23.03
3677,2023-06-03T05:00:00Z,6,2023,1,0.00,0.00,0.00,22.73
3678,2023-06-03T06:00:00Z,6,2023,2,0.00,0.00,0.00,22.45
3679,2023-06-03T07:00:00Z,6,2023,3,0.00,0.00,0.00,22.20
3680,2023-06-03T08:00:00Z,6,2023,4,0.00,0.00,0.00,21.95
3681,2023-06-03T09:00:00Z,6,2023,5,0.00,0.00,0.00,21.80
3682,2023-06-03T10:00:00Z,6,2023,6,5.70,2.54,7.38,21.71
3683,2023-06-03T11:00:00Z,6,2023,7,89.62,37.57,74.93,22.65
3684,2023-06-03T12:00:00Z,6,2023,8,217.68,49.97,178.05,23.83
3685,2023-06-03T13:00:00Z,6,2023,9,351.10,62.71,285.87,25.52
3686,2023-06-03T14:00:00Z,6,2023,10,549.00,132.60,369.88,26.71
3687,2023-06-03T15:00:00Z,6,2023,11,696.25,254.15,411.97,27.75
3688,2023-06-03T16:00:00Z,6,2023,12,821.30,396.33,398.80,28.74
3689,2023-06-03T17:00:00Z,6,2023,13,792.70,508.10,301.50,29.44
3690,2023-06-03T18:00:00Z,6,2023,14,726.42,361.74,324.91,29.84
3691,2023-06-03T19:00:00Z,6,2023,15,516.65,334.22,237.73,29.74
3692,2023-06-03T20:00:00Z,6,2023,16,377.38,209.07,211.45,29.24
3693,2023-06-03T21:00:00Z,6,2023,17,218.38,106.28,148.33,28.61
3694,2023-06-03T22:00:00Z,6,2023,18,122.62,63.56,96.88,27.54
3695,2023-06-03T23:00:00Z,6,2023,19,46.58,30.68,40.07,26.11
3696,2023-06-04T00:00:00Z,6,2023,20,0.00,0.00,0.00,24.33
3697,2023-06-04T01:00:00Z,6,2023,21,0.00,0.00,0.00,23.57
3698,2023-06-04T02:00:00Z,6,2023,22,0.00,0.00,0.00,23.05
3699,2023-06-04T03:00:00Z,6,2023,23,0.00,0.00,0.00,22.77
3700,2023-06-04T04:00:00Z,6,2023,0,0.00,0.00,0.00,22.51
3701,2023-06-04T05:00:00Z,6,2023,1,0.00,0.00,0.00,22.30
3702,2023-06-04T06:00:00Z,6,2023,2,0.00,0.00,0.00,22.08
3703,2023-06-04T07:00:00Z,6,2023,3,0.00,0.00,0.00,21.85
3704,2023-06-04T08:00:00Z,6,2023,4,0.00,0.00,0.00,21.59
3705,2023-06-04T09:00:00Z,6,2023,5,0.00,0.00,0.00,21.32
3706,2023-06-04T10:00:00Z,6,2023,6,7.50,31.12,7.83,21.17
3707,2023-06-04T11:00:00Z,6,2023,7,118.55,354.72,53.52,22.68
3708,2023-06-04T12:00:00Z,6,2023,8,278.35,481.63,88.40,24.01
3709,2023-06-04T13:00:00Z,6,2023,9,462.83,551.69,154.95,25.84
3710,2023-06-04T14:00:00Z,6,2023,10,656.47,637.12,183.59,27.58
3711,2023-06-04T15:00:00Z,6,2023,11,794.03,670.44,204.55,28.98
3712,2023-06-04T16:00:00Z,6,2023,12,854.85,599.69,273.07,30.14
3713,2023-06-04T17:00:00Z,6,2023,13,873.92,565.42,301.39,30.92
3714,2023-06-04T18:00:00Z,6,2023,14,814.35,594.97,234.57,31.14
3715,2023-06-04T19:00:00Z,6,2023,15,737.95,666.48,195.80,30.66
3716,2023-06-04T20:00:00Z,6,2023,16,630.80,662.48,158.57,29.58
3717,2023-06-04T21:00:00Z,6,2023,17,330.85,303.71,170.47,28.04
3718,2023-06-04T22:00:00Z,6,2023,18,184.73,163.94,126.87,26.75
3719,2023-06-04T23:00:00Z,6,2023,19,66.97,84.55,54.62,25.58
3720,2023-06-05T00:00:00Z,6,2023,20,0.00,0.00,0.00,24.54
3721,2023-06-05T01:00:00Z,6,2023,21,0.00,0.00,0.00,23.85
3722,2023-06-05T02:00:00Z,6,2023,22,0.00,0.00,0.00,23.55
3723,2023-06-05T03:00:00Z,6,2023,23,0.00,0.00,0.00,23.38
3724,2023-06-05T04:00:00Z,6,2023,0,0.00,0.00,0.00,23.07
3725,2023-06-05T05:00:00Z,6,2023,1,0.00,0.00,0.00,22.66
3726,2023-06-05T06:00:00Z,6,2023,2,0.00,0.00,0.00,22.40
3727,2023-06-05T07:00:00Z,6,2023,3,0.00,0.00,0.00,22.30
3728,2023-06-05T08:00:00Z,6,2023,4,0.00,0.00,0.00,22.28
3729,2023-06-05T09:00:00Z,6,2023,5,0.00,0.00,0.00,22.25
3730,2023-06-05T10:00:00Z,6,2023,6,7.90,32.50,9.37,22.27
3731,2023-06-05T11:00:00Z,6,2023,7,117.93,234.44,67.15,23.22
3732,2023-06-05T12:00:00Z,6,2023,8,278.58,330.73,156.57,25.12
3733,2023-06-05T13:00:00Z,6,2023,9,453.52,371.02,253.74,26.97
3734,2023-06-05T14:00:00Z,6,2023,10,569.03,347.25,377.09,28.37
3735,2023-06-05T15:00:00Z,6,2023,11,733.72,252.71,473.96,29.38
3736,2023-06-05T16:00:00Z,6,2023,12,828.75,310.81,462.57,30.08
3737,2023-06-05T17:00:00Z,6,2023,13,875.85,369.98,402.88,30.54
3738,2023-06-05T18:00:00Z,6,2023,14,764.60,535.35,264.10,30.56
3739,2023-06-05T19:00:00Z,6,2023,15,774.62,560.01,274.81,30.21
3740,2023-06-05T20:00:00Z,6,2023,16,595.17,543.13,206.13,29.53
3741,2023-06-05T21:00:00Z,6,2023,17,486.15,609.31,131.33,28.54
3742,2023-06-05T22:00:00Z,6,2023,18,281.05,488.08,95.22,27.29
3743,2023-06-05T23:00:00Z,6,2023,19,102.55,273.26,50.93,25.97
3744,2023-06-06T00:00:00Z,6,2023,20,0.00,0.00,0.00,24.57
3745,2023-06-06T01:00:00Z,6,2023,21,0.00,0.00,0.00,23.90
3746,2023-06-06T02:00:00Z,6,2023,22,0.00,0.00,0.00,23.35
3747,2023-06-06T03:00:00Z,6,2023,23,0.00,0.00,0.00,22.82
3748,2023-06-06T04:00:00Z,6,2023,0,0.00,0.00,0.00,22.33
3749,2023-06-06T05:00:00Z,6,2023,1,0.00,0.00,0.00,21.87
3750,2023-06-06T06:00:00Z,6,2023,2,0.00,0.00,0.00,21.51
3751,2023-06-06T07:00:00Z,6,2023,3,0.00,0.00,0.00,21.24
3752,2023-06-06T08:00:00Z,6,2023,4,0.00,0.00,0.00,21.02
3753,2023-06-06T09:00:00Z,6,2023,5,0.00,0.00,0.00,20.85
3754,2023-06-06T10:00:00Z,6,2023,6,7.62,18.48,8.22,20.78
3755,2023-06-06T11:00:00Z,6,2023,7,132.10,364.89,56.21,22.85
3756,2023-06-06T12:00:00Z,6,2023,8,335.33,587.68,89.69,25.11
3757,2023-06-06T13:00:00Z,6,2023,9,546.40,720.81,108.19,26.75
3758,2023-06-06T14:00:00Z,6,2023,10,733.72,779.19,128.32,28.25
3759,2023-06-06T15:00:00Z,6,2023,11,879.88,818.12,140.77,29.70
3760,2023-06-06T16:00:00Z,6,2023,12,950.20,729.93,200.45,30.88
3761,2023-06-06T17:00:00Z,6,2023,13,952.55,725.92,215.31,31.71
3762,2023-06-06T18:00:00Z,6,2023,14,873.95,611.82,266.97,32.18
3763,2023-06-06T19:00:00Z,6,2023,15,771.17,609.00,227.42,32.26
3764,2023-06-06T20:00:00Z,6,2023,16,633.80,599.57,179.50,31.97
3765,2023-06-06T21:00:00Z,6,2023,17,456.48,523.64,147.78,31.42
3766,2023-06-06T22:00:00Z,6,2023,18,252.00,436.18,89.41,30.43
3767,2023-06-06T23:00:00Z,6,2023,19,91.82,212.96,52.80,28.77
3768,2023-06-07T00:00:00Z,6,2023,20,0.00,0.00,0.00,26.79
3769,2023-06-07T01:00:00Z,6,2023,21,0.00,0.00,0.00,25.68
3770,2023-06-07T02:00:00Z,6,2023,22,0.00,0.00,0.00,24.78
3771,2023-06-07T03:00:00Z,6,2023,23,0.00,0.00,0.00,24.04
3772,2023-06-07T04:00:00Z,6,2023,0,0.00,0.00,0.00,23.31
3773,2023-06-07T05:00:00Z,6,2023,1,0.00,0.00,0.00,22.69
3774,2023-06-07T06:00:00Z,6,2023,2,0.00,0.00,0.00,22.23
3775,2023-06-07T07:00:00Z,6,2023,3,0.00,0.00,0.00,21.72
3776,2023-06-07T08:00:00Z,6,2023,4,0.00,0.00,0.00,21.35
3777,2023-06-07T09:00:00Z,6,2023,5,0.00,0.00,0.00,21.25
3778,2023-06-07T10:00:00Z,6,2023,6,6.95,9.19,9.72,21.34
3779,2023-06-07T11:00:00Z,6,2023,7,117.47,241.22,69.96,22.91
3780,2023-06-07T12:00:00Z,6,2023,8,292.62,411.88,121.94,24.45
3781,2023-06-07T13:00:00Z,6,2023,9,484.98,550.29,150.73,26.35
3782,2023-06-07T14:00:00Z,6,2023,10,587.55,516.83,205.94,27.49
3783,2023-06-07T15:00:00Z,6,2023,11,715.00,463.35,290.79,28.46
3784,2023-06-07T16:00:00Z,6,2023,12,738.78,402.80,311.82,29.75
3785,2023-06-07T17:00:00Z,6,2023,13,644.95,336.17,288.85,30.35
3786,2023-06-07T18:00:00Z,6,2023,14,579.00,329.36,253.77,30.71
3787,2023-06-07T19:00:00Z,6,2023,15,600.45,330.65,286.89,30.99
3788,2023-06-07T20:00:00Z,6,2023,16,432.70,230.88,247.86,30.90
3789,2023-06-07T21:00:00Z,6,2023,17,328.12,231.64,193.68,30.03
3790,2023-06-07T22:00:00Z,6,2023,18,173.70,133.11,132.62,28.92
3791,2023-06-07T23:00:00Z,6,2023,19,61.50,48.20,52.29,27.45
3792,2023-06-08T00:00:00Z,6,2023,20,0.00,0.00,0.00,25.51
3793,2023-06-08T01:00:00Z,6,2023,21,0.00,0.00,0.00,24.59
3794,2023-06-08T02:00:00Z,6,2023,22,0.00,0.00,0.00,23.96
3795,2023-06-08T03:00:00Z,6,2023,23,0.00,0.00,0.00,23.38
3796,2023-06-08T04:00:00Z,6,2023,0,0.00,0.00,0.00,22.90
3797,2023-06-08T05:00:00Z,6,2023,1,0.00,0.00,0.00,22.50
3798,2023-06-08T06:00:00Z,6,2023,2,0.00,0.00,0.00,22.19
3799,2023-06-08T07:00:00Z,6,2023,3,0.00,0.00,0.00,21.93
3800,2023-06-08T08:00:00Z,6,2023,4,0.00,0.00,0.00,21.71
3801,2023-06-08T09:00:00Z,6,2023,5,0.00,0.00,0.00,21.51
3802,2023-06-08T10:00:00Z,6,2023,6,7.45,21.39,8.56,21.45
3803,2023-06-08T11:00:00Z,6,2023,7,118.90,327.39,53.82,23.10
3804,2023-06-08T12:00:00Z,6,2023,8,281.42,489.72,86.50,24.89
3805,2023-06-08T13:00:00Z,6,2023,9,474.35,492.57,166.63,26.72
3806,2023-06-08T14:00:00Z,6,2023,10,616.17,540.32,200.11,28.25
3807,2023-06-08T15:00:00Z,6,2023,11,663.17,382.97,304.08,29.30
3808,2023-06-08T16:00:00Z,6,2023,12,728.12,402.03,326.85,29.97
3809,2023-06-08T17:00:00Z,6,2023,13,746.53,438.48,280.51,30.19
3810,2023-06-08T18:00:00Z,6,2023,14,799.35,557.64,252.79,30.40
3811,2023-06-08T19:00:00Z,6,2023,15,654.88,508.47,225.08,30.65
3812,2023-06-08T20:00:00Z,6,2023,16,612.47,563.53,192.98,30.45
3813,2023-06-08T21:00:00Z,6,2023,17,450.27,517.25,152.13,29.96
3814,2023-06-08T22:00:00Z,6,2023,18,268.77,473.14,97.32,29.29
3815,2023-06-08T23:00:00Z,6,2023,19,106.05,283.00,53.56,28.09
3816,2023-06-09T00:00:00Z,6,2023,20,0.00,0.00,0.00,26.14
3817,2023-06-09T01:00:00Z,6,2023,21,0.00,0.00,0.00,25.32
3818,2023-06-09T02:00:00Z,6,2023,22,0.00,0.00,0.00,24.68
3819,2023-06-09T03:00:00Z,6,2023,23,0.00,0.00,0.00,24.06
3820,2023-06-09T04:00:00Z,6,2023,0,0.00,0.00,0.00,23.44
3821,2023-06-09T05:00:00Z,6,2023,1,0.00,0.00,0.00,22.85
3822,2023-06-09T06:00:00Z,6,2023,2,0.00,0.00,0.00,22.42
3823,2023-06-09T07:00:00Z,6,2023,3,0.00,0.00,0.00,22.07
3824,2023-06-09T08:00:00Z,6,2023,4,0.00,0.00,0.00,21.77
3825,2023-06-09T09:00:00Z,6,2023,5,0.00,0.00,0.00,21.49
3826,2023-06-09T10:00:00Z,6,2023,6,8.00,28.54,8.05,21.43
3827,2023-06-09T11:00:00Z,6,2023,7,135.38,405.60,51.17,23.27
3828,2023-06-09T12:00:00Z,6,2023,8,328.88,586.14,87.60,25.18
3829,2023-06-09T13:00:00Z,6,2023,9,540.97,698.64,119.10,27.46
3830,2023-06-09T14:00:00Z,6,2023,10,735.90,804.75,116.74,29.41
3831,2023-06-09T15:00:00Z,6,2023,11,828.83,710.63,195.64,30.97
3832,2023-06-09T16:00:00Z,6,2023,12,896.12,733.06,202.02,32.22
3833,2023-06-09T17:00:00Z,6,2023,13,899.38,613.48,246.47,33.05
3834,2023-06-09T18:00:00Z,6,2023,14,868.78,698.59,190.68,33.32
3835,2023-06-09T19:00:00Z,6,2023,15,762.40,711.41,153.31,33.05
3836,2023-06-09T20:00:00Z,6,2023,16,584.60,501.32,203.24,32.60
3837,2023-06-09T21:00:00Z,6,2023,17,378.95,364.68,178.35,31.49
3838,2023-06-09T22:00:00Z,6,2023,18,210.95,235.90,124.67,30.59
3839,2023-06-09T23:00:00Z,6,2023,19,85.43,107.21,67.02,29.46
3840,2023-06-10T00:00:00Z,6,2023,20,0.00,0.00,0.00,27.66
3841,2023-06-10T01:00:00Z,6,2023,21,0.00,0.00,0.00,26.66
3842,2023-06-10T02:00:00Z,6,2023,22,0.00,0.00,0.00,25.79
3843,2023-06-10T03:00:00Z,6,2023,23,0.00,0.00,0.00,24.88
3844,2023-06-10T04:00:00Z,6,2023,0,0.00,0.00,0.00,24.22
3845,2023-06-10T05:00:00Z,6,2023,1,0.00,0.00,0.00,23.63
3846,2023-06-10T06:00:00Z,6,2023,2,0.00,0.00,0.00,23.17
3847,2023-06-10T07:00:00Z,6,2023,3,0.00,0.00,0.00,22.77
3848,2023-06-10T08:00:00Z,6,2023,4,0.00,0.00,0.00,22.39
3849,2023-06-10T09:00:00Z,6,2023,5,0.00,0.00,0.00,22.13
3850,2023-06-10T10:00:00Z,6,2023,6,7.32,14.78,8.16,22.09
3851,2023-06-10T11:00:00Z,6,2023,7,128.65,344.33,55.51,23.67
3852,2023-06-10T12:00:00Z,6,2023,8,327.85,561.24,94.53,25.40
3853,2023-06-10T13:00:00Z,6,2023,9,537.67,694.19,112.62,27.67
3854,2023-06-10T14:00:00Z,6,2023,10,725.60,767.97,126.71,29.79
3855,2023-06-10T15:00:00Z,6,2023,11,865.47,790.41,152.48,31.42
3856,2023-06-10T16:00:00Z,6,2023,12,877.67,655.40,239.12,32.71
3857,2023-06-10T17:00:00Z,6,2023,13,860.40,575.94,314.29,33.64
3858,2023-06-10T18:00:00Z,6,2023,14,841.47,662.00,224.28,34.18
3859,2023-06-10T19:00:00Z,6,2023,15,732.53,584.93,242.59,34.30
3860,2023-06-10T20:00:00Z,6,2023,16,577.50,494.12,218.71,33.90
3861,2023-06-10T21:00:00Z,6,2023,17,380.98,419.44,150.72,32.89
3862,2023-06-10T22:00:00Z,6,2023,18,210.57,241.92,121.69,31.99
3863,2023-06-10T23:00:00Z,6,2023,19,73.70,127.59,53.34,30.47
3864,2023-06-11T00:00:00Z,6,2023,20,2.33,2.58,3.51,28.36
3865,2023-06-11T01:00:00Z,6,2023,21,0.00,0.00,0.00,27.11
3866,2023-06-11T02:00:00Z,6,2023,22,0.00,0.00,0.00,26.30
3867,2023-06-11T03:00:00Z,6,2023,23,0.00,0.00,0.00,25.69
3868,2023-06-11T04:00:00Z,6,2023,0,0.00,0.00,0.00,25.25
3869,2023-06-11T05:00:00Z,6,2023,1,0.00,0.00,0.00,24.87
3870,2023-06-11T06:00:00Z,6,2023,2,0.00,0.00,0.00,24.53
3871,2023-06-11T07:00:00Z,6,2023,3,0.00,0.00,0.00,24.31
3872,2023-06-11T08:00:00Z,6,2023,4,0.00,0.00,0.00,24.27
3873,2023-06-11T09:00:00Z,6,2023,5,0.00,0.00,0.00,24.15
3874,2023-06-11T10:00:00Z,6,2023,6,7.32,9.76,9.63,23.93
3875,2023-06-11T11:00:00Z,6,2023,7,124.10,286.97,66.49,24.97
3876,2023-06-11T12:00:00Z,6,2023,8,320.77,531.50,104.31,26.20
3877,2023-06-11T13:00:00Z,6,2023,9,536.42,676.34,120.99,27.87
3878,2023-06-11T14:00:00Z,6,2023,10,715.15,724.49,146.14,29.65
3879,2023-06-11T15:00:00Z,6,2023,11,843.85,716.42,189.95,31.05
3880,2023-06-11T16:00:00Z,6,2023,12,890.80,650.58,246.44,32.15
3881,2023-06-11T17:00:00Z,6,2023,13,892.05,582.91,288.83,32.96
3882,2023-06-11T18:00:00Z,6,2023,14,830.47,661.48,227.85,33.48
3883,2023-06-11T19:00:00Z,6,2023,15,725.12,508.23,264.87,33.72
3884,2023-06-11T20:00:00Z,6,2023,16,563.65,372.83,274.05,33.63
3885,2023-06-11T21:00:00Z,6,2023,17,377.70,378.04,172.61,33.28
3886,2023-06-11T22:00:00Z,6,2023,18,221.77,307.90,110.89,32.54
3887,2023-06-11T23:00:00Z,6,2023,19,83.40,184.09,49.21,31.21
3888,2023-06-12T00:00:00Z,6,2023,20,3.17,6.41,4.79,29.02
3889,2023-06-12T01:00:00Z,6,2023,21,0.00,0.00,0.00,27.97
3890,2023-06-12T02:00:00Z,6,2023,22,0.00,0.00,0.00,26.88
3891,2023-06-12T03:00:00Z,6,2023,23,0.00,0.00,0.00,26.09
3892,2023-06-12T04:00:00Z,6,2023,0,0.00,0.00,0.00,25.31
3893,2023-06-12T05:00:00Z,6,2023,1,0.00,0.00,0.00,24.51
3894,2023-06-12T06:00:00Z,6,2023,2,0.00,0.00,0.00,23.76
3895,2023-06-12T07:00:00Z,6,2023,3,0.00,0.00,0.00,23.11
3896,2023-06-12T08:00:00Z,6,2023,4,0.00,0.00,0.00,22.53
3897,2023-06-12T09:00:00Z,6,2023,5,0.00,0.00,0.00,22.04
3898,2023-06-12T10:00:00Z,6,2023,6,7.32,16.28,8.55,21.87
3899,2023-06-12T11:00:00Z,6,2023,7,121.07,283.35,62.39,23.90
3900,2023-06-12T12:00:00Z,6,2023,8,293.58,453.27,112.08,25.99
3901,2023-06-12T13:00:00Z,6,2023,9,490.92,488.07,187.72,28.29
3902,2023-06-12T14:00:00Z,6,2023,10,693.50,636.15,195.29,30.11
3903,2023-06-12T15:00:00Z,6,2023,11,778.10,621.05,218.16,31.69
3904,2023-06-12T16:00:00Z,6,2023,12,856.92,508.91,302.59,32.98
3905,2023-06-12T17:00:00Z,6,2023,13,889.20,550.81,300.37,34.04
3906,2023-06-12T18:00:00Z,6,2023,14,841.75,581.73,288.68,34.72
3907,2023-06-12T19:00:00Z,6,2023,15,774.83,517.71,304.40,34.93
3908,2023-06-12T20:00:00Z,6,2023,16,631.15,582.82,202.17,34.86
3909,2023-06-12T21:00:00Z,6,2023,17,457.35,563.19,131.06,34.14
3910,2023-06-12T22:00:00Z,6,2023,18,273.75,447.89,103.20,33.07
3911,2023-06-12T23:00:00Z,6,2023,19,101.10,267.17,51.06,31.30
3912,2023-06-13T00:00:00Z,6,2023,20,3.55,7.78,4.95,28.92
3913,2023-06-13T01:00:00Z,6,2023,21,0.00,0.00,0.00,27.71
3914,2023-06-13T02:00:00Z,6,2023,22,0.00,0.00,0.00,26.69
3915,2023-06-13T03:00:00Z,6,2023,23,0.00,0.00,0.00,25.81
3916,2023-06-13T04:00:00Z,6,2023,0,0.00,0.00,0.00,25.04
3917,2023-06-13T05:00:00Z,6,2023,1,0.00,0.00,0.00,24.42
3918,2023-06-13T06:00:00Z,6,2023,2,0.00,0.00,0.00,23.97
3919,2023-06-13T07:00:00Z,6,2023,3,0.00,0.00,0.00,23.51
3920,2023-06-13T08:00:00Z,6,2023,4,0.00,0.00,0.00,22.97
3921,2023-06-13T09:00:00Z,6,2023,5,0.00,0.00,0.00,22.57
3922,2023-06-13T10:00:00Z,6,2023,6,7.32,11.09,9.85,22.43
3923,2023-06-13T11:00:00Z,6,2023,7,123.45,257.41,74.25,24.60
3924,2023-06-13T12:00:00Z,6,2023,8,310.83,426.73,128.28,26.80
3925,2023-06-13T13:00:00Z,6,2023,9,520.53,622.39,148.58,29.04
3926,2023-06-13T14:00:00Z,6,2023,10,715.35,705.62,159.88,31.02
3927,2023-06-13T15:00:00Z,6,2023,11,859.70,762.89,163.91,32.66
3928,2023-06-13T16:00:00Z,6,2023,12,956.20,846.76,146.51,34.09
3929,2023-06-13T17:00:00Z,6,2023,13,935.97,656.71,293.46,35.02
3930,2023-06-13T18:00:00Z,6,2023,14,876.28,624.65,247.56,35.58
3931,2023-06-13T19:00:00Z,6,2023,15,793.78,654.31,205.32,35.69
3932,2023-06-13T20:00:00Z,6,2023,16,666.47,687.97,162.26,35.26
3933,2023-06-13T21:00:00Z,6,2023,17,497.55,626.82,131.25,34.38
3934,2023-06-13T22:00:00Z,6,2023,18,277.05,488.09,92.65,33.17
3935,2023-06-13T23:00:00Z,6,2023,19,95.75,247.69,51.64,31.33
3936,2023-06-14T00:00:00Z,6,2023,20,3.12,4.95,4.71,28.99
3937,2023-06-14T01:00:00Z,6,2023,21,0.00,0.00,0.00,27.70
3938,2023-06-14T02:00:00Z,6,2023,22,0.00,0.00,0.00,26.65
3939,2023-06-14T03:00:00Z,6,2023,23,0.00,0.00,0.00,25.70
3940,2023-06-14T04:00:00Z,6,2023,0,0.00,0.00,0.00,24.91
3941,2023-06-14T05:00:00Z,6,2023,1,0.00,0.00,0.00,24.24
3942,2023-06-14T06:00:00Z,6,2023,2,0.00,0.00,0.00,23.70
3943,2023-06-14T07:00:00Z,6,2023,3,0.00,0.00,0.00,23.28
3944,2023-06-14T08:00:00Z,6,2023,4,0.00,0.00,0.00,22.91
3945,2023-06-14T09:00:00Z,6,2023,5,0.00,0.00,0.00,22.74
3946,2023-06-14T10:00:00Z,6,2023,6,7.05,8.65,9.90,22.74
3947,2023-06-14T11:00:00Z,6,2023,7,119.40,258.55,68.07,24.86
3948,2023-06-14T12:00:00Z,6,2023,8,300.65,460.16,117.02,27.21
3949,2023-06-14T13:00:00Z,6,2023,9,515.10,621.62,140.08,29.52
3950,2023-06-14T14:00:00Z,6,2023,10,634.47,562.12,219.45,31.22
3951,2023-06-14T15:00:00Z,6,2023,11,750.85,383.73,381.71,32.74
3952,2023-06-14T16:00:00Z,6,2023,12,812.42,419.79,355.95,34.01
3953,2023-06-14T17:00:00Z,6,2023,13,844.12,559.02,263.38,34.06
3954,2023-06-14T18:00:00Z,6,2023,14,803.65,508.10,274.93,33.82
3955,2023-06-14T19:00:00Z,6,2023,15,668.15,423.43,294.45,33.56
3956,2023-06-14T20:00:00Z,6,2023,16,550.03,426.88,217.69,33.06
3957,2023-06-14T21:00:00Z,6,2023,17,438.33,458.38,161.56,32.50
3958,2023-06-14T22:00:00Z,6,2023,18,244.73,333.57,123.97,31.97
3959,2023-06-14T23:00:00Z,6,2023,19,88.72,128.67,63.39,30.54
3960,2023-06-15T00:00:00Z,6,2023,20,3.50,1.38,5.36,28.69
3961,2023-06-15T01:00:00Z,6,2023,21,0.00,0.00,0.00,27.78
3962,2023-06-15T02:00:00Z,6,2023,22,0.00,0.00,0.00,27.12
3963,2023-06-15T03:00:00Z,6,2023,23,0.00,0.00,0.00,26.49
3964,2023-06-15T04:00:00Z,6,2023,0,0.00,0.00,0.00,25.91
3965,2023-06-15T05:00:00Z,6,2023,1,0.00,0.00,0.00,25.47
3966,2023-06-15T06:00:00Z,6,2023,2,0.00,0.00,0.00,25.15
3967,2023-06-15T07:00:00Z,6,2023,3,0.00,0.00,0.00,24.86
3968,2023-06-15T08:00:00Z,6,2023,4,0.00,0.00,0.00,24.60
3969,2023-06-15T09:00:00Z,6,2023,5,0.00,0.00,0.00,24.35
3970,2023-06-15T10:00:00Z,6,2023,6,6.22,1.95,7.97,24.12
3971,2023-06-15T11:00:00Z,6,2023,7,93.28,62.13,76.21,24.38
3972,2023-06-15T12:00:00Z,6,2023,8,224.23,123.05,174.70,25.06
3973,2023-06-15T13:00:00Z,6,2023,9,381.48,246.92,210.11,26.72
3974,2023-06-15T14:00:00Z,6,2023,10,478.33,131.37,318.82,29.02
3975,2023-06-15T15:00:00Z,6,2023,11,757.80,539.97,267.41,31.15
3976,2023-06-15T16:00:00Z,6,2023,12,750.83,411.76,354.13,32.88
3977,2023-06-15T17:00:00Z,6,2023,13,949.17,742.11,215.44,34.11
3978,2023-06-15T18:00:00Z,6,2023,14,850.15,700.12,217.51,34.66
3979,2023-06-15T19:00:00Z,6,2023,15,717.80,450.78,302.54,34.40
3980,2023-06-15T20:00:00Z,6,2023,16,516.75,313.51,255.01,33.74
3981,2023-06-15T21:00:00Z,6,2023,17,304.38,117.81,217.53,32.56
3982,2023-06-15T22:00:00Z,6,2023,18,172.25,53.25,140.78,31.06
3983,2023-06-15T23:00:00Z,6,2023,19,58.30,18.14,49.97,29.35
3984,2023-06-16T00:00:00Z,6,2023,20,2.33,0.00,3.30,27.50
3985,2023-06-16T01:00:00Z,6,2023,21,0.00,0.00,0.00,26.75
3986,2023-06-16T02:00:00Z,6,2023,22,0.00,0.00,0.00,26.00
3987,2023-06-16T03:00:00Z,6,2023,23,0.00,0.00,0.00,25.73
3988,2023-06-16T04:00:00Z,6,2023,0,0.00,0.00,0.00,25.21
3989,2023-06-16T05:00:00Z,6,2023,1,0.00,0.00,0.00,24.80
3990,2023-06-16T06:00:00Z,6,2023,2,0.00,0.00,0.00,24.57
3991,2023-06-16T07:00:00Z,6,2023,3,0.00,0.00,0.00,24.24
3992,2023-06-16T08:00:00Z,6,2023,4,0.00,0.00,0.00,23.84
3993,2023-06-16T09:00:00Z,6,2023,5,0.00,0.00,0.00,23.54
3994,2023-06-16T10:00:00Z,6,2023,6,4.15,0.00,4.44,23.47
3995,2023-06-16T11:00:00Z,6,2023,7,65.15,9.44,57.22,23.97
3996,2023-06-16T12:00:00Z,6,2023,8,175.80,0.00,153.26,24.87
3997,2023-06-16T13:00:00Z,6,2023,9,274.77,10.81,234.30,26.16
3998,2023-06-16T14:00:00Z,6,2023,10,508.17,74.58,405.29,27.71
3999,2023-06-16T15:00:00Z,6,2023,11,698.05,271.44,479.30,29.30
4000,2023-06-16T16:00:00Z,6,2023,12,789.33,388.00,559.32,31.06
4001,2023-06-16T17:00:00Z,6,2023,13,821.50,135.16,591.59,32.18
4002,2023-06-16T18:00:00Z,6,2023,14,648.88,121.80,496.07,32.68
4003,2023-06-16T19:00:00Z,6,2023,15,464.25,37.64,371.95,32.44
4004,2023-06-16T20:00:00Z,6,2023,16,402.75,83.51,288.14,32.03
4005,2023-06-16T21:00:00Z,6,2023,17,169.23,134.50,120.72,31.30
4006,2023-06-16T22:00:00Z,6,2023,18,53.17,0.21,46.54,30.31
4007,2023-06-16T23:00:00Z,6,2023,19,23.27,7.42,20.57,28.92
4008,2023-06-17T00:00:00Z,6,2023,20,2.30,0.00,3.18,27.12
4009,2023-06-17T01:00:00Z,6,2023,21,0.00,0.00,0.00,26.22
4010,2023-06-17T02:00:00Z,6,2023,22,0.00,0.00,0.00,25.53
4011,2023-06-17T03:00:00Z,6,2023,23,0.00,0.00,0.00,24.96
4012,2023-06-17T04:00:00Z,6,2023,0,0.00,0.00,0.00,24.52
4013,2023-06-17T05:00:00Z,6,2023,1,0.00,0.00,0.00,24.44
4014,2023-06-17T06:00:00Z,6,2023,2,0.00,0.00,0.00,24.19
4015,2023-06-17T07:00:00Z,6,2023,3,0.00,0.00,0.00,23.95
4016,2023-06-17T08:00:00Z,6,2023,4,0.00,0.00,0.00,23.73
4017,2023-06-17T09:00:00Z,6,2023,5,0.00,0.00,0.00,23.46
4018,2023-06-17T10:00:00Z,6,2023,6,4.32,3.33,5.66,23.46
4019,2023-06-17T11:00:00Z,6,2023,7,53.10,28.92,43.92,25.10
4020,2023-06-17T12:00:00Z,6,2023,8,148.73,59.15,121.41,26.75
4021,2023-06-17T13:00:00Z,6,2023,9,233.65,84.11,166.89,28.73
4022,2023-06-17T14:00:00Z,6,2023,10,55.25,19.35,42.17,30.20
4023,2023-06-17T15:00:00Z,6,2023,11,126.12,10.52,99.54,31.29
4024,2023-06-17T16:00:00Z,6,2023,12,482.10,216.98,272.79,31.93
4025,2023-06-17T17:00:00Z,6,2023,13,743.38,419.70,290.42,32.34
4026,2023-06-17T18:00:00Z,6,2023,14,827.80,578.26,267.00,32.51
4027,2023-06-17T19:00:00Z,6,2023,15,722.30,560.62,221.36,32.36
4028,2023-06-17T20:00:00Z,6,2023,16,493.50,326.35,235.35,31.89
4029,2023-06-17T21:00:00Z,6,2023,17,313.25,183.44,188.30,31.30
4030,2023-06-17T22:00:00Z,6,2023,18,173.38,118.17,131.73,30.59
4031,2023-06-17T23:00:00Z,6,2023,19,59.47,43.17,48.38,29.45
4032,2023-06-18T00:00:00Z,6,2023,20,2.22,0.00,3.16,28.08
4033,2023-06-18T01:00:00Z,6,2023,21,0.00,0.00,0.00,27.43
4034,2023-06-18T02:00:00Z,6,2023,22,0.00,0.00,0.00,26.78
4035,2023-06-18T03:00:00Z,6,2023,23,0.00,0.00,0.00,26.06
4036,2023-06-18T04:00:00Z,6,2023,0,0.00,0.00,0.00,25.25
4037,2023-06-18T05:00:00Z,6,2023,1,0.00,0.00,0.00,24.73
4038,2023-06-18T06:00:00Z,6,2023,2,0.00,0.00,0.00,24.36
4039,2023-06-18T07:00:00Z,6,2023,3,0.00,0.00,0.00,23.99
4040,2023-06-18T08:00:00Z,6,2023,4,0.00,0.00,0.00,23.56
4041,2023-06-18T09:00:00Z,6,2023,5,0.00,0.00,0.00,23.23
4042,2023-06-18T10:00:00Z,6,2023,6,6.38,2.96,8.69,23.06
4043,2023-06-18T11:00:00Z,6,2023,7,103.53,186.97,69.30,23.75
4044,2023-06-18T12:00:00Z,6,2023,8,266.62,356.07,120.07,25.06
4045,2023-06-18T13:00:00Z,6,2023,9,447.00,546.12,134.62,26.96
4046,2023-06-18T14:00:00Z,6,2023,10,643.88,492.03,256.33,28.84
4047,2023-06-18T15:00:00Z,6,2023,11,724.83,483.58,317.44,30.11
4048,2023-06-18T16:00:00Z,6,2023,12,782.92,368.23,401.80,30.71
4049,2023-06-18T17:00:00Z,6,2023,13,735.70,456.56,269.83,30.88
4050,2023-06-18T18:00:00Z,6,2023,14,795.58,405.58,354.18,30.88
4051,2023-06-18T19:00:00Z,6,2023,15,658.40,297.86,361.15,31.02
4052,2023-06-18T20:00:00Z,6,2023,16,530.15,346.10,300.91,31.06
4053,2023-06-18T21:00:00Z,6,2023,17,383.15,278.17,218.18,30.87
4054,2023-06-18T22:00:00Z,6,2023,18,222.45,156.38,166.30,30.36
4055,2023-06-18T23:00:00Z,6,2023,19,84.82,38.59,72.55,29.23
4056,2023-06-19T00:00:00Z,6,2023,20,3.67,0.00,5.00,27.90
4057,2023-06-19T01:00:00Z,6,2023,21,0.00,0.00,0.00,27.23
4058,2023-06-19T02:00:00Z,6,2023,22,0.00,0.00,0.00,26.67
4059,2023-06-19T03:00:00Z,6,2023,23,0.00,0.00,0.00,26.07
4060,2023-06-19T04:00:00Z,6,2023,0,0.00,0.00,0.00,25.48
4061,2023-06-19T05:00:00Z,6,2023,1,0.00,0.00,0.00,24.98
4062,2023-06-19T06:00:00Z,6,2023,2,0.00,0.00,0.00,24.55
4063,2023-06-19T07:00:00Z,6,2023,3,0.00,0.00,0.00,24.14
4064,2023-06-19T08:00:00Z,6,2023,4,0.00,0.00,0.00,23.83
4065,2023-06-19T09:00:00Z,6,2023,5,0.00,0.00,0.00,23.63
4066,2023-06-19T10:00:00Z,6,2023,6,4.97,0.00,6.59,23.51
4067,2023-06-19T11:00:00Z,6,2023,7,96.80,59.49,79.19,24.92
4068,2023-06-19T12:00:00Z,6,2023,8,261.17,166.81,188.47,26.33
4069,2023-06-19T13:00:00Z,6,2023,9,452.90,390.85,237.69,28.30
4070,2023-06-19T14:00:00Z,6,2023,10,666.92,559.10,220.73,30.48
4071,2023-06-19T15:00:00Z,6,2023,11,819.47,638.77,223.80,32.21
4072,2023-06-19T16:00:00Z,6,2023,12,906.78,685.16,229.46,33.54
4073,2023-06-19T17:00:00Z,6,2023,13,866.05,627.26,212.82,34.42
4074,2023-06-19T18:00:00Z,6,2023,14,856.28,683.83,200.74,34.88
4075,2023-06-19T19:00:00Z,6,2023,15,748.90,534.17,283.85,35.04
4076,2023-06-19T20:00:00Z,6,2023,16,634.38,553.67,203.98,34.70
4077,2023-06-19T21:00:00Z,6,2023,17,449.08,481.62,166.28,33.89
4078,2023-06-19T22:00:00Z,6,2023,18,249.07,297.37,139.69,33.09
4079,2023-06-19T23:00:00Z,6,2023,19,88.20,116.33,68.00,31.64
4080,2023-06-20T00:00:00Z,6,2023,20,2.83,0.00,4.42,29.47
4081,2023-06-20T01:00:00Z,6,2023,21,0.00,0.00,0.00,28.35
4082,2023-06-20T02:00:00Z,6,2023,22,0.00,0.00,0.00,27.26
4083,2023-06-20T03:00:00Z,6,2023,23,0.00,0.00,0.00,26.29
4084,2023-06-20T04:00:00Z,6,2023,0,0.00,0.00,0.00,25.45
4085,2023-06-20T05:00:00Z,6,2023,1,0.00,0.00,0.00,24.79
4086,2023-06-20T06:00:00Z,6,2023,2,0.00,0.00,0.00,24.35
4087,2023-06-20T07:00:00Z,6,2023,3,0.00,0.00,0.00,24.13
4088,2023-06-20T08:00:00Z,6,2023,4,0.00,0.00,0.00,23.86
4089,2023-06-20T09:00:00Z,6,2023,5,0.00,0.00,0.00,23.94
4090,2023-06-20T10:00:00Z,6,2023,6,6.22,1.74,8.43,23.94
4091,2023-06-20T11:00:00Z,6,2023,7,81.25,53.65,69.57,24.63
4092,2023-06-20T12:00:00Z,6,2023,8,211.10,94.88,163.75,25.62
4093,2023-06-20T13:00:00Z,6,2023,9,343.35,112.70,256.18,27.34
4094,2023-06-20T14:00:00Z,6,2023,10,509.17,121.67,335.59,28.83
4095,2023-06-20T15:00:00Z,6,2023,11,609.40,109.93,437.01,29.85
4096,2023-06-20T16:00:00Z,6,2023,12,567.33,69.34,440.44,30.66
4097,2023-06-20T17:00:00Z,6,2023,13,322.80,11.75,243.36,30.99
4098,2023-06-20T18:00:00Z,6,2023,14,224.25,16.54,176.09,30.79
4099,2023-06-20T19:00:00Z,6,2023,15,230.60,34.22,181.81,30.57
4100,2023-06-20T20:00:00Z,6,2023,16,141.60,0.51,115.69,30.29
4101,2023-06-20T21:00:00Z,6,2023,17,253.70,9.92,219.04,29.80
4102,2023-06-20T22:00:00Z,6,2023,18,157.88,7.96,138.25,28.55
4103,2023-06-20T23:00:00Z,6,2023,19,58.97,6.66,51.71,27.08
4104,2023-06-21T00:00:00Z,6,2023,20,3.55,0.00,4.93,25.81
4105,2023-06-21T01:00:00Z,6,2023,21,0.00,0.00,0.00,25.19
4106,2023-06-21T02:00:00Z,6,2023,22,0.00,0.00,0.00,24.87
4107,2023-06-21T03:00:00Z,6,2023,23,0.00,0.00,0.00,24.69
4108,2023-06-21T04:00:00Z,6,2023,0,0.00,0.00,0.00,24.63
4109,2023-06-21T05:00:00Z,6,2023,1,0.00,0.00,0.00,24.41
4110,2023-06-21T06:00:00Z,6,2023,2,0.00,0.00,0.00,24.28
4111,2023-06-21T07:00:00Z,6,2023,3,0.00,0.00,0.00,24.18
4112,2023-06-21T08:00:00Z,6,2023,4,0.00,0.00,0.00,24.03
4113,2023-06-21T09:00:00Z,6,2023,5,0.00,0.00,0.00,23.72
4114,2023-06-21T10:00:00Z,6,2023,6,3.75,0.00,4.01,23.04
4115,2023-06-21T11:00:00Z,6,2023,7,56.80,0.00,51.32,23.33
4116,2023-06-21T12:00:00Z,6,2023,8,141.52,0.00,123.35,23.69
4117,2023-06-21T13:00:00Z,6,2023,9,135.93,0.00,117.20,24.34
4118,2023-06-21T14:00:00Z,6,2023,10,243.07,0.00,199.89,25.02
4119,2023-06-21T15:00:00Z,6,2023,11,561.50,134.99,364.07,25.80
4120,2023-06-21T16:00:00Z,6,2023,12,582.17,164.20,336.63,26.66
4121,2023-06-21T17:00:00Z,6,2023,13,543.05,58.25,334.68,27.47
4122,2023-06-21T18:00:00Z,6,2023,14,601.28,60.29,442.18,28.09
4123,2023-06-21T19:00:00Z,6,2023,15,488.17,146.39,307.81,28.37
4124,2023-06-21T20:00:00Z,6,2023,16,339.33,28.11,265.05,28.20
4125,2023-06-21T21:00:00Z,6,2023,17,302.98,56.91,229.24,27.78
4126,2023-06-21T22:00:00Z,6,2023,18,179.30,19.27,154.38,27.15
4127,2023-06-21T23:00:00Z,6,2023,19,69.07,7.69,61.73,25.88
4128,2023-06-22T00:00:00Z,6,2023,20,3.47,0.00,4.80,24.18
4129,2023-06-22T01:00:00Z,6,2023,21,0.00,0.00,0.00,23.49
4130,2023-06-22T02:00:00Z,6,2023,22,0.00,0.00,0.00,23.12
4131,2023-06-22T03:00:00Z,6,2023,23,0.00,0.00,0.00,22.85
4132,2023-06-22T04:00:00Z,6,2023,0,0.00,0.00,0.00,22.63
4133,2023-06-22T05:00:00Z,6,2023,1,0.00,0.00,0.00,22.51
4134,2023-06-22T06:00:00Z,6,2023,2,0.00,0.00,0.00,22.80
4135,2023-06-22T07:00:00Z,6,2023,3,0.00,0.00,0.00,22.84
4136,2023-06-22T08:00:00Z,6,2023,4,0.00,0.00,0.00,22.70
4137,2023-06-22T09:00:00Z,6,2023,5,0.00,0.00,0.00,22.58
4138,2023-06-22T10:00:00Z,6,2023,6,5.88,4.91,8.11,22.58
4139,2023-06-22T11:00:00Z,6,2023,7,98.65,131.44,74.59,23.70
4140,2023-06-22T12:00:00Z,6,2023,8,256.65,232.81,158.45,24.74
4141,2023-06-22T13:00:00Z,6,2023,9,439.60,371.02,226.57,25.92
4142,2023-06-22T14:00:00Z,6,2023,10,569.60,289.06,317.99,26.98
4143,2023-06-22T15:00:00Z,6,2023,11,699.17,275.68,419.73,28.12
4144,2023-06-22T16:00:00Z,6,2023,12,779.05,258.52,532.91,29.13
4145,2023-06-22T17:00:00Z,6,2023,13,768.30,148.62,444.73,29.86
4146,2023-06-22T18:00:00Z,6,2023,14,467.27,66.20,339.34,30.36
4147,2023-06-22T19:00:00Z,6,2023,15,113.43,57.17,69.93,30.63
4148,2023-06-22T20:00:00Z,6,2023,16,94.22,35.45,67.83,30.50
4149,2023-06-22T21:00:00Z,6,2023,17,52.62,3.78,45.20,29.67
4150,2023-06-22T22:00:00Z,6,2023,18,41.65,12.30,34.55,28.53
4151,2023-06-22T23:00:00Z,6,2023,19,21.58,12.49,17.88,27.07
4152,2023-06-23T00:00:00Z,6,2023,20,1.88,0.00,2.62,25.58
4153,2023-06-23T01:00:00Z,6,2023,21,0.00,0.00,0.00,24.98
4154,2023-06-23T02:00:00Z,6,2023,22,0.00,0.00,0.00,24.60
4155,2023-06-23T03:00:00Z,6,2023,23,0.00,0.00,0.00,24.35
4156,2023-06-23T04:00:00Z,6,2023,0,0.00,0.00,0.00,24.24
4157,2023-06-23T05:00:00Z,6,2023,1,0.00,0.00,0.00,24.18
4158,2023-06-23T06:00:00Z,6,2023,2,0.00,0.00,0.00,24.15
4159,2023-06-23T07:00:00Z,6,2023,3,0.00,0.00,0.00,24.06
4160,2023-06-23T08:00:00Z,6,2023,4,0.00,0.00,0.00,23.94
4161,2023-06-23T09:00:00Z,6,2023,5,0.00,0.00,0.00,23.82
4162,2023-06-23T10:00:00Z,6,2023,6,1.77,0.00,2.03,23.67
4163,2023-06-23T11:00:00Z,6,2023,7,22.70,0.00,20.51,24.57
4164,2023-06-23T12:00:00Z,6,2023,8,56.15,0.00,48.95,25.36
4165,2023-06-23T13:00:00Z,6,2023,9,98.65,0.00,85.07,26.00
4166,2023-06-23T14:00:00Z,6,2023,10,193.48,0.00,159.10,26.93
4167,2023-06-23T15:00:00Z,6,2023,11,538.92,32.13,433.93,27.59
4168,2023-06-23T16:00:00Z,6,2023,12,672.28,143.54,434.15,28.08
4169,2023-06-23T17:00:00Z,6,2023,13,736.53,179.70,411.96,28.63
4170,2023-06-23T18:00:00Z,6,2023,14,722.33,205.58,473.90,29.44
4171,2023-06-23T19:00:00Z,6,2023,15,595.22,292.30,297.64,30.04
4172,2023-06-23T20:00:00Z,6,2023,16,603.25,481.71,221.44,30.21
4173,2023-06-23T21:00:00Z,6,2023,17,401.62,378.02,183.00,30.28
4174,2023-06-23T22:00:00Z,6,2023,18,237.75,231.82,154.72,29.62
4175,2023-06-23T23:00:00Z,6,2023,19,89.70,82.77,74.57,28.16
4176,2023-06-24T00:00:00Z,6,2023,20,3.58,0.00,5.01,26.77
4177,2023-06-24T01:00:00Z,6,2023,21,0.00,0.00,0.00,26.13
4178,2023-06-24T02:00:00Z,6,2023,22,0.00,0.00,0.00,25.54
4179,2023-06-24T03:00:00Z,6,2023,23,0.00,0.00,0.00,24.88
4180,2023-06-24T04:00:00Z,6,2023,0,0.00,0.00,0.00,24.19
4181,2023-06-24T05:00:00Z,6,2023,1,0.00,0.00,0.00,23.59
4182,2023-06-24T06:00:00Z,6,2023,2,0.00,0.00,0.00,23.08
4183,2023-06-24T07:00:00Z,6,2023,3,0.00,0.00,0.00,22.77
4184,2023-06-24T08:00:00Z,6,2023,4,0.00,0.00,0.00,22.62
4185,2023-06-24T09:00:00Z,6,2023,5,0.00,0.00,0.00,22.51
4186,2023-06-24T10:00:00Z,6,2023,6,5.85,0.71,8.91,22.54
4187,2023-06-24T11:00:00Z,6,2023,7,103.40,107.23,82.52,23.90
4188,2023-06-24T12:00:00Z,6,2023,8,269.27,234.65,174.66,25.19
4189,2023-06-24T13:00:00Z,6,2023,9,481.08,443.48,208.52,27.47
4190,2023-06-24T14:00:00Z,6,2023,10,657.12,554.00,249.17,29.52
4191,2023-06-24T15:00:00Z,6,2023,11,740.95,468.35,376.38,30.56
4192,2023-06-24T16:00:00Z,6,2023,12,833.03,334.67,429.62,31.38
4193,2023-06-24T17:00:00Z,6,2023,13,844.90,610.04,241.10,32.01
4194,2023-06-24T18:00:00Z,6,2023,14,780.83,374.60,381.66,32.38
4195,2023-06-24T19:00:00Z,6,2023,15,647.17,380.51,293.98,32.48
4196,2023-06-24T20:00:00Z,6,2023,16,570.05,301.75,330.38,32.24
4197,2023-06-24T21:00:00Z,6,2023,17,405.58,220.00,305.96,31.59
4198,2023-06-24T22:00:00Z,6,2023,18,219.60,41.47,186.33,30.85
4199,2023-06-24T23:00:00Z,6,2023,19,77.60,18.44,66.91,29.12
4200,2023-06-25T00:00:00Z,6,2023,20,3.70,0.00,5.09,27.04
4201,2023-06-25T01:00:00Z,6,2023,21,0.00,0.00,0.00,26.18
4202,2023-06-25T02:00:00Z,6,2023,22,0.00,0.00,0.00,25.54
4203,2023-06-25T03:00:00Z,6,2023,23,0.00,0.00,0.00,24.97
4204,2023-06-25T04:00:00Z,6,2023,0,0.00,0.00,0.00,24.48
4205,2023-06-25T05:00:00Z,6,2023,1,0.00,0.00,0.00,24.01
4206,2023-06-25T06:00:00Z,6,2023,2,0.00,0.00,0.00,23.55
4207,2023-06-25T07:00:00Z,6,2023,3,0.00,0.00,0.00,23.11
4208,2023-06-25T08:00:00Z,6,2023,4,0.00,0.00,0.00,22.75
4209,2023-06-25T09:00:00Z,6,2023,5,0.00,0.00,0.00,22.57
4210,2023-06-25T10:00:00Z,6,2023,6,5.60,1.60,8.73,22.62
4211,2023-06-25T11:00:00Z,6,2023,7,101.38,90.20,76.55,24.05
4212,2023-06-25T12:00:00Z,6,2023,8,268.17,255.45,158.86,25.28
4213,2023-06-25T13:00:00Z,6,2023,9,471.88,445.55,200.06,26.76
4214,2023-06-25T14:00:00Z,6,2023,10,667.65,602.92,199.82,28.31
4215,2023-06-25T15:00:00Z,6,2023,11,820.08,668.08,212.46,29.70
4216,2023-06-25T16:00:00Z,6,2023,12,877.95,636.14,243.28,30.82
4217,2023-06-25T17:00:00Z,6,2023,13,870.17,506.50,318.22,31.66
4218,2023-06-25T18:00:00Z,6,2023,14,828.12,500.36,314.82,32.18
4219,2023-06-25T19:00:00Z,6,2023,15,728.47,471.89,284.16,32.43
4220,2023-06-25T20:00:00Z,6,2023,16,582.05,431.05,233.05,32.38
4221,2023-06-25T21:00:00Z,6,2023,17,420.60,377.48,192.39,31.76
4222,2023-06-25T22:00:00Z,6,2023,18,238.32,321.82,110.36,31.23
4223,2023-06-25T23:00:00Z,6,2023,19,92.05,173.42,57.07,30.07
4224,2023-06-26T00:00:00Z,6,2023,20,4.43,3.97,6.55,27.55
4225,2023-06-26T01:00:00Z,6,2023,21,0.00,0.00,0.00,26.42
4226,2023-06-26T02:00:00Z,6,2023,22,0.00,0.00,0.00,25.71
4227,2023-06-26T03:00:00Z,6,2023,23,0.00,0.00,0.00,25.07
4228,2023-06-26T04:00:00Z,6,2023,0,0.00,0.00,0.00,24.42
4229,2023-06-26T05:00:00Z,6,2023,1,0.00,0.00,0.00,23.82
4230,2023-06-26T06:00:00Z,6,2023,2,0.00,0.00,0.00,23.25
4231,2023-06-26T07:00:00Z,6,2023,3,0.00,0.00,0.00,22.69
4232,2023-06-26T08:00:00Z,6,2023,4,0.00,0.00,0.00,22.20
4233,2023-06-26T09:00:00Z,6,2023,5,0.00,0.00,0.00,21.76
4234,2023-06-26T10:00:00Z,6,2023,6,5.95,6.21,8.81,21.58
4235,2023-06-26T11:00:00Z,6,2023,7,113.18,238.86,68.20,23.80
4236,2023-06-26T12:00:00Z,6,2023,8,286.83,344.41,148.92,25.54
4237,2023-06-26T13:00:00Z,6,2023,9,483.15,492.72,203.11,28.55
4238,2023-06-26T14:00:00Z,6,2023,10,707.00,708.73,159.72,30.49
4239,2023-06-26T15:00:00Z,6,2023,11,852.67,737.26,180.67,31.91
4240,2023-06-26T16:00:00Z,6,2023,12,901.35,691.28,219.04,32.82
4241,2023-06-26T17:00:00Z,6,2023,13,916.08,682.18,245.91,33.36
4242,2023-06-26T18:00:00Z,6,2023,14,853.80,729.93,165.55,33.63
4243,2023-06-26T19:00:00Z,6,2023,15,779.42,580.60,259.43,33.67
4244,2023-06-26T20:00:00Z,6,2023,16,593.40,457.22,245.68,33.63
4245,2023-06-26T21:00:00Z,6,2023,17,468.45,569.47,139.17,33.22
4246,2023-06-26T22:00:00Z,6,2023,18,274.50,452.50,103.33,32.71
4247,2023-06-26T23:00:00Z,6,2023,19,104.03,252.91,56.18,31.20
4248,2023-06-27T00:00:00Z,6,2023,20,4.65,7.81,6.82,29.73
4249,2023-06-27T01:00:00Z,6,2023,21,0.00,0.00,0.00,28.76
4250,2023-06-27T02:00:00Z,6,2023,22,0.00,0.00,0.00,27.23
4251,2023-06-27T03:00:00Z,6,2023,23,0.00,0.00,0.00,26.27
4252,2023-06-27T04:00:00Z,6,2023,0,0.00,0.00,0.00,25.51
4253,2023-06-27T05:00:00Z,6,2023,1,0.00,0.00,0.00,24.97
4254,2023-06-27T06:00:00Z,6,2023,2,0.00,0.00,0.00,24.44
4255,2023-06-27T07:00:00Z,6,2023,3,0.00,0.00,0.00,23.92
4256,2023-06-27T08:00:00Z,6,2023,4,0.00,0.00,0.00,23.41
4257,2023-06-27T09:00:00Z,6,2023,5,0.00,0.00,0.00,22.91
4258,2023-06-27T10:00:00Z,6,2023,6,6.30,17.36,8.45,22.59
4259,2023-06-27T11:00:00Z,6,2023,7,127.97,403.27,52.22,24.74
4260,2023-06-27T12:00:00Z,6,2023,8,332.98,625.23,80.12,26.96
4261,2023-06-27T13:00:00Z,6,2023,9,543.92,747.72,97.09,28.74
4262,2023-06-27T14:00:00Z,6,2023,10,697.83,735.22,132.42,30.12
4263,2023-06-27T15:00:00Z,6,2023,11,842.90,772.16,163.23,31.33
4264,2023-06-27T16:00:00Z,6,2023,12,895.78,681.27,235.81,32.38
4265,2023-06-27T17:00:00Z,6,2023,13,900.12,594.51,286.35,33.19
4266,2023-06-27T18:00:00Z,6,2023,14,825.25,702.80,167.58,33.75
4267,2023-06-27T19:00:00Z,6,2023,15,795.38,686.58,190.47,34.03
4268,2023-06-27T20:00:00Z,6,2023,16,673.75,702.99,151.13,34.06
4269,2023-06-27T21:00:00Z,6,2023,17,511.23,669.71,116.88,33.69
4270,2023-06-27T22:00:00Z,6,2023,18,296.05,496.88,106.06,32.85
4271,2023-06-27T23:00:00Z,6,2023,19,105.47,238.60,65.43,31.26
4272,2023-06-28T00:00:00Z,6,2023,20,4.38,5.50,6.37,29.03
4273,2023-06-28T01:00:00Z,6,2023,21,0.00,0.00,0.00,28.04
4274,2023-06-28T02:00:00Z,6,2023,22,0.00,0.00,0.00,27.10
4275,2023-06-28T03:00:00Z,6,2023,23,0.00,0.00,0.00,26.22
4276,2023-06-28T04:00:00Z,6,2023,0,0.00,0.00,0.00,25.58
4277,2023-06-28T05:00:00Z,6,2023,1,0.00,0.00,0.00,25.07
4278,2023-06-28T06:00:00Z,6,2023,2,0.00,0.00,0.00,24.64
4279,2023-06-28T07:00:00Z,6,2023,3,0.00,0.00,0.00,24.38
4280,2023-06-28T08:00:00Z,6,2023,4,0.00,0.00,0.00,24.25
4281,2023-06-28T09:00:00Z,6,2023,5,0.00,0.00,0.00,24.12
4282,2023-06-28T10:00:00Z,6,2023,6,4.62,1.95,6.46,24.13
4283,2023-06-28T11:00:00Z,6,2023,7,62.08,36.70,52.16,25.94
4284,2023-06-28T12:00:00Z,6,2023,8,166.62,50.23,137.34,27.78
4285,2023-06-28T13:00:00Z,6,2023,9,287.20,48.72,240.45,29.42
4286,2023-06-28T14:00:00Z,6,2023,10,389.95,30.99,304.86,30.73
4287,2023-06-28T15:00:00Z,6,2023,11,580.88,215.77,352.40,31.70
4288,2023-06-28T16:00:00Z,6,2023,12,601.38,219.44,327.67,32.30
4289,2023-06-28T17:00:00Z,6,2023,13,597.90,265.59,259.56,32.70
4290,2023-06-28T18:00:00Z,6,2023,14,576.12,274.65,289.30,33.01
4291,2023-06-28T19:00:00Z,6,2023,15,710.70,463.79,272.60,33.14
4292,2023-06-28T20:00:00Z,6,2023,16,608.55,500.06,211.90,32.94
4293,2023-06-28T21:00:00Z,6,2023,17,395.55,313.09,204.15,32.47
4294,2023-06-28T22:00:00Z,6,2023,18,233.05,207.77,152.68,31.67
4295,2023-06-28T23:00:00Z,6,2023,19,82.93,70.50,70.39,30.43
4296,2023-06-29T00:00:00Z,6,2023,20,3.60,1.03,5.44,28.63
4297,2023-06-29T01:00:00Z,6,2023,21,0.00,0.00,0.00,27.83
4298,2023-06-29T02:00:00Z,6,2023,22,0.00,0.00,0.00,27.27
4299,2023-06-29T03:00:00Z,6,2023,23,0.00,0.00,0.00,26.69
4300,2023-06-29T04:00:00Z,6,2023,0,0.00,0.00,0.00,26.19
4301,2023-06-29T05:00:00Z,6,2023,1,0.00,0.00,0.00,25.76
4302,2023-06-29T06:00:00Z,6,2023,2,0.00,0.00,0.00,25.33
4303,2023-06-29T07:00:00Z,6,2023,3,0.00,0.00,0.00,24.84
4304,2023-06-29T08:00:00Z,6,2023,4,0.00,0.00,0.00,24.32
4305,2023-06-29T09:00:00Z,6,2023,5,0.00,0.00,0.00,23.86
4306,2023-06-29T10:00:00Z,6,2023,6,5.40,5.62,7.64,23.71
4307,2023-06-29T11:00:00Z,6,2023,7,113.53,273.72,56.89,25.83
4308,2023-06-29T12:00:00Z,6,2023,8,297.58,434.37,118.92,27.42
4309,2023-06-29T13:00:00Z,6,2023,9,503.35,573.25,148.69,29.26
4310,2023-06-29T14:00:00Z,6,2023,10,688.78,657.31,175.21,30.85
4311,2023-06-29T15:00:00Z,6,2023,11,820.53,653.02,217.81,32.00
4312,2023-06-29T16:00:00Z,6,2023,12,869.65,583.81,283.92,32.85
4313,2023-06-29T17:00:00Z,6,2023,13,907.50,661.56,231.33,33.37
4314,2023-06-29T18:00:00Z,6,2023,14,840.58,556.71,282.59,33.55
4315,2023-06-29T19:00:00Z,6,2023,15,742.17,551.56,244.61,33.39
4316,2023-06-29T20:00:00Z,6,2023,16,630.12,542.84,207.06,32.98
4317,2023-06-29T21:00:00Z,6,2023,17,478.40,505.91,165.98,32.08
4318,2023-06-29T22:00:00Z,6,2023,18,273.48,394.46,115.80,30.78
4319,2023-06-29T23:00:00Z,6,2023,19,103.72,221.31,60.70,29.13
4320,2023-06-30T00:00:00Z,6,2023,20,4.80,5.06,7.21,27.36
4321,2023-06-30T01:00:00Z,6,2023,21,0.00,0.00,0.00,26.42
4322,2023-06-30T02:00:00Z,6,2023,22,0.00,0.00,0.00,25.74
4323,2023-06-30T03:00:00Z,6,2023,23,0.00,0.00,0.00,25.27
4324,2023-06-30T04:00:00Z,6,2023,0,0.00,0.00,0.00,24.84
4325,2023-06-30T05:00:00Z,6,2023,1,0.00,0.00,0.00,24.42
4326,2023-06-30T06:00:00Z,6,2023,2,0.00,0.00,0.00,24.00
4327,2023-06-30T07:00:00Z,6,2023,3,0.00,0.00,0.00,23.62
4328,2023-06-30T08:00:00Z,6,2023,4,0.00,0.00,0.00,23.31
4329,2023-06-30T09:00:00Z,6,2023,5,0.00,0.00,0.00,23.13
4330,2023-06-30T10:00:00Z,6,2023,6,5.03,3.68,6.91,23.13
4331,2023-06-30T11:00:00Z,6,2023,7,104.95,188.53,74.92,25.46
4332,2023-06-30T12:00:00Z,6,2023,8,286.55,366.05,174.63,27.73
4333,2023-06-30T13:00:00Z,6,2023,9,482.30,669.19,249.12,29.42
4334,2023-06-30T14:00:00Z,6,2023,10,656.35,559.70,291.15,30.74
4335,2023-06-30T15:00:00Z,6,2023,11,786.67,649.97,240.24,31.82
4336,2023-06-30T16:00:00Z,6,2023,12,870.75,663.27,228.83,32.62
4337,2023-06-30T17:00:00Z,6,2023,13,914.12,532.68,309.22,33.13
4338,2023-06-30T18:00:00Z,6,2023,14,836.75,545.10,294.03,33.26
4339,2023-06-30T19:00:00Z,6,2023,15,754.67,521.18,289.13,32.95
4340,2023-06-30T20:00:00Z,6,2023,16,619.62,533.60,211.23,32.41
4341,2023-06-30T21:00:00Z,6,2023,17,469.00,547.14,146.20,31.65
4342,2023-06-30T22:00:00Z,6,2023,18,274.40,415.56,109.46,30.47
4343,2023-06-30T23:00:00Z,6,2023,19,101.80,234.58,56.78,28.81
4344,2023-07-01T00:00:00Z,7,2023,20,4.85,7.69,6.79,26.74
4345,2023-07-01T01:00:00Z,7,2023,21,0.00,0.00,0.00,25.73
4346,2023-07-01T02:00:00Z,7,2023,22,0.00,0.00,0.00,25.07
4347,2023-07-01T03:00:00Z,7,2023,23,0.00,0.00,0.00,24.56
4348,2023-07-01T04:00:00Z,7,2023,0,0.00,0.00,0.00,24.14
4349,2023-07-01T05:00:00Z,7,2023,1,0.00,0.00,0.00,23.85
4350,2023-07-01T06:00:00Z,7,2023,2,0.00,0.00,0.00,23.72
4351,2023-07-01T07:00:00Z,7,2023,3,0.00,0.00,0.00,23.83
4352,2023-07-01T08:00:00Z,7,2023,4,0.00,0.00,0.00,23.88
4353,2023-07-01T09:00:00Z,7,2023,5,0.00,0.00,0.00,23.80
4354,2023-07-01T10:00:00Z,7,2023,6,5.05,6.22,7.16,24.07
4355,2023-07-01T11:00:00Z,7,2023,7,109.78,261.02,59.07,25.32
4356,2023-07-01T12:00:00Z,7,2023,8,305.45,477.36,112.21,27.57
4357,2023-07-01T13:00:00Z,7,2023,9,509.58,615.35,143.58,29.22
4358,2023-07-01T14:00:00Z,7,2023,10,702.05,701.52,160.32,30.78
4359,2023-07-01T15:00:00Z,7,2023,11,838.70,725.46,187.70,32.06
4360,2023-07-01T16:00:00Z,7,2023,12,936.38,799.09,166.26,33.06
4361,2023-07-01T17:00:00Z,7,2023,13,907.70,727.02,196.22,33.77
4362,2023-07-01T18:00:00Z,7,2023,14,840.65,648.98,207.26,34.15
4363,2023-07-01T19:00:00Z,7,2023,15,703.58,568.13,203.48,34.24
4364,2023-07-01T20:00:00Z,7,2023,16,654.30,598.37,201.13,33.70
4365,2023-07-01T21:00:00Z,7,2023,17,513.40,648.70,122.83,32.77
4366,2023-07-01T22:00:00Z,7,2023,18,295.40,528.95,90.34,31.30
4367,2023-07-01T23:00:00Z,7,2023,19,103.57,296.72,50.34,29.30
4368,2023-07-02T00:00:00Z,7,2023,20,4.40,11.11,6.67,27.07
4369,2023-07-02T01:00:00Z,7,2023,21,0.00,0.00,0.00,26.11
4370,2023-07-02T02:00:00Z,7,2023,22,0.00,0.00,0.00,25.46
4371,2023-07-02T03:00:00Z,7,2023,23,0.00,0.00,0.00,24.93
4372,2023-07-02T04:00:00Z,7,2023,0,0.00,0.00,0.00,24.44
4373,2023-07-02T05:00:00Z,7,2023,1,0.00,0.00,0.00,24.05
4374,2023-07-02T06:00:00Z,7,2023,2,0.00,0.00,0.00,23.83
4375,2023-07-02T07:00:00Z,7,2023,3,0.00,0.00,0.00,23.87
4376,2023-07-02T08:00:00Z,7,2023,4,0.00,0.00,0.00,23.87
4377,2023-07-02T09:00:00Z,7,2023,5,0.00,0.00,0.00,23.77
4378,2023-07-02T10:00:00Z,7,2023,6,5.12,12.88,7.48,23.63
4379,2023-07-02T11:00:00Z,7,2023,7,117.25,332.22,54.23,24.73
4380,2023-07-02T12:00:00Z,7,2023,8,317.65,555.96,99.31,27.26
4381,2023-07-02T13:00:00Z,7,2023,9,529.33,690.75,116.97,29.37
4382,2023-07-02T14:00:00Z,7,2023,10,706.47,779.04,119.36,31.22
4383,2023-07-02T15:00:00Z,7,2023,11,788.75,594.28,270.91,32.83
4384,2023-07-02T16:00:00Z,7,2023,12,868.28,585.26,282.50,34.06
4385,2023-07-02T17:00:00Z,7,2023,13,904.28,744.02,181.02,34.82
4386,2023-07-02T18:00:00Z,7,2023,14,881.33,788.29,149.67,35.27
4387,2023-07-02T19:00:00Z,7,2023,15,795.90,722.22,160.16,35.34
4388,2023-07-02T20:00:00Z,7,2023,16,699.12,710.17,149.38,35.21
4389,2023-07-02T21:00:00Z,7,2023,17,506.75,626.93,128.28,34.56
4390,2023-07-02T22:00:00Z,7,2023,18,299.55,474.90,108.02,33.22
4391,2023-07-02T23:00:00Z,7,2023,19,106.78,239.60,59.99,30.97
4392,2023-07-03T00:00:00Z,7,2023,20,4.60,5.05,7.28,28.67
4393,2023-07-03T01:00:00Z,7,2023,21,0.00,0.00,0.00,27.58
4394,2023-07-03T02:00:00Z,7,2023,22,0.00,0.00,0.00,26.65
4395,2023-07-03T03:00:00Z,7,2023,23,0.00,0.00,0.00,26.01
4396,2023-07-03T04:00:00Z,7,2023,0,0.00,0.00,0.00,25.54
4397,2023-07-03T05:00:00Z,7,2023,1,0.00,0.00,0.00,25.12
4398,2023-07-03T06:00:00Z,7,2023,2,0.00,0.00,0.00,24.77
4399,2023-07-03T07:00:00Z,7,2023,3,0.00,0.00,0.00,24.50
4400,2023-07-03T08:00:00Z,7,2023,4,0.00,0.00,0.00,24.32
4401,2023-07-03T09:00:00Z,7,2023,5,0.00,0.00,0.00,24.21
4402,2023-07-03T10:00:00Z,7,2023,6,4.38,4.82,6.72,24.27
4403,2023-07-03T11:00:00Z,7,2023,7,105.47,244.84,60.70,26.13
4404,2023-07-03T12:00:00Z,7,2023,8,296.17,451.66,116.95,28.04
4405,2023-07-03T13:00:00Z,7,2023,9,514.30,640.38,124.71,30.04
4406,2023-07-03T14:00:00Z,7,2023,10,704.78,727.08,147.46,32.09
4407,2023-07-03T15:00:00Z,7,2023,11,843.85,730.02,184.82,33.69
4408,2023-07-03T16:00:00Z,7,2023,12,804.65,534.18,249.50,34.79
4409,2023-07-03T17:00:00Z,7,2023,13,826.65,554.34,267.99,35.62
4410,2023-07-03T18:00:00Z,7,2023,14,838.70,601.15,242.49,36.16
4411,2023-07-03T19:00:00Z,7,2023,15,685.22,544.65,200.22,36.34
4412,2023-07-03T20:00:00Z,7,2023,16,548.10,430.11,215.68,36.27
4413,2023-07-03T21:00:00Z,7,2023,17,348.50,180.27,218.86,35.65
4414,2023-07-03T22:00:00Z,7,2023,18,197.25,82.75,164.37,34.47
4415,2023-07-03T23:00:00Z,7,2023,19,75.80,27.01,69.37,32.69
4416,2023-07-04T00:00:00Z,7,2023,20,3.35,0.00,4.61,30.63
4417,2023-07-04T01:00:00Z,7,2023,21,0.00,0.00,0.00,29.53
4418,2023-07-04T02:00:00Z,7,2023,22,0.00,0.00,0.00,28.61
4419,2023-07-04T03:00:00Z,7,2023,23,0.00,0.00,0.00,28.07
4420,2023-07-04T04:00:00Z,7,2023,0,0.00,0.00,0.00,27.66
4421,2023-07-04T05:00:00Z,7,2023,1,0.00,0.00,0.00,27.31
4422,2023-07-04T06:00:00Z,7,2023,2,0.00,0.00,0.00,26.91
4423,2023-07-04T07:00:00Z,7,2023,3,0.00,0.00,0.00,26.53
4424,2023-07-04T08:00:00Z,7,2023,4,0.00,0.00,0.00,26.23
4425,2023-07-04T09:00:00Z,7,2023,5,0.00,0.00,0.00,26.01
4426,2023-07-04T10:00:00Z,7,2023,6,4.47,2.08,6.58,25.86
4427,2023-07-04T11:00:00Z,7,2023,7,101.68,175.45,68.22,26.80
4428,2023-07-04T12:00:00Z,7,2023,8,295.42,444.31,121.27,27.91
4429,2023-07-04T13:00:00Z,7,2023,9,503.65,628.21,120.00,29.66
4430,2023-07-04T14:00:00Z,7,2023,10,690.00,704.21,149.52,31.18
4431,2023-07-04T15:00:00Z,7,2023,11,804.95,679.15,195.22,32.26
4432,2023-07-04T16:00:00Z,7,2023,12,761.70,424.24,337.61,33.13
4433,2023-07-04T17:00:00Z,7,2023,13,802.90,603.39,259.33,33.78
4434,2023-07-04T18:00:00Z,7,2023,14,770.45,494.49,258.62,34.11
4435,2023-07-04T19:00:00Z,7,2023,15,661.22,494.00,212.86,34.08
4436,2023-07-04T20:00:00Z,7,2023,16,524.33,464.82,189.15,33.69
4437,2023-07-04T21:00:00Z,7,2023,17,342.70,310.51,151.00,33.23
4438,2023-07-04T22:00:00Z,7,2023,18,195.27,200.56,127.07,32.43
4439,2023-07-04T23:00:00Z,7,2023,19,71.38,68.84,55.17,31.30
4440,2023-07-05T00:00:00Z,7,2023,20,3.40,2.12,4.95,29.45
4441,2023-07-05T01:00:00Z,7,2023,21,0.00,0.00,0.00,28.63
4442,2023-07-05T02:00:00Z,7,2023,22,0.00,0.00,0.00,28.07
4443,2023-07-05T03:00:00Z,7,2023,23,0.00,0.00,0.00,27.69
4444,2023-07-05T04:00:00Z,7,2023,0,0.00,0.00,0.00,27.42
4445,2023-07-05T05:00:00Z,7,2023,1,0.00,0.00,0.00,27.17
4446,2023-07-05T06:00:00Z,7,2023,2,0.00,0.00,0.00,26.96
4447,2023-07-05T07:00:00Z,7,2023,3,0.00,0.00,0.00,26.73
4448,2023-07-05T08:00:00Z,7,2023,4,0.00,0.00,0.00,26.48
4449,2023-07-05T09:00:00Z,7,2023,5,0.00,0.00,0.00,26.23
4450,2023-07-05T10:00:00Z,7,2023,6,3.95,4.76,6.05,26.10
4451,2023-07-05T11:00:00Z,7,2023,7,103.53,247.05,61.04,26.95
4452,2023-07-05T12:00:00Z,7,2023,8,301.15,497.82,102.56,27.71
4453,2023-07-05T13:00:00Z,7,2023,9,510.85,663.99,114.57,28.90
4454,2023-07-05T14:00:00Z,7,2023,10,693.45,736.02,132.88,30.06
4455,2023-07-05T15:00:00Z,7,2023,11,833.97,767.41,147.49,31.01
4456,2023-07-05T16:00:00Z,7,2023,12,769.80,587.40,216.34,31.97
4457,2023-07-05T17:00:00Z,7,2023,13,728.55,473.38,252.08,33.08
4458,2023-07-05T18:00:00Z,7,2023,14,652.58,335.23,316.59,34.02
4459,2023-07-05T19:00:00Z,7,2023,15,515.83,299.06,247.59,34.45
4460,2023-07-05T20:00:00Z,7,2023,16,330.98,94.53,237.13,34.60
4461,2023-07-05T21:00:00Z,7,2023,17,88.47,52.56,61.00,34.22
4462,2023-07-05T22:00:00Z,7,2023,18,52.45,21.35,42.48,33.47
4463,2023-07-05T23:00:00Z,7,2023,19,21.73,12.29,19.13,32.44
4464,2023-07-06T00:00:00Z,7,2023,20,1.67,0.00,2.32,29.81
4465,2023-07-06T01:00:00Z,7,2023,21,0.00,0.00,0.00,28.63
4466,2023-07-06T02:00:00Z,7,2023,22,0.00,0.00,0.00,27.91
4467,2023-07-06T03:00:00Z,7,2023,23,0.00,0.00,0.00,27.40
4468,2023-07-06T04:00:00Z,7,2023,0,0.00,0.00,0.00,27.05
4469,2023-07-06T05:00:00Z,7,2023,1,0.00,0.00,0.00,26.71
4470,2023-07-06T06:00:00Z,7,2023,2,0.00,0.00,0.00,26.45
4471,2023-07-06T07:00:00Z,7,2023,3,0.00,0.00,0.00,26.22
4472,2023-07-06T08:00:00Z,7,2023,4,0.00,0.00,0.00,25.95
4473,2023-07-06T09:00:00Z,7,2023,5,0.00,0.00,0.00,25.66
4474,2023-07-06T10:00:00Z,7,2023,6,4.38,2.50,6.48,25.42
4475,2023-07-06T11:00:00Z,7,2023,7,105.85,233.99,62.98,26.56
4476,2023-07-06T12:00:00Z,7,2023,8,302.10,520.54,106.60,27.90
4477,2023-07-06T13:00:00Z,7,2023,9,513.45,670.63,111.20,29.66
4478,2023-07-06T14:00:00Z,7,2023,10,675.75,647.10,177.89,31.22
4479,2023-07-06T15:00:00Z,7,2023,11,727.70,624.36,184.98,32.51
4480,2023-07-06T16:00:00Z,7,2023,12,791.97,617.61,199.92,33.55
4481,2023-07-06T17:00:00Z,7,2023,13,751.15,490.83,237.52,34.40
4482,2023-07-06T18:00:00Z,7,2023,14,648.58,348.19,307.46,34.94
4483,2023-07-06T19:00:00Z,7,2023,15,495.48,284.87,246.23,35.11
4484,2023-07-06T20:00:00Z,7,2023,16,358.45,115.48,229.80,34.91
4485,2023-07-06T21:00:00Z,7,2023,17,275.95,61.78,212.43,34.25
4486,2023-07-06T22:00:00Z,7,2023,18,166.38,35.72,141.06,33.33
4487,2023-07-06T23:00:00Z,7,2023,19,55.62,23.03,48.20,31.99
4488,2023-07-07T00:00:00Z,7,2023,20,3.40,1.37,4.70,29.97
4489,2023-07-07T01:00:00Z,7,2023,21,0.00,0.00,0.00,29.02
4490,2023-07-07T02:00:00Z,7,2023,22,0.00,0.00,0.00,28.28
4491,2023-07-07T03:00:00Z,7,2023,23,0.00,0.00,0.00,27.63
4492,2023-07-07T04:00:00Z,7,2023,0,0.00,0.00,0.00,27.09
4493,2023-07-07T05:00:00Z,7,2023,1,0.00,0.00,0.00,26.60
4494,2023-07-07T06:00:00Z,7,2023,2,0.00,0.00,0.00,26.19
4495,2023-07-07T07:00:00Z,7,2023,3,0.00,0.00,0.00,25.84
4496,2023-07-07T08:00:00Z,7,2023,4,0.00,0.00,0.00,25.57
4497,2023-07-07T09:00:00Z,7,2023,5,0.00,0.00,0.00,25.36
4498,2023-07-07T10:00:00Z,7,2023,6,3.85,3.20,6.11,25.34
4499,2023-07-07T11:00:00Z,7,2023,7,92.47,161.63,61.78,26.46
4500,2023-07-07T12:00:00Z,7,2023,8,279.92,389.56,129.72,27.47
4501,2023-07-07T13:00:00Z,7,2023,9,490.38,585.91,144.39,29.02
4502,2023-07-07T14:00:00Z,7,2023,10,593.45,466.45,242.55,30.14
4503,2023-07-07T15:00:00Z,7,2023,11,576.28,314.02,292.89,31.21
4504,2023-07-07T16:00:00Z,7,2023,12,591.80,223.84,330.07,32.16
4505,2023-07-07T17:00:00Z,7,2023,13,444.70,205.90,221.53,32.80
4506,2023-07-07T18:00:00Z,7,2023,14,564.12,155.21,349.34,33.08
4507,2023-07-07T19:00:00Z,7,2023,15,445.75,109.54,306.93,33.00
4508,2023-07-07T20:00:00Z,7,2023,16,324.62,47.41,249.22,32.48
4509,2023-07-07T21:00:00Z,7,2023,17,210.20,48.69,161.48,31.68
4510,2023-07-07T22:00:00Z,7,2023,18,121.03,16.82,103.53,30.73
4511,2023-07-07T23:00:00Z,7,2023,19,44.42,3.14,39.74,29.38
4512,2023-07-08T00:00:00Z,7,2023,20,2.47,0.00,2.83,27.88
4513,2023-07-08T01:00:00Z,7,2023,21,0.00,0.00,0.00,27.20
4514,2023-07-08T02:00:00Z,7,2023,22,0.00,0.00,0.00,26.69
4515,2023-07-08T03:00:00Z,7,2023,23,0.00,0.00,0.00,26.31
4516,2023-07-08T04:00:00Z,7,2023,0,0.00,0.00,0.00,26.07
4517,2023-07-08T05:00:00Z,7,2023,1,0.00,0.00,0.00,25.88
4518,2023-07-08T06:00:00Z,7,2023,2,0.00,0.00,0.00,25.75
4519,2023-07-08T07:00:00Z,7,2023,3,0.00,0.00,0.00,25.64
4520,2023-07-08T08:00:00Z,7,2023,4,0.00,0.00,0.00,25.51
4521,2023-07-08T09:00:00Z,7,2023,5,0.00,0.00,0.00,25.39
4522,2023-07-08T10:00:00Z,7,2023,6,3.33,1.76,5.27,25.34
4523,2023-07-08T11:00:00Z,7,2023,7,53.28,89.52,41.95,25.98
4524,2023-07-08T12:00:00Z,7,2023,8,128.60,114.26,92.52,26.76
4525,2023-07-08T13:00:00Z,7,2023,9,167.32,50.07,126.68,27.89
4526,2023-07-08T14:00:00Z,7,2023,10,154.32,1.02,126.02,29.02
4527,2023-07-08T15:00:00Z,7,2023,11,310.50,0.43,253.47,29.87
4528,2023-07-08T16:00:00Z,7,2023,12,400.52,5.04,318.98,30.38
4529,2023-07-08T17:00:00Z,7,2023,13,512.20,44.78,318.54,30.55
4530,2023-07-08T18:00:00Z,7,2023,14,495.52,34.78,389.42,30.64
4531,2023-07-08T19:00:00Z,7,2023,15,497.17,122.83,321.35,30.48
4532,2023-07-08T20:00:00Z,7,2023,16,368.00,141.98,230.92,30.13
4533,2023-07-08T21:00:00Z,7,2023,17,193.43,59.78,138.57,29.67
4534,2023-07-08T22:00:00Z,7,2023,18,121.65,29.87,101.78,28.99
4535,2023-07-08T23:00:00Z,7,2023,19,44.95,13.25,38.37,28.09
4536,2023-07-09T00:00:00Z,7,2023,20,3.17,0.00,4.41,27.11
4537,2023-07-09T01:00:00Z,7,2023,21,0.00,0.00,0.00,26.64
4538,2023-07-09T02:00:00Z,7,2023,22,0.00,0.00,0.00,26.19
4539,2023-07-09T03:00:00Z,7,2023,23,0.00,0.00,0.00,25.86
4540,2023-07-09T04:00:00Z,7,2023,0,0.00,0.00,0.00,25.60
4541,2023-07-09T05:00:00Z,7,2023,1,0.00,0.00,0.00,25.36
4542,2023-07-09T06:00:00Z,7,2023,2,0.00,0.00,0.00,25.19
4543,2023-07-09T07:00:00Z,7,2023,3,0.00,0.00,0.00,25.08
4544,2023-07-09T08:00:00Z,7,2023,4,0.00,0.00,0.00,25.01
4545,2023-07-09T09:00:00Z,7,2023,5,0.00,0.00,0.00,24.97
4546,2023-07-09T10:00:00Z,7,2023,6,3.62,3.14,5.54,25.01
4547,2023-07-09T11:00:00Z,7,2023,7,101.45,228.59,58.86,25.97
4548,2023-07-09T12:00:00Z,7,2023,8,291.85,488.68,101.75,27.27
4549,2023-07-09T13:00:00Z,7,2023,9,503.85,630.58,126.79,29.14
4550,2023-07-09T14:00:00Z,7,2023,10,683.20,682.86,157.69,30.46
4551,2023-07-09T15:00:00Z,7,2023,11,713.38,618.71,170.38,31.55
4552,2023-07-09T16:00:00Z,7,2023,12,797.33,594.47,219.96,32.53
4553,2023-07-09T17:00:00Z,7,2023,13,808.25,468.20,254.12,33.37
4554,2023-07-09T18:00:00Z,7,2023,14,794.38,566.73,221.09,34.01
4555,2023-07-09T19:00:00Z,7,2023,15,597.67,266.16,343.51,34.37
4556,2023-07-09T20:00:00Z,7,2023,16,480.55,206.66,300.41,34.32
4557,2023-07-09T21:00:00Z,7,2023,17,354.95,104.06,273.25,33.59
4558,2023-07-09T22:00:00Z,7,2023,18,204.12,80.54,166.51,32.07
4559,2023-07-09T23:00:00Z,7,2023,19,77.88,39.32,68.85,30.24
4560,2023-07-10T00:00:00Z,7,2023,20,4.00,0.00,5.51,28.33
4561,2023-07-10T01:00:00Z,7,2023,21,0.00,0.00,0.00,27.18
4562,2023-07-10T02:00:00Z,7,2023,22,0.00,0.00,0.00,26.42
4563,2023-07-10T03:00:00Z,7,2023,23,0.00,0.00,0.00,25.87
4564,2023-07-10T04:00:00Z,7,2023,0,0.00,0.00,0.00,25.51
4565,2023-07-10T05:00:00Z,7,2023,1,0.00,0.00,0.00,25.17
4566,2023-07-10T06:00:00Z,7,2023,2,0.00,0.00,0.00,24.88
4567,2023-07-10T07:00:00Z,7,2023,3,0.00,0.00,0.00,24.61
4568,2023-07-10T08:00:00Z,7,2023,4,0.00,0.00,0.00,24.35
4569,2023-07-10T09:00:00Z,7,2023,5,0.00,0.00,0.00,24.12
4570,2023-07-10T10:00:00Z,7,2023,6,3.47,0.00,4.72,24.06
4571,2023-07-10T11:00:00Z,7,2023,7,88.65,50.83,74.21,25.78
4572,2023-07-10T12:00:00Z,7,2023,8,264.27,221.90,192.08,27.53
4573,2023-07-10T13:00:00Z,7,2023,9,457.40,349.72,255.65,29.46
4574,2023-07-10T14:00:00Z,7,2023,10,585.78,323.88,347.86,30.84
4575,2023-07-10T15:00:00Z,7,2023,11,684.92,280.74,427.13,31.98
4576,2023-07-10T16:00:00Z,7,2023,12,737.22,185.74,517.57,32.94
4577,2023-07-10T17:00:00Z,7,2023,13,762.97,161.38,540.11,33.47
4578,2023-07-10T18:00:00Z,7,2023,14,550.83,41.02,432.45,33.39
4579,2023-07-10T19:00:00Z,7,2023,15,283.35,23.69,226.87,33.04
4580,2023-07-10T20:00:00Z,7,2023,16,208.73,35.35,164.97,32.46
4581,2023-07-10T21:00:00Z,7,2023,17,149.52,13.16,127.01,31.59
4582,2023-07-10T22:00:00Z,7,2023,18,112.12,0.00,97.72,30.44
4583,2023-07-10T23:00:00Z,7,2023,19,45.22,0.00,40.60,29.07
4584,2023-07-11T00:00:00Z,7,2023,20,2.20,0.00,2.52,27.62
4585,2023-07-11T01:00:00Z,7,2023,21,0.00,0.00,0.00,26.77
4586,2023-07-11T02:00:00Z,7,2023,22,0.00,0.00,0.00,26.08
4587,2023-07-11T03:00:00Z,7,2023,23,0.00,0.00,0.00,25.66
4588,2023-07-11T04:00:00Z,7,2023,0,0.00,0.00,0.00,25.40
4589,2023-07-11T05:00:00Z,7,2023,1,0.00,0.00,0.00,25.18
4590,2023-07-11T06:00:00Z,7,2023,2,0.00,0.00,0.00,25.02
4591,2023-07-11T07:00:00Z,7,2023,3,0.00,0.00,0.00,24.92
4592,2023-07-11T08:00:00Z,7,2023,4,0.00,0.00,0.00,24.76
4593,2023-07-11T09:00:00Z,7,2023,5,0.00,0.00,0.00,24.70
4594,2023-07-11T10:00:00Z,7,2023,6,3.08,0.00,5.09,24.75
4595,2023-07-11T11:00:00Z,7,2023,7,76.95,78.21,63.84,25.83
4596,2023-07-11T12:00:00Z,7,2023,8,235.05,203.66,153.77,26.91
4597,2023-07-11T13:00:00Z,7,2023,9,408.92,353.48,188.31,28.55
4598,2023-07-11T14:00:00Z,7,2023,10,454.90,195.34,279.92,29.68
4599,2023-07-11T15:00:00Z,7,2023,11,438.05,53.10,336.70,30.37
4600,2023-07-11T16:00:00Z,7,2023,12,318.05,0.11,253.98,30.95
4601,2023-07-11T17:00:00Z,7,2023,13,369.80,21.60,276.64,31.51
4602,2023-07-11T18:00:00Z,7,2023,14,456.70,0.55,364.66,31.87
4603,2023-07-11T19:00:00Z,7,2023,15,387.67,0.32,316.51,32.14
4604,2023-07-11T20:00:00Z,7,2023,16,516.50,138.42,339.21,32.07
4605,2023-07-11T21:00:00Z,7,2023,17,456.38,356.37,251.58,31.65
4606,2023-07-11T22:00:00Z,7,2023,18,266.98,242.61,184.79,30.86
4607,2023-07-11T23:00:00Z,7,2023,19,91.07,68.33,71.02,29.58
4608,2023-07-12T00:00:00Z,7,2023,20,4.20,0.00,5.84,27.81
4609,2023-07-12T01:00:00Z,7,2023,21,0.00,0.00,0.00,27.01
4610,2023-07-12T02:00:00Z,7,2023,22,0.00,0.00,0.00,26.48
4611,2023-07-12T03:00:00Z,7,2023,23,0.00,0.00,0.00,26.12
4612,2023-07-12T04:00:00Z,7,2023,0,0.00,0.00,0.00,25.77
4613,2023-07-12T05:00:00Z,7,2023,1,0.00,0.00,0.00,25.42
4614,2023-07-12T06:00:00Z,7,2023,2,0.00,0.00,0.00,25.11
4615,2023-07-12T07:00:00Z,7,2023,3,0.00,0.00,0.00,24.85
4616,2023-07-12T08:00:00Z,7,2023,4,0.00,0.00,0.00,24.64
4617,2023-07-12T09:00:00Z,7,2023,5,0.00,0.00,0.00,24.33
4618,2023-07-12T10:00:00Z,7,2023,6,3.08,0.00,4.84,24.24
4619,2023-07-12T11:00:00Z,7,2023,7,91.43,134.11,65.69,26.18
4620,2023-07-12T12:00:00Z,7,2023,8,284.10,376.02,138.01,28.07
4621,2023-07-12T13:00:00Z,7,2023,9,496.35,582.79,147.35,29.69
4622,2023-07-12T14:00:00Z,7,2023,10,650.25,582.46,201.90,31.13
4623,2023-07-12T15:00:00Z,7,2023,11,670.83,498.40,217.72,31.93
4624,2023-07-12T16:00:00Z,7,2023,12,731.67,379.27,326.49,32.42
4625,2023-07-12T17:00:00Z,7,2023,13,714.78,274.93,380.91,32.72
4626,2023-07-12T18:00:00Z,7,2023,14,379.85,124.43,280.66,32.88
4627,2023-07-12T19:00:00Z,7,2023,15,284.83,24.35,216.90,32.91
4628,2023-07-12T20:00:00Z,7,2023,16,175.23,30.33,133.54,32.77
4629,2023-07-12T21:00:00Z,7,2023,17,210.85,153.50,123.31,32.38
4630,2023-07-12T22:00:00Z,7,2023,18,117.05,82.10,88.83,31.66
4631,2023-07-12T23:00:00Z,7,2023,19,39.95,30.73,31.10,30.48
4632,2023-07-13T00:00:00Z,7,2023,20,2.25,0.00,3.02,28.48
4633,2023-07-13T01:00:00Z,7,2023,21,0.00,0.00,0.00,27.53
4634,2023-07-13T02:00:00Z,7,2023,22,0.00,0.00,0.00,26.77
4635,2023-07-13T03:00:00Z,7,2023,23,0.00,0.00,0.00,26.22
4636,2023-07-13T04:00:00Z,7,2023,0,0.00,0.00,0.00,25.81
4637,2023-07-13T05:00:00Z,7,2023,1,0.00,0.00,0.00,25.47
4638,2023-07-13T06:00:00Z,7,2023,2,0.00,0.00,0.00,25.25
4639,2023-07-13T07:00:00Z,7,2023,3,0.00,0.00,0.00,25.16
4640,2023-07-13T08:00:00Z,7,2023,4,0.00,0.00,0.00,25.19
4641,2023-07-13T09:00:00Z,7,2023,5,0.00,0.00,0.00,25.14
4642,2023-07-13T10:00:00Z,7,2023,6,0.00,0.00,0.00,24.96
4643,2023-07-13T11:00:00Z,7,2023,7,100.12,203.59,58.30,26.12
4644,2023-07-13T12:00:00Z,7,2023,8,282.00,440.80,109.67,27.70
4645,2023-07-13T13:00:00Z,7,2023,9,497.40,609.15,137.78,29.65
4646,2023-07-13T14:00:00Z,7,2023,10,675.88,651.97,179.73,31.51
4647,2023-07-13T15:00:00Z,7,2023,11,679.95,452.01,279.87,32.89
4648,2023-07-13T16:00:00Z,7,2023,12,774.35,310.83,390.72,34.00
4649,2023-07-13T17:00:00Z,7,2023,13,752.12,239.43,405.19,34.81
4650,2023-07-13T18:00:00Z,7,2023,14,784.88,427.37,355.27,35.30
4651,2023-07-13T19:00:00Z,7,2023,15,747.97,442.60,300.28,35.37
4652,2023-07-13T20:00:00Z,7,2023,16,551.12,381.64,235.18,35.01
4653,2023-07-13T21:00:00Z,7,2023,17,352.98,220.04,207.60,34.33
4654,2023-07-13T22:00:00Z,7,2023,18,203.10,81.27,166.16,33.16
4655,2023-07-13T23:00:00Z,7,2023,19,73.22,24.89,65.29,31.69
4656,2023-07-14T00:00:00Z,7,2023,20,2.88,0.00,3.91,29.93
4657,2023-07-14T01:00:00Z,7,2023,21,0.00,0.00,0.00,29.15
4658,2023-07-14T02:00:00Z,7,2023,22,0.00,0.00,0.00,28.86
4659,2023-07-14T03:00:00Z,7,2023,23,0.00,0.00,0.00,28.52
4660,2023-07-14T04:00:00Z,7,2023,0,0.00,0.00,0.00,27.88
4661,2023-07-14T05:00:00Z,7,2023,1,0.00,0.00,0.00,27.20
4662,2023-07-14T06:00:00Z,7,2023,2,0.00,0.00,0.00,26.67
4663,2023-07-14T07:00:00Z,7,2023,3,0.00,0.00,0.00,26.14
4664,2023-07-14T08:00:00Z,7,2023,4,0.00,0.00,0.00,25.68
4665,2023-07-14T09:00:00Z,7,2023,5,0.00,0.00,0.00,25.42
4666,2023-07-14T10:00:00Z,7,2023,6,0.00,0.00,0.00,25.24
4667,2023-07-14T11:00:00Z,7,2023,7,99.15,176.35,63.92,25.92
4668,2023-07-14T12:00:00Z,7,2023,8,284.25,439.97,120.14,26.79
4669,2023-07-14T13:00:00Z,7,2023,9,497.35,609.81,140.25,28.35
4670,2023-07-14T14:00:00Z,7,2023,10,686.83,714.61,143.66,29.91
4671,2023-07-14T15:00:00Z,7,2023,11,778.08,629.54,217.66,31.39
4672,2023-07-14T16:00:00Z,7,2023,12,794.95,583.65,212.81,32.73
4673,2023-07-14T17:00:00Z,7,2023,13,821.95,566.09,222.26,33.81
4674,2023-07-14T18:00:00Z,7,2023,14,782.67,586.59,213.37,34.56
4675,2023-07-14T19:00:00Z,7,2023,15,643.60,359.28,298.15,35.00
4676,2023-07-14T20:00:00Z,7,2023,16,450.83,198.79,271.00,35.04
4677,2023-07-14T21:00:00Z,7,2023,17,216.02,103.66,143.63,34.48
4678,2023-07-14T22:00:00Z,7,2023,18,128.80,37.73,106.53,33.61
4679,2023-07-14T23:00:00Z,7,2023,19,49.03,20.14,41.39,32.53
4680,2023-07-15T00:00:00Z,7,2023,20,1.60,0.00,1.83,30.86
4681,2023-07-15T01:00:00Z,7,2023,21,0.00,0.00,0.00,29.29
4682,2023-07-15T02:00:00Z,7,2023,22,0.00,0.00,0.00,28.06
4683,2023-07-15T03:00:00Z,7,2023,23,0.00,0.00,0.00,27.39
4684,2023-07-15T04:00:00Z,7,2023,0,0.00,0.00,0.00,26.97
4685,2023-07-15T05:00:00Z,7,2023,1,0.00,0.00,0.00,26.61
4686,2023-07-15T06:00:00Z,7,2023,2,0.00,0.00,0.00,26.20
4687,2023-07-15T07:00:00Z,7,2023,3,0.00,0.00,0.00,25.86
4688,2023-07-15T08:00:00Z,7,2023,4,0.00,0.00,0.00,25.62
4689,2023-07-15T09:00:00Z,7,2023,5,0.00,0.00,0.00,25.45
4690,2023-07-15T10:00:00Z,7,2023,6,0.00,0.00,0.00,25.39
4691,2023-07-15T11:00:00Z,7,2023,7,94.62,132.49,74.64,26.56
4692,2023-07-15T12:00:00Z,7,2023,8,267.80,327.90,164.18,27.62
4693,2023-07-15T13:00:00Z,7,2023,9,463.98,458.89,218.86,29.14
4694,2023-07-15T14:00:00Z,7,2023,10,627.47,963.22,361.41,30.91
4695,2023-07-15T15:00:00Z,7,2023,11,719.12,553.23,478.08,32.16
4696,2023-07-15T16:00:00Z,7,2023,12,784.28,491.53,537.14,33.16
4697,2023-07-15T17:00:00Z,7,2023,13,805.08,471.77,490.93,33.97
4698,2023-07-15T18:00:00Z,7,2023,14,696.25,179.02,487.93,34.47
4699,2023-07-15T19:00:00Z,7,2023,15,573.08,130.30,382.17,34.67
4700,2023-07-15T20:00:00Z,7,2023,16,490.40,194.58,310.98,34.53
4701,2023-07-15T21:00:00Z,7,2023,17,307.83,75.04,228.68,33.72
4702,2023-07-15T22:00:00Z,7,2023,18,181.90,42.34,152.73,32.67
4703,2023-07-15T23:00:00Z,7,2023,19,71.95,20.97,61.49,31.28
4704,2023-07-16T00:00:00Z,7,2023,20,2.90,0.00,4.01,29.24
4705,2023-07-16T01:00:00Z,7,2023,21,0.00,0.00,0.00,28.31
4706,2023-07-16T02:00:00Z,7,2023,22,0.00,0.00,0.00,27.55
4707,2023-07-16T03:00:00Z,7,2023,23,0.00,0.00,0.00,26.94
4708,2023-07-16T04:00:00Z,7,2023,0,0.00,0.00,0.00,26.45
4709,2023-07-16T05:00:00Z,7,2023,1,0.00,0.00,0.00,26.03
4710,2023-07-16T06:00:00Z,7,2023,2,0.00,0.00,0.00,25.74
4711,2023-07-16T07:00:00Z,7,2023,3,0.00,0.00,0.00,25.49
4712,2023-07-16T08:00:00Z,7,2023,4,0.00,0.00,0.00,25.36
4713,2023-07-16T09:00:00Z,7,2023,5,0.00,0.00,0.00,25.34
4714,2023-07-16T10:00:00Z,7,2023,6,0.00,0.00,0.00,25.21
4715,2023-07-16T11:00:00Z,7,2023,7,88.88,113.09,68.73,26.09
4716,2023-07-16T12:00:00Z,7,2023,8,254.77,328.99,135.45,27.03
4717,2023-07-16T13:00:00Z,7,2023,9,449.88,463.98,189.37,28.53
4718,2023-07-16T14:00:00Z,7,2023,10,546.15,432.36,221.88,30.08
4719,2023-07-16T15:00:00Z,7,2023,11,530.83,305.04,257.49,31.38
4720,2023-07-16T16:00:00Z,7,2023,12,417.52,190.29,216.55,32.43
4721,2023-07-16T17:00:00Z,7,2023,13,200.60,33.96,127.35,32.96
4722,2023-07-16T18:00:00Z,7,2023,14,100.60,35.66,68.35,32.86
4723,2023-07-16T19:00:00Z,7,2023,15,114.75,7.94,92.19,32.32
4724,2023-07-16T20:00:00Z,7,2023,16,120.12,14.78,95.85,31.88
4725,2023-07-16T21:00:00Z,7,2023,17,135.02,0.00,117.37,31.13
4726,2023-07-16T22:00:00Z,7,2023,18,85.72,0.00,74.71,30.21
4727,2023-07-16T23:00:00Z,7,2023,19,37.95,2.59,33.98,28.64
4728,2023-07-17T00:00:00Z,7,2023,20,2.08,0.00,2.38,27.16
4729,2023-07-17T01:00:00Z,7,2023,21,0.00,0.00,0.00,26.44
4730,2023-07-17T02:00:00Z,7,2023,22,0.00,0.00,0.00,25.87
4731,2023-07-17T03:00:00Z,7,2023,23,0.00,0.00,0.00,25.46
4732,2023-07-17T04:00:00Z,7,2023,0,0.00,0.00,0.00,25.15
4733,2023-07-17T05:00:00Z,7,2023,1,0.00,0.00,0.00,24.87
4734,2023-07-17T06:00:00Z,7,2023,2,0.00,0.00,0.00,24.66
4735,2023-07-17T07:00:00Z,7,2023,3,0.00,0.00,0.00,24.48
4736,2023-07-17T08:00:00Z,7,2023,4,0.00,0.00,0.00,24.36
4737,2023-07-17T09:00:00Z,7,2023,5,0.00,0.00,0.00,24.29
4738,2023-07-17T10:00:00Z,7,2023,6,0.00,0.00,0.00,24.33
4739,2023-07-17T11:00:00Z,7,2023,7,80.90,61.01,69.72,25.39
4740,2023-07-17T12:00:00Z,7,2023,8,244.65,258.89,149.69,26.44
4741,2023-07-17T13:00:00Z,7,2023,9,453.02,459.30,180.27,27.90
4742,2023-07-17T14:00:00Z,7,2023,10,532.92,414.88,220.07,29.35
4743,2023-07-17T15:00:00Z,7,2023,11,492.25,191.13,297.45,30.41
4744,2023-07-17T16:00:00Z,7,2023,12,427.77,101.36,255.11,31.28
4745,2023-07-17T17:00:00Z,7,2023,13,537.17,74.18,341.33,31.88
4746,2023-07-17T18:00:00Z,7,2023,14,251.90,8.44,199.65,32.19
4747,2023-07-17T19:00:00Z,7,2023,15,268.73,1.07,219.23,32.28
4748,2023-07-17T20:00:00Z,7,2023,16,230.38,4.84,187.56,32.01
4749,2023-07-17T21:00:00Z,7,2023,17,225.38,13.35,193.91,31.22
4750,2023-07-17T22:00:00Z,7,2023,18,131.75,8.12,114.43,30.19
4751,2023-07-17T23:00:00Z,7,2023,19,42.40,7.70,37.94,28.84
4752,2023-07-18T00:00:00Z,7,2023,20,2.40,0.00,3.41,27.40
4753,2023-07-18T01:00:00Z,7,2023,21,0.00,0.00,0.00,26.78
4754,2023-07-18T02:00:00Z,7,2023,22,0.00,0.00,0.00,26.22
4755,2023-07-18T03:00:00Z,7,2023,23,0.00,0.00,0.00,25.77
4756,2023-07-18T04:00:00Z,7,2023,0,0.00,0.00,0.00,25.41
4757,2023-07-18T05:00:00Z,7,2023,1,0.00,0.00,0.00,25.05
4758,2023-07-18T06:00:00Z,7,2023,2,0.00,0.00,0.00,24.70
4759,2023-07-18T07:00:00Z,7,2023,3,0.00,0.00,0.00,24.38
4760,2023-07-18T08:00:00Z,7,2023,4,0.00,0.00,0.00,24.14
4761,2023-07-18T09:00:00Z,7,2023,5,0.00,0.00,0.00,24.04
4762,2023-07-18T10:00:00Z,7,2023,6,0.00,0.00,0.00,24.07
4763,2023-07-18T11:00:00Z,7,2023,7,80.65,78.45,67.32,25.10
4764,2023-07-18T12:00:00Z,7,2023,8,248.05,277.24,147.70,26.04
4765,2023-07-18T13:00:00Z,7,2023,9,437.67,439.25,186.55,27.44
4766,2023-07-18T14:00:00Z,7,2023,10,605.83,486.07,220.16,29.04
4767,2023-07-18T15:00:00Z,7,2023,11,588.70,250.99,331.95,30.27
4768,2023-07-18T16:00:00Z,7,2023,12,491.55,117.19,318.66,31.38
4769,2023-07-18T17:00:00Z,7,2023,13,591.45,161.83,357.09,32.25
4770,2023-07-18T18:00:00Z,7,2023,14,521.78,179.42,334.00,32.81
4771,2023-07-18T19:00:00Z,7,2023,15,593.25,231.66,352.66,32.99
4772,2023-07-18T20:00:00Z,7,2023,16,570.20,320.04,323.76,32.88
4773,2023-07-18T21:00:00Z,7,2023,17,393.35,251.62,250.03,32.50
4774,2023-07-18T22:00:00Z,7,2023,18,222.65,82.84,184.91,31.94
4775,2023-07-18T23:00:00Z,7,2023,19,83.05,35.19,68.61,30.40
4776,2023-07-19T00:00:00Z,7,2023,20,2.62,0.00,3.63,28.15
4777,2023-07-19T01:00:00Z,7,2023,21,0.00,0.00,0.00,27.13
4778,2023-07-19T02:00:00Z,7,2023,22,0.00,0.00,0.00,26.41
4779,2023-07-19T03:00:00Z,7,2023,23,0.00,0.00,0.00,25.78
4780,2023-07-19T04:00:00Z,7,2023,0,0.00,0.00,0.00,25.18
4781,2023-07-19T05:00:00Z,7,2023,1,0.00,0.00,0.00,24.70
4782,2023-07-19T06:00:00Z,7,2023,2,0.00,0.00,0.00,24.36
4783,2023-07-19T07:00:00Z,7,2023,3,0.00,0.00,0.00,24.06
4784,2023-07-19T08:00:00Z,7,2023,4,0.00,0.00,0.00,23.72
4785,2023-07-19T09:00:00Z,7,2023,5,0.00,0.00,0.00,23.42
4786,2023-07-19T10:00:00Z,7,2023,6,0.00,0.00,0.00,23.33
4787,2023-07-19T11:00:00Z,7,2023,7,93.57,183.87,63.77,24.88
4788,2023-07-19T12:00:00Z,7,2023,8,285.00,484.99,113.21,26.63
4789,2023-07-19T13:00:00Z,7,2023,9,498.88,648.37,119.97,29.68
4790,2023-07-19T14:00:00Z,7,2023,10,687.53,732.78,131.38,31.38
4791,2023-07-19T15:00:00Z,7,2023,11,747.58,621.82,220.49,32.64
4792,2023-07-19T16:00:00Z,7,2023,12,863.05,705.23,183.63,33.69
4793,2023-07-19T17:00:00Z,7,2023,13,846.15,533.98,237.23,34.52
4794,2023-07-19T18:00:00Z,7,2023,14,746.45,523.30,226.90,35.01
4795,2023-07-19T19:00:00Z,7,2023,15,726.88,477.88,286.71,35.07
4796,2023-07-19T20:00:00Z,7,2023,16,510.10,284.77,264.39,34.60
4797,2023-07-19T21:00:00Z,7,2023,17,269.60,155.98,168.76,33.72
4798,2023-07-19T22:00:00Z,7,2023,18,159.23,74.33,126.40,32.63
4799,2023-07-19T23:00:00Z,7,2023,19,52.60,24.60,43.24,31.23
4800,2023-07-20T00:00:00Z,7,2023,20,1.80,0.00,2.49,29.34
4801,2023-07-20T01:00:00Z,7,2023,21,0.00,0.00,0.00,28.45
4802,2023-07-20T02:00:00Z,7,2023,22,0.00,0.00,0.00,27.74
4803,2023-07-20T03:00:00Z,7,2023,23,0.00,0.00,0.00,27.30
4804,2023-07-20T04:00:00Z,7,2023,0,0.00,0.00,0.00,27.00
4805,2023-07-20T05:00:00Z,7,2023,1,0.00,0.00,0.00,26.69
4806,2023-07-20T06:00:00Z,7,2023,2,0.00,0.00,0.00,26.47
4807,2023-07-20T07:00:00Z,7,2023,3,0.00,0.00,0.00,26.18
4808,2023-07-20T08:00:00Z,7,2023,4,0.00,0.00,0.00,25.86
4809,2023-07-20T09:00:00Z,7,2023,5,0.00,0.00,0.00,25.50
4810,2023-07-20T10:00:00Z,7,2023,6,0.00,0.00,0.00,25.23
4811,2023-07-20T11:00:00Z,7,2023,7,83.07,78.20,65.70,26.56
4812,2023-07-20T12:00:00Z,7,2023,8,258.67,270.49,151.55,27.79
4813,2023-07-20T13:00:00Z,7,2023,9,461.83,462.37,189.25,29.38
4814,2023-07-20T14:00:00Z,7,2023,10,673.15,653.79,172.51,31.07
4815,2023-07-20T15:00:00Z,7,2023,11,712.92,579.70,202.40,32.43
4816,2023-07-20T16:00:00Z,7,2023,12,752.67,508.47,245.36,33.52
4817,2023-07-20T17:00:00Z,7,2023,13,764.42,449.43,224.64,34.35
4818,2023-07-20T18:00:00Z,7,2023,14,760.03,493.05,268.79,34.90
4819,2023-07-20T19:00:00Z,7,2023,15,760.53,534.56,257.62,35.22
4820,2023-07-20T20:00:00Z,7,2023,16,629.83,501.87,225.73,35.19
4821,2023-07-20T21:00:00Z,7,2023,17,430.33,368.19,198.16,34.90
4822,2023-07-20T22:00:00Z,7,2023,18,240.82,196.60,166.31,34.39
4823,2023-07-20T23:00:00Z,7,2023,19,79.47,44.46,70.41,33.00
4824,2023-07-21T00:00:00Z,7,2023,20,2.53,0.00,3.95,30.33
4825,2023-07-21T01:00:00Z,7,2023,21,0.00,0.00,0.00,29.35
4826,2023-07-21T02:00:00Z,7,2023,22,0.00,0.00,0.00,28.59
4827,2023-07-21T03:00:00Z,7,2023,23,0.00,0.00,0.00,27.98
4828,2023-07-21T04:00:00Z,7,2023,0,0.00,0.00,0.00,27.42
4829,2023-07-21T05:00:00Z,7,2023,1,0.00,0.00,0.00,26.88
4830,2023-07-21T06:00:00Z,7,2023,2,0.00,0.00,0.00,26.33
4831,2023-07-21T07:00:00Z,7,2023,3,0.00,0.00,0.00,25.87
4832,2023-07-21T08:00:00Z,7,2023,4,0.00,0.00,0.00,25.51
4833,2023-07-21T09:00:00Z,7,2023,5,0.00,0.00,0.00,25.17
4834,2023-07-21T10:00:00Z,7,2023,6,0.00,0.00,0.00,24.96
4835,2023-07-21T11:00:00Z,7,2023,7,83.25,117.26,60.08,26.35
4836,2023-07-21T12:00:00Z,7,2023,8,264.20,364.46,126.67,27.93
4837,2023-07-21T13:00:00Z,7,2023,9,463.60,481.65,178.44,30.40
4838,2023-07-21T14:00:00Z,7,2023,10,658.25,592.86,200.33,31.99
4839,2023-07-21T15:00:00Z,7,2023,11,731.17,557.97,229.48,33.05
4840,2023-07-21T16:00:00Z,7,2023,12,810.97,620.42,212.68,33.93
4841,2023-07-21T17:00:00Z,7,2023,13,783.40,464.97,226.85,34.56
4842,2023-07-21T18:00:00Z,7,2023,14,780.45,565.29,238.74,35.01
4843,2023-07-21T19:00:00Z,7,2023,15,731.72,434.95,313.41,35.18
4844,2023-07-21T20:00:00Z,7,2023,16,636.65,565.57,201.16,35.02
4845,2023-07-21T21:00:00Z,7,2023,17,440.70,377.74,200.59,34.45
4846,2023-07-21T22:00:00Z,7,2023,18,253.38,228.80,161.61,33.69
4847,2023-07-21T23:00:00Z,7,2023,19,81.95,97.05,63.59,32.13
4848,2023-07-22T00:00:00Z,7,2023,20,2.88,0.00,4.52,30.35
4849,2023-07-22T01:00:00Z,7,2023,21,0.00,0.00,0.00,29.58
4850,2023-07-22T02:00:00Z,7,2023,22,0.00,0.00,0.00,28.89
4851,2023-07-22T03:00:00Z,7,2023,23,0.00,0.00,0.00,28.24
4852,2023-07-22T04:00:00Z,7,2023,0,0.00,0.00,0.00,27.59
4853,2023-07-22T05:00:00Z,7,2023,1,0.00,0.00,0.00,26.96
4854,2023-07-22T06:00:00Z,7,2023,2,0.00,0.00,0.00,26.38
4855,2023-07-22T07:00:00Z,7,2023,3,0.00,0.00,0.00,25.77
4856,2023-07-22T08:00:00Z,7,2023,4,0.00,0.00,0.00,25.26
4857,2023-07-22T09:00:00Z,7,2023,5,0.00,0.00,0.00,24.78
4858,2023-07-22T10:00:00Z,7,2023,6,0.00,0.00,0.00,24.50
4859,2023-07-22T11:00:00Z,7,2023,7,87.82,167.15,56.17,26.12
4860,2023-07-22T12:00:00Z,7,2023,8,275.27,422.61,108.24,27.93
4861,2023-07-22T13:00:00Z,7,2023,9,485.45,593.63,130.68,30.24
4862,2023-07-22T14:00:00Z,7,2023,10,673.75,662.04,168.92,31.99
4863,2023-07-22T15:00:00Z,7,2023,11,743.45,606.96,209.82,33.30
4864,2023-07-22T16:00:00Z,7,2023,12,792.30,561.40,235.63,34.39
4865,2023-07-22T17:00:00Z,7,2023,13,828.70,610.01,226.03,35.10
4866,2023-07-22T18:00:00Z,7,2023,14,737.12,520.20,245.69,35.19
4867,2023-07-22T19:00:00Z,7,2023,15,647.05,468.24,233.00,35.26
4868,2023-07-22T20:00:00Z,7,2023,16,512.67,381.30,219.20,34.55
4869,2023-07-22T21:00:00Z,7,2023,17,403.40,332.50,197.47,33.31
4870,2023-07-22T22:00:00Z,7,2023,18,221.43,181.46,148.61,31.93
4871,2023-07-22T23:00:00Z,7,2023,19,70.97,50.94,63.59,30.42
4872,2023-07-23T00:00:00Z,7,2023,20,2.22,0.00,3.19,28.89
4873,2023-07-23T01:00:00Z,7,2023,21,0.00,0.00,0.00,28.13
4874,2023-07-23T02:00:00Z,7,2023,22,0.00,0.00,0.00,27.54
4875,2023-07-23T03:00:00Z,7,2023,23,0.00,0.00,0.00,27.04
4876,2023-07-23T04:00:00Z,7,2023,0,0.00,0.00,0.00,26.52
4877,2023-07-23T05:00:00Z,7,2023,1,0.00,0.00,0.00,26.02
4878,2023-07-23T06:00:00Z,7,2023,2,0.00,0.00,0.00,25.53
4879,2023-07-23T07:00:00Z,7,2023,3,0.00,0.00,0.00,25.02
4880,2023-07-23T08:00:00Z,7,2023,4,0.00,0.00,0.00,24.50
4881,2023-07-23T09:00:00Z,7,2023,5,0.00,0.00,0.00,24.00
4882,2023-07-23T10:00:00Z,7,2023,6,0.00,0.00,0.00,23.74
4883,2023-07-23T11:00:00Z,7,2023,7,78.70,107.81,59.24,25.07
4884,2023-07-23T12:00:00Z,7,2023,8,265.88,366.04,124.19,26.57
4885,2023-07-23T13:00:00Z,7,2023,9,459.12,524.14,151.77,29.34
4886,2023-07-23T14:00:00Z,7,2023,10,659.35,604.63,191.18,31.09
4887,2023-07-23T15:00:00Z,7,2023,11,665.70,486.10,233.58,32.07
4888,2023-07-23T16:00:00Z,7,2023,12,561.05,275.72,276.59,32.70
4889,2023-07-23T17:00:00Z,7,2023,13,412.58,44.23,269.16,32.59
4890,2023-07-23T18:00:00Z,7,2023,14,180.32,0.00,144.00,32.28
4891,2023-07-23T19:00:00Z,7,2023,15,214.93,1.29,175.28,31.92
4892,2023-07-23T20:00:00Z,7,2023,16,338.58,0.64,276.70,31.48
4893,2023-07-23T21:00:00Z,7,2023,17,210.88,6.15,182.40,30.77
4894,2023-07-23T22:00:00Z,7,2023,18,134.62,3.73,117.50,29.78
4895,2023-07-23T23:00:00Z,7,2023,19,57.38,6.32,51.92,28.76
4896,2023-07-24T00:00:00Z,7,2023,20,0.00,0.00,0.00,27.57
4897,2023-07-24T01:00:00Z,7,2023,21,0.00,0.00,0.00,26.98
4898,2023-07-24T02:00:00Z,7,2023,22,0.00,0.00,0.00,26.49
4899,2023-07-24T03:00:00Z,7,2023,23,0.00,0.00,0.00,26.11
4900,2023-07-24T04:00:00Z,7,2023,0,0.00,0.00,0.00,25.81
4901,2023-07-24T05:00:00Z,7,2023,1,0.00,0.00,0.00,25.56
4902,2023-07-24T06:00:00Z,7,2023,2,0.00,0.00,0.00,25.30
4903,2023-07-24T07:00:00Z,7,2023,3,0.00,0.00,0.00,25.02
4904,2023-07-24T08:00:00Z,7,2023,4,0.00,0.00,0.00,24.75
4905,2023-07-24T09:00:00Z,7,2023,5,0.00,0.00,0.00,24.50
4906,2023-07-24T10:00:00Z,7,2023,6,0.00,0.00,0.00,24.37
4907,2023-07-24T11:00:00Z,7,2023,7,71.50,45.30,62.24,25.76
4908,2023-07-24T12:00:00Z,7,2023,8,231.80,135.66,174.54,27.19
4909,2023-07-24T13:00:00Z,7,2023,9,411.80,230.41,265.38,29.30
4910,2023-07-24T14:00:00Z,7,2023,10,585.12,393.45,296.81,30.80
4911,2023-07-24T15:00:00Z,7,2023,11,710.30,369.12,352.75,31.92
4912,2023-07-24T16:00:00Z,7,2023,12,611.25,269.55,308.24,32.82
4913,2023-07-24T17:00:00Z,7,2023,13,407.92,33.36,269.04,33.52
4914,2023-07-24T18:00:00Z,7,2023,14,397.67,189.62,222.87,33.76
4915,2023-07-24T19:00:00Z,7,2023,15,474.42,72.61,337.10,33.41
4916,2023-07-24T20:00:00Z,7,2023,16,302.62,74.36,219.35,32.77
4917,2023-07-24T21:00:00Z,7,2023,17,165.25,30.75,126.39,31.87
4918,2023-07-24T22:00:00Z,7,2023,18,107.85,9.10,93.91,30.74
4919,2023-07-24T23:00:00Z,7,2023,19,34.35,0.64,30.01,29.26
4920,2023-07-25T00:00:00Z,7,2023,20,0.00,0.00,0.00,27.58
4921,2023-07-25T01:00:00Z,7,2023,21,0.00,0.00,0.00,26.73
4922,2023-07-25T02:00:00Z,7,2023,22,0.00,0.00,0.00,26.05
4923,2023-07-25T03:00:00Z,7,2023,23,0.00,0.00,0.00,25.47
4924,2023-07-25T04:00:00Z,7,2023,0,0.00,0.00,0.00,25.00
4925,2023-07-25T05:00:00Z,7,2023,1,0.00,0.00,0.00,24.57
4926,2023-07-25T06:00:00Z,7,2023,2,0.00,0.00,0.00,24.18
4927,2023-07-25T07:00:00Z,7,2023,3,0.00,0.00,0.00,23.82
4928,2023-07-25T08:00:00Z,7,2023,4,0.00,0.00,0.00,23.46
4929,2023-07-25T09:00:00Z,7,2023,5,0.00,0.00,0.00,23.14
4930,2023-07-25T10:00:00Z,7,2023,6,0.00,0.00,0.00,22.98
4931,2023-07-25T11:00:00Z,7,2023,7,71.35,37.48,63.18,24.77
4932,2023-07-25T12:00:00Z,7,2023,8,246.60,243.16,151.83,26.77
4933,2023-07-25T13:00:00Z,7,2023,9,453.75,405.80,203.34,29.54
4934,2023-07-25T14:00:00Z,7,2023,10,634.45,463.16,255.49,31.48
4935,2023-07-25T15:00:00Z,7,2023,11,676.10,320.17,373.75,32.74
4936,2023-07-25T16:00:00Z,7,2023,12,824.03,335.20,440.62,33.89
4937,2023-07-25T17:00:00Z,7,2023,13,809.05,401.67,362.40,34.64
4938,2023-07-25T18:00:00Z,7,2023,14,756.15,450.00,301.55,35.18
4939,2023-07-25T19:00:00Z,7,2023,15,463.67,65.92,324.94,35.30
4940,2023-07-25T20:00:00Z,7,2023,16,483.85,237.36,278.47,34.93
4941,2023-07-25T21:00:00Z,7,2023,17,209.12,129.31,134.30,34.08
4942,2023-07-25T22:00:00Z,7,2023,18,119.90,33.70,100.15,32.60
4943,2023-07-25T23:00:00Z,7,2023,19,46.55,6.26,40.68,30.54
4944,2023-07-26T00:00:00Z,7,2023,20,0.00,0.00,0.00,28.47
4945,2023-07-26T01:00:00Z,7,2023,21,0.00,0.00,0.00,27.36
4946,2023-07-26T02:00:00Z,7,2023,22,0.00,0.00,0.00,26.54
4947,2023-07-26T03:00:00Z,7,2023,23,0.00,0.00,0.00,26.10
4948,2023-07-26T04:00:00Z,7,2023,0,0.00,0.00,0.00,25.79
4949,2023-07-26T05:00:00Z,7,2023,1,0.00,0.00,0.00,25.41
4950,2023-07-26T06:00:00Z,7,2023,2,0.00,0.00,0.00,25.07
4951,2023-07-26T07:00:00Z,7,2023,3,0.00,0.00,0.00,24.86
4952,2023-07-26T08:00:00Z,7,2023,4,0.00,0.00,0.00,24.73
4953,2023-07-26T09:00:00Z,7,2023,5,0.00,0.00,0.00,24.66
4954,2023-07-26T10:00:00Z,7,2023,6,0.00,0.00,0.00,24.52
4955,2023-07-26T11:00:00Z,7,2023,7,76.47,63.98,62.46,25.29
4956,2023-07-26T12:00:00Z,7,2023,8,263.48,346.58,136.78,26.77
4957,2023-07-26T13:00:00Z,7,2023,9,478.25,555.87,150.56,28.58
4958,2023-07-26T14:00:00Z,7,2023,10,642.35,496.20,260.37,29.98
4959,2023-07-26T15:00:00Z,7,2023,11,706.55,412.48,364.34,31.35
4960,2023-07-26T16:00:00Z,7,2023,12,841.47,310.14,498.97,32.53
4961,2023-07-26T17:00:00Z,7,2023,13,821.95,377.95,449.13,33.42
4962,2023-07-26T18:00:00Z,7,2023,14,738.47,173.02,478.24,33.88
4963,2023-07-26T19:00:00Z,7,2023,15,684.60,302.09,381.15,33.95
4964,2023-07-26T20:00:00Z,7,2023,16,492.45,222.48,274.17,33.77
4965,2023-07-26T21:00:00Z,7,2023,17,248.90,60.67,182.12,33.10
4966,2023-07-26T22:00:00Z,7,2023,18,142.93,27.53,122.09,32.08
4967,2023-07-26T23:00:00Z,7,2023,19,52.03,6.75,45.72,30.24
4968,2023-07-27T00:00:00Z,7,2023,20,0.00,0.00,0.00,28.25
4969,2023-07-27T01:00:00Z,7,2023,21,0.00,0.00,0.00,27.40
4970,2023-07-27T02:00:00Z,7,2023,22,0.00,0.00,0.00,26.79
4971,2023-07-27T03:00:00Z,7,2023,23,0.00,0.00,0.00,26.36
4972,2023-07-27T04:00:00Z,7,2023,0,0.00,0.00,0.00,25.96
4973,2023-07-27T05:00:00Z,7,2023,1,0.00,0.00,0.00,25.63
4974,2023-07-27T06:00:00Z,7,2023,2,0.00,0.00,0.00,25.36
4975,2023-07-27T07:00:00Z,7,2023,3,0.00,0.00,0.00,25.17
4976,2023-07-27T08:00:00Z,7,2023,4,0.00,0.00,0.00,24.97
4977,2023-07-27T09:00:00Z,7,2023,5,0.00,0.00,0.00,24.76
4978,2023-07-27T10:00:00Z,7,2023,6,0.00,0.00,0.00,24.64
4979,2023-07-27T11:00:00Z,7,2023,7,66.60,35.92,57.29,25.85
4980,2023-07-27T12:00:00Z,7,2023,8,197.98,90.86,155.20,27.03
4981,2023-07-27T13:00:00Z,7,2023,9,357.67,227.15,225.16,28.20
4982,2023-07-27T14:00:00Z,7,2023,10,457.45,146.15,317.53,29.20
4983,2023-07-27T15:00:00Z,7,2023,11,444.02,33.78,354.30,29.80
4984,2023-07-27T16:00:00Z,7,2023,12,266.67,0.00,211.83,30.15
4985,2023-07-27T17:00:00Z,7,2023,13,280.00,2.67,211.74,30.30
4986,2023-07-27T18:00:00Z,7,2023,14,447.52,55.90,321.11,30.26
4987,2023-07-27T19:00:00Z,7,2023,15,531.15,68.29,388.63,30.07
4988,2023-07-27T20:00:00Z,7,2023,16,410.10,25.21,334.35,29.63
4989,2023-07-27T21:00:00Z,7,2023,17,347.75,53.74,278.34,29.04
4990,2023-07-27T22:00:00Z,7,2023,18,189.65,23.24,164.69,28.25
4991,2023-07-27T23:00:00Z,7,2023,19,71.35,15.97,64.04,27.27
4992,2023-07-28T00:00:00Z,7,2023,20,0.00,0.00,0.00,26.13
4993,2023-07-28T01:00:00Z,7,2023,21,0.00,0.00,0.00,25.67
4994,2023-07-28T02:00:00Z,7,2023,22,0.00,0.00,0.00,25.27
4995,2023-07-28T03:00:00Z,7,2023,23,0.00,0.00,0.00,24.96
4996,2023-07-28T04:00:00Z,7,2023,0,0.00,0.00,0.00,24.69
4997,2023-07-28T05:00:00Z,7,2023,1,0.00,0.00,0.00,24.46
4998,2023-07-28T06:00:00Z,7,2023,2,0.00,0.00,0.00,24.26
4999,2023-07-28T07:00:00Z,7,2023,3,0.00,0.00,0.00,24.10
5000,2023-07-28T08:00:00Z,7,2023,4,0.00,0.00,0.00,23.99
5001,2023-07-28T09:00:00Z,7,2023,5,0.00,0.00,0.00,23.98
5002,2023-07-28T10:00:00Z,7,2023,6,0.00,0.00,0.00,24.04
5003,2023-07-28T11:00:00Z,7,2023,7,77.47,47.92,63.84,25.12
5004,2023-07-28T12:00:00Z,7,2023,8,230.50,120.81,182.05,26.30
5005,2023-07-28T13:00:00Z,7,2023,9,418.48,319.85,237.15,28.06
5006,2023-07-28T14:00:00Z,7,2023,10,572.72,351.90,325.99,29.44
5007,2023-07-28T15:00:00Z,7,2023,11,635.38,265.00,361.89,30.55
5008,2023-07-28T16:00:00Z,7,2023,12,679.65,315.77,345.27,31.32
5009,2023-07-28T17:00:00Z,7,2023,13,656.05,227.17,339.78,31.89
5010,2023-07-28T18:00:00Z,7,2023,14,641.62,255.08,364.95,32.20
5011,2023-07-28T19:00:00Z,7,2023,15,614.22,188.63,390.03,32.32
5012,2023-07-28T20:00:00Z,7,2023,16,524.25,163.84,363.24,32.20
5013,2023-07-28T21:00:00Z,7,2023,17,285.75,81.11,221.50,31.56
5014,2023-07-28T22:00:00Z,7,2023,18,171.90,42.12,145.60,30.63
5015,2023-07-28T23:00:00Z,7,2023,19,65.65,20.77,56.29,29.42
5016,2023-07-29T00:00:00Z,7,2023,20,0.00,0.00,0.00,27.70
5017,2023-07-29T01:00:00Z,7,2023,21,0.00,0.00,0.00,26.94
5018,2023-07-29T02:00:00Z,7,2023,22,0.00,0.00,0.00,26.33
5019,2023-07-29T03:00:00Z,7,2023,23,0.00,0.00,0.00,25.85
5020,2023-07-29T04:00:00Z,7,2023,0,0.00,0.00,0.00,25.54
5021,2023-07-29T05:00:00Z,7,2023,1,0.00,0.00,0.00,25.28
5022,2023-07-29T06:00:00Z,7,2023,2,0.00,0.00,0.00,25.09
5023,2023-07-29T07:00:00Z,7,2023,3,0.00,0.00,0.00,25.05
5024,2023-07-29T08:00:00Z,7,2023,4,0.00,0.00,0.00,25.11
5025,2023-07-29T09:00:00Z,7,2023,5,0.00,0.00,0.00,25.13
5026,2023-07-29T10:00:00Z,7,2023,6,0.00,0.00,0.00,25.08
5027,2023-07-29T11:00:00Z,7,2023,7,81.75,211.61,42.90,25.93
5028,2023-07-29T12:00:00Z,7,2023,8,269.88,526.66,82.12,26.91
5029,2023-07-29T13:00:00Z,7,2023,9,468.52,637.40,107.60,28.53
5030,2023-07-29T14:00:00Z,7,2023,10,617.40,653.57,150.58,30.28
5031,2023-07-29T15:00:00Z,7,2023,11,672.92,561.18,194.57,31.69
5032,2023-07-29T16:00:00Z,7,2023,12,741.47,527.32,226.55,32.82
5033,2023-07-29T17:00:00Z,7,2023,13,766.90,444.69,232.27,33.46
5034,2023-07-29T18:00:00Z,7,2023,14,681.20,602.14,165.55,33.89
5035,2023-07-29T19:00:00Z,7,2023,15,577.83,389.31,240.54,34.19
5036,2023-07-29T20:00:00Z,7,2023,16,434.10,229.25,251.77,34.29
5037,2023-07-29T21:00:00Z,7,2023,17,301.00,205.61,179.46,33.97
5038,2023-07-29T22:00:00Z,7,2023,18,166.00,101.32,127.61,33.21
5039,2023-07-29T23:00:00Z,7,2023,19,57.92,32.32,48.63,31.94
5040,2023-07-30T00:00:00Z,7,2023,20,0.00,0.00,0.00,30.49
5041,2023-07-30T01:00:00Z,7,2023,21,0.00,0.00,0.00,29.70
5042,2023-07-30T02:00:00Z,7,2023,22,0.00,0.00,0.00,28.75
5043,2023-07-30T03:00:00Z,7,2023,23,0.00,0.00,0.00,28.05
5044,2023-07-30T04:00:00Z,7,2023,0,0.00,0.00,0.00,27.64
5045,2023-07-30T05:00:00Z,7,2023,1,0.00,0.00,0.00,27.29
5046,2023-07-30T06:00:00Z,7,2023,2,0.00,0.00,0.00,26.85
5047,2023-07-30T07:00:00Z,7,2023,3,0.00,0.00,0.00,26.35
5048,2023-07-30T08:00:00Z,7,2023,4,0.00,0.00,0.00,25.95
5049,2023-07-30T09:00:00Z,7,2023,5,0.00,0.00,0.00,25.63
5050,2023-07-30T10:00:00Z,7,2023,6,0.00,0.00,0.00,25.29
5051,2023-07-30T11:00:00Z,7,2023,7,72.57,141.71,50.91,26.03
5052,2023-07-30T12:00:00Z,7,2023,8,256.27,433.15,105.36,27.22
5053,2023-07-30T13:00:00Z,7,2023,9,479.98,611.30,131.35,29.38
5054,2023-07-30T14:00:00Z,7,2023,10,670.90,707.39,146.41,31.15
5055,2023-07-30T15:00:00Z,7,2023,11,819.03,742.56,159.55,32.73
5056,2023-07-30T16:00:00Z,7,2023,12,908.00,745.32,188.60,33.97
5057,2023-07-30T17:00:00Z,7,2023,13,838.62,615.41,195.15,34.83
5058,2023-07-30T18:00:00Z,7,2023,14,827.42,565.17,263.27,35.29
5059,2023-07-30T19:00:00Z,7,2023,15,692.90,544.39,213.17,35.46
5060,2023-07-30T20:00:00Z,7,2023,16,529.92,413.24,201.54,35.39
5061,2023-07-30T21:00:00Z,7,2023,17,316.67,228.48,177.41,34.92
5062,2023-07-30T22:00:00Z,7,2023,18,166.18,119.12,117.80,33.92
5063,2023-07-30T23:00:00Z,7,2023,19,55.12,38.57,47.87,32.28
5064,2023-07-31T00:00:00Z,7,2023,20,0.00,0.00,0.00,30.53
5065,2023-07-31T01:00:00Z,7,2023,21,0.00,0.00,0.00,29.80
5066,2023-07-31T02:00:00Z,7,2023,22,0.00,0.00,0.00,29.31
5067,2023-07-31T03:00:00Z,7,2023,23,0.00,0.00,0.00,28.66
5068,2023-07-31T04:00:00Z,7,2023,0,0.00,0.00,0.00,27.87
5069,2023-07-31T05:00:00Z,7,2023,1,0.00,0.00,0.00,27.14
5070,2023-07-31T06:00:00Z,7,2023,2,0.00,0.00,0.00,26.50
5071,2023-07-31T07:00:00Z,7,2023,3,0.00,0.00,0.00,25.94
5072,2023-07-31T08:00:00Z,7,2023,4,0.00,0.00,0.00,25.49
5073,2023-07-31T09:00:00Z,7,2023,5,0.00,0.00,0.00,25.20
5074,2023-07-31T10:00:00Z,7,2023,6,0.00,0.00,0.00,25.02
5075,2023-07-31T11:00:00Z,7,2023,7,57.97,27.38,48.81,25.60
5076,2023-07-31T12:00:00Z,7,2023,8,214.12,166.40,156.87,26.60
5077,2023-07-31T13:00:00Z,7,2023,9,399.55,317.53,210.82,28.36
5078,2023-07-31T14:00:00Z,7,2023,10,508.10,429.54,205.07,30.08
5079,2023-07-31T15:00:00Z,7,2023,11,542.45,389.56,271.79,31.50
5080,2023-07-31T16:00:00Z,7,2023,12,726.30,387.18,317.71,32.40
5081,2023-07-31T17:00:00Z,7,2023,13,754.67,479.00,275.45,32.93
5082,2023-07-31T18:00:00Z,7,2023,14,485.58,180.72,280.65,33.18
5083,2023-07-31T19:00:00Z,7,2023,15,68.90,15.64,52.32,33.17
5084,2023-07-31T20:00:00Z,7,2023,16,50.35,8.92,40.13,32.84
5085,2023-07-31T21:00:00Z,7,2023,17,26.98,22.45,18.67,32.16
5086,2023-07-31T22:00:00Z,7,2023,18,15.50,16.51,10.99,31.26
5087,2023-07-31T23:00:00Z,7,2023,19,5.32,15.10,3.76,30.04
5088,2023-08-01T00:00:00Z,8,2023,20,0.93,0.00,3.36,27.99
5089,2023-08-01T01:00:00Z,8,2023,21,0.00,0.00,0.00,26.69
5090,2023-08-01T02:00:00Z,8,2023,22,0.00,0.00,0.00,25.71
5091,2023-08-01T03:00:00Z,8,2023,23,0.00,0.00,0.00,25.01
5092,2023-08-01T04:00:00Z,8,2023,0,0.00,0.00,0.00,24.64
5093,2023-08-01T05:00:00Z,8,2023,1,0.00,0.00,0.00,24.37
5094,2023-08-01T06:00:00Z,8,2023,2,0.00,0.00,0.00,24.21
5095,2023-08-01T07:00:00Z,8,2023,3,0.00,0.00,0.00,24.09
5096,2023-08-01T08:00:00Z,8,2023,4,0.00,0.00,0.00,24.00
5097,2023-08-01T09:00:00Z,8,2023,5,0.00,0.00,0.00,23.91
5098,2023-08-01T10:00:00Z,8,2023,6,0.00,0.00,0.00,23.79
5099,2023-08-01T11:00:00Z,8,2023,7,76.05,212.72,42.91,24.84
5100,2023-08-01T12:00:00Z,8,2023,8,271.48,524.47,83.01,26.32
5101,2023-08-01T13:00:00Z,8,2023,9,476.42,677.77,100.96,28.54
5102,2023-08-01T14:00:00Z,8,2023,10,671.28,745.41,125.21,30.64
5103,2023-08-01T15:00:00Z,8,2023,11,658.12,597.57,145.53,32.05
5104,2023-08-01T16:00:00Z,8,2023,12,686.62,349.79,303.83,32.99
5105,2023-08-01T17:00:00Z,8,2023,13,844.38,560.50,299.14,33.70
5106,2023-08-01T18:00:00Z,8,2023,14,794.70,426.04,349.12,34.16
5107,2023-08-01T19:00:00Z,8,2023,15,652.67,490.64,247.07,34.31
5108,2023-08-01T20:00:00Z,8,2023,16,530.10,426.81,204.44,34.10
5109,2023-08-01T21:00:00Z,8,2023,17,403.33,300.69,210.93,33.57
5110,2023-08-01T22:00:00Z,8,2023,18,219.45,182.60,155.95,33.05
5111,2023-08-01T23:00:00Z,8,2023,19,67.72,52.94,53.90,31.73
5112,2023-08-02T00:00:00Z,8,2023,20,0.00,0.00,0.00,30.34
5113,2023-08-02T01:00:00Z,8,2023,21,0.00,0.00,0.00,28.90
5114,2023-08-02T02:00:00Z,8,2023,22,0.00,0.00,0.00,27.87
5115,2023-08-02T03:00:00Z,8,2023,23,0.00,0.00,0.00,27.20
5116,2023-08-02T04:00:00Z,8,2023,0,0.00,0.00,0.00,26.68
5117,2023-08-02T05:00:00Z,8,2023,1,0.00,0.00,0.00,26.26
5118,2023-08-02T06:00:00Z,8,2023,2,0.00,0.00,0.00,25.89
5119,2023-08-02T07:00:00Z,8,2023,3,0.00,0.00,0.00,25.65
5120,2023-08-02T08:00:00Z,8,2023,4,0.00,0.00,0.00,25.53
5121,2023-08-02T09:00:00Z,8,2023,5,0.00,0.00,0.00,25.47
5122,2023-08-02T10:00:00Z,8,2023,6,0.00,0.00,0.00,25.32
5123,2023-08-02T11:00:00Z,8,2023,7,63.90,108.04,46.82,26.14
5124,2023-08-02T12:00:00Z,8,2023,8,248.48,395.30,106.96,27.11
5125,2023-08-02T13:00:00Z,8,2023,9,464.45,579.18,136.13,28.72
5126,2023-08-02T14:00:00Z,8,2023,10,577.67,575.48,160.19,30.51
5127,2023-08-02T15:00:00Z,8,2023,11,645.53,479.68,238.09,31.92
5128,2023-08-02T16:00:00Z,8,2023,12,718.72,438.43,290.10,32.87
5129,2023-08-02T17:00:00Z,8,2023,13,754.85,397.59,297.47,33.49
5130,2023-08-02T18:00:00Z,8,2023,14,634.80,490.12,221.30,33.70
5131,2023-08-02T19:00:00Z,8,2023,15,588.15,407.52,240.24,33.56
5132,2023-08-02T20:00:00Z,8,2023,16,448.23,359.46,200.77,33.00
5133,2023-08-02T21:00:00Z,8,2023,17,340.67,282.19,192.76,32.06
5134,2023-08-02T22:00:00Z,8,2023,18,185.10,141.44,129.75,30.86
5135,2023-08-02T23:00:00Z,8,2023,19,58.85,56.87,49.12,29.26
5136,2023-08-03T00:00:00Z,8,2023,20,0.00,0.00,0.00,27.88
5137,2023-08-03T01:00:00Z,8,2023,21,0.00,0.00,0.00,27.23
5138,2023-08-03T02:00:00Z,8,2023,22,0.00,0.00,0.00,26.67
5139,2023-08-03T03:00:00Z,8,2023,23,0.00,0.00,0.00,26.23
5140,2023-08-03T04:00:00Z,8,2023,0,0.00,0.00,0.00,25.91
5141,2023-08-03T05:00:00Z,8,2023,1,0.00,0.00,0.00,25.65
5142,2023-08-03T06:00:00Z,8,2023,2,0.00,0.00,0.00,25.41
5143,2023-08-03T07:00:00Z,8,2023,3,0.00,0.00,0.00,25.19
5144,2023-08-03T08:00:00Z,8,2023,4,0.00,0.00,0.00,25.02
5145,2023-08-03T09:00:00Z,8,2023,5,0.00,0.00,0.00,24.90
5146,2023-08-03T10:00:00Z,8,2023,6,0.00,0.00,0.00,24.76
5147,2023-08-03T11:00:00Z,8,2023,7,78.75,260.91,34.60,26.49
5148,2023-08-03T12:00:00Z,8,2023,8,277.55,583.22,71.84,28.52
5149,2023-08-03T13:00:00Z,8,2023,9,488.25,705.40,96.78,30.19
5150,2023-08-03T14:00:00Z,8,2023,10,596.88,552.14,218.65,31.36
5151,2023-08-03T15:00:00Z,8,2023,11,706.42,493.15,268.09,32.31
5152,2023-08-03T16:00:00Z,8,2023,12,748.75,464.44,332.22,33.00
5153,2023-08-03T17:00:00Z,8,2023,13,751.50,422.01,311.02,33.36
5154,2023-08-03T18:00:00Z,8,2023,14,655.78,374.56,292.31,33.45
5155,2023-08-03T19:00:00Z,8,2023,15,616.40,431.75,251.90,33.26
5156,2023-08-03T20:00:00Z,8,2023,16,540.47,366.16,262.74,32.83
5157,2023-08-03T21:00:00Z,8,2023,17,383.00,378.86,177.98,32.10
5158,2023-08-03T22:00:00Z,8,2023,18,210.27,188.07,139.78,30.93
5159,2023-08-03T23:00:00Z,8,2023,19,61.08,43.30,48.23,29.26
5160,2023-08-04T00:00:00Z,8,2023,20,0.00,0.00,0.00,27.58
5161,2023-08-04T01:00:00Z,8,2023,21,0.00,0.00,0.00,26.84
5162,2023-08-04T02:00:00Z,8,2023,22,0.00,0.00,0.00,26.22
5163,2023-08-04T03:00:00Z,8,2023,23,0.00,0.00,0.00,25.70
5164,2023-08-04T04:00:00Z,8,2023,0,0.00,0.00,0.00,25.32
5165,2023-08-04T05:00:00Z,8,2023,1,0.00,0.00,0.00,24.95
5166,2023-08-04T06:00:00Z,8,2023,2,0.00,0.00,0.00,24.57
5167,2023-08-04T07:00:00Z,8,2023,3,0.00,0.00,0.00,24.20
5168,2023-08-04T08:00:00Z,8,2023,4,0.00,0.00,0.00,23.94
5169,2023-08-04T09:00:00Z,8,2023,5,0.00,0.00,0.00,23.87
5170,2023-08-04T10:00:00Z,8,2023,6,0.00,0.00,0.00,24.09
5171,2023-08-04T11:00:00Z,8,2023,7,71.97,196.14,40.04,25.40
5172,2023-08-04T12:00:00Z,8,2023,8,267.23,514.47,85.31,27.52
5173,2023-08-04T13:00:00Z,8,2023,9,476.60,667.46,107.83,29.46
5174,2023-08-04T14:00:00Z,8,2023,10,672.28,742.77,125.65,31.11
5175,2023-08-04T15:00:00Z,8,2023,11,738.40,554.78,242.07,32.46
5176,2023-08-04T16:00:00Z,8,2023,12,842.72,656.79,212.92,33.59
5177,2023-08-04T17:00:00Z,8,2023,13,817.53,581.71,248.17,34.44
5178,2023-08-04T18:00:00Z,8,2023,14,750.70,590.30,194.79,34.97
5179,2023-08-04T19:00:00Z,8,2023,15,633.00,434.59,247.61,35.14
5180,2023-08-04T20:00:00Z,8,2023,16,517.42,363.31,235.40,34.96
5181,2023-08-04T21:00:00Z,8,2023,17,299.62,254.89,160.73,34.35
5182,2023-08-04T22:00:00Z,8,2023,18,164.98,106.23,126.50,33.14
5183,2023-08-04T23:00:00Z,8,2023,19,44.22,26.92,36.83,31.20
5184,2023-08-05T00:00:00Z,8,2023,20,0.00,0.00,0.00,29.00
5185,2023-08-05T01:00:00Z,8,2023,21,0.00,0.00,0.00,27.79
5186,2023-08-05T02:00:00Z,8,2023,22,0.00,0.00,0.00,27.03
5187,2023-08-05T03:00:00Z,8,2023,23,0.00,0.00,0.00,26.81
5188,2023-08-05T04:00:00Z,8,2023,0,0.00,0.00,0.00,26.62
5189,2023-08-05T05:00:00Z,8,2023,1,0.00,0.00,0.00,26.46
5190,2023-08-05T06:00:00Z,8,2023,2,0.00,0.00,0.00,26.30
5191,2023-08-05T07:00:00Z,8,2023,3,0.00,0.00,0.00,26.07
5192,2023-08-05T08:00:00Z,8,2023,4,0.00,0.00,0.00,25.80
5193,2023-08-05T09:00:00Z,8,2023,5,0.00,0.00,0.00,25.55
5194,2023-08-05T10:00:00Z,8,2023,6,0.00,0.00,0.00,25.31
5195,2023-08-05T11:00:00Z,8,2023,7,62.70,112.42,44.16,26.56
5196,2023-08-05T12:00:00Z,8,2023,8,242.88,395.72,100.29,28.18
5197,2023-08-05T13:00:00Z,8,2023,9,462.70,583.51,132.45,30.14
5198,2023-08-05T14:00:00Z,8,2023,10,623.55,640.25,155.14,31.63
5199,2023-08-05T15:00:00Z,8,2023,11,738.90,615.45,204.19,32.68
5200,2023-08-05T16:00:00Z,8,2023,12,714.38,549.38,210.38,33.45
5201,2023-08-05T17:00:00Z,8,2023,13,715.67,521.06,221.96,34.07
5202,2023-08-05T18:00:00Z,8,2023,14,547.20,267.61,258.48,34.36
5203,2023-08-05T19:00:00Z,8,2023,15,411.65,124.81,260.24,34.30
5204,2023-08-05T20:00:00Z,8,2023,16,474.33,239.00,254.55,33.93
5205,2023-08-05T21:00:00Z,8,2023,17,343.30,270.21,194.77,33.55
5206,2023-08-05T22:00:00Z,8,2023,18,186.02,120.89,145.30,32.80
5207,2023-08-05T23:00:00Z,8,2023,19,55.42,31.19,48.18,31.96
5208,2023-08-06T00:00:00Z,8,2023,20,0.00,0.00,0.00,30.79
5209,2023-08-06T01:00:00Z,8,2023,21,0.00,0.00,0.00,30.35
5210,2023-08-06T02:00:00Z,8,2023,22,0.00,0.00,0.00,29.48
5211,2023-08-06T03:00:00Z,8,2023,23,0.00,0.00,0.00,28.60
5212,2023-08-06T04:00:00Z,8,2023,0,0.00,0.00,0.00,27.90
5213,2023-08-06T05:00:00Z,8,2023,1,0.00,0.00,0.00,27.28
5214,2023-08-06T06:00:00Z,8,2023,2,0.00,0.00,0.00,26.79
5215,2023-08-06T07:00:00Z,8,2023,3,0.00,0.00,0.00,26.38
5216,2023-08-06T08:00:00Z,8,2023,4,0.00,0.00,0.00,26.01
5217,2023-08-06T09:00:00Z,8,2023,5,0.00,0.00,0.00,25.75
5218,2023-08-06T10:00:00Z,8,2023,6,0.00,0.00,0.00,25.54
5219,2023-08-06T11:00:00Z,8,2023,7,58.65,115.05,39.74,26.45
5220,2023-08-06T12:00:00Z,8,2023,8,246.30,413.52,104.24,27.95
5221,2023-08-06T13:00:00Z,8,2023,9,460.45,591.40,128.52,29.72
5222,2023-08-06T14:00:00Z,8,2023,10,559.83,566.15,161.10,31.36
5223,2023-08-06T15:00:00Z,8,2023,11,639.03,399.04,296.76,32.63
5224,2023-08-06T16:00:00Z,8,2023,12,642.80,328.36,318.16,33.53
5225,2023-08-06T17:00:00Z,8,2023,13,573.62,332.16,260.04,34.01
5226,2023-08-06T18:00:00Z,8,2023,14,523.58,209.98,294.28,34.02
5227,2023-08-06T19:00:00Z,8,2023,15,549.05,290.69,292.79,34.00
5228,2023-08-06T20:00:00Z,8,2023,16,560.35,435.55,227.95,33.55
5229,2023-08-06T21:00:00Z,8,2023,17,474.12,581.29,153.51,32.71
5230,2023-08-06T22:00:00Z,8,2023,18,263.12,364.21,140.17,32.03
5231,2023-08-06T23:00:00Z,8,2023,19,75.80,99.48,60.83,30.87
5232,2023-08-07T00:00:00Z,8,2023,20,0.00,0.00,0.00,29.51
5233,2023-08-07T01:00:00Z,8,2023,21,0.00,0.00,0.00,29.39
5234,2023-08-07T02:00:00Z,8,2023,22,0.00,0.00,0.00,29.22
5235,2023-08-07T03:00:00Z,8,2023,23,0.00,0.00,0.00,28.71
5236,2023-08-07T04:00:00Z,8,2023,0,0.00,0.00,0.00,28.05
5237,2023-08-07T05:00:00Z,8,2023,1,0.00,0.00,0.00,27.29
5238,2023-08-07T06:00:00Z,8,2023,2,0.00,0.00,0.00,26.58
5239,2023-08-07T07:00:00Z,8,2023,3,0.00,0.00,0.00,26.11
5240,2023-08-07T08:00:00Z,8,2023,4,0.00,0.00,0.00,25.73
5241,2023-08-07T09:00:00Z,8,2023,5,0.00,0.00,0.00,25.44
5242,2023-08-07T10:00:00Z,8,2023,6,0.00,0.00,0.00,25.19
5243,2023-08-07T11:00:00Z,8,2023,7,70.55,209.53,42.72,26.52
5244,2023-08-07T12:00:00Z,8,2023,8,265.98,561.47,79.60,28.27
5245,2023-08-07T13:00:00Z,8,2023,9,457.98,705.87,87.67,30.48
5246,2023-08-07T14:00:00Z,8,2023,10,686.70,821.60,90.53,32.27
5247,2023-08-07T15:00:00Z,8,2023,11,839.65,864.43,96.66,33.78
5248,2023-08-07T16:00:00Z,8,2023,12,924.95,831.70,132.78,34.97
5249,2023-08-07T17:00:00Z,8,2023,13,838.03,717.27,162.62,35.84
5250,2023-08-07T18:00:00Z,8,2023,14,825.30,682.02,187.57,36.28
5251,2023-08-07T19:00:00Z,8,2023,15,758.70,662.63,194.39,36.47
5252,2023-08-07T20:00:00Z,8,2023,16,587.28,633.45,137.79,36.41
5253,2023-08-07T21:00:00Z,8,2023,17,459.70,576.66,142.98,35.80
5254,2023-08-07T22:00:00Z,8,2023,18,245.60,320.88,133.77,35.04
5255,2023-08-07T23:00:00Z,8,2023,19,69.75,79.22,50.72,33.62
5256,2023-08-08T00:00:00Z,8,2023,20,0.00,0.00,0.00,31.70
5257,2023-08-08T01:00:00Z,8,2023,21,0.00,0.00,0.00,30.74
5258,2023-08-08T02:00:00Z,8,2023,22,0.00,0.00,0.00,29.95
5259,2023-08-08T03:00:00Z,8,2023,23,0.00,0.00,0.00,29.23
5260,2023-08-08T04:00:00Z,8,2023,0,0.00,0.00,0.00,28.54
5261,2023-08-08T05:00:00Z,8,2023,1,0.00,0.00,0.00,27.94
5262,2023-08-08T06:00:00Z,8,2023,2,0.00,0.00,0.00,27.39
5263,2023-08-08T07:00:00Z,8,2023,3,0.00,0.00,0.00,26.94
5264,2023-08-08T08:00:00Z,8,2023,4,0.00,0.00,0.00,26.55
5265,2023-08-08T09:00:00Z,8,2023,5,0.00,0.00,0.00,26.31
5266,2023-08-08T10:00:00Z,8,2023,6,0.00,0.00,0.00,26.19
5267,2023-08-08T11:00:00Z,8,2023,7,64.78,207.44,38.94,27.18
5268,2023-08-08T12:00:00Z,8,2023,8,261.55,540.00,81.42,28.77
5269,2023-08-08T13:00:00Z,8,2023,9,488.10,706.39,98.21,30.98
5270,2023-08-08T14:00:00Z,8,2023,10,677.88,776.37,113.62,32.94
5271,2023-08-08T15:00:00Z,8,2023,11,830.97,809.19,130.80,34.55
5272,2023-08-08T16:00:00Z,8,2023,12,921.42,794.95,159.40,35.70
5273,2023-08-08T17:00:00Z,8,2023,13,841.53,682.46,165.05,36.65
5274,2023-08-08T18:00:00Z,8,2023,14,806.35,715.25,138.54,37.28
5275,2023-08-08T19:00:00Z,8,2023,15,741.95,666.43,177.40,37.55
5276,2023-08-08T20:00:00Z,8,2023,16,582.40,571.97,163.83,37.29
5277,2023-08-08T21:00:00Z,8,2023,17,478.42,608.95,131.58,36.49
5278,2023-08-08T22:00:00Z,8,2023,18,258.75,377.28,118.05,35.11
5279,2023-08-08T23:00:00Z,8,2023,19,64.50,115.14,50.11,32.89
5280,2023-08-09T00:00:00Z,8,2023,20,0.00,0.00,0.00,30.92
5281,2023-08-09T01:00:00Z,8,2023,21,0.00,0.00,0.00,30.10
5282,2023-08-09T02:00:00Z,8,2023,22,0.00,0.00,0.00,29.49
5283,2023-08-09T03:00:00Z,8,2023,23,0.00,0.00,0.00,28.97
5284,2023-08-09T04:00:00Z,8,2023,0,0.00,0.00,0.00,28.49
5285,2023-08-09T05:00:00Z,8,2023,1,0.00,0.00,0.00,27.95
5286,2023-08-09T06:00:00Z,8,2023,2,0.00,0.00,0.00,27.36
5287,2023-08-09T07:00:00Z,8,2023,3,0.00,0.00,0.00,26.81
5288,2023-08-09T08:00:00Z,8,2023,4,0.00,0.00,0.00,26.35
5289,2023-08-09T09:00:00Z,8,2023,5,0.00,0.00,0.00,25.95
5290,2023-08-09T10:00:00Z,8,2023,6,0.00,0.00,0.00,25.70
5291,2023-08-09T11:00:00Z,8,2023,7,58.00,101.87,42.64,26.83
5292,2023-08-09T12:00:00Z,8,2023,8,244.15,392.15,107.88,28.39
5293,2023-08-09T13:00:00Z,8,2023,9,456.90,549.82,146.35,30.62
5294,2023-08-09T14:00:00Z,8,2023,10,660.50,691.91,148.94,32.67
5295,2023-08-09T15:00:00Z,8,2023,11,816.58,748.65,164.72,34.21
5296,2023-08-09T16:00:00Z,8,2023,12,840.28,639.13,216.49,35.37
5297,2023-08-09T17:00:00Z,8,2023,13,844.78,661.48,199.05,36.29
5298,2023-08-09T18:00:00Z,8,2023,14,817.53,571.84,263.09,36.84
5299,2023-08-09T19:00:00Z,8,2023,15,692.55,562.44,216.78,37.00
5300,2023-08-09T20:00:00Z,8,2023,16,584.58,455.55,254.07,36.81
5301,2023-08-09T21:00:00Z,8,2023,17,366.10,349.44,170.79,36.24
5302,2023-08-09T22:00:00Z,8,2023,18,194.52,137.33,144.65,35.37
5303,2023-08-09T23:00:00Z,8,2023,19,52.03,29.29,45.03,33.53
5304,2023-08-10T00:00:00Z,8,2023,20,0.00,0.00,0.00,31.53
5305,2023-08-10T01:00:00Z,8,2023,21,0.00,0.00,0.00,30.81
5306,2023-08-10T02:00:00Z,8,2023,22,0.00,0.00,0.00,30.26
5307,2023-08-10T03:00:00Z,8,2023,23,0.00,0.00,0.00,29.77
5308,2023-08-10T04:00:00Z,8,2023,0,0.00,0.00,0.00,29.25
5309,2023-08-10T05:00:00Z,8,2023,1,0.00,0.00,0.00,28.74
5310,2023-08-10T06:00:00Z,8,2023,2,0.00,0.00,0.00,28.12
5311,2023-08-10T07:00:00Z,8,2023,3,0.00,0.00,0.00,27.44
5312,2023-08-10T08:00:00Z,8,2023,4,0.00,0.00,0.00,26.74
5313,2023-08-10T09:00:00Z,8,2023,5,0.00,0.00,0.00,26.15
5314,2023-08-10T10:00:00Z,8,2023,6,0.00,0.00,0.00,25.61
5315,2023-08-10T11:00:00Z,8,2023,7,60.10,95.63,47.74,26.84
5316,2023-08-10T12:00:00Z,8,2023,8,252.68,420.78,110.06,28.75
5317,2023-08-10T13:00:00Z,8,2023,9,472.90,596.57,142.90,31.27
5318,2023-08-10T14:00:00Z,8,2023,10,669.05,712.35,144.84,33.30
5319,2023-08-10T15:00:00Z,8,2023,11,650.45,409.07,306.26,34.71
5320,2023-08-10T16:00:00Z,8,2023,12,749.33,480.57,378.42,35.83
5321,2023-08-10T17:00:00Z,8,2023,13,806.67,430.27,427.11,36.66
5322,2023-08-10T18:00:00Z,8,2023,14,739.05,496.00,295.10,37.26
5323,2023-08-10T19:00:00Z,8,2023,15,642.38,398.30,284.22,37.31
5324,2023-08-10T20:00:00Z,8,2023,16,485.80,325.04,245.63,36.89
5325,2023-08-10T21:00:00Z,8,2023,17,279.48,179.01,181.17,36.16
5326,2023-08-10T22:00:00Z,8,2023,18,145.43,76.31,118.32,35.07
5327,2023-08-10T23:00:00Z,8,2023,19,39.72,15.47,34.02,33.32
5328,2023-08-11T00:00:00Z,8,2023,20,0.00,0.00,0.00,31.25
5329,2023-08-11T01:00:00Z,8,2023,21,0.00,0.00,0.00,30.70
5330,2023-08-11T02:00:00Z,8,2023,22,0.00,0.00,0.00,29.95
5331,2023-08-11T03:00:00Z,8,2023,23,0.00,0.00,0.00,29.08
5332,2023-08-11T04:00:00Z,8,2023,0,0.00,0.00,0.00,28.46
5333,2023-08-11T05:00:00Z,8,2023,1,0.00,0.00,0.00,27.92
5334,2023-08-11T06:00:00Z,8,2023,2,0.00,0.00,0.00,27.32
5335,2023-08-11T07:00:00Z,8,2023,3,0.00,0.00,0.00,26.73
5336,2023-08-11T08:00:00Z,8,2023,4,0.00,0.00,0.00,26.30
5337,2023-08-11T09:00:00Z,8,2023,5,0.00,0.00,0.00,26.11
5338,2023-08-11T10:00:00Z,8,2023,6,0.00,0.00,0.00,26.00
5339,2023-08-11T11:00:00Z,8,2023,7,59.88,121.22,40.37,26.98
5340,2023-08-11T12:00:00Z,8,2023,8,252.80,471.56,88.65,28.25
5341,2023-08-11T13:00:00Z,8,2023,9,467.85,611.90,128.41,30.53
5342,2023-08-11T14:00:00Z,8,2023,10,662.40,677.37,156.06,32.47
5343,2023-08-11T15:00:00Z,8,2023,11,739.58,615.78,200.09,34.19
5344,2023-08-11T16:00:00Z,8,2023,12,846.78,641.65,220.89,35.51
5345,2023-08-11T17:00:00Z,8,2023,13,876.10,598.69,258.68,36.48
5346,2023-08-11T18:00:00Z,8,2023,14,795.95,599.01,229.43,37.12
5347,2023-08-11T19:00:00Z,8,2023,15,670.83,492.47,264.05,37.39
5348,2023-08-11T20:00:00Z,8,2023,16,574.72,514.07,202.92,37.33
5349,2023-08-11T21:00:00Z,8,2023,17,451.15,496.63,174.92,37.01
5350,2023-08-11T22:00:00Z,8,2023,18,243.18,361.16,115.02,36.36
5351,2023-08-11T23:00:00Z,8,2023,19,59.53,105.65,43.88,34.81
5352,2023-08-12T00:00:00Z,8,2023,20,0.00,0.00,0.00,32.27
5353,2023-08-12T01:00:00Z,8,2023,21,0.00,0.00,0.00,31.21
5354,2023-08-12T02:00:00Z,8,2023,22,0.00,0.00,0.00,30.36
5355,2023-08-12T03:00:00Z,8,2023,23,0.00,0.00,0.00,29.67
5356,2023-08-12T04:00:00Z,8,2023,0,0.00,0.00,0.00,29.10
5357,2023-08-12T05:00:00Z,8,2023,1,0.00,0.00,0.00,28.58
5358,2023-08-12T06:00:00Z,8,2023,2,0.00,0.00,0.00,28.16
5359,2023-08-12T07:00:00Z,8,2023,3,0.00,0.00,0.00,27.83
5360,2023-08-12T08:00:00Z,8,2023,4,0.00,0.00,0.00,27.57
5361,2023-08-12T09:00:00Z,8,2023,5,0.00,0.00,0.00,27.42
5362,2023-08-12T10:00:00Z,8,2023,6,0.00,0.00,0.00,27.31
5363,2023-08-12T11:00:00Z,8,2023,7,53.15,65.50,42.65,27.80
5364,2023-08-12T12:00:00Z,8,2023,8,225.55,243.58,156.11,29.24
5365,2023-08-12T13:00:00Z,8,2023,9,416.48,379.62,225.04,31.06
5366,2023-08-12T14:00:00Z,8,2023,10,591.53,454.44,322.49,32.91
5367,2023-08-12T15:00:00Z,8,2023,11,731.45,515.79,275.19,34.35
5368,2023-08-12T16:00:00Z,8,2023,12,820.05,397.53,392.25,35.40
5369,2023-08-12T17:00:00Z,8,2023,13,829.30,306.15,464.63,36.26
5370,2023-08-12T18:00:00Z,8,2023,14,777.15,389.53,415.16,36.86
5371,2023-08-12T19:00:00Z,8,2023,15,680.25,486.29,308.74,37.10
5372,2023-08-12T20:00:00Z,8,2023,16,474.33,373.41,226.59,37.02
5373,2023-08-12T21:00:00Z,8,2023,17,300.73,176.88,196.08,36.62
5374,2023-08-12T22:00:00Z,8,2023,18,157.62,83.88,126.16,35.67
5375,2023-08-12T23:00:00Z,8,2023,19,37.50,22.44,31.89,33.84
5376,2023-08-13T00:00:00Z,8,2023,20,0.00,0.00,0.00,31.35
5377,2023-08-13T01:00:00Z,8,2023,21,0.00,0.00,0.00,30.13
5378,2023-08-13T02:00:00Z,8,2023,22,0.00,0.00,0.00,29.03
5379,2023-08-13T03:00:00Z,8,2023,23,0.00,0.00,0.00,28.73
5380,2023-08-13T04:00:00Z,8,2023,0,0.00,0.00,0.00,28.38
5381,2023-08-13T05:00:00Z,8,2023,1,0.00,0.00,0.00,28.00
5382,2023-08-13T06:00:00Z,8,2023,2,0.00,0.00,0.00,27.63
5383,2023-08-13T07:00:00Z,8,2023,3,0.00,0.00,0.00,27.24
5384,2023-08-13T08:00:00Z,8,2023,4,0.00,0.00,0.00,26.96
5385,2023-08-13T09:00:00Z,8,2023,5,0.00,0.00,0.00,26.68
5386,2023-08-13T10:00:00Z,8,2023,6,0.00,0.00,0.00,26.35
5387,2023-08-13T11:00:00Z,8,2023,7,58.03,116.02,45.44,27.19
5388,2023-08-13T12:00:00Z,8,2023,8,257.25,508.08,91.63,28.46
5389,2023-08-13T13:00:00Z,8,2023,9,478.50,684.18,106.74,30.16
5390,2023-08-13T14:00:00Z,8,2023,10,652.30,721.51,145.93,32.12
5391,2023-08-13T15:00:00Z,8,2023,11,798.45,708.01,190.42,33.75
5392,2023-08-13T16:00:00Z,8,2023,12,832.83,591.50,287.41,34.87
5393,2023-08-13T17:00:00Z,8,2023,13,802.50,459.93,334.30,35.70
5394,2023-08-13T18:00:00Z,8,2023,14,686.70,565.82,198.87,36.21
5395,2023-08-13T19:00:00Z,8,2023,15,719.65,620.19,190.00,36.37
5396,2023-08-13T20:00:00Z,8,2023,16,593.05,610.12,147.20,36.12
5397,2023-08-13T21:00:00Z,8,2023,17,460.38,573.28,142.26,35.23
5398,2023-08-13T22:00:00Z,8,2023,18,241.15,415.62,109.54,33.84
5399,2023-08-13T23:00:00Z,8,2023,19,55.60,100.01,42.37,31.78
5400,2023-08-14T00:00:00Z,8,2023,20,0.00,0.00,0.00,30.04
5401,2023-08-14T01:00:00Z,8,2023,21,0.00,0.00,0.00,29.20
5402,2023-08-14T02:00:00Z,8,2023,22,0.00,0.00,0.00,28.52
5403,2023-08-14T03:00:00Z,8,2023,23,0.00,0.00,0.00,27.92
5404,2023-08-14T04:00:00Z,8,2023,0,0.00,0.00,0.00,27.37
5405,2023-08-14T05:00:00Z,8,2023,1,0.00,0.00,0.00,26.92
5406,2023-08-14T06:00:00Z,8,2023,2,0.00,0.00,0.00,26.55
5407,2023-08-14T07:00:00Z,8,2023,3,0.00,0.00,0.00,26.35
5408,2023-08-14T08:00:00Z,8,2023,4,0.00,0.00,0.00,26.17
5409,2023-08-14T09:00:00Z,8,2023,5,0.00,0.00,0.00,26.02
5410,2023-08-14T10:00:00Z,8,2023,6,0.00,0.00,0.00,25.89
5411,2023-08-14T11:00:00Z,8,2023,7,58.25,165.15,36.07,26.69
5412,2023-08-14T12:00:00Z,8,2023,8,255.02,500.70,80.15,27.73
5413,2023-08-14T13:00:00Z,8,2023,9,470.73,646.87,114.47,29.28
5414,2023-08-14T14:00:00Z,8,2023,10,608.00,623.73,159.85,30.89
5415,2023-08-14T15:00:00Z,8,2023,11,663.92,592.21,187.99,32.09
5416,2023-08-14T16:00:00Z,8,2023,12,737.20,503.61,231.16,33.45
5417,2023-08-14T17:00:00Z,8,2023,13,649.60,415.75,254.52,34.43
5418,2023-08-14T18:00:00Z,8,2023,14,511.42,258.34,246.69,34.84
5419,2023-08-14T19:00:00Z,8,2023,15,432.08,134.38,278.72,34.76
5420,2023-08-14T20:00:00Z,8,2023,16,329.35,85.32,232.86,34.14
5421,2023-08-14T21:00:00Z,8,2023,17,222.05,76.70,167.72,33.50
5422,2023-08-14T22:00:00Z,8,2023,18,115.38,29.96,93.41,32.52
5423,2023-08-14T23:00:00Z,8,2023,19,29.70,8.27,26.01,30.93
5424,2023-08-15T00:00:00Z,8,2023,20,0.00,0.00,0.00,29.45
5425,2023-08-15T01:00:00Z,8,2023,21,0.00,0.00,0.00,28.79
5426,2023-08-15T02:00:00Z,8,2023,22,0.00,0.00,0.00,28.18
5427,2023-08-15T03:00:00Z,8,2023,23,0.00,0.00,0.00,27.61
5428,2023-08-15T04:00:00Z,8,2023,0,0.00,0.00,0.00,27.05
5429,2023-08-15T05:00:00Z,8,2023,1,0.00,0.00,0.00,26.60
5430,2023-08-15T06:00:00Z,8,2023,2,0.00,0.00,0.00,26.19
5431,2023-08-15T07:00:00Z,8,2023,3,0.00,0.00,0.00,25.81
5432,2023-08-15T08:00:00Z,8,2023,4,0.00,0.00,0.00,25.44
5433,2023-08-15T09:00:00Z,8,2023,5,0.00,0.00,0.00,25.15
5434,2023-08-15T10:00:00Z,8,2023,6,0.00,0.00,0.00,24.94
5435,2023-08-15T11:00:00Z,8,2023,7,55.67,106.78,41.73,26.02
5436,2023-08-15T12:00:00Z,8,2023,8,247.73,459.01,96.80,27.76
5437,2023-08-15T13:00:00Z,8,2023,9,470.80,639.35,121.06,30.53
5438,2023-08-15T14:00:00Z,8,2023,10,629.00,643.29,166.29,32.64
5439,2023-08-15T15:00:00Z,8,2023,11,714.62,588.76,207.61,34.14
5440,2023-08-15T16:00:00Z,8,2023,12,796.38,524.20,299.99,35.32
5441,2023-08-15T17:00:00Z,8,2023,13,797.03,503.69,277.60,36.23
5442,2023-08-15T18:00:00Z,8,2023,14,747.88,533.47,271.26,36.77
5443,2023-08-15T19:00:00Z,8,2023,15,603.20,360.37,265.38,36.95
5444,2023-08-15T20:00:00Z,8,2023,16,539.25,394.22,278.22,36.64
5445,2023-08-15T21:00:00Z,8,2023,17,429.45,493.91,155.90,35.66
5446,2023-08-15T22:00:00Z,8,2023,18,219.62,279.28,122.17,34.73
5447,2023-08-15T23:00:00Z,8,2023,19,46.10,47.72,40.97,33.06
5448,2023-08-16T00:00:00Z,8,2023,20,0.00,0.00,0.00,31.42
5449,2023-08-16T01:00:00Z,8,2023,21,0.00,0.00,0.00,30.38
5450,2023-08-16T02:00:00Z,8,2023,22,0.00,0.00,0.00,29.30
5451,2023-08-16T03:00:00Z,8,2023,23,0.00,0.00,0.00,28.53
5452,2023-08-16T04:00:00Z,8,2023,0,0.00,0.00,0.00,28.02
5453,2023-08-16T05:00:00Z,8,2023,1,0.00,0.00,0.00,27.54
5454,2023-08-16T06:00:00Z,8,2023,2,0.00,0.00,0.00,27.04
5455,2023-08-16T07:00:00Z,8,2023,3,0.00,0.00,0.00,26.54
5456,2023-08-16T08:00:00Z,8,2023,4,0.00,0.00,0.00,26.07
5457,2023-08-16T09:00:00Z,8,2023,5,0.00,0.00,0.00,25.66
5458,2023-08-16T10:00:00Z,8,2023,6,0.00,0.00,0.00,25.36
5459,2023-08-16T11:00:00Z,8,2023,7,51.85,55.16,46.42,26.19
5460,2023-08-16T12:00:00Z,8,2023,8,211.95,211.12,149.75,27.70
5461,2023-08-16T13:00:00Z,8,2023,9,362.38,354.48,173.46,29.87
5462,2023-08-16T14:00:00Z,8,2023,10,559.38,535.20,181.81,31.68
5463,2023-08-16T15:00:00Z,8,2023,11,698.28,626.24,185.26,33.25
5464,2023-08-16T16:00:00Z,8,2023,12,799.47,600.62,276.48,34.56
5465,2023-08-16T17:00:00Z,8,2023,13,657.62,442.63,255.82,35.47
5466,2023-08-16T18:00:00Z,8,2023,14,570.08,190.28,347.26,36.00
5467,2023-08-16T19:00:00Z,8,2023,15,521.65,247.21,282.74,36.07
5468,2023-08-16T20:00:00Z,8,2023,16,368.27,222.48,203.75,35.61
5469,2023-08-16T21:00:00Z,8,2023,17,210.85,117.58,142.55,34.50
5470,2023-08-16T22:00:00Z,8,2023,18,106.30,46.40,86.31,33.11
5471,2023-08-16T23:00:00Z,8,2023,19,26.85,6.28,24.26,31.69
5472,2023-08-17T00:00:00Z,8,2023,20,0.00,0.00,0.00,30.29
5473,2023-08-17T01:00:00Z,8,2023,21,0.00,0.00,0.00,29.17
5474,2023-08-17T02:00:00Z,8,2023,22,0.00,0.00,0.00,28.12
5475,2023-08-17T03:00:00Z,8,2023,23,0.00,0.00,0.00,27.33
5476,2023-08-17T04:00:00Z,8,2023,0,0.00,0.00,0.00,26.74
5477,2023-08-17T05:00:00Z,8,2023,1,0.00,0.00,0.00,26.24
5478,2023-08-17T06:00:00Z,8,2023,2,0.00,0.00,0.00,25.78
5479,2023-08-17T07:00:00Z,8,2023,3,0.00,0.00,0.00,25.38
5480,2023-08-17T08:00:00Z,8,2023,4,0.00,0.00,0.00,25.02
5481,2023-08-17T09:00:00Z,8,2023,5,0.00,0.00,0.00,24.77
5482,2023-08-17T10:00:00Z,8,2023,6,0.00,0.00,0.00,24.61
5483,2023-08-17T11:00:00Z,8,2023,7,46.28,18.88,41.73,25.22
5484,2023-08-17T12:00:00Z,8,2023,8,210.12,142.98,167.37,26.50
5485,2023-08-17T13:00:00Z,8,2023,9,400.95,328.49,220.95,28.08
5486,2023-08-17T14:00:00Z,8,2023,10,589.83,513.10,236.75,29.29
5487,2023-08-17T15:00:00Z,8,2023,11,701.05,485.73,272.93,30.45
5488,2023-08-17T16:00:00Z,8,2023,12,749.97,511.40,291.03,31.40
5489,2023-08-17T17:00:00Z,8,2023,13,758.12,489.01,313.76,32.06
5490,2023-08-17T18:00:00Z,8,2023,14,471.15,220.10,238.50,32.28
5491,2023-08-17T19:00:00Z,8,2023,15,200.50,48.50,141.22,32.13
5492,2023-08-17T20:00:00Z,8,2023,16,154.90,0.00,129.07,31.70
5493,2023-08-17T21:00:00Z,8,2023,17,139.55,0.00,121.50,30.84
5494,2023-08-17T22:00:00Z,8,2023,18,84.05,0.00,71.83,29.83
5495,2023-08-17T23:00:00Z,8,2023,19,21.40,0.00,19.33,28.35
5496,2023-08-18T00:00:00Z,8,2023,20,0.00,0.00,0.00,27.12
5497,2023-08-18T01:00:00Z,8,2023,21,0.00,0.00,0.00,26.51
5498,2023-08-18T02:00:00Z,8,2023,22,0.00,0.00,0.00,25.94
5499,2023-08-18T03:00:00Z,8,2023,23,0.00,0.00,0.00,25.49
5500,2023-08-18T04:00:00Z,8,2023,0,0.00,0.00,0.00,25.15
5501,2023-08-18T05:00:00Z,8,2023,1,0.00,0.00,0.00,24.65
5502,2023-08-18T06:00:00Z,8,2023,2,0.00,0.00,0.00,24.11
5503,2023-08-18T07:00:00Z,8,2023,3,0.00,0.00,0.00,23.67
5504,2023-08-18T08:00:00Z,8,2023,4,0.00,0.00,0.00,23.33
5505,2023-08-18T09:00:00Z,8,2023,5,0.00,0.00,0.00,23.10
5506,2023-08-18T10:00:00Z,8,2023,6,0.00,0.00,0.00,23.04
5507,2023-08-18T11:00:00Z,8,2023,7,47.15,87.71,39.06,23.98
5508,2023-08-18T12:00:00Z,8,2023,8,229.82,396.15,99.16,25.47
5509,2023-08-18T13:00:00Z,8,2023,9,448.52,565.93,137.62,28.28
5510,2023-08-18T14:00:00Z,8,2023,10,633.67,628.44,173.77,30.48
5511,2023-08-18T15:00:00Z,8,2023,11,659.85,469.81,257.29,31.61
5512,2023-08-18T16:00:00Z,8,2023,12,647.50,402.24,279.55,32.45
5513,2023-08-18T17:00:00Z,8,2023,13,546.50,254.72,278.96,32.99
5514,2023-08-18T18:00:00Z,8,2023,14,326.80,114.44,202.27,33.07
5515,2023-08-18T19:00:00Z,8,2023,15,121.85,28.57,91.95,32.81
5516,2023-08-18T20:00:00Z,8,2023,16,125.45,23.20,97.48,32.60
5517,2023-08-18T21:00:00Z,8,2023,17,88.07,29.26,70.34,32.17
5518,2023-08-18T22:00:00Z,8,2023,18,56.83,9.19,48.89,31.46
5519,2023-08-18T23:00:00Z,8,2023,19,20.50,0.00,18.51,29.99
5520,2023-08-19T00:00:00Z,8,2023,20,0.00,0.00,0.00,28.53
5521,2023-08-19T01:00:00Z,8,2023,21,0.00,0.00,0.00,27.71
5522,2023-08-19T02:00:00Z,8,2023,22,0.00,0.00,0.00,26.83
5523,2023-08-19T03:00:00Z,8,2023,23,0.00,0.00,0.00,26.19
5524,2023-08-19T04:00:00Z,8,2023,0,0.00,0.00,0.00,25.82
5525,2023-08-19T05:00:00Z,8,2023,1,0.00,0.00,0.00,25.43
5526,2023-08-19T06:00:00Z,8,2023,2,0.00,0.00,0.00,25.01
5527,2023-08-19T07:00:00Z,8,2023,3,0.00,0.00,0.00,24.63
5528,2023-08-19T08:00:00Z,8,2023,4,0.00,0.00,0.00,24.32
5529,2023-08-19T09:00:00Z,8,2023,5,0.00,0.00,0.00,24.14
5530,2023-08-19T10:00:00Z,8,2023,6,0.00,0.00,0.00,24.23
5531,2023-08-19T11:00:00Z,8,2023,7,47.60,69.93,41.73,25.02
5532,2023-08-19T12:00:00Z,8,2023,8,230.98,341.89,113.72,26.66
5533,2023-08-19T13:00:00Z,8,2023,9,437.55,523.26,176.62,29.26
5534,2023-08-19T14:00:00Z,8,2023,10,632.78,633.78,169.82,31.07
5535,2023-08-19T15:00:00Z,8,2023,11,797.92,743.94,155.67,32.42
5536,2023-08-19T16:00:00Z,8,2023,12,840.17,699.79,170.43,33.48
5537,2023-08-19T17:00:00Z,8,2023,13,800.15,595.33,219.37,34.16
5538,2023-08-19T18:00:00Z,8,2023,14,773.30,576.99,235.75,34.47
5539,2023-08-19T19:00:00Z,8,2023,15,693.58,593.72,187.27,34.22
5540,2023-08-19T20:00:00Z,8,2023,16,559.50,540.09,171.43,33.65
5541,2023-08-19T21:00:00Z,8,2023,17,418.75,499.23,150.52,32.75
5542,2023-08-19T22:00:00Z,8,2023,18,214.23,303.02,122.18,31.35
5543,2023-08-19T23:00:00Z,8,2023,19,41.42,37.61,37.23,29.59
5544,2023-08-20T00:00:00Z,8,2023,20,0.00,0.00,0.00,28.30
5545,2023-08-20T01:00:00Z,8,2023,21,0.00,0.00,0.00,27.50
5546,2023-08-20T02:00:00Z,8,2023,22,0.00,0.00,0.00,26.91
5547,2023-08-20T03:00:00Z,8,2023,23,0.00,0.00,0.00,26.49
5548,2023-08-20T04:00:00Z,8,2023,0,0.00,0.00,0.00,26.25
5549,2023-08-20T05:00:00Z,8,2023,1,0.00,0.00,0.00,26.03
5550,2023-08-20T06:00:00Z,8,2023,2,0.00,0.00,0.00,25.85
5551,2023-08-20T07:00:00Z,8,2023,3,0.00,0.00,0.00,25.74
5552,2023-08-20T08:00:00Z,8,2023,4,0.00,0.00,0.00,25.72
5553,2023-08-20T09:00:00Z,8,2023,5,0.00,0.00,0.00,25.91
5554,2023-08-20T10:00:00Z,8,2023,6,0.00,0.00,0.00,26.14
5555,2023-08-20T11:00:00Z,8,2023,7,45.85,49.35,37.20,26.91
5556,2023-08-20T12:00:00Z,8,2023,8,222.20,310.86,119.40,28.32
5557,2023-08-20T13:00:00Z,8,2023,9,432.02,487.94,162.32,29.80
5558,2023-08-20T14:00:00Z,8,2023,10,583.70,467.35,220.97,30.70
5559,2023-08-20T15:00:00Z,8,2023,11,611.83,389.94,267.98,31.17
5560,2023-08-20T16:00:00Z,8,2023,12,622.30,249.45,365.08,31.57
5561,2023-08-20T17:00:00Z,8,2023,13,351.90,27.81,256.49,31.76
5562,2023-08-20T18:00:00Z,8,2023,14,232.02,5.49,188.31,31.76
5563,2023-08-20T19:00:00Z,8,2023,15,257.35,12.98,209.12,31.61
5564,2023-08-20T20:00:00Z,8,2023,16,239.38,11.75,199.18,31.40
5565,2023-08-20T21:00:00Z,8,2023,17,259.25,27.90,220.16,30.92
5566,2023-08-20T22:00:00Z,8,2023,18,137.18,25.01,114.30,30.10
5567,2023-08-20T23:00:00Z,8,2023,19,32.75,9.25,31.63,28.80
5568,2023-08-21T00:00:00Z,8,2023,20,0.00,0.00,0.00,27.73
5569,2023-08-21T01:00:00Z,8,2023,21,0.00,0.00,0.00,27.35
5570,2023-08-21T02:00:00Z,8,2023,22,0.00,0.00,0.00,27.08
5571,2023-08-21T03:00:00Z,8,2023,23,0.00,0.00,0.00,26.93
5572,2023-08-21T04:00:00Z,8,2023,0,0.00,0.00,0.00,26.83
5573,2023-08-21T05:00:00Z,8,2023,1,0.00,0.00,0.00,26.72
5574,2023-08-21T06:00:00Z,8,2023,2,0.00,0.00,0.00,26.54
5575,2023-08-21T07:00:00Z,8,2023,3,0.00,0.00,0.00,26.33
5576,2023-08-21T08:00:00Z,8,2023,4,0.00,0.00,0.00,26.05
5577,2023-08-21T09:00:00Z,8,2023,5,0.00,0.00,0.00,25.79
5578,2023-08-21T10:00:00Z,8,2023,6,0.00,0.00,0.00,25.57
5579,2023-08-21T11:00:00Z,8,2023,7,52.90,146.96,33.17,26.22
5580,2023-08-21T12:00:00Z,8,2023,8,253.70,536.11,78.75,27.92
5581,2023-08-21T13:00:00Z,8,2023,9,469.62,669.54,111.39,29.96
5582,2023-08-21T14:00:00Z,8,2023,10,601.92,568.55,182.87,31.49
5583,2023-08-21T15:00:00Z,8,2023,11,729.33,645.56,190.05,32.62
5584,2023-08-21T16:00:00Z,8,2023,12,806.15,658.53,202.20,33.31
5585,2023-08-21T17:00:00Z,8,2023,13,852.03,572.25,286.32,33.75
5586,2023-08-21T18:00:00Z,8,2023,14,795.53,602.27,225.05,33.78
5587,2023-08-21T19:00:00Z,8,2023,15,724.12,584.38,209.79,33.58
5588,2023-08-21T20:00:00Z,8,2023,16,628.88,591.20,189.45,33.13
5589,2023-08-21T21:00:00Z,8,2023,17,444.02,554.85,143.35,32.42
5590,2023-08-21T22:00:00Z,8,2023,18,224.85,351.87,105.92,31.32
5591,2023-08-21T23:00:00Z,8,2023,19,42.65,55.27,33.86,29.76
5592,2023-08-22T00:00:00Z,8,2023,20,0.00,0.00,0.00,28.49
5593,2023-08-22T01:00:00Z,8,2023,21,0.00,0.00,0.00,27.81
5594,2023-08-22T02:00:00Z,8,2023,22,0.00,0.00,0.00,27.30
5595,2023-08-22T03:00:00Z,8,2023,23,0.00,0.00,0.00,26.95
5596,2023-08-22T04:00:00Z,8,2023,0,0.00,0.00,0.00,26.55
5597,2023-08-22T05:00:00Z,8,2023,1,0.00,0.00,0.00,26.07
5598,2023-08-22T06:00:00Z,8,2023,2,0.00,0.00,0.00,25.49
5599,2023-08-22T07:00:00Z,8,2023,3,0.00,0.00,0.00,25.03
5600,2023-08-22T08:00:00Z,8,2023,4,0.00,0.00,0.00,24.68
5601,2023-08-22T09:00:00Z,8,2023,5,0.00,0.00,0.00,24.37
5602,2023-08-22T10:00:00Z,8,2023,6,0.00,0.00,0.00,24.20
5603,2023-08-22T11:00:00Z,8,2023,7,50.00,114.80,34.17,25.25
5604,2023-08-22T12:00:00Z,8,2023,8,246.62,485.41,87.06,27.73
5605,2023-08-22T13:00:00Z,8,2023,9,464.00,633.50,121.67,29.70
5606,2023-08-22T14:00:00Z,8,2023,10,658.60,714.41,139.25,31.35
5607,2023-08-22T15:00:00Z,8,2023,11,816.38,769.44,152.17,32.86
5608,2023-08-22T16:00:00Z,8,2023,12,911.62,787.45,169.14,33.92
5609,2023-08-22T17:00:00Z,8,2023,13,843.53,620.65,238.52,34.50
5610,2023-08-22T18:00:00Z,8,2023,14,777.38,584.80,223.24,34.71
5611,2023-08-22T19:00:00Z,8,2023,15,732.62,523.45,263.41,34.53
5612,2023-08-22T20:00:00Z,8,2023,16,617.10,572.22,199.71,33.95
5613,2023-08-22T21:00:00Z,8,2023,17,438.30,535.29,148.70,33.05
5614,2023-08-22T22:00:00Z,8,2023,18,226.85,389.78,99.79,31.68
5615,2023-08-22T23:00:00Z,8,2023,19,41.25,64.54,31.85,29.47
5616,2023-08-23T00:00:00Z,8,2023,20,0.00,0.00,0.00,27.59
5617,2023-08-23T01:00:00Z,8,2023,21,0.00,0.00,0.00,26.78
5618,2023-08-23T02:00:00Z,8,2023,22,0.00,0.00,0.00,26.14
5619,2023-08-23T03:00:00Z,8,2023,23,0.00,0.00,0.00,25.63
5620,2023-08-23T04:00:00Z,8,2023,0,0.00,0.00,0.00,25.28
5621,2023-08-23T05:00:00Z,8,2023,1,0.00,0.00,0.00,25.25
5622,2023-08-23T06:00:00Z,8,2023,2,0.00,0.00,0.00,25.27
5623,2023-08-23T07:00:00Z,8,2023,3,0.00,0.00,0.00,25.40
5624,2023-08-23T08:00:00Z,8,2023,4,0.00,0.00,0.00,25.45
5625,2023-08-23T09:00:00Z,8,2023,5,0.00,0.00,0.00,25.50
5626,2023-08-23T10:00:00Z,8,2023,6,0.00,0.00,0.00,25.03
5627,2023-08-23T11:00:00Z,8,2023,7,47.75,122.80,31.57,25.50
5628,2023-08-23T12:00:00Z,8,2023,8,239.65,473.06,82.95,27.54
5629,2023-08-23T13:00:00Z,8,2023,9,454.42,623.43,119.43,29.80
5630,2023-08-23T14:00:00Z,8,2023,10,643.83,690.49,146.61,31.53
5631,2023-08-23T15:00:00Z,8,2023,11,733.00,640.37,190.84,32.81
5632,2023-08-23T16:00:00Z,8,2023,12,695.75,365.84,326.87,33.67
5633,2023-08-23T17:00:00Z,8,2023,13,708.35,307.38,327.11,34.18
5634,2023-08-23T18:00:00Z,8,2023,14,669.08,331.41,316.30,34.36
5635,2023-08-23T19:00:00Z,8,2023,15,577.15,397.37,250.61,33.96
5636,2023-08-23T20:00:00Z,8,2023,16,443.50,300.30,221.18,33.39
5637,2023-08-23T21:00:00Z,8,2023,17,343.00,384.15,141.84,32.61
5638,2023-08-23T22:00:00Z,8,2023,18,172.77,208.45,112.99,31.57
5639,2023-08-23T23:00:00Z,8,2023,19,31.23,40.87,29.46,29.97
5640,2023-08-24T00:00:00Z,8,2023,20,0.00,0.00,0.00,28.57
5641,2023-08-24T01:00:00Z,8,2023,21,0.00,0.00,0.00,27.89
5642,2023-08-24T02:00:00Z,8,2023,22,0.00,0.00,0.00,27.43
5643,2023-08-24T03:00:00Z,8,2023,23,0.00,0.00,0.00,27.16
5644,2023-08-24T04:00:00Z,8,2023,0,0.00,0.00,0.00,27.02
5645,2023-08-24T05:00:00Z,8,2023,1,0.00,0.00,0.00,26.86
5646,2023-08-24T06:00:00Z,8,2023,2,0.00,0.00,0.00,26.65
5647,2023-08-24T07:00:00Z,8,2023,3,0.00,0.00,0.00,26.41
5648,2023-08-24T08:00:00Z,8,2023,4,0.00,0.00,0.00,26.16
5649,2023-08-24T09:00:00Z,8,2023,5,0.00,0.00,0.00,25.97
5650,2023-08-24T10:00:00Z,8,2023,6,0.00,0.00,0.00,25.74
5651,2023-08-24T11:00:00Z,8,2023,7,45.03,118.94,31.67,26.60
5652,2023-08-24T12:00:00Z,8,2023,8,225.18,427.01,87.62,28.37
5653,2023-08-24T13:00:00Z,8,2023,9,425.88,555.48,136.39,30.17
5654,2023-08-24T14:00:00Z,8,2023,10,517.85,464.76,186.57,31.53
5655,2023-08-24T15:00:00Z,8,2023,11,643.75,421.77,269.55,32.43
5656,2023-08-24T16:00:00Z,8,2023,12,711.38,567.82,226.80,33.21
5657,2023-08-24T17:00:00Z,8,2023,13,744.97,559.52,224.22,33.88
5658,2023-08-24T18:00:00Z,8,2023,14,781.20,616.92,220.46,34.16
5659,2023-08-24T19:00:00Z,8,2023,15,711.08,636.44,179.76,33.98
5660,2023-08-24T20:00:00Z,8,2023,16,605.65,677.98,138.91,33.36
5661,2023-08-24T21:00:00Z,8,2023,17,451.92,676.41,102.21,32.36
5662,2023-08-24T22:00:00Z,8,2023,18,231.35,487.47,81.91,30.96
5663,2023-08-24T23:00:00Z,8,2023,19,41.12,129.70,28.76,29.25
5664,2023-08-25T00:00:00Z,8,2023,20,0.00,0.00,0.00,27.87
5665,2023-08-25T01:00:00Z,8,2023,21,0.00,0.00,0.00,27.02
5666,2023-08-25T02:00:00Z,8,2023,22,0.00,0.00,0.00,26.28
5667,2023-08-25T03:00:00Z,8,2023,23,0.00,0.00,0.00,25.65
5668,2023-08-25T04:00:00Z,8,2023,0,0.00,0.00,0.00,25.17
5669,2023-08-25T05:00:00Z,8,2023,1,0.00,0.00,0.00,24.84
5670,2023-08-25T06:00:00Z,8,2023,2,0.00,0.00,0.00,24.60
5671,2023-08-25T07:00:00Z,8,2023,3,0.00,0.00,0.00,24.42
5672,2023-08-25T08:00:00Z,8,2023,4,0.00,0.00,0.00,24.27
5673,2023-08-25T09:00:00Z,8,2023,5,0.00,0.00,0.00,24.13
5674,2023-08-25T10:00:00Z,8,2023,6,0.00,0.00,0.00,23.92
5675,2023-08-25T11:00:00Z,8,2023,7,49.15,174.50,28.01,25.12
5676,2023-08-25T12:00:00Z,8,2023,8,245.45,537.88,73.64,27.98
5677,2023-08-25T13:00:00Z,8,2023,9,463.58,691.29,101.21,29.93
5678,2023-08-25T14:00:00Z,8,2023,10,658.00,753.36,121.78,31.49
5679,2023-08-25T15:00:00Z,8,2023,11,813.25,822.98,124.42,32.92
5680,2023-08-25T16:00:00Z,8,2023,12,809.42,690.31,180.32,33.98
5681,2023-08-25T17:00:00Z,8,2023,13,828.78,682.23,189.62,34.68
5682,2023-08-25T18:00:00Z,8,2023,14,715.28,632.82,167.78,34.86
5683,2023-08-25T19:00:00Z,8,2023,15,703.72,660.19,173.45,34.59
5684,2023-08-25T20:00:00Z,8,2023,16,588.25,646.57,140.35,33.86
5685,2023-08-25T21:00:00Z,8,2023,17,447.73,668.35,104.80,32.91
5686,2023-08-25T22:00:00Z,8,2023,18,227.35,485.22,78.05,31.51
5687,2023-08-25T23:00:00Z,8,2023,19,36.30,116.23,26.88,29.64
5688,2023-08-26T00:00:00Z,8,2023,20,0.00,0.00,0.00,27.99
5689,2023-08-26T01:00:00Z,8,2023,21,0.00,0.00,0.00,27.14
5690,2023-08-26T02:00:00Z,8,2023,22,0.00,0.00,0.00,26.47
5691,2023-08-26T03:00:00Z,8,2023,23,0.00,0.00,0.00,25.93
5692,2023-08-26T04:00:00Z,8,2023,0,0.00,0.00,0.00,25.52
5693,2023-08-26T05:00:00Z,8,2023,1,0.00,0.00,0.00,25.20
5694,2023-08-26T06:00:00Z,8,2023,2,0.00,0.00,0.00,24.93
5695,2023-08-26T07:00:00Z,8,2023,3,0.00,0.00,0.00,24.76
5696,2023-08-26T08:00:00Z,8,2023,4,0.00,0.00,0.00,24.80
5697,2023-08-26T09:00:00Z,8,2023,5,0.00,0.00,0.00,24.80
5698,2023-08-26T10:00:00Z,8,2023,6,0.00,0.00,0.00,24.59
5699,2023-08-26T11:00:00Z,8,2023,7,48.10,193.20,29.72,25.20
5700,2023-08-26T12:00:00Z,8,2023,8,231.73,545.26,68.44,27.45
5701,2023-08-26T13:00:00Z,8,2023,9,400.65,609.88,93.41,29.64
5702,2023-08-26T14:00:00Z,8,2023,10,622.50,718.53,127.34,31.64
5703,2023-08-26T15:00:00Z,8,2023,11,784.35,772.77,152.42,33.28
5704,2023-08-26T16:00:00Z,8,2023,12,806.72,759.29,134.00,34.43
5705,2023-08-26T17:00:00Z,8,2023,13,804.40,660.09,178.81,35.10
5706,2023-08-26T18:00:00Z,8,2023,14,832.50,674.99,227.77,35.36
5707,2023-08-26T19:00:00Z,8,2023,15,730.17,706.34,170.35,35.10
5708,2023-08-26T20:00:00Z,8,2023,16,602.75,684.08,135.55,34.38
5709,2023-08-26T21:00:00Z,8,2023,17,445.45,682.26,103.87,33.18
5710,2023-08-26T22:00:00Z,8,2023,18,226.57,495.40,81.86,31.55
5711,2023-08-26T23:00:00Z,8,2023,19,36.58,108.03,27.36,29.53
5712,2023-08-27T00:00:00Z,8,2023,20,0.00,0.00,0.00,28.01
5713,2023-08-27T01:00:00Z,8,2023,21,0.00,0.00,0.00,26.99
5714,2023-08-27T02:00:00Z,8,2023,22,0.00,0.00,0.00,26.20
5715,2023-08-27T03:00:00Z,8,2023,23,0.00,0.00,0.00,25.64
5716,2023-08-27T04:00:00Z,8,2023,0,0.00,0.00,0.00,25.23
5717,2023-08-27T05:00:00Z,8,2023,1,0.00,0.00,0.00,24.92
5718,2023-08-27T06:00:00Z,8,2023,2,0.00,0.00,0.00,24.72
5719,2023-08-27T07:00:00Z,8,2023,3,0.00,0.00,0.00,24.67
5720,2023-08-27T08:00:00Z,8,2023,4,0.00,0.00,0.00,24.60
5721,2023-08-27T09:00:00Z,8,2023,5,0.00,0.00,0.00,24.40
5722,2023-08-27T10:00:00Z,8,2023,6,0.00,0.00,0.00,24.15
5723,2023-08-27T11:00:00Z,8,2023,7,50.92,233.87,24.92,25.19
5724,2023-08-27T12:00:00Z,8,2023,8,254.65,626.82,57.27,28.12
5725,2023-08-27T13:00:00Z,8,2023,9,472.10,759.62,75.87,30.31
5726,2023-08-27T14:00:00Z,8,2023,10,611.60,699.09,129.61,31.96
5727,2023-08-27T15:00:00Z,8,2023,11,683.15,628.74,169.21,33.27
5728,2023-08-27T16:00:00Z,8,2023,12,730.75,545.31,245.14,34.05
5729,2023-08-27T17:00:00Z,8,2023,13,759.55,514.23,247.33,34.40
5730,2023-08-27T18:00:00Z,8,2023,14,684.72,544.61,215.26,34.39
5731,2023-08-27T19:00:00Z,8,2023,15,501.62,375.08,209.75,34.05
5732,2023-08-27T20:00:00Z,8,2023,16,346.17,108.85,235.84,33.54
5733,2023-08-27T21:00:00Z,8,2023,17,206.77,88.42,149.58,32.70
5734,2023-08-27T22:00:00Z,8,2023,18,124.40,51.05,101.86,31.57
5735,2023-08-27T23:00:00Z,8,2023,19,19.92,11.89,19.86,30.03
5736,2023-08-28T00:00:00Z,8,2023,20,0.00,0.00,0.00,28.71
5737,2023-08-28T01:00:00Z,8,2023,21,0.00,0.00,0.00,28.02
5738,2023-08-28T02:00:00Z,8,2023,22,0.00,0.00,0.00,27.50
5739,2023-08-28T03:00:00Z,8,2023,23,0.00,0.00,0.00,27.08
5740,2023-08-28T04:00:00Z,8,2023,0,0.00,0.00,0.00,26.77
5741,2023-08-28T05:00:00Z,8,2023,1,0.00,0.00,0.00,26.53
5742,2023-08-28T06:00:00Z,8,2023,2,0.00,0.00,0.00,26.33
5743,2023-08-28T07:00:00Z,8,2023,3,0.00,0.00,0.00,26.15
5744,2023-08-28T08:00:00Z,8,2023,4,0.00,0.00,0.00,25.97
5745,2023-08-28T09:00:00Z,8,2023,5,0.00,0.00,0.00,25.81
5746,2023-08-28T10:00:00Z,8,2023,6,0.00,0.00,0.00,25.65
5747,2023-08-28T11:00:00Z,8,2023,7,46.08,176.20,26.85,26.28
5748,2023-08-28T12:00:00Z,8,2023,8,230.62,528.82,68.73,27.64
5749,2023-08-28T13:00:00Z,8,2023,9,405.67,572.89,106.32,29.33
5750,2023-08-28T14:00:00Z,8,2023,10,558.47,598.82,150.40,31.24
5751,2023-08-28T15:00:00Z,8,2023,11,658.67,613.79,159.92,32.64
5752,2023-08-28T16:00:00Z,8,2023,12,713.28,628.15,178.66,33.83
5753,2023-08-28T17:00:00Z,8,2023,13,699.00,482.57,260.16,34.85
5754,2023-08-28T18:00:00Z,8,2023,14,608.50,486.77,273.06,35.37
5755,2023-08-28T19:00:00Z,8,2023,15,586.50,522.49,247.88,35.51
5756,2023-08-28T20:00:00Z,8,2023,16,425.08,296.48,241.82,35.23
5757,2023-08-28T21:00:00Z,8,2023,17,292.08,106.44,215.52,34.55
5758,2023-08-28T22:00:00Z,8,2023,18,143.70,68.68,116.41,33.35
5759,2023-08-28T23:00:00Z,8,2023,19,20.75,12.13,20.46,31.67
5760,2023-08-29T00:00:00Z,8,2023,20,0.00,0.00,0.00,30.28
5761,2023-08-29T01:00:00Z,8,2023,21,0.00,0.00,0.00,29.42
5762,2023-08-29T02:00:00Z,8,2023,22,0.00,0.00,0.00,28.76
5763,2023-08-29T03:00:00Z,8,2023,23,0.00,0.00,0.00,28.28
5764,2023-08-29T04:00:00Z,8,2023,0,0.00,0.00,0.00,27.88
5765,2023-08-29T05:00:00Z,8,2023,1,0.00,0.00,0.00,27.53
5766,2023-08-29T06:00:00Z,8,2023,2,0.00,0.00,0.00,27.19
5767,2023-08-29T07:00:00Z,8,2023,3,0.00,0.00,0.00,26.91
5768,2023-08-29T08:00:00Z,8,2023,4,0.00,0.00,0.00,26.60
5769,2023-08-29T09:00:00Z,8,2023,5,0.00,0.00,0.00,26.28
5770,2023-08-29T10:00:00Z,8,2023,6,0.00,0.00,0.00,26.02
5771,2023-08-29T11:00:00Z,8,2023,7,29.15,18.38,28.43,26.42
5772,2023-08-29T12:00:00Z,8,2023,8,163.90,59.37,135.50,27.42
5773,2023-08-29T13:00:00Z,8,2023,9,357.40,174.58,256.98,29.30
5774,2023-08-29T14:00:00Z,8,2023,10,555.45,359.48,304.93,31.30
5775,2023-08-29T15:00:00Z,8,2023,11,642.75,256.41,401.87,32.58
5776,2023-08-29T16:00:00Z,8,2023,12,659.65,138.81,462.10,33.25
5777,2023-08-29T17:00:00Z,8,2023,13,619.95,109.83,445.78,33.36
5778,2023-08-29T18:00:00Z,8,2023,14,382.25,0.41,307.70,33.44
5779,2023-08-29T19:00:00Z,8,2023,15,404.02,2.89,331.64,33.27
5780,2023-08-29T20:00:00Z,8,2023,16,118.93,23.16,96.28,32.87
5781,2023-08-29T21:00:00Z,8,2023,17,119.28,0.13,99.04,32.03
5782,2023-08-29T22:00:00Z,8,2023,18,73.05,0.00,63.24,30.66
5783,2023-08-29T23:00:00Z,8,2023,19,12.27,0.00,12.27,28.92
5784,2023-08-30T00:00:00Z,8,2023,20,0.00,0.00,0.00,27.70
5785,2023-08-30T01:00:00Z,8,2023,21,0.00,0.00,0.00,26.95
5786,2023-08-30T02:00:00Z,8,2023,22,0.00,0.00,0.00,26.39
5787,2023-08-30T03:00:00Z,8,2023,23,0.00,0.00,0.00,26.26
5788,2023-08-30T04:00:00Z,8,2023,0,0.00,0.00,0.00,26.35
5789,2023-08-30T05:00:00Z,8,2023,1,0.00,0.00,0.00,26.43
5790,2023-08-30T06:00:00Z,8,2023,2,0.00,0.00,0.00,26.46
5791,2023-08-30T07:00:00Z,8,2023,3,0.00,0.00,0.00,26.50
5792,2023-08-30T08:00:00Z,8,2023,4,0.00,0.00,0.00,26.51
5793,2023-08-30T09:00:00Z,8,2023,5,0.00,0.00,0.00,26.41
5794,2023-08-30T10:00:00Z,8,2023,6,0.00,0.00,0.00,26.25
5795,2023-08-30T11:00:00Z,8,2023,7,11.45,0.00,11.18,26.29
5796,2023-08-30T12:00:00Z,8,2023,8,30.73,0.00,26.79,26.71
5797,2023-08-30T13:00:00Z,8,2023,9,56.08,5.94,47.86,27.58
5798,2023-08-30T14:00:00Z,8,2023,10,107.78,35.56,81.35,28.78
5799,2023-08-30T15:00:00Z,8,2023,11,113.53,49.45,76.63,30.03
5800,2023-08-30T16:00:00Z,8,2023,12,209.98,10.55,165.32,30.67
5801,2023-08-30T17:00:00Z,8,2023,13,284.42,9.88,226.93,30.72
5802,2023-08-30T18:00:00Z,8,2023,14,274.38,8.59,219.25,30.61
5803,2023-08-30T19:00:00Z,8,2023,15,208.48,0.00,171.38,30.46
5804,2023-08-30T20:00:00Z,8,2023,16,171.38,0.00,143.94,30.16
5805,2023-08-30T21:00:00Z,8,2023,17,187.62,1.15,155.62,29.64
5806,2023-08-30T22:00:00Z,8,2023,18,98.55,6.60,84.90,28.95
5807,2023-08-30T23:00:00Z,8,2023,19,15.32,1.59,16.28,28.08
5808,2023-08-31T00:00:00Z,8,2023,20,0.00,0.00,0.00,27.41
5809,2023-08-31T01:00:00Z,8,2023,21,0.00,0.00,0.00,27.10
5810,2023-08-31T02:00:00Z,8,2023,22,0.00,0.00,0.00,26.86
5811,2023-08-31T03:00:00Z,8,2023,23,0.00,0.00,0.00,26.60
5812,2023-08-31T04:00:00Z,8,2023,0,0.00,0.00,0.00,26.42
5813,2023-08-31T05:00:00Z,8,2023,1,0.00,0.00,0.00,26.27
5814,2023-08-31T06:00:00Z,8,2023,2,0.00,0.00,0.00,26.16
5815,2023-08-31T07:00:00Z,8,2023,3,0.00,0.00,0.00,26.06
5816,2023-08-31T08:00:00Z,8,2023,4,0.00,0.00,0.00,25.96
5817,2023-08-31T09:00:00Z,8,2023,5,0.00,0.00,0.00,25.80
5818,2023-08-31T10:00:00Z,8,2023,6,0.00,0.00,0.00,25.63
5819,2023-08-31T11:00:00Z,8,2023,7,28.55,27.43,28.10,26.12
5820,2023-08-31T12:00:00Z,8,2023,8,170.85,218.12,111.81,27.33
5821,2023-08-31T13:00:00Z,8,2023,9,337.10,315.61,174.70,28.58
5822,2023-08-31T14:00:00Z,8,2023,10,551.22,465.25,211.88,29.78
5823,2023-08-31T15:00:00Z,8,2023,11,658.05,531.60,214.34,30.67
5824,2023-08-31T16:00:00Z,8,2023,12,625.10,376.34,274.91,31.34
5825,2023-08-31T17:00:00Z,8,2023,13,620.58,313.96,289.56,31.85
5826,2023-08-31T18:00:00Z,8,2023,14,523.12,164.77,313.97,32.33
5827,2023-08-31T19:00:00Z,8,2023,15,354.62,40.14,259.51,32.41
5828,2023-08-31T20:00:00Z,8,2023,16,213.05,19.75,170.87,32.09
5829,2023-08-31T21:00:00Z,8,2023,17,133.98,13.34,113.12,31.48
5830,2023-08-31T22:00:00Z,8,2023,18,70.78,11.66,59.66,30.65
5831,2023-08-31T23:00:00Z,8,2023,19,7.62,1.90,7.62,29.71
5832,2023-09-01T00:00:00Z,9,2023,20,0.00,0.00,0.00,29.03
5833,2023-09-01T01:00:00Z,9,2023,21,0.00,0.00,0.00,28.12
5834,2023-09-01T02:00:00Z,9,2023,22,0.00,0.00,0.00,27.34
5835,2023-09-01T03:00:00Z,9,2023,23,0.00,0.00,0.00,26.88
5836,2023-09-01T04:00:00Z,9,2023,0,0.00,0.00,0.00,26.59
5837,2023-09-01T05:00:00Z,9,2023,1,0.00,0.00,0.00,26.35
5838,2023-09-01T06:00:00Z,9,2023,2,0.00,0.00,0.00,26.23
5839,2023-09-01T07:00:00Z,9,2023,3,0.00,0.00,0.00,26.25
5840,2023-09-01T08:00:00Z,9,2023,4,0.00,0.00,0.00,26.25
5841,2023-09-01T09:00:00Z,9,2023,5,0.00,0.00,0.00,26.19
5842,2023-09-01T10:00:00Z,9,2023,6,0.00,0.00,0.00,26.01
5843,2023-09-01T11:00:00Z,9,2023,7,31.15,51.59,29.17,26.18
5844,2023-09-01T12:00:00Z,9,2023,8,207.40,382.46,95.35,27.51
5845,2023-09-01T13:00:00Z,9,2023,9,419.12,552.17,132.06,28.42
5846,2023-09-01T14:00:00Z,9,2023,10,565.80,566.75,164.83,29.23
5847,2023-09-01T15:00:00Z,9,2023,11,607.67,574.14,158.10,29.93
5848,2023-09-01T16:00:00Z,9,2023,12,646.88,442.42,244.70,30.43
5849,2023-09-01T17:00:00Z,9,2023,13,650.38,281.93,348.26,30.83
5850,2023-09-01T18:00:00Z,9,2023,14,556.42,252.72,300.53,30.86
5851,2023-09-01T19:00:00Z,9,2023,15,498.70,198.33,296.77,30.64
5852,2023-09-01T20:00:00Z,9,2023,16,337.75,93.40,238.79,30.14
5853,2023-09-01T21:00:00Z,9,2023,17,222.25,51.86,176.80,29.22
5854,2023-09-01T22:00:00Z,9,2023,18,106.38,27.27,86.30,28.31
5855,2023-09-01T23:00:00Z,9,2023,19,12.60,1.76,13.38,27.30
5856,2023-09-02T00:00:00Z,9,2023,20,0.00,0.00,0.00,26.68
5857,2023-09-02T01:00:00Z,9,2023,21,0.00,0.00,0.00,26.40
5858,2023-09-02T02:00:00Z,9,2023,22,0.00,0.00,0.00,26.24
5859,2023-09-02T03:00:00Z,9,2023,23,0.00,0.00,0.00,26.17
5860,2023-09-02T04:00:00Z,9,2023,0,0.00,0.00,0.00,26.10
5861,2023-09-02T05:00:00Z,9,2023,1,0.00,0.00,0.00,26.03
5862,2023-09-02T06:00:00Z,9,2023,2,0.00,0.00,0.00,25.92
5863,2023-09-02T07:00:00Z,9,2023,3,0.00,0.00,0.00,25.75
5864,2023-09-02T08:00:00Z,9,2023,4,0.00,0.00,0.00,25.55
5865,2023-09-02T09:00:00Z,9,2023,5,0.00,0.00,0.00,25.34
5866,2023-09-02T10:00:00Z,9,2023,6,0.00,0.00,0.00,25.07
5867,2023-09-02T11:00:00Z,9,2023,7,24.20,56.91,22.61,25.33
5868,2023-09-02T12:00:00Z,9,2023,8,118.35,211.04,74.50,26.77
5869,2023-09-02T13:00:00Z,9,2023,9,231.90,71.16,176.75,28.41
5870,2023-09-02T14:00:00Z,9,2023,10,321.08,313.38,221.78,29.98
5871,2023-09-02T15:00:00Z,9,2023,11,526.12,344.53,319.59,31.05
5872,2023-09-02T16:00:00Z,9,2023,12,582.10,326.22,333.43,31.74
5873,2023-09-02T17:00:00Z,9,2023,13,731.58,610.91,301.90,32.09
5874,2023-09-02T18:00:00Z,9,2023,14,536.35,221.72,308.47,31.82
5875,2023-09-02T19:00:00Z,9,2023,15,399.52,551.02,134.99,31.29
5876,2023-09-02T20:00:00Z,9,2023,16,337.20,313.77,163.31,30.68
5877,2023-09-02T21:00:00Z,9,2023,17,226.23,279.56,117.69,30.00
5878,2023-09-02T22:00:00Z,9,2023,18,114.03,153.27,77.58,28.90
5879,2023-09-02T23:00:00Z,9,2023,19,17.73,25.79,18.39,27.06
5880,2023-09-03T00:00:00Z,9,2023,20,0.00,0.00,0.00,25.70
5881,2023-09-03T01:00:00Z,9,2023,21,0.00,0.00,0.00,24.98
5882,2023-09-03T02:00:00Z,9,2023,22,0.00,0.00,0.00,24.38
5883,2023-09-03T03:00:00Z,9,2023,23,0.00,0.00,0.00,23.94
5884,2023-09-03T04:00:00Z,9,2023,0,0.00,0.00,0.00,23.66
5885,2023-09-03T05:00:00Z,9,2023,1,0.00,0.00,0.00,23.72
5886,2023-09-03T06:00:00Z,9,2023,2,0.00,0.00,0.00,23.62
5887,2023-09-03T07:00:00Z,9,2023,3,0.00,0.00,0.00,23.56
5888,2023-09-03T08:00:00Z,9,2023,4,0.00,0.00,0.00,23.51
5889,2023-09-03T09:00:00Z,9,2023,5,0.00,0.00,0.00,23.34
5890,2023-09-03T10:00:00Z,9,2023,6,0.00,0.00,0.00,23.23
5891,2023-09-03T11:00:00Z,9,2023,7,42.85,172.78,25.25,23.81
5892,2023-09-03T12:00:00Z,9,2023,8,240.48,570.73,67.93,25.98
5893,2023-09-03T13:00:00Z,9,2023,9,463.70,744.96,83.69,27.78
5894,2023-09-03T14:00:00Z,9,2023,10,665.08,812.99,107.93,29.32
5895,2023-09-03T15:00:00Z,9,2023,11,789.08,796.42,139.23,30.46
5896,2023-09-03T16:00:00Z,9,2023,12,841.08,752.98,172.54,31.36
5897,2023-09-03T17:00:00Z,9,2023,13,847.20,664.71,218.73,31.76
5898,2023-09-03T18:00:00Z,9,2023,14,831.10,712.15,191.94,31.86
5899,2023-09-03T19:00:00Z,9,2023,15,751.80,744.61,154.53,31.59
5900,2023-09-03T20:00:00Z,9,2023,16,613.12,751.93,116.91,31.03
5901,2023-09-03T21:00:00Z,9,2023,17,401.08,690.01,84.17,30.19
5902,2023-09-03T22:00:00Z,9,2023,18,204.52,509.50,70.55,28.88
5903,2023-09-03T23:00:00Z,9,2023,19,24.50,112.94,21.07,26.86
5904,2023-09-04T00:00:00Z,9,2023,20,0.00,0.00,0.00,25.48
5905,2023-09-04T01:00:00Z,9,2023,21,0.00,0.00,0.00,24.87
5906,2023-09-04T02:00:00Z,9,2023,22,0.00,0.00,0.00,24.38
5907,2023-09-04T03:00:00Z,9,2023,23,0.00,0.00,0.00,23.95
5908,2023-09-04T04:00:00Z,9,2023,0,0.00,0.00,0.00,23.64
5909,2023-09-04T05:00:00Z,9,2023,1,0.00,0.00,0.00,23.37
5910,2023-09-04T06:00:00Z,9,2023,2,0.00,0.00,0.00,23.10
5911,2023-09-04T07:00:00Z,9,2023,3,0.00,0.00,0.00,23.15
5912,2023-09-04T08:00:00Z,9,2023,4,0.00,0.00,0.00,23.19
5913,2023-09-04T09:00:00Z,9,2023,5,0.00,0.00,0.00,23.07
5914,2023-09-04T10:00:00Z,9,2023,6,0.00,0.00,0.00,22.78
5915,2023-09-04T11:00:00Z,9,2023,7,46.70,267.42,19.77,23.30
5916,2023-09-04T12:00:00Z,9,2023,8,253.90,688.79,47.32,26.11
5917,2023-09-04T13:00:00Z,9,2023,9,477.92,823.62,64.08,28.25
5918,2023-09-04T14:00:00Z,9,2023,10,660.58,826.08,110.21,29.71
5919,2023-09-04T15:00:00Z,9,2023,11,802.28,842.97,128.28,30.78
5920,2023-09-04T16:00:00Z,9,2023,12,895.53,827.31,150.73,31.66
5921,2023-09-04T17:00:00Z,9,2023,13,849.83,751.98,169.00,32.28
5922,2023-09-04T18:00:00Z,9,2023,14,820.33,659.15,220.45,32.57
5923,2023-09-04T19:00:00Z,9,2023,15,722.55,690.76,182.32,32.51
5924,2023-09-04T20:00:00Z,9,2023,16,601.33,734.35,116.66,32.07
5925,2023-09-04T21:00:00Z,9,2023,17,404.55,663.26,89.54,31.17
5926,2023-09-04T22:00:00Z,9,2023,18,206.82,560.04,55.61,29.50
5927,2023-09-04T23:00:00Z,9,2023,19,23.35,128.34,16.08,27.21
5928,2023-09-05T00:00:00Z,9,2023,20,0.00,0.00,0.00,25.92
5929,2023-09-05T01:00:00Z,9,2023,21,0.00,0.00,0.00,25.22
5930,2023-09-05T02:00:00Z,9,2023,22,0.00,0.00,0.00,24.55
5931,2023-09-05T03:00:00Z,9,2023,23,0.00,0.00,0.00,23.90
5932,2023-09-05T04:00:00Z,9,2023,0,0.00,0.00,0.00,23.34
5933,2023-09-05T05:00:00Z,9,2023,1,0.00,0.00,0.00,22.91
5934,2023-09-05T06:00:00Z,9,2023,2,0.00,0.00,0.00,22.73
5935,2023-09-05T07:00:00Z,9,2023,3,0.00,0.00,0.00,22.82
5936,2023-09-05T08:00:00Z,9,2023,4,0.00,0.00,0.00,22.98
5937,2023-09-05T09:00:00Z,9,2023,5,0.00,0.00,0.00,23.02
5938,2023-09-05T10:00:00Z,9,2023,6,0.00,0.00,0.00,23.05
5939,2023-09-05T11:00:00Z,9,2023,7,41.45,176.31,25.27,23.52
5940,2023-09-05T12:00:00Z,9,2023,8,233.62,524.80,78.08,25.83
5941,2023-09-05T13:00:00Z,9,2023,9,451.00,678.75,115.47,28.24
5942,2023-09-05T14:00:00Z,9,2023,10,623.62,652.63,185.96,29.62
5943,2023-09-05T15:00:00Z,9,2023,11,760.90,655.30,224.17,30.80
5944,2023-09-05T16:00:00Z,9,2023,12,842.33,714.90,207.35,31.92
5945,2023-09-05T17:00:00Z,9,2023,13,823.62,539.86,334.83,32.88
5946,2023-09-05T18:00:00Z,9,2023,14,756.38,520.04,337.49,33.45
5947,2023-09-05T19:00:00Z,9,2023,15,647.53,289.32,389.64,33.39
5948,2023-09-05T20:00:00Z,9,2023,16,520.92,359.87,272.95,32.65
5949,2023-09-05T21:00:00Z,9,2023,17,344.45,353.62,178.99,31.60
5950,2023-09-05T22:00:00Z,9,2023,18,172.23,329.42,90.35,30.23
5951,2023-09-05T23:00:00Z,9,2023,19,19.40,57.67,18.31,28.53
5952,2023-09-06T00:00:00Z,9,2023,20,0.00,0.00,0.00,27.51
5953,2023-09-06T01:00:00Z,9,2023,21,0.00,0.00,0.00,26.76
5954,2023-09-06T02:00:00Z,9,2023,22,0.00,0.00,0.00,26.10
5955,2023-09-06T03:00:00Z,9,2023,23,0.00,0.00,0.00,25.57
5956,2023-09-06T04:00:00Z,9,2023,0,0.00,0.00,0.00,25.15
5957,2023-09-06T05:00:00Z,9,2023,1,0.00,0.00,0.00,24.79
5958,2023-09-06T06:00:00Z,9,2023,2,0.00,0.00,0.00,24.49
5959,2023-09-06T07:00:00Z,9,2023,3,0.00,0.00,0.00,24.26
5960,2023-09-06T08:00:00Z,9,2023,4,0.00,0.00,0.00,24.08
5961,2023-09-06T09:00:00Z,9,2023,5,0.00,0.00,0.00,23.95
5962,2023-09-06T10:00:00Z,9,2023,6,0.00,0.00,0.00,23.90
5963,2023-09-06T11:00:00Z,9,2023,7,35.78,102.64,26.38,24.19
5964,2023-09-06T12:00:00Z,9,2023,8,222.80,455.62,87.11,26.04
5965,2023-09-06T13:00:00Z,9,2023,9,428.88,597.66,133.65,28.62
5966,2023-09-06T14:00:00Z,9,2023,10,598.00,567.60,224.95,30.55
5967,2023-09-06T15:00:00Z,9,2023,11,736.55,565.73,270.06,31.96
5968,2023-09-06T16:00:00Z,9,2023,12,832.15,647.38,243.53,33.12
5969,2023-09-06T17:00:00Z,9,2023,13,838.97,552.02,321.41,34.00
5970,2023-09-06T18:00:00Z,9,2023,14,799.42,621.52,232.84,34.53
5971,2023-09-06T19:00:00Z,9,2023,15,720.05,701.72,157.89,34.47
5972,2023-09-06T20:00:00Z,9,2023,16,572.03,671.71,137.40,34.31
5973,2023-09-06T21:00:00Z,9,2023,17,369.20,549.57,119.59,33.89
5974,2023-09-06T22:00:00Z,9,2023,18,173.75,340.31,88.43,33.05
5975,2023-09-06T23:00:00Z,9,2023,19,16.35,34.83,19.08,30.29
5976,2023-09-07T00:00:00Z,9,2023,20,0.00,0.00,0.00,28.35
5977,2023-09-07T01:00:00Z,9,2023,21,0.00,0.00,0.00,27.47
5978,2023-09-07T02:00:00Z,9,2023,22,0.00,0.00,0.00,26.63
5979,2023-09-07T03:00:00Z,9,2023,23,0.00,0.00,0.00,25.90
5980,2023-09-07T04:00:00Z,9,2023,0,0.00,0.00,0.00,25.28
5981,2023-09-07T05:00:00Z,9,2023,1,0.00,0.00,0.00,24.75
5982,2023-09-07T06:00:00Z,9,2023,2,0.00,0.00,0.00,24.27
5983,2023-09-07T07:00:00Z,9,2023,3,0.00,0.00,0.00,23.86
5984,2023-09-07T08:00:00Z,9,2023,4,0.00,0.00,0.00,23.48
5985,2023-09-07T09:00:00Z,9,2023,5,0.00,0.00,0.00,23.15
5986,2023-09-07T10:00:00Z,9,2023,6,0.00,0.00,0.00,22.87
5987,2023-09-07T11:00:00Z,9,2023,7,36.17,140.49,22.09,23.45
5988,2023-09-07T12:00:00Z,9,2023,8,228.35,540.31,63.95,25.56
5989,2023-09-07T13:00:00Z,9,2023,9,443.58,692.01,93.86,28.99
5990,2023-09-07T14:00:00Z,9,2023,10,633.53,740.44,123.63,31.28
5991,2023-09-07T15:00:00Z,9,2023,11,765.95,736.18,165.01,32.60
5992,2023-09-07T16:00:00Z,9,2023,12,785.60,671.15,196.31,33.66
5993,2023-09-07T17:00:00Z,9,2023,13,793.17,618.19,233.66,34.47
5994,2023-09-07T18:00:00Z,9,2023,14,761.22,667.50,183.71,34.95
5995,2023-09-07T19:00:00Z,9,2023,15,678.10,591.19,210.43,35.13
5996,2023-09-07T20:00:00Z,9,2023,16,518.40,552.85,157.45,34.96
5997,2023-09-07T21:00:00Z,9,2023,17,328.67,415.09,141.82,34.48
5998,2023-09-07T22:00:00Z,9,2023,18,153.80,239.16,92.89,33.63
5999,2023-09-07T23:00:00Z,9,2023,19,14.15,19.71,15.70,30.98
6000,2023-09-08T00:00:00Z,9,2023,20,0.00,0.00,0.00,29.14
6001,2023-09-08T01:00:00Z,9,2023,21,0.00,0.00,0.00,28.07
6002,2023-09-08T02:00:00Z,9,2023,22,0.00,0.00,0.00,27.08
6003,2023-09-08T03:00:00Z,9,2023,23,0.00,0.00,0.00,26.39
6004,2023-09-08T04:00:00Z,9,2023,0,0.00,0.00,0.00,25.90
6005,2023-09-08T05:00:00Z,9,2023,1,0.00,0.00,0.00,25.48
6006,2023-09-08T06:00:00Z,9,2023,2,0.00,0.00,0.00,25.11
6007,2023-09-08T07:00:00Z,9,2023,3,0.00,0.00,0.00,24.84
6008,2023-09-08T08:00:00Z,9,2023,4,0.00,0.00,0.00,24.71
6009,2023-09-08T09:00:00Z,9,2023,5,0.00,0.00,0.00,24.75
6010,2023-09-08T10:00:00Z,9,2023,6,0.00,0.00,0.00,24.75
6011,2023-09-08T11:00:00Z,9,2023,7,22.35,24.41,21.38,24.93
6012,2023-09-08T12:00:00Z,9,2023,8,134.20,148.33,99.40,26.70
6013,2023-09-08T13:00:00Z,9,2023,9,275.02,242.57,150.84,28.95
6014,2023-09-08T14:00:00Z,9,2023,10,424.02,221.34,249.04,30.59
6015,2023-09-08T15:00:00Z,9,2023,11,489.80,182.43,295.34,31.21
6016,2023-09-08T16:00:00Z,9,2023,12,524.53,198.06,304.59,31.43
6017,2023-09-08T17:00:00Z,9,2023,13,345.17,69.00,229.87,31.42
6018,2023-09-08T18:00:00Z,9,2023,14,379.70,113.55,246.23,31.26
6019,2023-09-08T19:00:00Z,9,2023,15,216.60,111.61,133.20,31.05
6020,2023-09-08T20:00:00Z,9,2023,16,362.83,261.16,192.01,30.73
6021,2023-09-08T21:00:00Z,9,2023,17,252.23,259.22,152.47,30.07
6022,2023-09-08T22:00:00Z,9,2023,18,127.93,220.10,80.61,29.28
6023,2023-09-08T23:00:00Z,9,2023,19,12.98,34.59,14.54,27.38
6024,2023-09-09T00:00:00Z,9,2023,20,0.00,0.00,0.00,25.69
6025,2023-09-09T01:00:00Z,9,2023,21,0.00,0.00,0.00,24.58
6026,2023-09-09T02:00:00Z,9,2023,22,0.00,0.00,0.00,23.80
6027,2023-09-09T03:00:00Z,9,2023,23,0.00,0.00,0.00,23.29
6028,2023-09-09T04:00:00Z,9,2023,0,0.00,0.00,0.00,22.99
6029,2023-09-09T05:00:00Z,9,2023,1,0.00,0.00,0.00,22.74
6030,2023-09-09T06:00:00Z,9,2023,2,0.00,0.00,0.00,22.64
6031,2023-09-09T07:00:00Z,9,2023,3,0.00,0.00,0.00,22.73
6032,2023-09-09T08:00:00Z,9,2023,4,0.00,0.00,0.00,22.87
6033,2023-09-09T09:00:00Z,9,2023,5,0.00,0.00,0.00,23.06
6034,2023-09-09T10:00:00Z,9,2023,6,0.00,0.00,0.00,22.95
6035,2023-09-09T11:00:00Z,9,2023,7,35.72,161.96,20.44,22.97
6036,2023-09-09T12:00:00Z,9,2023,8,229.12,573.08,57.94,24.38
6037,2023-09-09T13:00:00Z,9,2023,9,448.08,730.95,81.17,26.42
6038,2023-09-09T14:00:00Z,9,2023,10,611.55,680.67,149.16,28.33
6039,2023-09-09T15:00:00Z,9,2023,11,747.65,663.89,222.21,29.88
6040,2023-09-09T16:00:00Z,9,2023,12,818.22,654.99,228.70,31.06
6041,2023-09-09T17:00:00Z,9,2023,13,758.00,401.22,357.79,31.94
6042,2023-09-09T18:00:00Z,9,2023,14,661.70,381.44,331.20,32.50
6043,2023-09-09T19:00:00Z,9,2023,15,502.33,202.54,312.70,32.75
6044,2023-09-09T20:00:00Z,9,2023,16,408.25,175.07,272.95,32.64
6045,2023-09-09T21:00:00Z,9,2023,17,258.77,107.83,201.50,32.19
6046,2023-09-09T22:00:00Z,9,2023,18,115.40,64.31,95.97,31.25
6047,2023-09-09T23:00:00Z,9,2023,19,10.95,13.04,13.09,28.62
6048,2023-09-10T00:00:00Z,9,2023,20,0.00,0.00,0.00,27.08
6049,2023-09-10T01:00:00Z,9,2023,21,0.00,0.00,0.00,26.44
6050,2023-09-10T02:00:00Z,9,2023,22,0.00,0.00,0.00,25.84
6051,2023-09-10T03:00:00Z,9,2023,23,0.00,0.00,0.00,25.32
6052,2023-09-10T04:00:00Z,9,2023,0,0.00,0.00,0.00,24.88
6053,2023-09-10T05:00:00Z,9,2023,1,0.00,0.00,0.00,24.50
6054,2023-09-10T06:00:00Z,9,2023,2,0.00,0.00,0.00,24.18
6055,2023-09-10T07:00:00Z,9,2023,3,0.00,0.00,0.00,23.95
6056,2023-09-10T08:00:00Z,9,2023,4,0.00,0.00,0.00,23.78
6057,2023-09-10T09:00:00Z,9,2023,5,0.00,0.00,0.00,23.70
6058,2023-09-10T10:00:00Z,9,2023,6,0.00,0.00,0.00,23.73
6059,2023-09-10T11:00:00Z,9,2023,7,34.28,155.65,20.97,24.31
6060,2023-09-10T12:00:00Z,9,2023,8,224.18,560.38,59.23,26.12
6061,2023-09-10T13:00:00Z,9,2023,9,441.35,721.96,82.44,27.55
6062,2023-09-10T14:00:00Z,9,2023,10,641.10,812.60,92.48,29.18
6063,2023-09-10T15:00:00Z,9,2023,11,796.95,865.00,96.63,30.79
6064,2023-09-10T16:00:00Z,9,2023,12,858.10,770.63,154.97,32.08
6065,2023-09-10T17:00:00Z,9,2023,13,815.53,675.68,197.58,32.81
6066,2023-09-10T18:00:00Z,9,2023,14,731.42,663.40,167.04,33.18
6067,2023-09-10T19:00:00Z,9,2023,15,662.97,603.11,187.22,33.20
6068,2023-09-10T20:00:00Z,9,2023,16,495.35,556.61,149.12,32.90
6069,2023-09-10T21:00:00Z,9,2023,17,308.90,484.39,110.66,32.37
6070,2023-09-10T22:00:00Z,9,2023,18,124.22,261.80,66.56,31.07
6071,2023-09-10T23:00:00Z,9,2023,19,8.73,15.27,10.14,28.42
6072,2023-09-11T00:00:00Z,9,2023,20,0.00,0.00,0.00,27.25
6073,2023-09-11T01:00:00Z,9,2023,21,0.00,0.00,0.00,26.81
6074,2023-09-11T02:00:00Z,9,2023,22,0.00,0.00,0.00,26.28
6075,2023-09-11T03:00:00Z,9,2023,23,0.00,0.00,0.00,25.78
6076,2023-09-11T04:00:00Z,9,2023,0,0.00,0.00,0.00,25.40
6077,2023-09-11T05:00:00Z,9,2023,1,0.00,0.00,0.00,25.10
6078,2023-09-11T06:00:00Z,9,2023,2,0.00,0.00,0.00,24.80
6079,2023-09-11T07:00:00Z,9,2023,3,0.00,0.00,0.00,24.50
6080,2023-09-11T08:00:00Z,9,2023,4,0.00,0.00,0.00,24.31
6081,2023-09-11T09:00:00Z,9,2023,5,0.00,0.00,0.00,24.46
6082,2023-09-11T10:00:00Z,9,2023,6,0.00,0.00,0.00,24.71
6083,2023-09-11T11:00:00Z,9,2023,7,31.23,116.31,21.19,25.26
6084,2023-09-11T12:00:00Z,9,2023,8,216.43,510.22,66.41,27.07
6085,2023-09-11T13:00:00Z,9,2023,9,406.42,620.27,100.86,29.84
6086,2023-09-11T14:00:00Z,9,2023,10,591.55,687.89,125.78,31.29
6087,2023-09-11T15:00:00Z,9,2023,11,737.35,712.02,163.09,32.16
6088,2023-09-11T16:00:00Z,9,2023,12,813.12,720.87,171.66,32.95
6089,2023-09-11T17:00:00Z,9,2023,13,792.90,646.73,209.72,33.59
6090,2023-09-11T18:00:00Z,9,2023,14,774.00,639.61,221.14,33.86
6091,2023-09-11T19:00:00Z,9,2023,15,659.30,631.98,169.74,33.69
6092,2023-09-11T20:00:00Z,9,2023,16,508.88,615.29,130.47,33.17
6093,2023-09-11T21:00:00Z,9,2023,17,332.08,408.44,144.96,32.19
6094,2023-09-11T22:00:00Z,9,2023,18,133.15,209.71,86.89,30.76
6095,2023-09-11T23:00:00Z,9,2023,19,8.80,11.21,10.98,28.31
6096,2023-09-12T00:00:00Z,9,2023,20,0.00,0.00,0.00,27.27
6097,2023-09-12T01:00:00Z,9,2023,21,0.00,0.00,0.00,26.84
6098,2023-09-12T02:00:00Z,9,2023,22,0.00,0.00,0.00,26.45
6099,2023-09-12T03:00:00Z,9,2023,23,0.00,0.00,0.00,26.02
6100,2023-09-12T04:00:00Z,9,2023,0,0.00,0.00,0.00,25.63
6101,2023-09-12T05:00:00Z,9,2023,1,0.00,0.00,0.00,25.26
6102,2023-09-12T06:00:00Z,9,2023,2,0.00,0.00,0.00,24.89
6103,2023-09-12T07:00:00Z,9,2023,3,0.00,0.00,0.00,24.67
6104,2023-09-12T08:00:00Z,9,2023,4,0.00,0.00,0.00,24.51
6105,2023-09-12T09:00:00Z,9,2023,5,0.00,0.00,0.00,24.67
6106,2023-09-12T10:00:00Z,9,2023,6,0.00,0.00,0.00,24.93
6107,2023-09-12T11:00:00Z,9,2023,7,31.23,106.16,22.64,25.26
6108,2023-09-12T12:00:00Z,9,2023,8,214.23,462.31,78.89,26.43
6109,2023-09-12T13:00:00Z,9,2023,9,426.08,644.07,106.67,28.79
6110,2023-09-12T14:00:00Z,9,2023,10,618.03,700.49,138.73,30.75
6111,2023-09-12T15:00:00Z,9,2023,11,742.40,691.33,180.04,31.32
6112,2023-09-12T16:00:00Z,9,2023,12,785.22,641.23,218.74,31.61
6113,2023-09-12T17:00:00Z,9,2023,13,818.47,654.01,223.92,31.99
6114,2023-09-12T18:00:00Z,9,2023,14,747.70,681.17,169.90,32.08
6115,2023-09-12T19:00:00Z,9,2023,15,637.03,621.39,167.46,32.06
6116,2023-09-12T20:00:00Z,9,2023,16,483.05,591.78,126.95,31.66
6117,2023-09-12T21:00:00Z,9,2023,17,299.23,430.24,113.36,31.03
6118,2023-09-12T22:00:00Z,9,2023,18,125.97,240.54,69.32,29.95
6119,2023-09-12T23:00:00Z,9,2023,19,7.95,15.16,9.70,28.09
6120,2023-09-13T00:00:00Z,9,2023,20,0.00,0.00,0.00,27.33
6121,2023-09-13T01:00:00Z,9,2023,21,0.00,0.00,0.00,26.91
6122,2023-09-13T02:00:00Z,9,2023,22,0.00,0.00,0.00,26.52
6123,2023-09-13T03:00:00Z,9,2023,23,0.00,0.00,0.00,26.16
6124,2023-09-13T04:00:00Z,9,2023,0,0.00,0.00,0.00,25.88
6125,2023-09-13T05:00:00Z,9,2023,1,0.00,0.00,0.00,25.62
6126,2023-09-13T06:00:00Z,9,2023,2,0.00,0.00,0.00,25.40
6127,2023-09-13T07:00:00Z,9,2023,3,0.00,0.00,0.00,25.21
6128,2023-09-13T08:00:00Z,9,2023,4,0.00,0.00,0.00,25.21
6129,2023-09-13T09:00:00Z,9,2023,5,0.00,0.00,0.00,25.32
6130,2023-09-13T10:00:00Z,9,2023,6,0.00,0.00,0.00,25.18
6131,2023-09-13T11:00:00Z,9,2023,7,28.05,101.49,21.15,25.32
6132,2023-09-13T12:00:00Z,9,2023,8,207.12,480.53,67.30,26.74
6133,2023-09-13T13:00:00Z,9,2023,9,388.38,638.72,88.92,28.47
6134,2023-09-13T14:00:00Z,9,2023,10,538.78,670.36,115.09,29.96
6135,2023-09-13T15:00:00Z,9,2023,11,678.85,645.81,182.42,31.14
6136,2023-09-13T16:00:00Z,9,2023,12,756.15,682.34,176.33,31.98
6137,2023-09-13T17:00:00Z,9,2023,13,778.58,618.66,197.77,32.74
6138,2023-09-13T18:00:00Z,9,2023,14,754.08,686.31,163.62,33.16
6139,2023-09-13T19:00:00Z,9,2023,15,587.67,510.27,187.32,33.21
6140,2023-09-13T20:00:00Z,9,2023,16,421.80,479.98,135.40,33.08
6141,2023-09-13T21:00:00Z,9,2023,17,263.95,384.83,100.85,32.47
6142,2023-09-13T22:00:00Z,9,2023,18,113.93,270.72,58.04,31.44
6143,2023-09-13T23:00:00Z,9,2023,19,8.40,17.13,10.36,29.41
6144,2023-09-14T00:00:00Z,9,2023,20,0.00,0.00,0.00,28.05
6145,2023-09-14T01:00:00Z,9,2023,21,0.00,0.00,0.00,27.14
6146,2023-09-14T02:00:00Z,9,2023,22,0.00,0.00,0.00,26.43
6147,2023-09-14T03:00:00Z,9,2023,23,0.00,0.00,0.00,26.04
6148,2023-09-14T04:00:00Z,9,2023,0,0.00,0.00,0.00,25.66
6149,2023-09-14T05:00:00Z,9,2023,1,0.00,0.00,0.00,25.32
6150,2023-09-14T06:00:00Z,9,2023,2,0.00,0.00,0.00,25.09
6151,2023-09-14T07:00:00Z,9,2023,3,0.00,0.00,0.00,24.97
6152,2023-09-14T08:00:00Z,9,2023,4,0.00,0.00,0.00,24.93
6153,2023-09-14T09:00:00Z,9,2023,5,0.00,0.00,0.00,24.90
6154,2023-09-14T10:00:00Z,9,2023,6,0.00,0.00,0.00,24.85
6155,2023-09-14T11:00:00Z,9,2023,7,31.05,126.36,21.10,25.11
6156,2023-09-14T12:00:00Z,9,2023,8,219.10,557.73,57.69,27.48
6157,2023-09-14T13:00:00Z,9,2023,9,431.77,694.89,87.51,29.68
6158,2023-09-14T14:00:00Z,9,2023,10,629.45,803.89,91.08,30.87
6159,2023-09-14T15:00:00Z,9,2023,11,696.88,724.77,131.72,31.72
6160,2023-09-14T16:00:00Z,9,2023,12,697.72,587.20,192.63,32.35
6161,2023-09-14T17:00:00Z,9,2023,13,736.88,564.30,241.24,32.79
6162,2023-09-14T18:00:00Z,9,2023,14,569.80,496.18,194.84,33.10
6163,2023-09-14T19:00:00Z,9,2023,15,491.17,410.26,203.45,32.92
6164,2023-09-14T20:00:00Z,9,2023,16,343.42,355.90,153.09,32.45
6165,2023-09-14T21:00:00Z,9,2023,17,200.30,202.44,119.80,31.51
6166,2023-09-14T22:00:00Z,9,2023,18,90.78,92.14,69.92,30.23
6167,2023-09-14T23:00:00Z,9,2023,19,6.05,3.37,7.62,28.48
6168,2023-09-15T00:00:00Z,9,2023,20,0.00,0.00,0.00,27.30
6169,2023-09-15T01:00:00Z,9,2023,21,0.00,0.00,0.00,26.58
6170,2023-09-15T02:00:00Z,9,2023,22,0.00,0.00,0.00,26.08
6171,2023-09-15T03:00:00Z,9,2023,23,0.00,0.00,0.00,25.73
6172,2023-09-15T04:00:00Z,9,2023,0,0.00,0.00,0.00,25.46
6173,2023-09-15T05:00:00Z,9,2023,1,0.00,0.00,0.00,25.25
6174,2023-09-15T06:00:00Z,9,2023,2,0.00,0.00,0.00,25.11
6175,2023-09-15T07:00:00Z,9,2023,3,0.00,0.00,0.00,25.14
6176,2023-09-15T08:00:00Z,9,2023,4,0.00,0.00,0.00,25.22
6177,2023-09-15T09:00:00Z,9,2023,5,0.00,0.00,0.00,25.31
6178,2023-09-15T10:00:00Z,9,2023,6,0.00,0.00,0.00,25.35
6179,2023-09-15T11:00:00Z,9,2023,7,28.12,86.33,21.50,25.34
6180,2023-09-15T12:00:00Z,9,2023,8,201.52,451.27,71.93,27.05
6181,2023-09-15T13:00:00Z,9,2023,9,396.98,615.90,98.11,29.45
6182,2023-09-15T14:00:00Z,9,2023,10,585.45,631.89,160.12,30.89
6183,2023-09-15T15:00:00Z,9,2023,11,734.15,703.30,166.63,31.84
6184,2023-09-15T16:00:00Z,9,2023,12,806.15,726.26,172.96,32.54
6185,2023-09-15T17:00:00Z,9,2023,13,797.47,703.08,175.25,33.01
6186,2023-09-15T18:00:00Z,9,2023,14,673.60,600.78,166.01,33.16
6187,2023-09-15T19:00:00Z,9,2023,15,572.85,529.47,191.32,33.01
6188,2023-09-15T20:00:00Z,9,2023,16,393.17,392.99,163.11,32.57
6189,2023-09-15T21:00:00Z,9,2023,17,231.57,280.85,121.85,31.39
6190,2023-09-15T22:00:00Z,9,2023,18,89.82,141.56,61.90,29.69
6191,2023-09-15T23:00:00Z,9,2023,19,5.12,4.97,6.76,27.87
6192,2023-09-16T00:00:00Z,9,2023,20,0.00,0.00,0.00,26.85
6193,2023-09-16T01:00:00Z,9,2023,21,0.00,0.00,0.00,26.26
6194,2023-09-16T02:00:00Z,9,2023,22,0.00,0.00,0.00,25.85
6195,2023-09-16T03:00:00Z,9,2023,23,0.00,0.00,0.00,25.52
6196,2023-09-16T04:00:00Z,9,2023,0,0.00,0.00,0.00,25.33
6197,2023-09-16T05:00:00Z,9,2023,1,0.00,0.00,0.00,25.20
6198,2023-09-16T06:00:00Z,9,2023,2,0.00,0.00,0.00,25.06
6199,2023-09-16T07:00:00Z,9,2023,3,0.00,0.00,0.00,24.95
6200,2023-09-16T08:00:00Z,9,2023,4,0.00,0.00,0.00,24.88
6201,2023-09-16T09:00:00Z,9,2023,5,0.00,0.00,0.00,24.83
6202,2023-09-16T10:00:00Z,9,2023,6,0.00,0.00,0.00,24.69
6203,2023-09-16T11:00:00Z,9,2023,7,24.88,66.46,21.10,24.93
6204,2023-09-16T12:00:00Z,9,2023,8,189.77,405.29,74.36,26.89
6205,2023-09-16T13:00:00Z,9,2023,9,363.98,544.50,105.44,28.29
6206,2023-09-16T14:00:00Z,9,2023,10,550.80,598.32,149.93,29.60
6207,2023-09-16T15:00:00Z,9,2023,11,627.95,526.94,212.44,30.54
6208,2023-09-16T16:00:00Z,9,2023,12,684.58,516.10,236.83,31.01
6209,2023-09-16T17:00:00Z,9,2023,13,615.10,368.61,250.80,31.24
6210,2023-09-16T18:00:00Z,9,2023,14,603.10,508.69,214.72,31.35
6211,2023-09-16T19:00:00Z,9,2023,15,503.62,396.25,201.40,31.20
6212,2023-09-16T20:00:00Z,9,2023,16,426.23,387.44,182.27,30.81
6213,2023-09-16T21:00:00Z,9,2023,17,272.20,289.22,154.02,29.93
6214,2023-09-16T22:00:00Z,9,2023,18,100.05,130.23,74.41,28.84
6215,2023-09-16T23:00:00Z,9,2023,19,5.60,3.45,7.43,27.62
6216,2023-09-17T00:00:00Z,9,2023,20,0.00,0.00,0.00,27.01
6217,2023-09-17T01:00:00Z,9,2023,21,0.00,0.00,0.00,26.68
6218,2023-09-17T02:00:00Z,9,2023,22,0.00,0.00,0.00,26.40
6219,2023-09-17T03:00:00Z,9,2023,23,0.00,0.00,0.00,26.12
6220,2023-09-17T04:00:00Z,9,2023,0,0.00,0.00,0.00,25.87
6221,2023-09-17T05:00:00Z,9,2023,1,0.00,0.00,0.00,25.65
6222,2023-09-17T06:00:00Z,9,2023,2,0.00,0.00,0.00,25.45
6223,2023-09-17T07:00:00Z,9,2023,3,0.00,0.00,0.00,25.25
6224,2023-09-17T08:00:00Z,9,2023,4,0.00,0.00,0.00,25.08
6225,2023-09-17T09:00:00Z,9,2023,5,0.00,0.00,0.00,24.83
6226,2023-09-17T10:00:00Z,9,2023,6,0.00,0.00,0.00,24.57
6227,2023-09-17T11:00:00Z,9,2023,7,21.48,40.46,20.62,24.74
6228,2023-09-17T12:00:00Z,9,2023,8,188.62,342.00,89.86,26.53
6229,2023-09-17T13:00:00Z,9,2023,9,383.17,520.62,129.94,28.18
6230,2023-09-17T14:00:00Z,9,2023,10,599.05,684.26,137.15,29.79
6231,2023-09-17T15:00:00Z,9,2023,11,705.10,647.60,187.52,31.17
6232,2023-09-17T16:00:00Z,9,2023,12,725.80,605.88,202.63,32.16
6233,2023-09-17T17:00:00Z,9,2023,13,737.08,586.70,225.33,32.87
6234,2023-09-17T18:00:00Z,9,2023,14,701.65,561.79,210.45,33.33
6235,2023-09-17T19:00:00Z,9,2023,15,618.88,567.40,185.08,33.52
6236,2023-09-17T20:00:00Z,9,2023,16,473.58,570.33,125.08,33.25
6237,2023-09-17T21:00:00Z,9,2023,17,302.60,462.57,111.19,32.88
6238,2023-09-17T22:00:00Z,9,2023,18,113.18,220.60,68.14,31.73
6239,2023-09-17T23:00:00Z,9,2023,19,5.53,6.55,8.11,29.65
6240,2023-09-18T00:00:00Z,9,2023,20,0.00,0.00,0.00,28.50
6241,2023-09-18T01:00:00Z,9,2023,21,0.00,0.00,0.00,27.55
6242,2023-09-18T02:00:00Z,9,2023,22,0.00,0.00,0.00,26.73
6243,2023-09-18T03:00:00Z,9,2023,23,0.00,0.00,0.00,26.07
6244,2023-09-18T04:00:00Z,9,2023,0,0.00,0.00,0.00,25.64
6245,2023-09-18T05:00:00Z,9,2023,1,0.00,0.00,0.00,25.32
6246,2023-09-18T06:00:00Z,9,2023,2,0.00,0.00,0.00,25.08
6247,2023-09-18T07:00:00Z,9,2023,3,0.00,0.00,0.00,24.89
6248,2023-09-18T08:00:00Z,9,2023,4,0.00,0.00,0.00,24.57
6249,2023-09-18T09:00:00Z,9,2023,5,0.00,0.00,0.00,24.26
6250,2023-09-18T10:00:00Z,9,2023,6,0.00,0.00,0.00,24.01
6251,2023-09-18T11:00:00Z,9,2023,7,24.27,48.80,23.81,24.15
6252,2023-09-18T12:00:00Z,9,2023,8,182.45,276.62,102.32,25.52
6253,2023-09-18T13:00:00Z,9,2023,9,354.17,392.68,169.49,26.66
6254,2023-09-18T14:00:00Z,9,2023,10,525.38,476.14,209.75,28.01
6255,2023-09-18T15:00:00Z,9,2023,11,683.12,597.41,218.10,29.31
6256,2023-09-18T16:00:00Z,9,2023,12,770.88,710.57,170.00,30.31
6257,2023-09-18T17:00:00Z,9,2023,13,797.80,472.84,377.41,30.95
6258,2023-09-18T18:00:00Z,9,2023,14,670.25,413.31,306.26,31.16
6259,2023-09-18T19:00:00Z,9,2023,15,543.97,493.77,242.59,31.02
6260,2023-09-18T20:00:00Z,9,2023,16,447.40,485.11,167.33,30.59
6261,2023-09-18T21:00:00Z,9,2023,17,294.05,397.71,141.52,29.62
6262,2023-09-18T22:00:00Z,9,2023,18,114.47,219.47,68.42,28.37
6263,2023-09-18T23:00:00Z,9,2023,19,5.65,7.42,8.73,27.08
6264,2023-09-19T00:00:00Z,9,2023,20,0.00,0.00,0.00,26.25
6265,2023-09-19T01:00:00Z,9,2023,21,0.00,0.00,0.00,25.63
6266,2023-09-19T02:00:00Z,9,2023,22,0.00,0.00,0.00,25.10
6267,2023-09-19T03:00:00Z,9,2023,23,0.00,0.00,0.00,24.62
6268,2023-09-19T04:00:00Z,9,2023,0,0.00,0.00,0.00,24.20
6269,2023-09-19T05:00:00Z,9,2023,1,0.00,0.00,0.00,24.03
6270,2023-09-19T06:00:00Z,9,2023,2,0.00,0.00,0.00,23.97
6271,2023-09-19T07:00:00Z,9,2023,3,0.00,0.00,0.00,23.76
6272,2023-09-19T08:00:00Z,9,2023,4,0.00,0.00,0.00,23.49
6273,2023-09-19T09:00:00Z,9,2023,5,0.00,0.00,0.00,23.16
6274,2023-09-19T10:00:00Z,9,2023,6,0.00,0.00,0.00,22.86
6275,2023-09-19T11:00:00Z,9,2023,7,19.73,13.09,21.84,22.89
6276,2023-09-19T12:00:00Z,9,2023,8,153.73,59.02,122.63,24.66
6277,2023-09-19T13:00:00Z,9,2023,9,329.98,157.88,240.07,26.06
6278,2023-09-19T14:00:00Z,9,2023,10,499.60,223.97,330.96,27.05
6279,2023-09-19T15:00:00Z,9,2023,11,603.85,301.72,345.61,27.93
6280,2023-09-19T16:00:00Z,9,2023,12,617.95,384.53,285.28,29.01
6281,2023-09-19T17:00:00Z,9,2023,13,536.10,117.43,362.95,29.63
6282,2023-09-19T18:00:00Z,9,2023,14,497.35,252.14,316.10,29.96
6283,2023-09-19T19:00:00Z,9,2023,15,479.58,185.26,324.52,29.98
6284,2023-09-19T20:00:00Z,9,2023,16,297.92,20.72,252.70,29.33
6285,2023-09-19T21:00:00Z,9,2023,17,179.65,1.41,154.83,28.40
6286,2023-09-19T22:00:00Z,9,2023,18,77.90,10.72,68.02,27.26
6287,2023-09-19T23:00:00Z,9,2023,19,4.50,0.00,6.22,25.93
6288,2023-09-20T00:00:00Z,9,2023,20,0.00,0.00,0.00,25.29
6289,2023-09-20T01:00:00Z,9,2023,21,0.00,0.00,0.00,24.89
6290,2023-09-20T02:00:00Z,9,2023,22,0.00,0.00,0.00,24.60
6291,2023-09-20T03:00:00Z,9,2023,23,0.00,0.00,0.00,24.42
6292,2023-09-20T04:00:00Z,9,2023,0,0.00,0.00,0.00,24.37
6293,2023-09-20T05:00:00Z,9,2023,1,0.00,0.00,0.00,24.40
6294,2023-09-20T06:00:00Z,9,2023,2,0.00,0.00,0.00,24.43
6295,2023-09-20T07:00:00Z,9,2023,3,0.00,0.00,0.00,24.44
6296,2023-09-20T08:00:00Z,9,2023,4,0.00,0.00,0.00,24.40
6297,2023-09-20T09:00:00Z,9,2023,5,0.00,0.00,0.00,24.28
6298,2023-09-20T10:00:00Z,9,2023,6,0.00,0.00,0.00,24.20
6299,2023-09-20T11:00:00Z,9,2023,7,24.50,82.91,21.02,24.42
6300,2023-09-20T12:00:00Z,9,2023,8,195.45,435.84,76.85,26.22
6301,2023-09-20T13:00:00Z,9,2023,9,375.00,556.31,113.64,28.05
6302,2023-09-20T14:00:00Z,9,2023,10,563.28,646.67,155.50,29.45
6303,2023-09-20T15:00:00Z,9,2023,11,718.90,708.73,160.96,30.44
6304,2023-09-20T16:00:00Z,9,2023,12,763.05,702.83,178.62,31.17
6305,2023-09-20T17:00:00Z,9,2023,13,716.83,387.83,402.12,31.35
6306,2023-09-20T18:00:00Z,9,2023,14,670.00,360.61,420.98,31.40
6307,2023-09-20T19:00:00Z,9,2023,15,497.27,74.37,398.33,30.69
6308,2023-09-20T20:00:00Z,9,2023,16,199.38,13.99,169.82,29.39
6309,2023-09-20T21:00:00Z,9,2023,17,130.82,33.36,107.22,28.01
6310,2023-09-20T22:00:00Z,9,2023,18,39.42,29.33,33.73,26.77
6311,2023-09-20T23:00:00Z,9,2023,19,1.23,0.00,1.40,25.78
6312,2023-09-21T00:00:00Z,9,2023,20,0.00,0.00,0.00,25.24
6313,2023-09-21T01:00:00Z,9,2023,21,0.00,0.00,0.00,24.94
6314,2023-09-21T02:00:00Z,9,2023,22,0.00,0.00,0.00,24.65
6315,2023-09-21T03:00:00Z,9,2023,23,0.00,0.00,0.00,24.39
6316,2023-09-21T04:00:00Z,9,2023,0,0.00,0.00,0.00,24.19
6317,2023-09-21T05:00:00Z,9,2023,1,0.00,0.00,0.00,23.77
6318,2023-09-21T06:00:00Z,9,2023,2,0.00,0.00,0.00,23.28
6319,2023-09-21T07:00:00Z,9,2023,3,0.00,0.00,0.00,23.22
6320,2023-09-21T08:00:00Z,9,2023,4,0.00,0.00,0.00,22.73
6321,2023-09-21T09:00:00Z,9,2023,5,0.00,0.00,0.00,22.39
6322,2023-09-21T10:00:00Z,9,2023,6,0.00,0.00,0.00,22.19
6323,2023-09-21T11:00:00Z,9,2023,7,23.58,87.81,20.45,22.42
6324,2023-09-21T12:00:00Z,9,2023,8,199.07,471.94,70.41,24.32
6325,2023-09-21T13:00:00Z,9,2023,9,404.75,664.60,93.84,26.15
6326,2023-09-21T14:00:00Z,9,2023,10,617.97,801.89,93.79,28.06
6327,2023-09-21T15:00:00Z,9,2023,11,715.70,722.87,162.04,29.45
6328,2023-09-21T16:00:00Z,9,2023,12,816.65,781.69,161.84,30.31
6329,2023-09-21T17:00:00Z,9,2023,13,782.70,685.91,185.48,30.81
6330,2023-09-21T18:00:00Z,9,2023,14,727.88,635.62,189.97,30.86
6331,2023-09-21T19:00:00Z,9,2023,15,558.58,631.99,132.11,30.44
6332,2023-09-21T20:00:00Z,9,2023,16,380.77,434.37,137.36,29.61
6333,2023-09-21T21:00:00Z,9,2023,17,226.90,295.21,119.28,28.51
6334,2023-09-21T22:00:00Z,9,2023,18,90.07,160.95,54.34,27.05
6335,2023-09-21T23:00:00Z,9,2023,19,3.17,8.52,4.53,25.09
6336,2023-09-22T00:00:00Z,9,2023,20,0.00,0.00,0.00,24.04
6337,2023-09-22T01:00:00Z,9,2023,21,0.00,0.00,0.00,23.43
6338,2023-09-22T02:00:00Z,9,2023,22,0.00,0.00,0.00,23.01
6339,2023-09-22T03:00:00Z,9,2023,23,0.00,0.00,0.00,22.78
6340,2023-09-22T04:00:00Z,9,2023,0,0.00,0.00,0.00,22.72
6341,2023-09-22T05:00:00Z,9,2023,1,0.00,0.00,0.00,22.59
6342,2023-09-22T06:00:00Z,9,2023,2,0.00,0.00,0.00,22.36
6343,2023-09-22T07:00:00Z,9,2023,3,0.00,0.00,0.00,22.16
6344,2023-09-22T08:00:00Z,9,2023,4,0.00,0.00,0.00,22.08
6345,2023-09-22T09:00:00Z,9,2023,5,0.00,0.00,0.00,22.05
6346,2023-09-22T10:00:00Z,9,2023,6,0.00,0.00,0.00,21.94
6347,2023-09-22T11:00:00Z,9,2023,7,26.80,156.65,15.58,22.09
6348,2023-09-22T12:00:00Z,9,2023,8,211.25,597.99,49.85,23.67
6349,2023-09-22T13:00:00Z,9,2023,9,411.42,681.80,88.55,25.62
6350,2023-09-22T14:00:00Z,9,2023,10,604.17,750.71,118.64,27.62
6351,2023-09-22T15:00:00Z,9,2023,11,682.08,662.83,162.81,28.68
6352,2023-09-22T16:00:00Z,9,2023,12,704.83,666.81,151.12,29.33
6353,2023-09-22T17:00:00Z,9,2023,13,735.58,667.65,187.36,29.71
6354,2023-09-22T18:00:00Z,9,2023,14,684.70,532.54,236.16,29.86
6355,2023-09-22T19:00:00Z,9,2023,15,603.20,553.24,200.57,29.86
6356,2023-09-22T20:00:00Z,9,2023,16,439.12,505.42,159.85,29.46
6357,2023-09-22T21:00:00Z,9,2023,17,267.92,393.11,109.83,28.71
6358,2023-09-22T22:00:00Z,9,2023,18,105.05,278.24,54.57,27.27
6359,2023-09-22T23:00:00Z,9,2023,19,3.62,10.13,5.21,25.20
6360,2023-09-23T00:00:00Z,9,2023,20,0.00,0.00,0.00,24.07
6361,2023-09-23T01:00:00Z,9,2023,21,0.00,0.00,0.00,23.20
6362,2023-09-23T02:00:00Z,9,2023,22,0.00,0.00,0.00,22.39
6363,2023-09-23T03:00:00Z,9,2023,23,0.00,0.00,0.00,21.70
6364,2023-09-23T04:00:00Z,9,2023,0,0.00,0.00,0.00,21.15
6365,2023-09-23T05:00:00Z,9,2023,1,0.00,0.00,0.00,20.82
6366,2023-09-23T06:00:00Z,9,2023,2,0.00,0.00,0.00,20.62
6367,2023-09-23T07:00:00Z,9,2023,3,0.00,0.00,0.00,20.15
6368,2023-09-23T08:00:00Z,9,2023,4,0.00,0.00,0.00,19.51
6369,2023-09-23T09:00:00Z,9,2023,5,0.00,0.00,0.00,19.06
6370,2023-09-23T10:00:00Z,9,2023,6,0.00,0.00,0.00,18.61
6371,2023-09-23T11:00:00Z,9,2023,7,25.10,114.33,16.98,18.55
6372,2023-09-23T12:00:00Z,9,2023,8,210.27,550.44,59.62,20.89
6373,2023-09-23T13:00:00Z,9,2023,9,430.17,724.02,86.21,23.74
6374,2023-09-23T14:00:00Z,9,2023,10,632.65,822.40,100.79,26.28
6375,2023-09-23T15:00:00Z,9,2023,11,786.12,880.26,104.47,27.63
6376,2023-09-23T16:00:00Z,9,2023,12,877.72,894.05,113.44,28.70
6377,2023-09-23T17:00:00Z,9,2023,13,881.42,824.85,149.48,29.50
6378,2023-09-23T18:00:00Z,9,2023,14,832.08,818.39,143.10,29.99
6379,2023-09-23T19:00:00Z,9,2023,15,700.72,803.08,139.79,30.10
6380,2023-09-23T20:00:00Z,9,2023,16,537.08,698.55,120.68,29.73
6381,2023-09-23T21:00:00Z,9,2023,17,328.85,569.08,102.43,29.02
6382,2023-09-23T22:00:00Z,9,2023,18,122.80,313.07,60.47,27.32
6383,2023-09-23T23:00:00Z,9,2023,19,0.00,0.00,0.00,24.30
6384,2023-09-24T00:00:00Z,9,2023,20,0.00,0.00,0.00,23.20
6385,2023-09-24T01:00:00Z,9,2023,21,0.00,0.00,0.00,22.57
6386,2023-09-24T02:00:00Z,9,2023,22,0.00,0.00,0.00,21.90
6387,2023-09-24T03:00:00Z,9,2023,23,0.00,0.00,0.00,21.32
6388,2023-09-24T04:00:00Z,9,2023,0,0.00,0.00,0.00,20.93
6389,2023-09-24T05:00:00Z,9,2023,1,0.00,0.00,0.00,20.66
6390,2023-09-24T06:00:00Z,9,2023,2,0.00,0.00,0.00,20.49
6391,2023-09-24T07:00:00Z,9,2023,3,0.00,0.00,0.00,20.41
6392,2023-09-24T08:00:00Z,9,2023,4,0.00,0.00,0.00,20.33
6393,2023-09-24T09:00:00Z,9,2023,5,0.00,0.00,0.00,20.26
6394,2023-09-24T10:00:00Z,9,2023,6,0.00,0.00,0.00,20.13
6395,2023-09-24T11:00:00Z,9,2023,7,20.02,19.09,22.41,20.13
6396,2023-09-24T12:00:00Z,9,2023,8,176.10,167.88,125.37,22.47
6397,2023-09-24T13:00:00Z,9,2023,9,366.17,264.25,249.29,24.70
6398,2023-09-24T14:00:00Z,9,2023,10,540.92,428.30,312.19,27.74
6399,2023-09-24T15:00:00Z,9,2023,11,655.03,470.21,310.34,29.29
6400,2023-09-24T16:00:00Z,9,2023,12,715.85,407.72,364.32,30.23
6401,2023-09-24T17:00:00Z,9,2023,13,720.80,406.69,345.05,30.90
6402,2023-09-24T18:00:00Z,9,2023,14,664.95,437.29,304.37,31.28
6403,2023-09-24T19:00:00Z,9,2023,15,621.65,523.45,280.04,31.33
6404,2023-09-24T20:00:00Z,9,2023,16,466.02,432.14,205.69,31.14
6405,2023-09-24T21:00:00Z,9,2023,17,292.27,333.93,163.15,30.47
6406,2023-09-24T22:00:00Z,9,2023,18,103.57,193.10,70.82,29.06
6407,2023-09-24T23:00:00Z,9,2023,19,0.00,0.00,0.00,26.27
6408,2023-09-25T00:00:00Z,9,2023,20,0.00,0.00,0.00,25.40
6409,2023-09-25T01:00:00Z,9,2023,21,0.00,0.00,0.00,25.00
6410,2023-09-25T02:00:00Z,9,2023,22,0.00,0.00,0.00,24.63
6411,2023-09-25T03:00:00Z,9,2023,23,0.00,0.00,0.00,24.37
6412,2023-09-25T04:00:00Z,9,2023,0,0.00,0.00,0.00,24.15
6413,2023-09-25T05:00:00Z,9,2023,1,0.00,0.00,0.00,23.94
6414,2023-09-25T06:00:00Z,9,2023,2,0.00,0.00,0.00,23.70
6415,2023-09-25T07:00:00Z,9,2023,3,0.00,0.00,0.00,23.46
6416,2023-09-25T08:00:00Z,9,2023,4,0.00,0.00,0.00,23.26
6417,2023-09-25T09:00:00Z,9,2023,5,0.00,0.00,0.00,23.13
6418,2023-09-25T10:00:00Z,9,2023,6,0.00,0.00,0.00,23.20
6419,2023-09-25T11:00:00Z,9,2023,7,20.25,52.51,20.36,23.40
6420,2023-09-25T12:00:00Z,9,2023,8,186.20,429.43,88.06,24.73
6421,2023-09-25T13:00:00Z,9,2023,9,367.80,536.41,136.12,26.97
6422,2023-09-25T14:00:00Z,9,2023,10,541.15,671.67,130.00,29.06
6423,2023-09-25T15:00:00Z,9,2023,11,709.42,738.06,165.12,30.75
6424,2023-09-25T16:00:00Z,9,2023,12,719.72,537.07,277.98,31.94
6425,2023-09-25T17:00:00Z,9,2023,13,768.60,585.21,264.33,32.72
6426,2023-09-25T18:00:00Z,9,2023,14,649.00,638.61,163.42,33.12
6427,2023-09-25T19:00:00Z,9,2023,15,581.50,613.98,150.67,33.13
6428,2023-09-25T20:00:00Z,9,2023,16,422.65,536.39,137.21,32.86
6429,2023-09-25T21:00:00Z,9,2023,17,244.65,306.29,128.78,32.17
6430,2023-09-25T22:00:00Z,9,2023,18,92.22,118.94,71.92,30.56
6431,2023-09-25T23:00:00Z,9,2023,19,0.00,0.00,0.00,28.32
6432,2023-09-26T00:00:00Z,9,2023,20,0.00,0.00,0.00,27.31
6433,2023-09-26T01:00:00Z,9,2023,21,0.00,0.00,0.00,26.48
6434,2023-09-26T02:00:00Z,9,2023,22,0.00,0.00,0.00,25.96
6435,2023-09-26T03:00:00Z,9,2023,23,0.00,0.00,0.00,25.87
6436,2023-09-26T04:00:00Z,9,2023,0,0.00,0.00,0.00,25.59
6437,2023-09-26T05:00:00Z,9,2023,1,0.00,0.00,0.00,25.27
6438,2023-09-26T06:00:00Z,9,2023,2,0.00,0.00,0.00,25.01
6439,2023-09-26T07:00:00Z,9,2023,3,0.00,0.00,0.00,24.77
6440,2023-09-26T08:00:00Z,9,2023,4,0.00,0.00,0.00,24.58
6441,2023-09-26T09:00:00Z,9,2023,5,0.00,0.00,0.00,24.41
6442,2023-09-26T10:00:00Z,9,2023,6,0.00,0.00,0.00,24.27
6443,2023-09-26T11:00:00Z,9,2023,7,21.20,74.49,18.63,24.27
6444,2023-09-26T12:00:00Z,9,2023,8,185.43,396.65,81.36,25.46
6445,2023-09-26T13:00:00Z,9,2023,9,358.27,495.74,136.66,26.41
6446,2023-09-26T14:00:00Z,9,2023,10,534.45,548.28,193.20,27.73
6447,2023-09-26T15:00:00Z,9,2023,11,594.45,298.66,357.38,28.59
6448,2023-09-26T16:00:00Z,9,2023,12,599.08,161.32,462.79,29.34
6449,2023-09-26T17:00:00Z,9,2023,13,578.97,156.82,441.04,29.70
6450,2023-09-26T18:00:00Z,9,2023,14,504.12,28.35,400.91,29.87
6451,2023-09-26T19:00:00Z,9,2023,15,413.65,20.60,346.56,29.75
6452,2023-09-26T20:00:00Z,9,2023,16,358.83,72.18,291.97,29.55
6453,2023-09-26T21:00:00Z,9,2023,17,200.48,40.61,169.87,29.01
6454,2023-09-26T22:00:00Z,9,2023,18,73.18,28.86,62.52,28.02
6455,2023-09-26T23:00:00Z,9,2023,19,0.00,0.00,0.00,27.10
6456,2023-09-27T00:00:00Z,9,2023,20,0.00,0.00,0.00,26.21
6457,2023-09-27T01:00:00Z,9,2023,21,0.00,0.00,0.00,25.54
6458,2023-09-27T02:00:00Z,9,2023,22,0.00,0.00,0.00,25.13
6459,2023-09-27T03:00:00Z,9,2023,23,0.00,0.00,0.00,24.87
6460,2023-09-27T04:00:00Z,9,2023,0,0.00,0.00,0.00,24.77
6461,2023-09-27T05:00:00Z,9,2023,1,0.00,0.00,0.00,24.76
6462,2023-09-27T06:00:00Z,9,2023,2,0.00,0.00,0.00,24.70
6463,2023-09-27T07:00:00Z,9,2023,3,0.00,0.00,0.00,24.61
6464,2023-09-27T08:00:00Z,9,2023,4,0.00,0.00,0.00,24.48
6465,2023-09-27T09:00:00Z,9,2023,5,0.00,0.00,0.00,24.37
6466,2023-09-27T10:00:00Z,9,2023,6,0.00,0.00,0.00,24.36
6467,2023-09-27T11:00:00Z,9,2023,7,9.65,0.00,9.93,24.43
6468,2023-09-27T12:00:00Z,9,2023,8,103.50,28.01,86.79,25.37
6469,2023-09-27T13:00:00Z,9,2023,9,225.98,19.78,193.84,25.98
6470,2023-09-27T14:00:00Z,9,2023,10,339.48,29.51,282.41,26.82
6471,2023-09-27T15:00:00Z,9,2023,11,506.52,176.82,318.00,27.63
6472,2023-09-27T16:00:00Z,9,2023,12,514.42,197.26,310.36,28.39
6473,2023-09-27T17:00:00Z,9,2023,13,549.72,148.07,366.35,28.97
6474,2023-09-27T18:00:00Z,9,2023,14,559.67,316.98,283.75,29.19
6475,2023-09-27T19:00:00Z,9,2023,15,403.48,175.75,244.26,29.09
6476,2023-09-27T20:00:00Z,9,2023,16,259.48,106.03,179.10,28.74
6477,2023-09-27T21:00:00Z,9,2023,17,149.75,36.76,125.22,28.06
6478,2023-09-27T22:00:00Z,9,2023,18,49.15,7.81,43.88,26.72
6479,2023-09-27T23:00:00Z,9,2023,19,0.00,0.00,0.00,25.62
6480,2023-09-28T00:00:00Z,9,2023,20,0.00,0.00,0.00,25.17
6481,2023-09-28T01:00:00Z,9,2023,21,0.00,0.00,0.00,25.01
6482,2023-09-28T02:00:00Z,9,2023,22,0.00,0.00,0.00,24.85
6483,2023-09-28T03:00:00Z,9,2023,23,0.00,0.00,0.00,24.68
6484,2023-09-28T04:00:00Z,9,2023,0,0.00,0.00,0.00,24.50
6485,2023-09-28T05:00:00Z,9,2023,1,0.00,0.00,0.00,24.31
6486,2023-09-28T06:00:00Z,9,2023,2,0.00,0.00,0.00,24.12
6487,2023-09-28T07:00:00Z,9,2023,3,0.00,0.00,0.00,23.91
6488,2023-09-28T08:00:00Z,9,2023,4,0.00,0.00,0.00,23.77
6489,2023-09-28T09:00:00Z,9,2023,5,0.00,0.00,0.00,23.60
6490,2023-09-28T10:00:00Z,9,2023,6,0.00,0.00,0.00,23.41
6491,2023-09-28T11:00:00Z,9,2023,7,17.38,27.19,18.64,23.45
6492,2023-09-28T12:00:00Z,9,2023,8,149.12,275.03,80.04,24.92
6493,2023-09-28T13:00:00Z,9,2023,9,279.00,394.35,114.09,26.07
6494,2023-09-28T14:00:00Z,9,2023,10,423.98,357.74,200.50,27.26
6495,2023-09-28T15:00:00Z,9,2023,11,502.17,385.34,222.68,28.32
6496,2023-09-28T16:00:00Z,9,2023,12,510.12,387.61,203.08,29.02
6497,2023-09-28T17:00:00Z,9,2023,13,608.90,401.63,250.27,29.55
6498,2023-09-28T18:00:00Z,9,2023,14,449.17,301.18,211.04,30.09
6499,2023-09-28T19:00:00Z,9,2023,15,345.55,336.11,171.64,30.37
6500,2023-09-28T20:00:00Z,9,2023,16,251.48,290.14,127.52,30.16
6501,2023-09-28T21:00:00Z,9,2023,17,178.60,328.12,74.49,29.20
6502,2023-09-28T22:00:00Z,9,2023,18,76.57,204.23,44.05,27.81
6503,2023-09-28T23:00:00Z,9,2023,19,0.00,0.00,0.00,26.18
6504,2023-09-29T00:00:00Z,9,2023,20,0.00,0.00,0.00,25.33
6505,2023-09-29T01:00:00Z,9,2023,21,0.00,0.00,0.00,24.89
6506,2023-09-29T02:00:00Z,9,2023,22,0.00,0.00,0.00,24.67
6507,2023-09-29T03:00:00Z,9,2023,23,0.00,0.00,0.00,24.53
6508,2023-09-29T04:00:00Z,9,2023,0,0.00,0.00,0.00,24.41
6509,2023-09-29T05:00:00Z,9,2023,1,0.00,0.00,0.00,24.36
6510,2023-09-29T06:00:00Z,9,2023,2,0.00,0.00,0.00,24.25
6511,2023-09-29T07:00:00Z,9,2023,3,0.00,0.00,0.00,24.13
6512,2023-09-29T08:00:00Z,9,2023,4,0.00,0.00,0.00,24.00
6513,2023-09-29T09:00:00Z,9,2023,5,0.00,0.00,0.00,23.84
6514,2023-09-29T10:00:00Z,9,2023,6,0.00,0.00,0.00,23.75
6515,2023-09-29T11:00:00Z,9,2023,7,14.68,34.49,16.33,23.87
6516,2023-09-29T12:00:00Z,9,2023,8,120.90,215.96,66.66,25.08
6517,2023-09-29T13:00:00Z,9,2023,9,227.00,289.76,109.29,26.49
6518,2023-09-29T14:00:00Z,9,2023,10,358.90,225.46,205.12,27.98
6519,2023-09-29T15:00:00Z,9,2023,11,497.50,357.94,220.17,29.32
6520,2023-09-29T16:00:00Z,9,2023,12,569.40,385.27,250.67,29.98
6521,2023-09-29T17:00:00Z,9,2023,13,592.00,235.37,360.77,30.48
6522,2023-09-29T18:00:00Z,9,2023,14,556.70,173.89,352.56,30.53
6523,2023-09-29T19:00:00Z,9,2023,15,420.80,206.24,248.09,30.29
6524,2023-09-29T20:00:00Z,9,2023,16,301.15,177.07,204.91,29.77
6525,2023-09-29T21:00:00Z,9,2023,17,172.35,75.66,139.76,28.84
6526,2023-09-29T22:00:00Z,9,2023,18,60.90,34.04,49.02,27.67
6527,2023-09-29T23:00:00Z,9,2023,19,0.00,0.00,0.00,26.53
6528,2023-09-30T00:00:00Z,9,2023,20,0.00,0.00,0.00,25.99
6529,2023-09-30T01:00:00Z,9,2023,21,0.00,0.00,0.00,25.74
6530,2023-09-30T02:00:00Z,9,2023,22,0.00,0.00,0.00,25.59
6531,2023-09-30T03:00:00Z,9,2023,23,0.00,0.00,0.00,25.47
6532,2023-09-30T04:00:00Z,9,2023,0,0.00,0.00,0.00,25.35
6533,2023-09-30T05:00:00Z,9,2023,1,0.00,0.00,0.00,25.20
6534,2023-09-30T06:00:00Z,9,2023,2,0.00,0.00,0.00,25.13
6535,2023-09-30T07:00:00Z,9,2023,3,0.00,0.00,0.00,25.06
6536,2023-09-30T08:00:00Z,9,2023,4,0.00,0.00,0.00,24.97
6537,2023-09-30T09:00:00Z,9,2023,5,0.00,0.00,0.00,24.84
6538,2023-09-30T10:00:00Z,9,2023,6,0.00,0.00,0.00,24.71
6539,2023-09-30T11:00:00Z,9,2023,7,11.85,11.92,13.33,24.74
6540,2023-09-30T12:00:00Z,9,2023,8,109.60,47.84,90.25,25.99
6541,2023-09-30T13:00:00Z,9,2023,9,260.80,81.09,210.41,27.20
6542,2023-09-30T14:00:00Z,9,2023,10,414.25,118.12,289.91,28.53
6543,2023-09-30T15:00:00Z,9,2023,11,505.73,224.36,306.26,29.63
6544,2023-09-30T16:00:00Z,9,2023,12,538.12,185.82,339.99,30.40
6545,2023-09-30T17:00:00Z,9,2023,13,621.10,354.79,310.25,30.88
6546,2023-09-30T18:00:00Z,9,2023,14,643.92,524.00,219.96,30.78
6547,2023-09-30T19:00:00Z,9,2023,15,476.15,374.02,221.99,30.05
6548,2023-09-30T20:00:00Z,9,2023,16,303.27,365.69,140.03,29.11
6549,2023-09-30T21:00:00Z,9,2023,17,186.80,181.22,122.68,28.10
6550,2023-09-30T22:00:00Z,9,2023,18,63.17,56.42,51.22,27.24
6551,2023-09-30T23:00:00Z,9,2023,19,0.00,0.00,0.00,26.29
6552,2023-10-01T00:00:00Z,10,2023,20,0.00,0.00,0.00,25.92
6553,2023-10-01T01:00:00Z,10,2023,21,0.00,0.00,0.00,25.70
6554,2023-10-01T02:00:00Z,10,2023,22,0.00,0.00,0.00,25.54
6555,2023-10-01T03:00:00Z,10,2023,23,0.00,0.00,0.00,25.43
6556,2023-10-01T04:00:00Z,10,2023,0,0.00,0.00,0.00,25.35
6557,2023-10-01T05:00:00Z,10,2023,1,0.00,0.00,0.00,25.25
6558,2023-10-01T06:00:00Z,10,2023,2,0.00,0.00,0.00,25.23
6559,2023-10-01T07:00:00Z,10,2023,3,0.00,0.00,0.00,25.22
6560,2023-10-01T08:00:00Z,10,2023,4,0.00,0.00,0.00,25.21
6561,2023-10-01T09:00:00Z,10,2023,5,0.00,0.00,0.00,25.08
6562,2023-10-01T10:00:00Z,10,2023,6,0.00,0.00,0.00,24.91
6563,2023-10-01T11:00:00Z,10,2023,7,10.68,18.86,12.17,24.82
6564,2023-10-01T12:00:00Z,10,2023,8,70.93,76.02,50.28,25.48
6565,2023-10-01T13:00:00Z,10,2023,9,151.23,81.60,113.23,26.30
6566,2023-10-01T14:00:00Z,10,2023,10,221.15,66.13,165.73,27.21
6567,2023-10-01T15:00:00Z,10,2023,11,298.50,98.75,191.47,27.90
6568,2023-10-01T16:00:00Z,10,2023,12,346.08,71.46,252.88,28.09
6569,2023-10-01T17:00:00Z,10,2023,13,322.23,93.14,212.50,27.87
6570,2023-10-01T18:00:00Z,10,2023,14,283.15,53.57,199.16,27.46
6571,2023-10-01T19:00:00Z,10,2023,15,254.23,19.23,210.56,26.91
6572,2023-10-01T20:00:00Z,10,2023,16,191.38,37.69,153.91,26.12
6573,2023-10-01T21:00:00Z,10,2023,17,112.65,152.08,67.82,25.48
6574,2023-10-01T22:00:00Z,10,2023,18,45.67,80.98,32.03,24.98
6575,2023-10-01T23:00:00Z,10,2023,19,0.00,0.00,0.00,24.52
6576,2023-10-02T00:00:00Z,10,2023,20,0.00,0.00,0.00,24.17
6577,2023-10-02T01:00:00Z,10,2023,21,0.00,0.00,0.00,23.91
6578,2023-10-02T02:00:00Z,10,2023,22,0.00,0.00,0.00,23.67
6579,2023-10-02T03:00:00Z,10,2023,23,0.00,0.00,0.00,23.48
6580,2023-10-02T04:00:00Z,10,2023,0,0.00,0.00,0.00,23.32
6581,2023-10-02T05:00:00Z,10,2023,1,0.00,0.00,0.00,23.30
6582,2023-10-02T06:00:00Z,10,2023,2,0.00,0.00,0.00,23.22
6583,2023-10-02T07:00:00Z,10,2023,3,0.00,0.00,0.00,23.01
6584,2023-10-02T08:00:00Z,10,2023,4,0.00,0.00,0.00,22.81
6585,2023-10-02T09:00:00Z,10,2023,5,0.00,0.00,0.00,22.71
6586,2023-10-02T10:00:00Z,10,2023,6,0.00,0.00,0.00,22.77
6587,2023-10-02T11:00:00Z,10,2023,7,15.80,39.88,16.14,22.93
6588,2023-10-02T12:00:00Z,10,2023,8,141.70,279.86,70.98,24.55
6589,2023-10-02T13:00:00Z,10,2023,9,282.77,351.27,132.52,26.18
6590,2023-10-02T14:00:00Z,10,2023,10,400.05,412.76,171.80,27.47
6591,2023-10-02T15:00:00Z,10,2023,11,586.72,428.79,261.12,28.43
6592,2023-10-02T16:00:00Z,10,2023,12,640.33,475.63,240.82,28.94
6593,2023-10-02T17:00:00Z,10,2023,13,740.40,612.05,219.84,29.16
6594,2023-10-02T18:00:00Z,10,2023,14,691.30,546.79,244.81,29.08
6595,2023-10-02T19:00:00Z,10,2023,15,578.17,539.27,184.80,28.74
6596,2023-10-02T20:00:00Z,10,2023,16,433.55,456.09,171.39,28.06
6597,2023-10-02T21:00:00Z,10,2023,17,239.93,303.15,124.76,27.12
6598,2023-10-02T22:00:00Z,10,2023,18,66.47,96.60,47.60,25.87
6599,2023-10-02T23:00:00Z,10,2023,19,0.00,0.00,0.00,24.41
6600,2023-10-03T00:00:00Z,10,2023,20,0.00,0.00,0.00,24.00
6601,2023-10-03T01:00:00Z,10,2023,21,0.00,0.00,0.00,23.84
6602,2023-10-03T02:00:00Z,10,2023,22,0.00,0.00,0.00,23.65
6603,2023-10-03T03:00:00Z,10,2023,23,0.00,0.00,0.00,23.41
6604,2023-10-03T04:00:00Z,10,2023,0,0.00,0.00,0.00,23.60
6605,2023-10-03T05:00:00Z,10,2023,1,0.00,0.00,0.00,23.40
6606,2023-10-03T06:00:00Z,10,2023,2,0.00,0.00,0.00,22.99
6607,2023-10-03T07:00:00Z,10,2023,3,0.00,0.00,0.00,22.64
6608,2023-10-03T08:00:00Z,10,2023,4,0.00,0.00,0.00,22.42
6609,2023-10-03T09:00:00Z,10,2023,5,0.00,0.00,0.00,22.22
6610,2023-10-03T10:00:00Z,10,2023,6,0.00,0.00,0.00,21.84
6611,2023-10-03T11:00:00Z,10,2023,7,13.12,10.23,13.13,21.63
6612,2023-10-03T12:00:00Z,10,2023,8,140.93,178.15,88.83,23.47
6613,2023-10-03T13:00:00Z,10,2023,9,334.15,339.03,172.67,25.43
6614,2023-10-03T14:00:00Z,10,2023,10,498.48,430.37,210.01,27.04
6615,2023-10-03T15:00:00Z,10,2023,11,587.65,410.39,259.32,28.02
6616,2023-10-03T16:00:00Z,10,2023,12,703.55,536.45,238.50,28.63
6617,2023-10-03T17:00:00Z,10,2023,13,702.95,393.06,337.87,29.08
6618,2023-10-03T18:00:00Z,10,2023,14,657.55,498.92,242.64,29.20
6619,2023-10-03T19:00:00Z,10,2023,15,569.17,450.69,231.71,29.01
6620,2023-10-03T20:00:00Z,10,2023,16,404.67,404.85,184.16,28.51
6621,2023-10-03T21:00:00Z,10,2023,17,221.73,399.43,85.46,27.66
6622,2023-10-03T22:00:00Z,10,2023,18,65.65,193.92,39.67,26.44
6623,2023-10-03T23:00:00Z,10,2023,19,0.00,0.00,0.00,24.63
6624,2023-10-04T00:00:00Z,10,2023,20,0.00,0.00,0.00,23.93
6625,2023-10-04T01:00:00Z,10,2023,21,0.00,0.00,0.00,23.51
6626,2023-10-04T02:00:00Z,10,2023,22,0.00,0.00,0.00,23.17
6627,2023-10-04T03:00:00Z,10,2023,23,0.00,0.00,0.00,22.99
6628,2023-10-04T04:00:00Z,10,2023,0,0.00,0.00,0.00,22.89
6629,2023-10-04T05:00:00Z,10,2023,1,0.00,0.00,0.00,22.83
6630,2023-10-04T06:00:00Z,10,2023,2,0.00,0.00,0.00,22.79
6631,2023-10-04T07:00:00Z,10,2023,3,0.00,0.00,0.00,22.82
6632,2023-10-04T08:00:00Z,10,2023,4,0.00,0.00,0.00,22.98
6633,2023-10-04T09:00:00Z,10,2023,5,0.00,0.00,0.00,22.91
6634,2023-10-04T10:00:00Z,10,2023,6,0.00,0.00,0.00,22.87
6635,2023-10-04T11:00:00Z,10,2023,7,17.50,101.80,12.43,22.86
6636,2023-10-04T12:00:00Z,10,2023,8,181.95,514.82,57.35,24.12
6637,2023-10-04T13:00:00Z,10,2023,9,389.10,666.84,92.54,25.63
6638,2023-10-04T14:00:00Z,10,2023,10,572.53,742.50,118.88,27.10
6639,2023-10-04T15:00:00Z,10,2023,11,664.40,713.12,161.43,28.07
6640,2023-10-04T16:00:00Z,10,2023,12,677.55,658.50,169.87,28.72
6641,2023-10-04T17:00:00Z,10,2023,13,722.15,577.00,236.91,29.03
6642,2023-10-04T18:00:00Z,10,2023,14,655.40,553.52,212.93,29.18
6643,2023-10-04T19:00:00Z,10,2023,15,535.90,501.74,199.38,28.94
6644,2023-10-04T20:00:00Z,10,2023,16,442.75,579.85,143.85,28.28
6645,2023-10-04T21:00:00Z,10,2023,17,249.35,528.00,73.67,27.56
6646,2023-10-04T22:00:00Z,10,2023,18,70.22,242.96,34.90,26.50
6647,2023-10-04T23:00:00Z,10,2023,19,0.00,0.00,0.00,25.01
6648,2023-10-05T00:00:00Z,10,2023,20,0.00,0.00,0.00,24.36
6649,2023-10-05T01:00:00Z,10,2023,21,0.00,0.00,0.00,23.99
6650,2023-10-05T02:00:00Z,10,2023,22,0.00,0.00,0.00,23.68
6651,2023-10-05T03:00:00Z,10,2023,23,0.00,0.00,0.00,23.48
6652,2023-10-05T04:00:00Z,10,2023,0,0.00,0.00,0.00,23.43
6653,2023-10-05T05:00:00Z,10,2023,1,0.00,0.00,0.00,23.56
6654,2023-10-05T06:00:00Z,10,2023,2,0.00,0.00,0.00,23.64
6655,2023-10-05T07:00:00Z,10,2023,3,0.00,0.00,0.00,23.75
6656,2023-10-05T08:00:00Z,10,2023,4,0.00,0.00,0.00,23.79
6657,2023-10-05T09:00:00Z,10,2023,5,0.00,0.00,0.00,23.75
6658,2023-10-05T10:00:00Z,10,2023,6,0.00,0.00,0.00,23.54
6659,2023-10-05T11:00:00Z,10,2023,7,16.75,95.86,14.20,23.31
6660,2023-10-05T12:00:00Z,10,2023,8,163.27,467.74,55.12,25.14
6661,2023-10-05T13:00:00Z,10,2023,9,347.62,550.15,107.66,26.70
6662,2023-10-05T14:00:00Z,10,2023,10,510.35,607.89,160.00,28.05
6663,2023-10-05T15:00:00Z,10,2023,11,652.17,652.88,189.48,29.08
6664,2023-10-05T16:00:00Z,10,2023,12,676.38,627.32,187.01,29.71
6665,2023-10-05T17:00:00Z,10,2023,13,723.00,558.62,241.44,30.06
6666,2023-10-05T18:00:00Z,10,2023,14,608.58,665.97,126.42,30.08
6667,2023-10-05T19:00:00Z,10,2023,15,580.20,589.42,185.80,29.83
6668,2023-10-05T20:00:00Z,10,2023,16,431.42,623.77,106.48,29.36
6669,2023-10-05T21:00:00Z,10,2023,17,247.40,524.19,74.99,28.60
6670,2023-10-05T22:00:00Z,10,2023,18,66.90,215.52,35.27,27.47
6671,2023-10-05T23:00:00Z,10,2023,19,0.00,0.00,0.00,25.59
6672,2023-10-06T00:00:00Z,10,2023,20,0.00,0.00,0.00,24.82
6673,2023-10-06T01:00:00Z,10,2023,21,0.00,0.00,0.00,24.34
6674,2023-10-06T02:00:00Z,10,2023,22,0.00,0.00,0.00,23.90
6675,2023-10-06T03:00:00Z,10,2023,23,0.00,0.00,0.00,23.55
6676,2023-10-06T04:00:00Z,10,2023,0,0.00,0.00,0.00,23.32
6677,2023-10-06T05:00:00Z,10,2023,1,0.00,0.00,0.00,23.04
6678,2023-10-06T06:00:00Z,10,2023,2,0.00,0.00,0.00,22.75
6679,2023-10-06T07:00:00Z,10,2023,3,0.00,0.00,0.00,22.61
6680,2023-10-06T08:00:00Z,10,2023,4,0.00,0.00,0.00,22.69
6681,2023-10-06T09:00:00Z,10,2023,5,0.00,0.00,0.00,22.73
6682,2023-10-06T10:00:00Z,10,2023,6,0.00,0.00,0.00,22.29
6683,2023-10-06T11:00:00Z,10,2023,7,14.73,50.12,16.33,22.09
6684,2023-10-06T12:00:00Z,10,2023,8,157.20,332.63,82.72,24.14
6685,2023-10-06T13:00:00Z,10,2023,9,351.65,488.76,147.80,26.10
6686,2023-10-06T14:00:00Z,10,2023,10,537.90,598.04,182.09,27.89
6687,2023-10-06T15:00:00Z,10,2023,11,630.75,422.11,306.53,29.15
6688,2023-10-06T16:00:00Z,10,2023,12,685.33,437.25,328.03,30.11
6689,2023-10-06T17:00:00Z,10,2023,13,717.45,677.96,202.59,30.68
6690,2023-10-06T18:00:00Z,10,2023,14,656.40,585.86,228.78,30.91
6691,2023-10-06T19:00:00Z,10,2023,15,533.20,342.75,285.80,30.80
6692,2023-10-06T20:00:00Z,10,2023,16,386.10,377.88,197.48,30.49
6693,2023-10-06T21:00:00Z,10,2023,17,204.30,259.55,130.42,29.82
6694,2023-10-06T22:00:00Z,10,2023,18,48.28,79.44,38.95,28.26
6695,2023-10-06T23:00:00Z,10,2023,19,0.00,0.00,0.00,26.21
6696,2023-10-07T00:00:00Z,10,2023,20,0.00,0.00,0.00,25.34
6697,2023-10-07T01:00:00Z,10,2023,21,0.00,0.00,0.00,24.74
6698,2023-10-07T02:00:00Z,10,2023,22,0.00,0.00,0.00,24.07
6699,2023-10-07T03:00:00Z,10,2023,23,0.00,0.00,0.00,23.33
6700,2023-10-07T04:00:00Z,10,2023,0,0.00,0.00,0.00,22.85
6701,2023-10-07T05:00:00Z,10,2023,1,0.00,0.00,0.00,22.46
6702,2023-10-07T06:00:00Z,10,2023,2,0.00,0.00,0.00,22.13
6703,2023-10-07T07:00:00Z,10,2023,3,0.00,0.00,0.00,22.08
6704,2023-10-07T08:00:00Z,10,2023,4,0.00,0.00,0.00,22.07
6705,2023-10-07T09:00:00Z,10,2023,5,0.00,0.00,0.00,22.15
6706,2023-10-07T10:00:00Z,10,2023,6,0.00,0.00,0.00,22.20
6707,2023-10-07T11:00:00Z,10,2023,7,12.32,21.59,14.35,22.23
6708,2023-10-07T12:00:00Z,10,2023,8,146.45,269.06,86.53,23.35
6709,2023-10-07T13:00:00Z,10,2023,9,325.65,454.33,146.31,24.86
6710,2023-10-07T14:00:00Z,10,2023,10,519.42,535.98,198.99,26.37
6711,2023-10-07T15:00:00Z,10,2023,11,645.15,548.30,233.56,27.21
6712,2023-10-07T16:00:00Z,10,2023,12,726.22,662.13,207.44,27.78
6713,2023-10-07T17:00:00Z,10,2023,13,698.88,516.28,265.53,28.87
6714,2023-10-07T18:00:00Z,10,2023,14,588.62,438.96,240.79,29.72
6715,2023-10-07T19:00:00Z,10,2023,15,340.70,320.72,191.39,29.91
6716,2023-10-07T20:00:00Z,10,2023,16,210.55,131.76,146.10,29.88
6717,2023-10-07T21:00:00Z,10,2023,17,109.75,148.41,68.98,29.33
6718,2023-10-07T22:00:00Z,10,2023,18,26.00,62.90,22.19,28.01
6719,2023-10-07T23:00:00Z,10,2023,19,0.00,0.00,0.00,26.21
6720,2023-10-08T00:00:00Z,10,2023,20,0.00,0.00,0.00,25.51
6721,2023-10-08T01:00:00Z,10,2023,21,0.00,0.00,0.00,24.74
6722,2023-10-08T02:00:00Z,10,2023,22,0.00,0.00,0.00,23.96
6723,2023-10-08T03:00:00Z,10,2023,23,0.00,0.00,0.00,23.34
6724,2023-10-08T04:00:00Z,10,2023,0,0.00,0.00,0.00,22.94
6725,2023-10-08T05:00:00Z,10,2023,1,0.00,0.00,0.00,22.65
6726,2023-10-08T06:00:00Z,10,2023,2,0.00,0.00,0.00,22.17
6727,2023-10-08T07:00:00Z,10,2023,3,0.00,0.00,0.00,21.37
6728,2023-10-08T08:00:00Z,10,2023,4,0.00,0.00,0.00,20.26
6729,2023-10-08T09:00:00Z,10,2023,5,0.00,0.00,0.00,19.14
6730,2023-10-08T10:00:00Z,10,2023,6,0.00,0.00,0.00,18.32
6731,2023-10-08T11:00:00Z,10,2023,7,9.85,9.59,11.82,17.91
6732,2023-10-08T12:00:00Z,10,2023,8,81.75,41.49,66.54,17.96
6733,2023-10-08T13:00:00Z,10,2023,9,187.40,37.55,152.34,18.39
6734,2023-10-08T14:00:00Z,10,2023,10,291.80,14.08,248.43,19.45
6735,2023-10-08T15:00:00Z,10,2023,11,474.23,108.69,371.65,20.60
6736,2023-10-08T16:00:00Z,10,2023,12,536.90,177.27,412.08,21.63
6737,2023-10-08T17:00:00Z,10,2023,13,528.75,161.54,407.11,22.32
6738,2023-10-08T18:00:00Z,10,2023,14,388.17,1.79,319.87,22.83
6739,2023-10-08T19:00:00Z,10,2023,15,307.30,0.27,258.09,23.05
6740,2023-10-08T20:00:00Z,10,2023,16,244.02,39.65,198.40,22.94
6741,2023-10-08T21:00:00Z,10,2023,17,148.80,43.41,119.87,22.43
6742,2023-10-08T22:00:00Z,10,2023,18,39.03,28.34,33.60,21.12
6743,2023-10-08T23:00:00Z,10,2023,19,0.00,0.00,0.00,19.74
6744,2023-10-09T00:00:00Z,10,2023,20,0.00,0.00,0.00,19.00
6745,2023-10-09T01:00:00Z,10,2023,21,0.00,0.00,0.00,18.63
6746,2023-10-09T02:00:00Z,10,2023,22,0.00,0.00,0.00,18.52
6747,2023-10-09T03:00:00Z,10,2023,23,0.00,0.00,0.00,18.21
6748,2023-10-09T04:00:00Z,10,2023,0,0.00,0.00,0.00,17.97
6749,2023-10-09T05:00:00Z,10,2023,1,0.00,0.00,0.00,17.73
6750,2023-10-09T06:00:00Z,10,2023,2,0.00,0.00,0.00,17.56
6751,2023-10-09T07:00:00Z,10,2023,3,0.00,0.00,0.00,17.35
6752,2023-10-09T08:00:00Z,10,2023,4,0.00,0.00,0.00,16.81
6753,2023-10-09T09:00:00Z,10,2023,5,0.00,0.00,0.00,16.27
6754,2023-10-09T10:00:00Z,10,2023,6,0.00,0.00,0.00,15.85
6755,2023-10-09T11:00:00Z,10,2023,7,9.35,10.10,11.00,15.53
6756,2023-10-09T12:00:00Z,10,2023,8,114.00,33.11,94.91,17.41
6757,2023-10-09T13:00:00Z,10,2023,9,247.82,39.10,207.89,19.13
6758,2023-10-09T14:00:00Z,10,2023,10,387.15,54.09,317.89,21.77
6759,2023-10-09T15:00:00Z,10,2023,11,396.00,15.22,322.74,24.07
6760,2023-10-09T16:00:00Z,10,2023,12,497.65,237.37,346.32,25.39
6761,2023-10-09T17:00:00Z,10,2023,13,560.12,147.92,386.31,25.69
6762,2023-10-09T18:00:00Z,10,2023,14,589.28,232.22,367.29,26.03
6763,2023-10-09T19:00:00Z,10,2023,15,535.85,411.44,263.31,26.25
6764,2023-10-09T20:00:00Z,10,2023,16,413.95,439.61,186.05,25.94
6765,2023-10-09T21:00:00Z,10,2023,17,226.52,337.11,135.75,25.45
6766,2023-10-09T22:00:00Z,10,2023,18,52.72,137.04,40.89,24.04
6767,2023-10-09T23:00:00Z,10,2023,19,0.00,0.00,0.00,21.09
6768,2023-10-10T00:00:00Z,10,2023,20,0.00,0.00,0.00,20.17
6769,2023-10-10T01:00:00Z,10,2023,21,0.00,0.00,0.00,19.57
6770,2023-10-10T02:00:00Z,10,2023,22,0.00,0.00,0.00,19.20
6771,2023-10-10T03:00:00Z,10,2023,23,0.00,0.00,0.00,18.72
6772,2023-10-10T04:00:00Z,10,2023,0,0.00,0.00,0.00,18.10
6773,2023-10-10T05:00:00Z,10,2023,1,0.00,0.00,0.00,18.01
6774,2023-10-10T06:00:00Z,10,2023,2,0.00,0.00,0.00,17.91
6775,2023-10-10T07:00:00Z,10,2023,3,0.00,0.00,0.00,18.01
6776,2023-10-10T08:00:00Z,10,2023,4,0.00,0.00,0.00,18.12
6777,2023-10-10T09:00:00Z,10,2023,5,0.00,0.00,0.00,18.23
6778,2023-10-10T10:00:00Z,10,2023,6,0.00,0.00,0.00,18.35
6779,2023-10-10T11:00:00Z,10,2023,7,11.52,15.43,13.72,18.53
6780,2023-10-10T12:00:00Z,10,2023,8,142.65,136.47,107.91,20.10
6781,2023-10-10T13:00:00Z,10,2023,9,330.80,312.82,200.96,22.47
6782,2023-10-10T14:00:00Z,10,2023,10,509.98,476.62,232.20,24.84
6783,2023-10-10T15:00:00Z,10,2023,11,689.20,615.63,242.81,26.55
6784,2023-10-10T16:00:00Z,10,2023,12,731.97,528.21,301.61,27.68
6785,2023-10-10T17:00:00Z,10,2023,13,679.08,382.58,341.60,28.27
6786,2023-10-10T18:00:00Z,10,2023,14,611.55,278.92,370.06,28.65
6787,2023-10-10T19:00:00Z,10,2023,15,481.88,280.25,348.12,28.67
6788,2023-10-10T20:00:00Z,10,2023,16,356.62,317.72,268.13,28.27
6789,2023-10-10T21:00:00Z,10,2023,17,179.95,45.01,154.60,27.45
6790,2023-10-10T22:00:00Z,10,2023,18,38.88,10.14,35.65,25.83
6791,2023-10-10T23:00:00Z,10,2023,19,0.00,0.00,0.00,23.82
6792,2023-10-11T00:00:00Z,10,2023,20,0.00,0.00,0.00,23.25
6793,2023-10-11T01:00:00Z,10,2023,21,0.00,0.00,0.00,22.78
6794,2023-10-11T02:00:00Z,10,2023,22,0.00,0.00,0.00,22.36
6795,2023-10-11T03:00:00Z,10,2023,23,0.00,0.00,0.00,22.05
6796,2023-10-11T04:00:00Z,10,2023,0,0.00,0.00,0.00,21.95
6797,2023-10-11T05:00:00Z,10,2023,1,0.00,0.00,0.00,21.94
6798,2023-10-11T06:00:00Z,10,2023,2,0.00,0.00,0.00,21.96
6799,2023-10-11T07:00:00Z,10,2023,3,0.00,0.00,0.00,22.00
6800,2023-10-11T08:00:00Z,10,2023,4,0.00,0.00,0.00,22.11
6801,2023-10-11T09:00:00Z,10,2023,5,0.00,0.00,0.00,22.37
6802,2023-10-11T10:00:00Z,10,2023,6,0.00,0.00,0.00,22.64
6803,2023-10-11T11:00:00Z,10,2023,7,4.93,0.00,5.17,22.83
6804,2023-10-11T12:00:00Z,10,2023,8,61.42,22.89,52.52,24.29
6805,2023-10-11T13:00:00Z,10,2023,9,139.45,60.97,110.96,25.71
6806,2023-10-11T14:00:00Z,10,2023,10,210.05,34.95,171.50,27.01
6807,2023-10-11T15:00:00Z,10,2023,11,348.00,3.79,293.73,27.95
6808,2023-10-11T16:00:00Z,10,2023,12,367.95,89.26,285.40,28.39
6809,2023-10-11T17:00:00Z,10,2023,13,365.00,3.02,299.25,28.43
6810,2023-10-11T18:00:00Z,10,2023,14,358.35,79.70,281.30,28.35
6811,2023-10-11T19:00:00Z,10,2023,15,337.38,55.54,276.42,27.86
6812,2023-10-11T20:00:00Z,10,2023,16,194.02,19.44,167.06,27.29
6813,2023-10-11T21:00:00Z,10,2023,17,96.80,7.25,83.75,26.69
6814,2023-10-11T22:00:00Z,10,2023,18,17.80,1.03,16.08,26.02
6815,2023-10-11T23:00:00Z,10,2023,19,0.00,0.00,0.00,25.42
6816,2023-10-12T00:00:00Z,10,2023,20,0.00,0.00,0.00,25.34
6817,2023-10-12T01:00:00Z,10,2023,21,0.00,0.00,0.00,25.33
6818,2023-10-12T02:00:00Z,10,2023,22,0.00,0.00,0.00,25.37
6819,2023-10-12T03:00:00Z,10,2023,23,0.00,0.00,0.00,25.40
6820,2023-10-12T04:00:00Z,10,2023,0,0.00,0.00,0.00,25.43
6821,2023-10-12T05:00:00Z,10,2023,1,0.00,0.00,0.00,25.56
6822,2023-10-12T06:00:00Z,10,2023,2,0.00,0.00,0.00,25.71
6823,2023-10-12T07:00:00Z,10,2023,3,0.00,0.00,0.00,25.83
6824,2023-10-12T08:00:00Z,10,2023,4,0.00,0.00,0.00,25.85
6825,2023-10-12T09:00:00Z,10,2023,5,0.00,0.00,0.00,26.15
6826,2023-10-12T10:00:00Z,10,2023,6,0.00,0.00,0.00,26.30
6827,2023-10-12T11:00:00Z,10,2023,7,6.70,0.00,7.03,26.35
6828,2023-10-12T12:00:00Z,10,2023,8,90.12,4.91,77.44,26.60
6829,2023-10-12T13:00:00Z,10,2023,9,208.35,8.24,176.19,27.15
6830,2023-10-12T14:00:00Z,10,2023,10,322.92,25.84,274.62,27.85
6831,2023-10-12T15:00:00Z,10,2023,11,376.75,25.87,314.50,28.52
6832,2023-10-12T16:00:00Z,10,2023,12,328.58,43.04,261.39,29.05
6833,2023-10-12T17:00:00Z,10,2023,13,301.23,30.53,233.84,29.25
6834,2023-10-12T18:00:00Z,10,2023,14,196.50,7.63,159.44,29.29
6835,2023-10-12T19:00:00Z,10,2023,15,223.10,9.27,186.95,29.08
6836,2023-10-12T20:00:00Z,10,2023,16,180.68,1.16,157.79,28.67
6837,2023-10-12T21:00:00Z,10,2023,17,75.90,0.49,66.14,28.15
6838,2023-10-12T22:00:00Z,10,2023,18,17.52,0.00,16.28,27.52
6839,2023-10-12T23:00:00Z,10,2023,19,0.00,0.00,0.00,26.88
6840,2023-10-13T00:00:00Z,10,2023,20,0.00,0.00,0.00,26.41
6841,2023-10-13T01:00:00Z,10,2023,21,0.00,0.00,0.00,26.06
6842,2023-10-13T02:00:00Z,10,2023,22,0.00,0.00,0.00,25.85
6843,2023-10-13T03:00:00Z,10,2023,23,0.00,0.00,0.00,25.71
6844,2023-10-13T04:00:00Z,10,2023,0,0.00,0.00,0.00,25.60
6845,2023-10-13T05:00:00Z,10,2023,1,0.00,0.00,0.00,25.47
6846,2023-10-13T06:00:00Z,10,2023,2,0.00,0.00,0.00,25.31
6847,2023-10-13T07:00:00Z,10,2023,3,0.00,0.00,0.00,25.13
6848,2023-10-13T08:00:00Z,10,2023,4,0.00,0.00,0.00,24.94
6849,2023-10-13T09:00:00Z,10,2023,5,0.00,0.00,0.00,24.73
6850,2023-10-13T10:00:00Z,10,2023,6,0.00,0.00,0.00,24.53
6851,2023-10-13T11:00:00Z,10,2023,7,9.48,17.44,12.35,24.42
6852,2023-10-13T12:00:00Z,10,2023,8,106.38,211.71,66.37,25.87
6853,2023-10-13T13:00:00Z,10,2023,9,234.55,346.66,111.23,26.98
6854,2023-10-13T14:00:00Z,10,2023,10,354.62,371.19,161.34,28.20
6855,2023-10-13T15:00:00Z,10,2023,11,411.62,312.20,208.41,29.57
6856,2023-10-13T16:00:00Z,10,2023,12,503.10,452.52,222.20,30.52
6857,2023-10-13T17:00:00Z,10,2023,13,587.83,465.74,221.70,31.16
6858,2023-10-13T18:00:00Z,10,2023,14,537.62,498.97,216.39,31.41
6859,2023-10-13T19:00:00Z,10,2023,15,478.73,441.46,173.62,31.51
6860,2023-10-13T20:00:00Z,10,2023,16,334.95,434.12,133.13,31.27
6861,2023-10-13T21:00:00Z,10,2023,17,179.55,264.24,96.28,30.56
6862,2023-10-13T22:00:00Z,10,2023,18,37.38,65.43,32.24,29.24
6863,2023-10-13T23:00:00Z,10,2023,19,0.00,0.00,0.00,27.49
6864,2023-10-14T00:00:00Z,10,2023,20,0.00,0.00,0.00,26.79
6865,2023-10-14T01:00:00Z,10,2023,21,0.00,0.00,0.00,26.01
6866,2023-10-14T02:00:00Z,10,2023,22,0.00,0.00,0.00,25.33
6867,2023-10-14T03:00:00Z,10,2023,23,0.00,0.00,0.00,24.78
6868,2023-10-14T04:00:00Z,10,2023,0,0.00,0.00,0.00,24.27
6869,2023-10-14T05:00:00Z,10,2023,1,0.00,0.00,0.00,23.89
6870,2023-10-14T06:00:00Z,10,2023,2,0.00,0.00,0.00,23.63
6871,2023-10-14T07:00:00Z,10,2023,3,0.00,0.00,0.00,23.42
6872,2023-10-14T08:00:00Z,10,2023,4,0.00,0.00,0.00,23.20
6873,2023-10-14T09:00:00Z,10,2023,5,0.00,0.00,0.00,22.94
6874,2023-10-14T10:00:00Z,10,2023,6,0.00,0.00,0.00,22.64
6875,2023-10-14T11:00:00Z,10,2023,7,9.60,12.57,12.42,22.07
6876,2023-10-14T12:00:00Z,10,2023,8,122.07,276.85,65.72,23.08
6877,2023-10-14T13:00:00Z,10,2023,9,261.60,427.65,111.53,24.34
6878,2023-10-14T14:00:00Z,10,2023,10,430.92,332.38,214.27,25.50
6879,2023-10-14T15:00:00Z,10,2023,11,681.85,737.78,149.73,26.51
6880,2023-10-14T16:00:00Z,10,2023,12,783.60,853.36,110.56,27.44
6881,2023-10-14T17:00:00Z,10,2023,13,810.08,921.95,93.50,28.21
6882,2023-10-14T18:00:00Z,10,2023,14,750.75,830.23,124.62,28.71
6883,2023-10-14T19:00:00Z,10,2023,15,629.67,828.19,116.69,28.91
6884,2023-10-14T20:00:00Z,10,2023,16,459.67,778.07,93.42,28.67
6885,2023-10-14T21:00:00Z,10,2023,17,252.38,598.03,74.96,27.85
6886,2023-10-14T22:00:00Z,10,2023,18,50.08,210.62,29.11,25.87
6887,2023-10-14T23:00:00Z,10,2023,19,0.00,0.00,0.00,23.23
6888,2023-10-15T00:00:00Z,10,2023,20,0.00,0.00,0.00,22.25
6889,2023-10-15T01:00:00Z,10,2023,21,0.00,0.00,0.00,21.35
6890,2023-10-15T02:00:00Z,10,2023,22,0.00,0.00,0.00,20.48
6891,2023-10-15T03:00:00Z,10,2023,23,0.00,0.00,0.00,19.90
6892,2023-10-15T04:00:00Z,10,2023,0,0.00,0.00,0.00,19.76
6893,2023-10-15T05:00:00Z,10,2023,1,0.00,0.00,0.00,19.76
6894,2023-10-15T06:00:00Z,10,2023,2,0.00,0.00,0.00,19.80
6895,2023-10-15T07:00:00Z,10,2023,3,0.00,0.00,0.00,19.94
6896,2023-10-15T08:00:00Z,10,2023,4,0.00,0.00,0.00,20.28
6897,2023-10-15T09:00:00Z,10,2023,5,0.00,0.00,0.00,20.86
6898,2023-10-15T10:00:00Z,10,2023,6,0.00,0.00,0.00,21.08
6899,2023-10-15T11:00:00Z,10,2023,7,9.50,26.43,11.78,20.90
6900,2023-10-15T12:00:00Z,10,2023,8,151.43,413.29,65.89,21.67
6901,2023-10-15T13:00:00Z,10,2023,9,365.23,629.26,105.92,22.19
6902,2023-10-15T14:00:00Z,10,2023,10,555.10,746.88,126.70,22.58
6903,2023-10-15T15:00:00Z,10,2023,11,714.25,855.57,116.52,23.33
6904,2023-10-15T16:00:00Z,10,2023,12,811.08,927.83,89.40,24.13
6905,2023-10-15T17:00:00Z,10,2023,13,813.65,872.05,120.27,24.79
6906,2023-10-15T18:00:00Z,10,2023,14,759.08,865.83,116.74,25.25
6907,2023-10-15T19:00:00Z,10,2023,15,640.10,862.57,92.35,25.33
6908,2023-10-15T20:00:00Z,10,2023,16,463.98,774.05,86.69,24.99
6909,2023-10-15T21:00:00Z,10,2023,17,252.45,624.05,64.27,24.12
6910,2023-10-15T22:00:00Z,10,2023,18,48.95,227.88,25.27,22.24
6911,2023-10-15T23:00:00Z,10,2023,19,0.00,0.00,0.00,19.82
6912,2023-10-16T00:00:00Z,10,2023,20,0.00,0.00,0.00,19.17
6913,2023-10-16T01:00:00Z,10,2023,21,0.00,0.00,0.00,18.68
6914,2023-10-16T02:00:00Z,10,2023,22,0.00,0.00,0.00,17.98
6915,2023-10-16T03:00:00Z,10,2023,23,0.00,0.00,0.00,17.41
6916,2023-10-16T04:00:00Z,10,2023,0,0.00,0.00,0.00,16.95
6917,2023-10-16T05:00:00Z,10,2023,1,0.00,0.00,0.00,16.54
6918,2023-10-16T06:00:00Z,10,2023,2,0.00,0.00,0.00,16.20
6919,2023-10-16T07:00:00Z,10,2023,3,0.00,0.00,0.00,16.03
6920,2023-10-16T08:00:00Z,10,2023,4,0.00,0.00,0.00,16.17
6921,2023-10-16T09:00:00Z,10,2023,5,0.00,0.00,0.00,16.01
6922,2023-10-16T10:00:00Z,10,2023,6,0.00,0.00,0.00,15.48
6923,2023-10-16T11:00:00Z,10,2023,7,8.73,36.48,9.89,14.76
6924,2023-10-16T12:00:00Z,10,2023,8,155.38,469.23,56.23,15.31
6925,2023-10-16T13:00:00Z,10,2023,9,375.05,699.46,83.32,16.64
6926,2023-10-16T14:00:00Z,10,2023,10,580.70,845.04,87.95,18.09
6927,2023-10-16T15:00:00Z,10,2023,11,711.97,843.56,121.77,19.39
6928,2023-10-16T16:00:00Z,10,2023,12,759.30,731.07,200.12,20.46
6929,2023-10-16T17:00:00Z,10,2023,13,654.20,539.64,237.87,21.26
6930,2023-10-16T18:00:00Z,10,2023,14,495.73,607.77,128.20,21.73
6931,2023-10-16T19:00:00Z,10,2023,15,481.40,540.36,154.34,21.83
6932,2023-10-16T20:00:00Z,10,2023,16,365.42,562.55,113.89,21.54
6933,2023-10-16T21:00:00Z,10,2023,17,211.75,506.66,74.42,20.81
6934,2023-10-16T22:00:00Z,10,2023,18,45.38,212.11,26.52,19.04
6935,2023-10-16T23:00:00Z,10,2023,19,0.00,0.00,0.00,16.27
6936,2023-10-17T00:00:00Z,10,2023,20,0.00,0.00,0.00,15.49
6937,2023-10-17T01:00:00Z,10,2023,21,0.00,0.00,0.00,14.92
6938,2023-10-17T02:00:00Z,10,2023,22,0.00,0.00,0.00,14.43
6939,2023-10-17T03:00:00Z,10,2023,23,0.00,0.00,0.00,13.88
6940,2023-10-17T04:00:00Z,10,2023,0,0.00,0.00,0.00,13.26
6941,2023-10-17T05:00:00Z,10,2023,1,0.00,0.00,0.00,12.64
6942,2023-10-17T06:00:00Z,10,2023,2,0.00,0.00,0.00,12.10
6943,2023-10-17T07:00:00Z,10,2023,3,0.00,0.00,0.00,11.65
6944,2023-10-17T08:00:00Z,10,2023,4,0.00,0.00,0.00,11.36
6945,2023-10-17T09:00:00Z,10,2023,5,0.00,0.00,0.00,11.23
6946,2023-10-17T10:00:00Z,10,2023,6,0.00,0.00,0.00,11.03
6947,2023-10-17T11:00:00Z,10,2023,7,10.95,59.64,10.29,10.67
6948,2023-10-17T12:00:00Z,10,2023,8,172.32,568.69,50.66,12.16
6949,2023-10-17T13:00:00Z,10,2023,9,394.27,787.10,71.17,14.85
6950,2023-10-17T14:00:00Z,10,2023,10,591.30,888.37,75.98,17.20
6951,2023-10-17T15:00:00Z,10,2023,11,738.38,933.88,81.86,18.83
6952,2023-10-17T16:00:00Z,10,2023,12,821.35,951.71,86.18,20.05
6953,2023-10-17T17:00:00Z,10,2023,13,838.03,977.19,78.13,20.98
6954,2023-10-17T18:00:00Z,10,2023,14,779.67,963.43,75.70,21.59
6955,2023-10-17T19:00:00Z,10,2023,15,655.78,920.86,74.40,21.82
6956,2023-10-17T20:00:00Z,10,2023,16,475.92,845.80,68.86,21.68
6957,2023-10-17T21:00:00Z,10,2023,17,259.38,711.02,51.45,21.06
6958,2023-10-17T22:00:00Z,10,2023,18,48.50,299.46,21.22,19.08
6959,2023-10-17T23:00:00Z,10,2023,19,0.00,0.00,0.00,15.99
6960,2023-10-18T00:00:00Z,10,2023,20,0.00,0.00,0.00,15.06
6961,2023-10-18T01:00:00Z,10,2023,21,0.00,0.00,0.00,14.31
6962,2023-10-18T02:00:00Z,10,2023,22,0.00,0.00,0.00,13.67
6963,2023-10-18T03:00:00Z,10,2023,23,0.00,0.00,0.00,13.07
6964,2023-10-18T04:00:00Z,10,2023,0,0.00,0.00,0.00,12.57
6965,2023-10-18T05:00:00Z,10,2023,1,0.00,0.00,0.00,12.18
6966,2023-10-18T06:00:00Z,10,2023,2,0.00,0.00,0.00,11.86
6967,2023-10-18T07:00:00Z,10,2023,3,0.00,0.00,0.00,11.63
6968,2023-10-18T08:00:00Z,10,2023,4,0.00,0.00,0.00,11.52
6969,2023-10-18T09:00:00Z,10,2023,5,0.00,0.00,0.00,11.53
6970,2023-10-18T10:00:00Z,10,2023,6,0.00,0.00,0.00,11.56
6971,2023-10-18T11:00:00Z,10,2023,7,11.48,100.69,8.20,11.64
6972,2023-10-18T12:00:00Z,10,2023,8,170.88,638.54,38.55,14.41
6973,2023-10-18T13:00:00Z,10,2023,9,389.80,802.96,61.40,17.34
6974,2023-10-18T14:00:00Z,10,2023,10,579.85,884.44,75.90,20.75
6975,2023-10-18T15:00:00Z,10,2023,11,721.30,919.32,89.75,22.75
6976,2023-10-18T16:00:00Z,10,2023,12,800.95,887.08,111.84,24.03
6977,2023-10-18T17:00:00Z,10,2023,13,808.80,898.88,118.89,24.89
6978,2023-10-18T18:00:00Z,10,2023,14,718.33,886.80,91.73,25.36
6979,2023-10-18T19:00:00Z,10,2023,15,614.25,785.91,126.28,25.43
6980,2023-10-18T20:00:00Z,10,2023,16,439.62,740.14,101.15,25.06
6981,2023-10-18T21:00:00Z,10,2023,17,234.02,577.99,69.78,24.26
6982,2023-10-18T22:00:00Z,10,2023,18,42.50,224.10,22.93,22.12
6983,2023-10-18T23:00:00Z,10,2023,19,0.00,0.00,0.00,19.11
6984,2023-10-19T00:00:00Z,10,2023,20,0.00,0.00,0.00,18.30
6985,2023-10-19T01:00:00Z,10,2023,21,0.00,0.00,0.00,17.62
6986,2023-10-19T02:00:00Z,10,2023,22,0.00,0.00,0.00,17.01
6987,2023-10-19T03:00:00Z,10,2023,23,0.00,0.00,0.00,16.54
6988,2023-10-19T04:00:00Z,10,2023,0,0.00,0.00,0.00,16.18
6989,2023-10-19T05:00:00Z,10,2023,1,0.00,0.00,0.00,15.88
6990,2023-10-19T06:00:00Z,10,2023,2,0.00,0.00,0.00,15.62
6991,2023-10-19T07:00:00Z,10,2023,3,0.00,0.00,0.00,15.38
6992,2023-10-19T08:00:00Z,10,2023,4,0.00,0.00,0.00,15.14
6993,2023-10-19T09:00:00Z,10,2023,5,0.00,0.00,0.00,14.93
6994,2023-10-19T10:00:00Z,10,2023,6,0.00,0.00,0.00,14.73
6995,2023-10-19T11:00:00Z,10,2023,7,10.70,79.06,8.22,14.55
6996,2023-10-19T12:00:00Z,10,2023,8,171.52,619.22,42.79,17.44
6997,2023-10-19T13:00:00Z,10,2023,9,390.45,814.94,59.58,20.72
6998,2023-10-19T14:00:00Z,10,2023,10,584.85,918.31,65.91,23.81
6999,2023-10-19T15:00:00Z,10,2023,11,727.45,960.69,72.22,25.42
7000,2023-10-19T16:00:00Z,10,2023,12,792.97,883.95,120.52,26.33
7001,2023-10-19T17:00:00Z,10,2023,13,774.15,669.61,251.38,26.95
7002,2023-10-19T18:00:00Z,10,2023,14,671.65,674.84,197.33,27.22
7003,2023-10-19T19:00:00Z,10,2023,15,551.50,570.26,229.19,26.96
7004,2023-10-19T20:00:00Z,10,2023,16,386.83,434.89,209.61,26.43
7005,2023-10-19T21:00:00Z,10,2023,17,194.77,229.52,126.20,25.72
7006,2023-10-19T22:00:00Z,10,2023,18,32.05,90.07,27.56,23.73
7007,2023-10-19T23:00:00Z,10,2023,19,0.00,0.00,0.00,21.78
7008,2023-10-20T00:00:00Z,10,2023,20,0.00,0.00,0.00,20.81
7009,2023-10-20T01:00:00Z,10,2023,21,0.00,0.00,0.00,20.19
7010,2023-10-20T02:00:00Z,10,2023,22,0.00,0.00,0.00,19.80
7011,2023-10-20T03:00:00Z,10,2023,23,0.00,0.00,0.00,19.66
7012,2023-10-20T04:00:00Z,10,2023,0,0.00,0.00,0.00,19.66
7013,2023-10-20T05:00:00Z,10,2023,1,0.00,0.00,0.00,19.98
7014,2023-10-20T06:00:00Z,10,2023,2,0.00,0.00,0.00,19.46
7015,2023-10-20T07:00:00Z,10,2023,3,0.00,0.00,0.00,17.86
7016,2023-10-20T08:00:00Z,10,2023,4,0.00,0.00,0.00,16.38
7017,2023-10-20T09:00:00Z,10,2023,5,0.00,0.00,0.00,15.30
7018,2023-10-20T10:00:00Z,10,2023,6,0.00,0.00,0.00,14.74
7019,2023-10-20T11:00:00Z,10,2023,7,9.57,67.36,8.21,14.39
7020,2023-10-20T12:00:00Z,10,2023,8,162.12,577.46,43.11,16.87
7021,2023-10-20T13:00:00Z,10,2023,9,376.55,808.02,59.86,19.65
7022,2023-10-20T14:00:00Z,10,2023,10,564.62,880.57,69.42,23.21
7023,2023-10-20T15:00:00Z,10,2023,11,704.42,942.99,64.58,25.26
7024,2023-10-20T16:00:00Z,10,2023,12,790.05,938.67,82.87,26.26
7025,2023-10-20T17:00:00Z,10,2023,13,747.25,787.41,137.84,26.97
7026,2023-10-20T18:00:00Z,10,2023,14,706.67,818.97,136.16,27.43
7027,2023-10-20T19:00:00Z,10,2023,15,571.53,694.74,152.65,27.56
7028,2023-10-20T20:00:00Z,10,2023,16,408.58,694.86,102.91,27.42
7029,2023-10-20T21:00:00Z,10,2023,17,211.27,548.01,64.06,26.55
7030,2023-10-20T22:00:00Z,10,2023,18,35.17,180.06,22.18,24.46
7031,2023-10-20T23:00:00Z,10,2023,19,0.00,0.00,0.00,21.97
7032,2023-10-21T00:00:00Z,10,2023,20,0.00,0.00,0.00,21.32
7033,2023-10-21T01:00:00Z,10,2023,21,0.00,0.00,0.00,20.54
7034,2023-10-21T02:00:00Z,10,2023,22,0.00,0.00,0.00,19.91
7035,2023-10-21T03:00:00Z,10,2023,23,0.00,0.00,0.00,19.58
7036,2023-10-21T04:00:00Z,10,2023,0,0.00,0.00,0.00,19.40
7037,2023-10-21T05:00:00Z,10,2023,1,0.00,0.00,0.00,19.22
7038,2023-10-21T06:00:00Z,10,2023,2,0.00,0.00,0.00,19.11
7039,2023-10-21T07:00:00Z,10,2023,3,0.00,0.00,0.00,19.08
7040,2023-10-21T08:00:00Z,10,2023,4,0.00,0.00,0.00,18.99
7041,2023-10-21T09:00:00Z,10,2023,5,0.00,0.00,0.00,18.91
7042,2023-10-21T10:00:00Z,10,2023,6,0.00,0.00,0.00,18.77
7043,2023-10-21T11:00:00Z,10,2023,7,8.82,65.94,7.82,18.45
7044,2023-10-21T12:00:00Z,10,2023,8,158.48,578.76,42.63,20.43
7045,2023-10-21T13:00:00Z,10,2023,9,372.55,783.50,61.60,23.11
7046,2023-10-21T14:00:00Z,10,2023,10,562.20,893.51,65.02,25.19
7047,2023-10-21T15:00:00Z,10,2023,11,701.92,924.33,74.39,26.66
7048,2023-10-21T16:00:00Z,10,2023,12,789.47,939.58,84.15,27.84
7049,2023-10-21T17:00:00Z,10,2023,13,788.67,891.08,116.38,28.68
7050,2023-10-21T18:00:00Z,10,2023,14,702.90,866.33,94.57,29.25
7051,2023-10-21T19:00:00Z,10,2023,15,610.35,832.49,97.20,29.61
7052,2023-10-21T20:00:00Z,10,2023,16,432.58,783.41,74.10,29.30
7053,2023-10-21T21:00:00Z,10,2023,17,228.35,602.86,58.86,28.27
7054,2023-10-21T22:00:00Z,10,2023,18,35.67,173.19,22.73,25.36
7055,2023-10-21T23:00:00Z,10,2023,19,0.00,0.00,0.00,22.16
7056,2023-10-22T00:00:00Z,10,2023,20,0.00,0.00,0.00,21.08
7057,2023-10-22T01:00:00Z,10,2023,21,0.00,0.00,0.00,20.14
7058,2023-10-22T02:00:00Z,10,2023,22,0.00,0.00,0.00,18.97
7059,2023-10-22T03:00:00Z,10,2023,23,0.00,0.00,0.00,18.28
7060,2023-10-22T04:00:00Z,10,2023,0,0.00,0.00,0.00,17.52
7061,2023-10-22T05:00:00Z,10,2023,1,0.00,0.00,0.00,16.76
7062,2023-10-22T06:00:00Z,10,2023,2,0.00,0.00,0.00,15.87
7063,2023-10-22T07:00:00Z,10,2023,3,0.00,0.00,0.00,15.28
7064,2023-10-22T08:00:00Z,10,2023,4,0.00,0.00,0.00,14.55
7065,2023-10-22T09:00:00Z,10,2023,5,0.00,0.00,0.00,13.97
7066,2023-10-22T10:00:00Z,10,2023,6,0.00,0.00,0.00,13.54
7067,2023-10-22T11:00:00Z,10,2023,7,7.18,12.29,9.63,13.45
7068,2023-10-22T12:00:00Z,10,2023,8,127.68,125.89,93.51,15.60
7069,2023-10-22T13:00:00Z,10,2023,9,313.90,300.89,224.53,18.19
7070,2023-10-22T14:00:00Z,10,2023,10,484.25,561.44,338.43,20.98
7071,2023-10-22T15:00:00Z,10,2023,11,623.92,748.60,411.61,25.32
7072,2023-10-22T16:00:00Z,10,2023,12,722.62,793.89,378.39,27.60
7073,2023-10-22T17:00:00Z,10,2023,13,733.78,614.77,305.52,28.63
7074,2023-10-22T18:00:00Z,10,2023,14,669.15,753.79,368.78,29.14
7075,2023-10-22T19:00:00Z,10,2023,15,554.20,632.04,279.17,29.35
7076,2023-10-22T20:00:00Z,10,2023,16,365.55,235.29,257.15,29.13
7077,2023-10-22T21:00:00Z,10,2023,17,178.77,76.92,141.22,28.96
7078,2023-10-22T22:00:00Z,10,2023,18,25.60,18.86,26.81,27.14
7079,2023-10-22T23:00:00Z,10,2023,19,0.00,0.00,0.00,26.14
7080,2023-10-23T00:00:00Z,10,2023,20,0.00,0.00,0.00,24.55
7081,2023-10-23T01:00:00Z,10,2023,21,0.00,0.00,0.00,22.84
7082,2023-10-23T02:00:00Z,10,2023,22,0.00,0.00,0.00,21.09
7083,2023-10-23T03:00:00Z,10,2023,23,0.00,0.00,0.00,19.56
7084,2023-10-23T04:00:00Z,10,2023,0,0.00,0.00,0.00,18.78
7085,2023-10-23T05:00:00Z,10,2023,1,0.00,0.00,0.00,18.57
7086,2023-10-23T06:00:00Z,10,2023,2,0.00,0.00,0.00,18.12
7087,2023-10-23T07:00:00Z,10,2023,3,0.00,0.00,0.00,17.70
7088,2023-10-23T08:00:00Z,10,2023,4,0.00,0.00,0.00,17.59
7089,2023-10-23T09:00:00Z,10,2023,5,0.00,0.00,0.00,17.04
7090,2023-10-23T10:00:00Z,10,2023,6,0.00,0.00,0.00,16.30
7091,2023-10-23T11:00:00Z,10,2023,7,6.60,10.62,9.82,15.88
7092,2023-10-23T12:00:00Z,10,2023,8,125.70,203.74,91.62,18.31
7093,2023-10-23T13:00:00Z,10,2023,9,308.77,323.43,202.56,21.60
7094,2023-10-23T14:00:00Z,10,2023,10,479.30,459.87,256.55,25.43
7095,2023-10-23T15:00:00Z,10,2023,11,632.53,646.15,306.81,27.66
7096,2023-10-23T16:00:00Z,10,2023,12,669.55,459.03,374.36,28.82
7097,2023-10-23T17:00:00Z,10,2023,13,646.47,408.31,335.20,29.53
7098,2023-10-23T18:00:00Z,10,2023,14,617.65,616.93,246.42,29.79
7099,2023-10-23T19:00:00Z,10,2023,15,497.27,461.97,239.08,29.51
7100,2023-10-23T20:00:00Z,10,2023,16,344.08,336.45,218.15,28.58
7101,2023-10-23T21:00:00Z,10,2023,17,170.50,143.85,125.85,26.95
7102,2023-10-23T22:00:00Z,10,2023,18,24.70,23.51,25.77,25.01
7103,2023-10-23T23:00:00Z,10,2023,19,0.00,0.00,0.00,23.03
7104,2023-10-24T00:00:00Z,10,2023,20,0.00,0.00,0.00,21.92
7105,2023-10-24T01:00:00Z,10,2023,21,0.00,0.00,0.00,21.08
7106,2023-10-24T02:00:00Z,10,2023,22,0.00,0.00,0.00,20.57
7107,2023-10-24T03:00:00Z,10,2023,23,0.00,0.00,0.00,20.25
7108,2023-10-24T04:00:00Z,10,2023,0,0.00,0.00,0.00,19.94
7109,2023-10-24T05:00:00Z,10,2023,1,0.00,0.00,0.00,19.81
7110,2023-10-24T06:00:00Z,10,2023,2,0.00,0.00,0.00,19.89
7111,2023-10-24T07:00:00Z,10,2023,3,0.00,0.00,0.00,20.19
7112,2023-10-24T08:00:00Z,10,2023,4,0.00,0.00,0.00,20.58
7113,2023-10-24T09:00:00Z,10,2023,5,0.00,0.00,0.00,20.82
7114,2023-10-24T10:00:00Z,10,2023,6,0.00,0.00,0.00,20.58
7115,2023-10-24T11:00:00Z,10,2023,7,6.95,36.05,8.27,20.41
7116,2023-10-24T12:00:00Z,10,2023,8,140.18,503.97,47.66,21.97
7117,2023-10-24T13:00:00Z,10,2023,9,341.70,666.31,83.51,24.31
7118,2023-10-24T14:00:00Z,10,2023,10,523.05,767.32,102.55,26.03
7119,2023-10-24T15:00:00Z,10,2023,11,553.72,469.33,247.91,27.13
7120,2023-10-24T16:00:00Z,10,2023,12,629.97,560.67,232.36,27.91
7121,2023-10-24T17:00:00Z,10,2023,13,603.22,687.94,143.18,28.29
7122,2023-10-24T18:00:00Z,10,2023,14,605.03,581.84,212.64,28.29
7123,2023-10-24T19:00:00Z,10,2023,15,506.90,608.67,148.93,27.82
7124,2023-10-24T20:00:00Z,10,2023,16,365.48,572.66,114.57,27.03
7125,2023-10-24T21:00:00Z,10,2023,17,193.05,479.10,68.71,25.89
7126,2023-10-24T22:00:00Z,10,2023,18,29.77,142.52,19.86,24.50
7127,2023-10-24T23:00:00Z,10,2023,19,0.00,0.00,0.00,23.33
7128,2023-10-25T00:00:00Z,10,2023,20,0.00,0.00,0.00,22.83
7129,2023-10-25T01:00:00Z,10,2023,21,0.00,0.00,0.00,22.52
7130,2023-10-25T02:00:00Z,10,2023,22,0.00,0.00,0.00,22.29
7131,2023-10-25T03:00:00Z,10,2023,23,0.00,0.00,0.00,22.14
7132,2023-10-25T04:00:00Z,10,2023,0,0.00,0.00,0.00,22.06
7133,2023-10-25T05:00:00Z,10,2023,1,0.00,0.00,0.00,22.01
7134,2023-10-25T06:00:00Z,10,2023,2,0.00,0.00,0.00,21.91
7135,2023-10-25T07:00:00Z,10,2023,3,0.00,0.00,0.00,21.81
7136,2023-10-25T08:00:00Z,10,2023,4,0.00,0.00,0.00,21.64
7137,2023-10-25T09:00:00Z,10,2023,5,0.00,0.00,0.00,21.57
7138,2023-10-25T10:00:00Z,10,2023,6,0.00,0.00,0.00,21.50
7139,2023-10-25T11:00:00Z,10,2023,7,6.80,42.12,7.62,21.23
7140,2023-10-25T12:00:00Z,10,2023,8,126.88,409.16,49.58,22.42
7141,2023-10-25T13:00:00Z,10,2023,9,298.42,510.35,103.26,24.70
7142,2023-10-25T14:00:00Z,10,2023,10,451.30,528.30,156.72,26.38
7143,2023-10-25T15:00:00Z,10,2023,11,468.40,353.32,240.34,27.48
7144,2023-10-25T16:00:00Z,10,2023,12,433.50,544.16,169.33,28.26
7145,2023-10-25T17:00:00Z,10,2023,13,487.75,275.49,289.39,28.69
7146,2023-10-25T18:00:00Z,10,2023,14,529.80,399.58,235.28,28.75
7147,2023-10-25T19:00:00Z,10,2023,15,466.10,510.50,198.42,28.40
7148,2023-10-25T20:00:00Z,10,2023,16,336.08,468.19,146.02,27.68
7149,2023-10-25T21:00:00Z,10,2023,17,173.68,359.27,78.12,26.57
7150,2023-10-25T22:00:00Z,10,2023,18,26.77,154.27,19.47,25.29
7151,2023-10-25T23:00:00Z,10,2023,19,0.00,0.00,0.00,23.84
7152,2023-10-26T00:00:00Z,10,2023,20,0.00,0.00,0.00,23.31
7153,2023-10-26T01:00:00Z,10,2023,21,0.00,0.00,0.00,23.03
7154,2023-10-26T02:00:00Z,10,2023,22,0.00,0.00,0.00,22.87
7155,2023-10-26T03:00:00Z,10,2023,23,0.00,0.00,0.00,22.86
7156,2023-10-26T04:00:00Z,10,2023,0,0.00,0.00,0.00,22.89
7157,2023-10-26T05:00:00Z,10,2023,1,0.00,0.00,0.00,22.77
7158,2023-10-26T06:00:00Z,10,2023,2,0.00,0.00,0.00,22.63
7159,2023-10-26T07:00:00Z,10,2023,3,0.00,0.00,0.00,22.45
7160,2023-10-26T08:00:00Z,10,2023,4,0.00,0.00,0.00,22.16
7161,2023-10-26T09:00:00Z,10,2023,5,0.00,0.00,0.00,21.86
7162,2023-10-26T10:00:00Z,10,2023,6,0.00,0.00,0.00,21.47
7163,2023-10-26T11:00:00Z,10,2023,7,6.57,55.43,6.82,21.15
7164,2023-10-26T12:00:00Z,10,2023,8,139.18,500.65,46.75,22.47
7165,2023-10-26T13:00:00Z,10,2023,9,341.62,695.08,80.98,24.78
7166,2023-10-26T14:00:00Z,10,2023,10,522.55,798.76,99.31,26.47
7167,2023-10-26T15:00:00Z,10,2023,11,633.58,668.87,191.56,27.58
7168,2023-10-26T16:00:00Z,10,2023,12,692.15,681.11,211.74,28.40
7169,2023-10-26T17:00:00Z,10,2023,13,684.50,652.90,217.94,28.95
7170,2023-10-26T18:00:00Z,10,2023,14,602.33,573.85,216.43,29.08
7171,2023-10-26T19:00:00Z,10,2023,15,506.02,546.94,200.19,28.83
7172,2023-10-26T20:00:00Z,10,2023,16,320.55,606.42,89.11,28.22
7173,2023-10-26T21:00:00Z,10,2023,17,159.93,451.79,60.18,27.18
7174,2023-10-26T22:00:00Z,10,2023,18,22.48,141.72,17.07,25.69
7175,2023-10-26T23:00:00Z,10,2023,19,0.00,0.00,0.00,24.39
7176,2023-10-27T00:00:00Z,10,2023,20,0.00,0.00,0.00,23.89
7177,2023-10-27T01:00:00Z,10,2023,21,0.00,0.00,0.00,23.42
7178,2023-10-27T02:00:00Z,10,2023,22,0.00,0.00,0.00,22.67
7179,2023-10-27T03:00:00Z,10,2023,23,0.00,0.00,0.00,22.00
7180,2023-10-27T04:00:00Z,10,2023,0,0.00,0.00,0.00,21.63
7181,2023-10-27T05:00:00Z,10,2023,1,0.00,0.00,0.00,21.19
7182,2023-10-27T06:00:00Z,10,2023,2,0.00,0.00,0.00,20.81
7183,2023-10-27T07:00:00Z,10,2023,3,0.00,0.00,0.00,20.39
7184,2023-10-27T08:00:00Z,10,2023,4,0.00,0.00,0.00,20.13
7185,2023-10-27T09:00:00Z,10,2023,5,0.00,0.00,0.00,19.82
7186,2023-10-27T10:00:00Z,10,2023,6,0.00,0.00,0.00,19.52
7187,2023-10-27T11:00:00Z,10,2023,7,6.12,44.77,7.01,19.84
7188,2023-10-27T12:00:00Z,10,2023,8,127.65,377.50,57.11,21.67
7189,2023-10-27T13:00:00Z,10,2023,9,308.67,463.99,133.89,24.87
7190,2023-10-27T14:00:00Z,10,2023,10,474.27,475.04,220.37,27.32
7191,2023-10-27T15:00:00Z,10,2023,11,595.40,509.30,269.87,28.58
7192,2023-10-27T16:00:00Z,10,2023,12,601.10,413.21,299.79,29.33
7193,2023-10-27T17:00:00Z,10,2023,13,591.78,361.63,320.94,29.78
7194,2023-10-27T18:00:00Z,10,2023,14,538.05,651.48,128.97,29.86
7195,2023-10-27T19:00:00Z,10,2023,15,483.40,529.60,173.07,29.47
7196,2023-10-27T20:00:00Z,10,2023,16,336.80,506.51,124.34,28.54
7197,2023-10-27T21:00:00Z,10,2023,17,168.77,396.30,70.60,27.21
7198,2023-10-27T22:00:00Z,10,2023,18,22.80,110.78,18.61,25.50
7199,2023-10-27T23:00:00Z,10,2023,19,0.00,0.00,0.00,24.13
7200,2023-10-28T00:00:00Z,10,2023,20,0.00,0.00,0.00,23.55
7201,2023-10-28T01:00:00Z,10,2023,21,0.00,0.00,0.00,23.13
7202,2023-10-28T02:00:00Z,10,2023,22,0.00,0.00,0.00,22.77
7203,2023-10-28T03:00:00Z,10,2023,23,0.00,0.00,0.00,22.43
7204,2023-10-28T04:00:00Z,10,2023,0,0.00,0.00,0.00,22.16
7205,2023-10-28T05:00:00Z,10,2023,1,0.00,0.00,0.00,21.90
7206,2023-10-28T06:00:00Z,10,2023,2,0.00,0.00,0.00,21.67
7207,2023-10-28T07:00:00Z,10,2023,3,0.00,0.00,0.00,21.50
7208,2023-10-28T08:00:00Z,10,2023,4,0.00,0.00,0.00,21.27
7209,2023-10-28T09:00:00Z,10,2023,5,0.00,0.00,0.00,20.93
7210,2023-10-28T10:00:00Z,10,2023,6,0.00,0.00,0.00,20.71
7211,2023-10-28T11:00:00Z,10,2023,7,5.50,35.16,6.12,20.69
7212,2023-10-28T12:00:00Z,10,2023,8,136.52,514.61,41.13,22.57
7213,2023-10-28T13:00:00Z,10,2023,9,344.55,737.86,63.82,25.33
7214,2023-10-28T14:00:00Z,10,2023,10,531.22,853.75,71.81,27.13
7215,2023-10-28T15:00:00Z,10,2023,11,607.53,640.40,179.86,28.27
7216,2023-10-28T16:00:00Z,10,2023,12,659.78,637.20,198.11,29.10
7217,2023-10-28T17:00:00Z,10,2023,13,673.78,668.69,189.61,29.53
7218,2023-10-28T18:00:00Z,10,2023,14,625.78,699.54,157.04,29.58
7219,2023-10-28T19:00:00Z,10,2023,15,549.70,718.08,136.38,29.24
7220,2023-10-28T20:00:00Z,10,2023,16,384.42,663.49,98.16,28.51
7221,2023-10-28T21:00:00Z,10,2023,17,190.40,513.66,63.16,27.34
7222,2023-10-28T22:00:00Z,10,2023,18,23.92,137.97,17.21,25.60
7223,2023-10-28T23:00:00Z,10,2023,19,0.00,0.00,0.00,23.56
7224,2023-10-29T00:00:00Z,10,2023,20,0.00,0.00,0.00,22.61
7225,2023-10-29T01:00:00Z,10,2023,21,0.00,0.00,0.00,21.85
7226,2023-10-29T02:00:00Z,10,2023,22,0.00,0.00,0.00,21.28
7227,2023-10-29T03:00:00Z,10,2023,23,0.00,0.00,0.00,20.85
7228,2023-10-29T04:00:00Z,10,2023,0,0.00,0.00,0.00,20.62
7229,2023-10-29T05:00:00Z,10,2023,1,0.00,0.00,0.00,20.37
7230,2023-10-29T06:00:00Z,10,2023,2,0.00,0.00,0.00,20.10
7231,2023-10-29T07:00:00Z,10,2023,3,0.00,0.00,0.00,19.87
7232,2023-10-29T08:00:00Z,10,2023,4,0.00,0.00,0.00,19.75
7233,2023-10-29T09:00:00Z,10,2023,5,0.00,0.00,0.00,19.75
7234,2023-10-29T10:00:00Z,10,2023,6,0.00,0.00,0.00,19.71
7235,2023-10-29T11:00:00Z,10,2023,7,5.43,51.34,5.50,19.93
7236,2023-10-29T12:00:00Z,10,2023,8,139.90,558.92,36.45,22.05
7237,2023-10-29T13:00:00Z,10,2023,9,348.62,765.25,58.89,25.07
7238,2023-10-29T14:00:00Z,10,2023,10,535.70,860.90,70.80,26.91
7239,2023-10-29T15:00:00Z,10,2023,11,623.25,674.09,179.48,28.25
7240,2023-10-29T16:00:00Z,10,2023,12,752.88,939.03,87.47,29.21
7241,2023-10-29T17:00:00Z,10,2023,13,762.90,923.42,88.96,29.74
7242,2023-10-29T18:00:00Z,10,2023,14,666.95,855.66,96.38,29.91
7243,2023-10-29T19:00:00Z,10,2023,15,586.22,885.39,73.57,29.63
7244,2023-10-29T20:00:00Z,10,2023,16,412.80,789.18,69.99,28.86
7245,2023-10-29T21:00:00Z,10,2023,17,206.32,651.04,46.46,27.65
7246,2023-10-29T22:00:00Z,10,2023,18,24.67,176.04,13.98,25.73
7247,2023-10-29T23:00:00Z,10,2023,19,0.00,0.00,0.00,23.44
7248,2023-10-30T00:00:00Z,10,2023,20,0.00,0.00,0.00,22.82
7249,2023-10-30T01:00:00Z,10,2023,21,0.00,0.00,0.00,22.25
7250,2023-10-30T02:00:00Z,10,2023,22,0.00,0.00,0.00,21.81
7251,2023-10-30T03:00:00Z,10,2023,23,0.00,0.00,0.00,21.51
7252,2023-10-30T04:00:00Z,10,2023,0,0.00,0.00,0.00,21.29
7253,2023-10-30T05:00:00Z,10,2023,1,0.00,0.00,0.00,21.05
7254,2023-10-30T06:00:00Z,10,2023,2,0.00,0.00,0.00,20.78
7255,2023-10-30T07:00:00Z,10,2023,3,0.00,0.00,0.00,20.48
7256,2023-10-30T08:00:00Z,10,2023,4,0.00,0.00,0.00,20.21
7257,2023-10-30T09:00:00Z,10,2023,5,0.00,0.00,0.00,19.96
7258,2023-10-30T10:00:00Z,10,2023,6,0.00,0.00,0.00,19.61
7259,2023-10-30T11:00:00Z,10,2023,7,4.93,40.56,5.39,19.36
7260,2023-10-30T12:00:00Z,10,2023,8,135.93,522.41,40.63,21.20
7261,2023-10-30T13:00:00Z,10,2023,9,344.35,754.49,60.01,24.66
7262,2023-10-30T14:00:00Z,10,2023,10,530.28,862.85,72.02,26.75
7263,2023-10-30T15:00:00Z,10,2023,11,613.88,704.49,171.12,28.07
7264,2023-10-30T16:00:00Z,10,2023,12,691.30,728.05,177.26,28.87
7265,2023-10-30T17:00:00Z,10,2023,13,691.72,597.90,248.24,29.34
7266,2023-10-30T18:00:00Z,10,2023,14,614.78,609.30,207.60,29.64
7267,2023-10-30T19:00:00Z,10,2023,15,504.30,668.78,186.58,29.91
7268,2023-10-30T20:00:00Z,10,2023,16,354.50,489.94,159.55,29.61
7269,2023-10-30T21:00:00Z,10,2023,17,168.75,337.76,89.28,28.33
7270,2023-10-30T22:00:00Z,10,2023,18,19.52,57.07,20.17,26.18
7271,2023-10-30T23:00:00Z,10,2023,19,0.00,0.00,0.00,24.47
7272,2023-10-31T00:00:00Z,10,2023,20,0.00,0.00,0.00,23.73
7273,2023-10-31T01:00:00Z,10,2023,21,0.00,0.00,0.00,23.02
7274,2023-10-31T02:00:00Z,10,2023,22,0.00,0.00,0.00,22.29
7275,2023-10-31T03:00:00Z,10,2023,23,0.00,0.00,0.00,21.56
7276,2023-10-31T04:00:00Z,10,2023,0,0.00,0.00,0.00,21.16
7277,2023-10-31T05:00:00Z,10,2023,1,0.00,0.00,0.00,20.76
7278,2023-10-31T06:00:00Z,10,2023,2,0.00,0.00,0.00,20.23
7279,2023-10-31T07:00:00Z,10,2023,3,0.00,0.00,0.00,19.93
7280,2023-10-31T08:00:00Z,10,2023,4,0.00,0.00,0.00,20.01
7281,2023-10-31T09:00:00Z,10,2023,5,0.00,0.00,0.00,19.85
7282,2023-10-31T10:00:00Z,10,2023,6,0.00,0.00,0.00,19.43
7283,2023-10-31T11:00:00Z,10,2023,7,3.90,15.61,5.47,19.11
7284,2023-10-31T12:00:00Z,10,2023,8,117.28,384.70,50.36,20.61
7285,2023-10-31T13:00:00Z,10,2023,9,311.80,641.66,82.40,23.44
7286,2023-10-31T14:00:00Z,10,2023,10,496.48,766.18,99.09,25.90
7287,2023-10-31T15:00:00Z,10,2023,11,654.50,830.80,108.11,27.64
7288,2023-10-31T16:00:00Z,10,2023,12,734.88,897.32,95.64,28.85
7289,2023-10-31T17:00:00Z,10,2023,13,741.53,884.69,100.01,29.67
7290,2023-10-31T18:00:00Z,10,2023,14,679.80,855.28,100.55,30.13
7291,2023-10-31T19:00:00Z,10,2023,15,558.12,803.14,93.36,30.20
7292,2023-10-31T20:00:00Z,10,2023,16,387.38,736.97,77.53,29.86
7293,2023-10-31T21:00:00Z,10,2023,17,187.10,550.22,53.64,28.80
7294,2023-10-31T22:00:00Z,10,2023,18,19.67,96.42,14.49,26.18
7295,2023-10-31T23:00:00Z,10,2023,19,0.00,0.00,0.00,23.37
7296,2023-11-01T00:00:00Z,11,2023,20,0.00,0.00,0.00,22.26
7297,2023-11-01T01:00:00Z,11,2023,21,0.00,0.00,0.00,21.25
7298,2023-11-01T02:00:00Z,11,2023,22,0.00,0.00,0.00,20.52
7299,2023-11-01T03:00:00Z,11,2023,23,0.00,0.00,0.00,20.56
7300,2023-11-01T04:00:00Z,11,2023,0,0.00,0.00,0.00,21.08
7301,2023-11-01T05:00:00Z,11,2023,1,0.00,0.00,0.00,19.77
7302,2023-11-01T06:00:00Z,11,2023,2,0.00,0.00,0.00,19.12
7303,2023-11-01T07:00:00Z,11,2023,3,0.00,0.00,0.00,19.39
7304,2023-11-01T08:00:00Z,11,2023,4,0.00,0.00,0.00,19.48
7305,2023-11-01T09:00:00Z,11,2023,5,0.00,0.00,0.00,18.94
7306,2023-11-01T10:00:00Z,11,2023,6,0.00,0.00,0.00,18.20
7307,2023-11-01T11:00:00Z,11,2023,7,2.92,19.12,4.12,17.65
7308,2023-11-01T12:00:00Z,11,2023,8,75.18,212.52,40.30,17.72
7309,2023-11-01T13:00:00Z,11,2023,9,172.82,301.81,82.72,18.83
7310,2023-11-01T14:00:00Z,11,2023,10,241.85,438.80,117.10,20.16
7311,2023-11-01T15:00:00Z,11,2023,11,352.98,209.13,215.74,21.41
7312,2023-11-01T16:00:00Z,11,2023,12,498.48,391.48,231.56,22.75
7313,2023-11-01T17:00:00Z,11,2023,13,450.77,322.72,230.18,24.13
7314,2023-11-01T18:00:00Z,11,2023,14,359.35,431.64,143.10,24.70
7315,2023-11-01T19:00:00Z,11,2023,15,339.55,266.08,187.52,24.19
7316,2023-11-01T20:00:00Z,11,2023,16,236.38,404.90,99.23,22.49
7317,2023-11-01T21:00:00Z,11,2023,17,130.98,283.54,66.97,20.35
7318,2023-11-01T22:00:00Z,11,2023,18,16.58,51.53,16.54,18.11
7319,2023-11-01T23:00:00Z,11,2023,19,0.00,0.00,0.00,16.54
7320,2023-11-02T00:00:00Z,11,2023,20,0.00,0.00,0.00,15.70
7321,2023-11-02T01:00:00Z,11,2023,21,0.00,0.00,0.00,15.16
7322,2023-11-02T02:00:00Z,11,2023,22,0.00,0.00,0.00,14.85
7323,2023-11-02T03:00:00Z,11,2023,23,0.00,0.00,0.00,14.51
7324,2023-11-02T04:00:00Z,11,2023,0,0.00,0.00,0.00,14.38
7325,2023-11-02T05:00:00Z,11,2023,1,0.00,0.00,0.00,14.48
7326,2023-11-02T06:00:00Z,11,2023,2,0.00,0.00,0.00,14.60
7327,2023-11-02T07:00:00Z,11,2023,3,0.00,0.00,0.00,14.92
7328,2023-11-02T08:00:00Z,11,2023,4,0.00,0.00,0.00,15.76
7329,2023-11-02T09:00:00Z,11,2023,5,0.00,0.00,0.00,16.33
7330,2023-11-02T10:00:00Z,11,2023,6,0.00,0.00,0.00,16.49
7331,2023-11-02T11:00:00Z,11,2023,7,0.00,0.00,0.00,16.45
7332,2023-11-02T12:00:00Z,11,2023,8,135.25,480.59,48.29,17.44
7333,2023-11-02T13:00:00Z,11,2023,9,330.52,697.96,78.26,20.18
7334,2023-11-02T14:00:00Z,11,2023,10,520.12,803.19,94.35,22.23
7335,2023-11-02T15:00:00Z,11,2023,11,632.03,776.72,137.40,23.62
7336,2023-11-02T16:00:00Z,11,2023,12,702.62,798.32,148.02,24.67
7337,2023-11-02T17:00:00Z,11,2023,13,675.20,646.36,205.30,25.31
7338,2023-11-02T18:00:00Z,11,2023,14,578.95,761.36,104.75,25.48
7339,2023-11-02T19:00:00Z,11,2023,15,506.85,664.74,138.41,25.18
7340,2023-11-02T20:00:00Z,11,2023,16,352.55,610.17,106.02,24.54
7341,2023-11-02T21:00:00Z,11,2023,17,172.12,455.70,66.38,23.38
7342,2023-11-02T22:00:00Z,11,2023,18,17.90,72.13,15.18,22.13
7343,2023-11-02T23:00:00Z,11,2023,19,0.00,0.00,0.00,21.22
7344,2023-11-03T00:00:00Z,11,2023,20,0.00,0.00,0.00,20.75
7345,2023-11-03T01:00:00Z,11,2023,21,0.00,0.00,0.00,20.59
7346,2023-11-03T02:00:00Z,11,2023,22,0.00,0.00,0.00,20.54
7347,2023-11-03T03:00:00Z,11,2023,23,0.00,0.00,0.00,20.37
7348,2023-11-03T04:00:00Z,11,2023,0,0.00,0.00,0.00,20.20
7349,2023-11-03T05:00:00Z,11,2023,1,0.00,0.00,0.00,20.12
7350,2023-11-03T06:00:00Z,11,2023,2,0.00,0.00,0.00,20.03
7351,2023-11-03T07:00:00Z,11,2023,3,0.00,0.00,0.00,19.90
7352,2023-11-03T08:00:00Z,11,2023,4,0.00,0.00,0.00,19.62
7353,2023-11-03T09:00:00Z,11,2023,5,0.00,0.00,0.00,19.25
7354,2023-11-03T10:00:00Z,11,2023,6,0.00,0.00,0.00,18.62
7355,2023-11-03T11:00:00Z,11,2023,7,0.00,0.00,0.00,18.31
7356,2023-11-03T12:00:00Z,11,2023,8,108.32,375.03,46.41,19.89
7357,2023-11-03T13:00:00Z,11,2023,9,269.17,519.01,103.36,23.00
7358,2023-11-03T14:00:00Z,11,2023,10,429.45,581.84,154.95,24.97
7359,2023-11-03T15:00:00Z,11,2023,11,545.38,692.53,143.87,26.05
7360,2023-11-03T16:00:00Z,11,2023,12,568.30,458.08,256.22,26.70
7361,2023-11-03T17:00:00Z,11,2023,13,434.25,311.15,247.29,26.99
7362,2023-11-03T18:00:00Z,11,2023,14,379.70,360.42,190.70,26.91
7363,2023-11-03T19:00:00Z,11,2023,15,346.15,374.48,189.40,26.20
7364,2023-11-03T20:00:00Z,11,2023,16,246.32,301.19,128.05,25.58
7365,2023-11-03T21:00:00Z,11,2023,17,128.98,282.74,71.37,24.80
7366,2023-11-03T22:00:00Z,11,2023,18,15.27,47.00,16.15,23.36
7367,2023-11-03T23:00:00Z,11,2023,19,0.00,0.00,0.00,21.67
7368,2023-11-04T00:00:00Z,11,2023,20,0.00,0.00,0.00,20.78
7369,2023-11-04T01:00:00Z,11,2023,21,0.00,0.00,0.00,20.19
7370,2023-11-04T02:00:00Z,11,2023,22,0.00,0.00,0.00,19.74
7371,2023-11-04T03:00:00Z,11,2023,23,0.00,0.00,0.00,19.30
7372,2023-11-04T04:00:00Z,11,2023,0,0.00,0.00,0.00,19.08
7373,2023-11-04T05:00:00Z,11,2023,1,0.00,0.00,0.00,18.75
7374,2023-11-04T06:00:00Z,11,2023,2,0.00,0.00,0.00,18.48
7375,2023-11-04T07:00:00Z,11,2023,3,0.00,0.00,0.00,18.23
7376,2023-11-04T08:00:00Z,11,2023,4,0.00,0.00,0.00,17.88
7377,2023-11-04T09:00:00Z,11,2023,5,0.00,0.00,0.00,17.59
7378,2023-11-04T10:00:00Z,11,2023,6,0.00,0.00,0.00,17.36
7379,2023-11-04T11:00:00Z,11,2023,7,0.00,0.00,0.00,17.05
7380,2023-11-04T12:00:00Z,11,2023,8,111.12,352.72,50.67,17.16
7381,2023-11-04T13:00:00Z,11,2023,9,259.98,454.91,101.34,18.71
7382,2023-11-04T14:00:00Z,11,2023,10,400.33,432.04,175.38,21.42
7383,2023-11-04T15:00:00Z,11,2023,11,522.10,539.43,202.31,23.48
7384,2023-11-04T16:00:00Z,11,2023,12,568.22,441.42,266.77,24.67
7385,2023-11-04T17:00:00Z,11,2023,13,573.90,354.94,302.44,25.64
7386,2023-11-04T18:00:00Z,11,2023,14,547.50,415.98,258.08,26.25
7387,2023-11-04T19:00:00Z,11,2023,15,505.12,601.89,163.96,26.33
7388,2023-11-04T20:00:00Z,11,2023,16,350.92,588.49,111.60,26.04
7389,2023-11-04T21:00:00Z,11,2023,17,171.05,482.27,60.37,25.01
7390,2023-11-04T22:00:00Z,11,2023,18,17.45,119.67,13.69,23.17
7391,2023-11-04T23:00:00Z,11,2023,19,0.00,0.00,0.00,21.11
7392,2023-11-05T00:00:00Z,11,2023,20,0.00,0.00,0.00,19.70
7393,2023-11-05T01:00:00Z,11,2023,21,0.00,0.00,0.00,18.53
7394,2023-11-05T02:00:00Z,11,2023,22,0.00,0.00,0.00,17.63
7395,2023-11-05T03:00:00Z,11,2023,23,0.00,0.00,0.00,16.95
7396,2023-11-05T04:00:00Z,11,2023,0,0.00,0.00,0.00,16.42
7397,2023-11-05T05:00:00Z,11,2023,1,0.00,0.00,0.00,15.90
7398,2023-11-05T06:00:00Z,11,2023,1,0.00,0.00,0.00,15.46
7399,2023-11-05T07:00:00Z,11,2023,2,0.00,0.00,0.00,15.13
7400,2023-11-05T08:00:00Z,11,2023,3,0.00,0.00,0.00,14.76
7401,2023-11-05T09:00:00Z,11,2023,4,0.00,0.00,0.00,14.20
7402,2023-11-05T10:00:00Z,11,2023,5,0.00,0.00,0.00,13.61
7403,2023-11-05T11:00:00Z,11,2023,6,0.00,0.00,0.00,13.10
7404,2023-11-05T12:00:00Z,11,2023,7,135.40,593.74,33.31,14.18
7405,2023-11-05T13:00:00Z,11,2023,8,341.85,848.32,46.75,16.99
7406,2023-11-05T14:00:00Z,11,2023,9,532.28,933.93,54.19,20.65
7407,2023-11-05T15:00:00Z,11,2023,10,674.72,979.74,57.33,23.60
7408,2023-11-05T16:00:00Z,11,2023,11,753.53,1002.97,57.46,25.87
7409,2023-11-05T17:00:00Z,11,2023,12,761.45,996.60,61.81,27.07
7410,2023-11-05T18:00:00Z,11,2023,13,703.15,982.84,61.41,27.50
7411,2023-11-05T19:00:00Z,11,2023,14,582.40,961.46,58.97,27.52
7412,2023-11-05T20:00:00Z,11,2023,15,406.35,854.12,58.27,27.02
7413,2023-11-05T21:00:00Z,11,2023,16,196.48,713.04,39.27,25.68
7414,2023-11-05T22:00:00Z,11,2023,17,18.92,166.84,11.33,21.87
7415,2023-11-05T23:00:00Z,11,2023,18,0.00,0.00,0.00,18.66
7416,2023-11-06T00:00:00Z,11,2023,19,0.00,0.00,0.00,17.46
7417,2023-11-06T01:00:00Z,11,2023,20,0.00,0.00,0.00,16.28
7418,2023-11-06T02:00:00Z,11,2023,21,0.00,0.00,0.00,15.25
7419,2023-11-06T03:00:00Z,11,2023,22,0.00,0.00,0.00,14.38
7420,2023-11-06T04:00:00Z,11,2023,23,0.00,0.00,0.00,13.72
7421,2023-11-06T05:00:00Z,11,2023,0,0.00,0.00,0.00,13.18
7422,2023-11-06T06:00:00Z,11,2023,1,0.00,0.00,0.00,12.74
7423,2023-11-06T07:00:00Z,11,2023,2,0.00,0.00,0.00,12.43
7424,2023-11-06T08:00:00Z,11,2023,3,0.00,0.00,0.00,12.26
7425,2023-11-06T09:00:00Z,11,2023,4,0.00,0.00,0.00,12.15
7426,2023-11-06T10:00:00Z,11,2023,5,0.00,0.00,0.00,12.05
7427,2023-11-06T11:00:00Z,11,2023,6,0.00,0.00,0.00,11.99
7428,2023-11-06T12:00:00Z,11,2023,7,131.85,555.37,32.64,13.81
7429,2023-11-06T13:00:00Z,11,2023,8,334.85,831.27,48.40,17.33
7430,2023-11-06T14:00:00Z,11,2023,9,519.03,902.27,59.45,21.33
7431,2023-11-06T15:00:00Z,11,2023,10,655.47,969.78,59.19,24.98
7432,2023-11-06T16:00:00Z,11,2023,11,730.20,974.66,65.65,26.75
7433,2023-11-06T17:00:00Z,11,2023,12,729.75,933.43,77.80,27.79
7434,2023-11-06T18:00:00Z,11,2023,13,670.70,909.90,80.26,28.32
7435,2023-11-06T19:00:00Z,11,2023,14,560.40,842.80,94.24,28.40
7436,2023-11-06T20:00:00Z,11,2023,15,378.45,766.86,73.53,27.97
7437,2023-11-06T21:00:00Z,11,2023,16,177.68,564.92,53.47,26.78
7438,2023-11-06T22:00:00Z,11,2023,17,14.95,71.65,14.16,23.48
7439,2023-11-06T23:00:00Z,11,2023,18,0.00,0.00,0.00,20.80
7440,2023-11-07T00:00:00Z,11,2023,19,0.00,0.00,0.00,19.96
7441,2023-11-07T01:00:00Z,11,2023,20,0.00,0.00,0.00,19.15
7442,2023-11-07T02:00:00Z,11,2023,21,0.00,0.00,0.00,18.43
7443,2023-11-07T03:00:00Z,11,2023,22,0.00,0.00,0.00,17.80
7444,2023-11-07T04:00:00Z,11,2023,23,0.00,0.00,0.00,17.23
7445,2023-11-07T05:00:00Z,11,2023,0,0.00,0.00,0.00,16.83
7446,2023-11-07T06:00:00Z,11,2023,1,0.00,0.00,0.00,16.50
7447,2023-11-07T07:00:00Z,11,2023,2,0.00,0.00,0.00,16.17
7448,2023-11-07T08:00:00Z,11,2023,3,0.00,0.00,0.00,15.88
7449,2023-11-07T09:00:00Z,11,2023,4,0.00,0.00,0.00,15.59
7450,2023-11-07T10:00:00Z,11,2023,5,0.00,0.00,0.00,15.88
7451,2023-11-07T11:00:00Z,11,2023,6,0.00,0.00,0.00,15.99
7452,2023-11-07T12:00:00Z,11,2023,7,104.53,313.37,53.71,16.89
7453,2023-11-07T13:00:00Z,11,2023,8,283.05,435.82,139.15,19.04
7454,2023-11-07T14:00:00Z,11,2023,9,467.70,619.28,183.24,21.66
7455,2023-11-07T15:00:00Z,11,2023,10,644.03,858.13,107.81,25.34
7456,2023-11-07T16:00:00Z,11,2023,11,720.00,886.91,121.26,27.53
7457,2023-11-07T17:00:00Z,11,2023,12,733.30,919.81,90.67,28.66
7458,2023-11-07T18:00:00Z,11,2023,13,653.88,882.38,95.84,29.24
7459,2023-11-07T19:00:00Z,11,2023,14,541.65,815.75,94.88,29.36
7460,2023-11-07T20:00:00Z,11,2023,15,373.95,746.29,71.16,29.08
7461,2023-11-07T21:00:00Z,11,2023,16,176.50,600.18,44.56,28.24
7462,2023-11-07T22:00:00Z,11,2023,17,15.88,137.13,10.41,25.28
7463,2023-11-07T23:00:00Z,11,2023,18,0.00,0.00,0.00,22.08
7464,2023-11-08T00:00:00Z,11,2023,19,0.00,0.00,0.00,20.71
7465,2023-11-08T01:00:00Z,11,2023,20,0.00,0.00,0.00,19.78
7466,2023-11-08T02:00:00Z,11,2023,21,0.00,0.00,0.00,19.06
7467,2023-11-08T03:00:00Z,11,2023,22,0.00,0.00,0.00,18.78
7468,2023-11-08T04:00:00Z,11,2023,23,0.00,0.00,0.00,18.82
7469,2023-11-08T05:00:00Z,11,2023,0,0.00,0.00,0.00,19.02
7470,2023-11-08T06:00:00Z,11,2023,1,0.00,0.00,0.00,19.25
7471,2023-11-08T07:00:00Z,11,2023,2,0.00,0.00,0.00,19.12
7472,2023-11-08T08:00:00Z,11,2023,3,0.00,0.00,0.00,18.38
7473,2023-11-08T09:00:00Z,11,2023,4,0.00,0.00,0.00,17.26
7474,2023-11-08T10:00:00Z,11,2023,5,0.00,0.00,0.00,16.07
7475,2023-11-08T11:00:00Z,11,2023,6,0.00,0.00,0.00,15.15
7476,2023-11-08T12:00:00Z,11,2023,7,120.07,504.98,32.41,16.13
7477,2023-11-08T13:00:00Z,11,2023,8,321.52,798.13,52.10,18.90
7478,2023-11-08T14:00:00Z,11,2023,9,506.08,886.81,64.42,22.49
7479,2023-11-08T15:00:00Z,11,2023,10,644.42,919.28,75.12,26.68
7480,2023-11-08T16:00:00Z,11,2023,11,722.00,955.84,76.46,28.09
7481,2023-11-08T17:00:00Z,11,2023,12,715.92,888.54,104.14,28.92
7482,2023-11-08T18:00:00Z,11,2023,13,645.47,840.90,106.32,29.35
7483,2023-11-08T19:00:00Z,11,2023,14,530.42,782.01,103.01,29.35
7484,2023-11-08T20:00:00Z,11,2023,15,360.88,709.92,74.29,28.97
7485,2023-11-08T21:00:00Z,11,2023,16,169.27,547.69,49.59,27.92
7486,2023-11-08T22:00:00Z,11,2023,17,14.02,87.86,10.69,24.38
7487,2023-11-08T23:00:00Z,11,2023,18,0.00,0.00,0.00,21.63
7488,2023-11-09T00:00:00Z,11,2023,19,0.00,0.00,0.00,21.44
7489,2023-11-09T01:00:00Z,11,2023,20,0.00,0.00,0.00,21.13
7490,2023-11-09T02:00:00Z,11,2023,21,0.00,0.00,0.00,20.73
7491,2023-11-09T03:00:00Z,11,2023,22,0.00,0.00,0.00,20.38
7492,2023-11-09T04:00:00Z,11,2023,23,0.00,0.00,0.00,20.12
7493,2023-11-09T05:00:00Z,11,2023,0,0.00,0.00,0.00,19.79
7494,2023-11-09T06:00:00Z,11,2023,1,0.00,0.00,0.00,19.24
7495,2023-11-09T07:00:00Z,11,2023,2,0.00,0.00,0.00,18.94
7496,2023-11-09T08:00:00Z,11,2023,3,0.00,0.00,0.00,19.06
7497,2023-11-09T09:00:00Z,11,2023,4,0.00,0.00,0.00,19.26
7498,2023-11-09T10:00:00Z,11,2023,5,0.00,0.00,0.00,19.75
7499,2023-11-09T11:00:00Z,11,2023,6,0.00,0.00,0.00,19.82
7500,2023-11-09T12:00:00Z,11,2023,7,109.18,423.94,37.11,19.83
7501,2023-11-09T13:00:00Z,11,2023,8,300.27,665.93,74.90,22.34
7502,2023-11-09T14:00:00Z,11,2023,9,477.20,753.27,105.39,26.02
7503,2023-11-09T15:00:00Z,11,2023,10,630.67,894.80,78.73,27.84
7504,2023-11-09T16:00:00Z,11,2023,11,634.05,725.03,164.25,28.87
7505,2023-11-09T17:00:00Z,11,2023,12,633.47,526.31,279.96,29.59
7506,2023-11-09T18:00:00Z,11,2023,13,547.75,420.18,303.77,29.98
7507,2023-11-09T19:00:00Z,11,2023,14,450.50,391.28,251.38,29.94
7508,2023-11-09T20:00:00Z,11,2023,15,301.58,322.03,196.01,29.53
7509,2023-11-09T21:00:00Z,11,2023,16,138.20,274.27,89.14,28.31
7510,2023-11-09T22:00:00Z,11,2023,17,12.38,41.79,14.33,25.41
7511,2023-11-09T23:00:00Z,11,2023,18,0.00,0.00,0.00,23.05
7512,2023-11-10T00:00:00Z,11,2023,19,0.00,0.00,0.00,22.24
7513,2023-11-10T01:00:00Z,11,2023,20,0.00,0.00,0.00,21.31
7514,2023-11-10T02:00:00Z,11,2023,21,0.00,0.00,0.00,20.62
7515,2023-11-10T03:00:00Z,11,2023,22,0.00,0.00,0.00,20.22
7516,2023-11-10T04:00:00Z,11,2023,23,0.00,0.00,0.00,20.12
7517,2023-11-10T05:00:00Z,11,2023,0,0.00,0.00,0.00,20.14
7518,2023-11-10T06:00:00Z,11,2023,1,0.00,0.00,0.00,20.20
7519,2023-11-10T07:00:00Z,11,2023,2,0.00,0.00,0.00,20.31
7520,2023-11-10T08:00:00Z,11,2023,3,0.00,0.00,0.00,20.43
7521,2023-11-10T09:00:00Z,11,2023,4,0.00,0.00,0.00,20.33
7522,2023-11-10T10:00:00Z,11,2023,5,0.00,0.00,0.00,20.13
7523,2023-11-10T11:00:00Z,11,2023,6,0.00,0.00,0.00,19.66
7524,2023-11-10T12:00:00Z,11,2023,7,99.85,384.33,38.90,20.89
7525,2023-11-10T13:00:00Z,11,2023,8,293.45,694.18,67.48,24.26
7526,2023-11-10T14:00:00Z,11,2023,9,479.70,800.58,76.64,27.32
7527,2023-11-10T15:00:00Z,11,2023,10,539.42,731.78,145.97,29.20
7528,2023-11-10T16:00:00Z,11,2023,11,570.58,495.73,262.25,30.51
7529,2023-11-10T17:00:00Z,11,2023,12,611.25,575.86,229.57,31.43
7530,2023-11-10T18:00:00Z,11,2023,13,504.35,499.56,210.57,32.00
7531,2023-11-10T19:00:00Z,11,2023,14,400.40,397.79,202.70,32.13
7532,2023-11-10T20:00:00Z,11,2023,15,271.67,376.67,137.91,31.94
7533,2023-11-10T21:00:00Z,11,2023,16,121.72,290.98,65.78,31.17
7534,2023-11-10T22:00:00Z,11,2023,17,10.18,32.77,11.95,28.17
7535,2023-11-10T23:00:00Z,11,2023,18,0.00,0.00,0.00,25.82
7536,2023-11-11T00:00:00Z,11,2023,19,0.00,0.00,0.00,24.98
7537,2023-11-11T01:00:00Z,11,2023,20,0.00,0.00,0.00,23.98
7538,2023-11-11T02:00:00Z,11,2023,21,0.00,0.00,0.00,23.35
7539,2023-11-11T03:00:00Z,11,2023,22,0.00,0.00,0.00,22.90
7540,2023-11-11T04:00:00Z,11,2023,23,0.00,0.00,0.00,22.53
7541,2023-11-11T05:00:00Z,11,2023,0,0.00,0.00,0.00,22.21
7542,2023-11-11T06:00:00Z,11,2023,1,0.00,0.00,0.00,21.93
7543,2023-11-11T07:00:00Z,11,2023,2,0.00,0.00,0.00,21.72
7544,2023-11-11T08:00:00Z,11,2023,3,0.00,0.00,0.00,21.61
7545,2023-11-11T09:00:00Z,11,2023,4,0.00,0.00,0.00,21.53
7546,2023-11-11T10:00:00Z,11,2023,5,0.00,0.00,0.00,21.42
7547,2023-11-11T11:00:00Z,11,2023,6,0.00,0.00,0.00,21.35
7548,2023-11-11T12:00:00Z,11,2023,7,83.25,284.93,41.73,22.45
7549,2023-11-11T13:00:00Z,11,2023,8,238.93,529.47,73.48,24.48
7550,2023-11-11T14:00:00Z,11,2023,9,382.30,633.68,97.22,25.97
7551,2023-11-11T15:00:00Z,11,2023,10,536.03,673.00,149.96,28.21
7552,2023-11-11T16:00:00Z,11,2023,11,570.60,500.23,220.30,30.49
7553,2023-11-11T17:00:00Z,11,2023,12,530.78,431.44,241.36,31.57
7554,2023-11-11T18:00:00Z,11,2023,13,464.80,383.96,235.09,31.93
7555,2023-11-11T19:00:00Z,11,2023,14,343.15,439.69,133.68,31.81
7556,2023-11-11T20:00:00Z,11,2023,15,237.48,412.47,88.41,31.39
7557,2023-11-11T21:00:00Z,11,2023,16,109.53,295.22,53.71,29.91
7558,2023-11-11T22:00:00Z,11,2023,17,9.35,25.42,11.15,27.42
7559,2023-11-11T23:00:00Z,11,2023,18,0.00,0.00,0.00,25.37
7560,2023-11-12T00:00:00Z,11,2023,19,0.00,0.00,0.00,24.29
7561,2023-11-12T01:00:00Z,11,2023,20,0.00,0.00,0.00,23.80
7562,2023-11-12T02:00:00Z,11,2023,21,0.00,0.00,0.00,23.56
7563,2023-11-12T03:00:00Z,11,2023,22,0.00,0.00,0.00,23.39
7564,2023-11-12T04:00:00Z,11,2023,23,0.00,0.00,0.00,22.99
7565,2023-11-12T05:00:00Z,11,2023,0,0.00,0.00,0.00,22.58
7566,2023-11-12T06:00:00Z,11,2023,1,0.00,0.00,0.00,22.28
7567,2023-11-12T07:00:00Z,11,2023,2,0.00,0.00,0.00,22.13
7568,2023-11-12T08:00:00Z,11,2023,3,0.00,0.00,0.00,22.14
7569,2023-11-12T09:00:00Z,11,2023,4,0.00,0.00,0.00,21.95
7570,2023-11-12T10:00:00Z,11,2023,5,0.00,0.00,0.00,21.71
7571,2023-11-12T11:00:00Z,11,2023,6,0.00,0.00,0.00,21.57
7572,2023-11-12T12:00:00Z,11,2023,7,46.75,43.64,38.38,22.17
7573,2023-11-12T13:00:00Z,11,2023,8,140.60,89.61,108.98,23.26
7574,2023-11-12T14:00:00Z,11,2023,9,222.40,110.02,156.00,24.67
7575,2023-11-12T15:00:00Z,11,2023,10,230.43,93.64,165.26,26.57
7576,2023-11-12T16:00:00Z,11,2023,11,244.07,107.16,177.90,28.05
7577,2023-11-12T17:00:00Z,11,2023,12,290.12,121.68,189.09,28.59
7578,2023-11-12T18:00:00Z,11,2023,13,332.48,423.41,131.70,28.72
7579,2023-11-12T19:00:00Z,11,2023,14,257.55,329.23,122.97,28.48
7580,2023-11-12T20:00:00Z,11,2023,15,168.95,217.78,101.42,27.75
7581,2023-11-12T21:00:00Z,11,2023,16,75.15,108.91,54.18,25.94
7582,2023-11-12T22:00:00Z,11,2023,17,6.93,10.38,8.97,23.79
7583,2023-11-12T23:00:00Z,11,2023,18,0.00,0.00,0.00,21.89
7584,2023-11-13T00:00:00Z,11,2023,19,0.00,0.00,0.00,20.39
7585,2023-11-13T01:00:00Z,11,2023,20,0.00,0.00,0.00,19.31
7586,2023-11-13T02:00:00Z,11,2023,21,0.00,0.00,0.00,18.68
7587,2023-11-13T03:00:00Z,11,2023,22,0.00,0.00,0.00,18.50
7588,2023-11-13T04:00:00Z,11,2023,23,0.00,0.00,0.00,18.38
7589,2023-11-13T05:00:00Z,11,2023,0,0.00,0.00,0.00,18.25
7590,2023-11-13T06:00:00Z,11,2023,1,0.00,0.00,0.00,18.25
7591,2023-11-13T07:00:00Z,11,2023,2,0.00,0.00,0.00,18.44
7592,2023-11-13T08:00:00Z,11,2023,3,0.00,0.00,0.00,19.27
7593,2023-11-13T09:00:00Z,11,2023,4,0.00,0.00,0.00,19.81
7594,2023-11-13T10:00:00Z,11,2023,5,0.00,0.00,0.00,20.12
7595,2023-11-13T11:00:00Z,11,2023,6,0.00,0.00,0.00,20.40
7596,2023-11-13T12:00:00Z,11,2023,7,51.65,32.08,43.74,20.90
7597,2023-11-13T13:00:00Z,11,2023,8,130.80,82.21,102.27,22.09
7598,2023-11-13T14:00:00Z,11,2023,9,220.77,153.57,162.22,23.72
7599,2023-11-13T15:00:00Z,11,2023,10,264.40,172.18,192.82,25.88
7600,2023-11-13T16:00:00Z,11,2023,11,346.85,57.25,269.53,27.46
7601,2023-11-13T17:00:00Z,11,2023,12,250.68,20.73,207.67,27.90
7602,2023-11-13T18:00:00Z,11,2023,13,221.12,3.36,186.26,27.40
7603,2023-11-13T19:00:00Z,11,2023,14,183.30,4.35,159.05,26.65
7604,2023-11-13T20:00:00Z,11,2023,15,121.10,2.26,105.79,25.43
7605,2023-11-13T21:00:00Z,11,2023,16,56.25,3.70,49.61,24.25
7606,2023-11-13T22:00:00Z,11,2023,17,5.40,0.00,5.75,23.04
7607,2023-11-13T23:00:00Z,11,2023,18,0.00,0.00,0.00,22.07
7608,2023-11-14T00:00:00Z,11,2023,19,0.00,0.00,0.00,21.41
7609,2023-11-14T01:00:00Z,11,2023,20,0.00,0.00,0.00,20.74
7610,2023-11-14T02:00:00Z,11,2023,21,0.00,0.00,0.00,19.96
7611,2023-11-14T03:00:00Z,11,2023,22,0.00,0.00,0.00,19.46
7612,2023-11-14T04:00:00Z,11,2023,23,0.00,0.00,0.00,19.29
7613,2023-11-14T05:00:00Z,11,2023,0,0.00,0.00,0.00,19.51
7614,2023-11-14T06:00:00Z,11,2023,1,0.00,0.00,0.00,19.91
7615,2023-11-14T07:00:00Z,11,2023,2,0.00,0.00,0.00,20.40
7616,2023-11-14T08:00:00Z,11,2023,3,0.00,0.00,0.00,20.89
7617,2023-11-14T09:00:00Z,11,2023,4,0.00,0.00,0.00,21.26
7618,2023-11-14T10:00:00Z,11,2023,5,0.00,0.00,0.00,21.51
7619,2023-11-14T11:00:00Z,11,2023,6,0.00,0.00,0.00,21.57
7620,2023-11-14T12:00:00Z,11,2023,7,38.20,0.00,33.38,21.97
7621,2023-11-14T13:00:00Z,11,2023,8,88.38,0.00,77.29,22.74
7622,2023-11-14T14:00:00Z,11,2023,9,163.38,0.00,140.24,23.72
7623,2023-11-14T15:00:00Z,11,2023,10,210.02,11.77,178.56,25.01
7624,2023-11-14T16:00:00Z,11,2023,11,254.77,34.74,206.06,26.30
7625,2023-11-14T17:00:00Z,11,2023,12,285.45,23.18,236.15,26.90
7626,2023-11-14T18:00:00Z,11,2023,13,282.17,1.47,238.07,26.75
7627,2023-11-14T19:00:00Z,11,2023,14,211.02,4.55,183.19,25.99
7628,2023-11-14T20:00:00Z,11,2023,15,143.27,0.00,125.44,25.25
7629,2023-11-14T21:00:00Z,11,2023,16,61.28,7.01,53.88,24.54
7630,2023-11-14T22:00:00Z,11,2023,17,4.93,0.00,5.24,23.50
7631,2023-11-14T23:00:00Z,11,2023,18,0.00,0.00,0.00,22.79
7632,2023-11-15T00:00:00Z,11,2023,19,0.00,0.00,0.00,22.54
7633,2023-11-15T01:00:00Z,11,2023,20,0.00,0.00,0.00,22.36
7634,2023-11-15T02:00:00Z,11,2023,21,0.00,0.00,0.00,22.21
7635,2023-11-15T03:00:00Z,11,2023,22,0.00,0.00,0.00,22.03
7636,2023-11-15T04:00:00Z,11,2023,23,0.00,0.00,0.00,21.84
7637,2023-11-15T05:00:00Z,11,2023,0,0.00,0.00,0.00,21.65
7638,2023-11-15T06:00:00Z,11,2023,1,0.00,0.00,0.00,21.53
7639,2023-11-15T07:00:00Z,11,2023,2,0.00,0.00,0.00,21.47
7640,2023-11-15T08:00:00Z,11,2023,3,0.00,0.00,0.00,21.36
7641,2023-11-15T09:00:00Z,11,2023,4,0.00,0.00,0.00,21.19
7642,2023-11-15T10:00:00Z,11,2023,5,0.00,0.00,0.00,21.06
7643,2023-11-15T11:00:00Z,11,2023,6,0.00,0.00,0.00,20.92
7644,2023-11-15T12:00:00Z,11,2023,7,26.92,0.00,23.53,20.96
7645,2023-11-15T13:00:00Z,11,2023,8,82.05,0.00,71.76,21.53
7646,2023-11-15T14:00:00Z,11,2023,9,142.05,0.00,121.91,22.47
7647,2023-11-15T15:00:00Z,11,2023,10,187.98,0.00,161.39,23.51
7648,2023-11-15T16:00:00Z,11,2023,11,213.57,18.25,178.25,24.34
7649,2023-11-15T17:00:00Z,11,2023,12,119.38,4.20,99.62,24.29
7650,2023-11-15T18:00:00Z,11,2023,13,130.57,0.00,112.25,23.67
7651,2023-11-15T19:00:00Z,11,2023,14,65.30,11.67,54.93,23.40
7652,2023-11-15T20:00:00Z,11,2023,15,95.10,0.00,83.27,23.16
7653,2023-11-15T21:00:00Z,11,2023,16,46.03,0.00,40.73,22.61
7654,2023-11-15T22:00:00Z,11,2023,17,4.10,0.00,4.39,21.85
7655,2023-11-15T23:00:00Z,11,2023,18,0.00,0.00,0.00,21.45
7656,2023-11-16T00:00:00Z,11,2023,19,0.00,0.00,0.00,21.12
7657,2023-11-16T01:00:00Z,11,2023,20,0.00,0.00,0.00,21.02
7658,2023-11-16T02:00:00Z,11,2023,21,0.00,0.00,0.00,20.96
7659,2023-11-16T03:00:00Z,11,2023,22,0.00,0.00,0.00,20.87
7660,2023-11-16T04:00:00Z,11,2023,23,0.00,0.00,0.00,20.64
7661,2023-11-16T05:00:00Z,11,2023,0,0.00,0.00,0.00,20.47
7662,2023-11-16T06:00:00Z,11,2023,1,0.00,0.00,0.00,20.54
7663,2023-11-16T07:00:00Z,11,2023,2,0.00,0.00,0.00,21.16
7664,2023-11-16T08:00:00Z,11,2023,3,0.00,0.00,0.00,21.52
7665,2023-11-16T09:00:00Z,11,2023,4,0.00,0.00,0.00,21.53
7666,2023-11-16T10:00:00Z,11,2023,5,0.00,0.00,0.00,21.41
7667,2023-11-16T11:00:00Z,11,2023,6,0.00,0.00,0.00,21.21
7668,2023-11-16T12:00:00Z,11,2023,7,16.40,10.25,14.60,21.29
7669,2023-11-16T13:00:00Z,11,2023,8,40.88,2.28,35.55,21.79
7670,2023-11-16T14:00:00Z,11,2023,9,62.83,23.41,49.88,22.29
7671,2023-11-16T15:00:00Z,11,2023,10,97.10,28.71,75.38,22.76
7672,2023-11-16T16:00:00Z,11,2023,11,120.65,44.80,87.24,23.29
7673,2023-11-16T17:00:00Z,11,2023,12,130.90,10.20,108.37,23.46
7674,2023-11-16T18:00:00Z,11,2023,13,127.38,3.30,109.01,23.27
7675,2023-11-16T19:00:00Z,11,2023,14,51.75,0.16,44.80,22.94
7676,2023-11-16T20:00:00Z,11,2023,15,118.12,10.61,102.77,22.19
7677,2023-11-16T21:00:00Z,11,2023,16,48.83,1.44,44.07,21.26
7678,2023-11-16T22:00:00Z,11,2023,17,4.00,0.00,5.06,20.59
7679,2023-11-16T23:00:00Z,11,2023,18,0.00,0.00,0.00,20.38
7680,2023-11-17T00:00:00Z,11,2023,19,0.00,0.00,0.00,20.50
7681,2023-11-17T01:00:00Z,11,2023,20,0.00,0.00,0.00,20.63
7682,2023-11-17T02:00:00Z,11,2023,21,0.00,0.00,0.00,20.68
7683,2023-11-17T03:00:00Z,11,2023,22,0.00,0.00,0.00,20.66
7684,2023-11-17T04:00:00Z,11,2023,23,0.00,0.00,0.00,20.59
7685,2023-11-17T05:00:00Z,11,2023,0,0.00,0.00,0.00,20.52
7686,2023-11-17T06:00:00Z,11,2023,1,0.00,0.00,0.00,20.48
7687,2023-11-17T07:00:00Z,11,2023,2,0.00,0.00,0.00,20.43
7688,2023-11-17T08:00:00Z,11,2023,3,0.00,0.00,0.00,20.37
7689,2023-11-17T09:00:00Z,11,2023,4,0.00,0.00,0.00,20.33
7690,2023-11-17T10:00:00Z,11,2023,5,0.00,0.00,0.00,20.26
7691,2023-11-17T11:00:00Z,11,2023,6,0.00,0.00,0.00,20.22
7692,2023-11-17T12:00:00Z,11,2023,7,36.38,25.53,32.08,20.57
7693,2023-11-17T13:00:00Z,11,2023,8,120.32,33.98,100.19,21.74
7694,2023-11-17T14:00:00Z,11,2023,9,202.32,28.75,167.58,23.34
7695,2023-11-17T15:00:00Z,11,2023,10,251.32,179.39,190.11,24.67
7696,2023-11-17T16:00:00Z,11,2023,11,295.00,193.71,193.94,25.49
7697,2023-11-17T17:00:00Z,11,2023,12,305.20,31.22,248.91,25.94
7698,2023-11-17T18:00:00Z,11,2023,13,230.27,186.54,134.59,26.08
7699,2023-11-17T19:00:00Z,11,2023,14,176.10,36.81,146.62,26.12
7700,2023-11-17T20:00:00Z,11,2023,15,140.27,182.83,84.90,25.78
7701,2023-11-17T21:00:00Z,11,2023,16,76.95,202.73,40.81,24.82
7702,2023-11-17T22:00:00Z,11,2023,17,7.35,26.31,8.64,23.21
7703,2023-11-17T23:00:00Z,11,2023,18,0.00,0.00,0.00,21.70
7704,2023-11-18T00:00:00Z,11,2023,19,0.00,0.00,0.00,21.08
7705,2023-11-18T01:00:00Z,11,2023,20,0.00,0.00,0.00,20.62
7706,2023-11-18T02:00:00Z,11,2023,21,0.00,0.00,0.00,20.59
7707,2023-11-18T03:00:00Z,11,2023,22,0.00,0.00,0.00,20.51
7708,2023-11-18T04:00:00Z,11,2023,23,0.00,0.00,0.00,20.13
7709,2023-11-18T05:00:00Z,11,2023,0,0.00,0.00,0.00,19.73
7710,2023-11-18T06:00:00Z,11,2023,1,0.00,0.00,0.00,19.68
7711,2023-11-18T07:00:00Z,11,2023,2,0.00,0.00,0.00,19.69
7712,2023-11-18T08:00:00Z,11,2023,3,0.00,0.00,0.00,19.72
7713,2023-11-18T09:00:00Z,11,2023,4,0.00,0.00,0.00,19.74
7714,2023-11-18T10:00:00Z,11,2023,5,0.00,0.00,0.00,19.61
7715,2023-11-18T11:00:00Z,11,2023,6,0.00,0.00,0.00,19.44
7716,2023-11-18T12:00:00Z,11,2023,7,51.65,53.53,44.96,19.44
7717,2023-11-18T13:00:00Z,11,2023,8,194.18,188.53,135.47,20.42
7718,2023-11-18T14:00:00Z,11,2023,9,324.77,292.12,198.85,21.61
7719,2023-11-18T15:00:00Z,11,2023,10,459.10,337.30,263.39,22.66
7720,2023-11-18T16:00:00Z,11,2023,11,538.28,315.76,321.28,23.46
7721,2023-11-18T17:00:00Z,11,2023,12,532.33,407.24,258.80,24.36
7722,2023-11-18T18:00:00Z,11,2023,13,499.60,465.82,227.21,24.89
7723,2023-11-18T19:00:00Z,11,2023,14,365.92,396.98,166.32,25.00
7724,2023-11-18T20:00:00Z,11,2023,15,244.02,383.35,111.00,24.76
7725,2023-11-18T21:00:00Z,11,2023,16,111.35,284.89,55.54,23.92
7726,2023-11-18T22:00:00Z,11,2023,17,8.02,26.58,8.70,21.94
7727,2023-11-18T23:00:00Z,11,2023,18,0.00,0.00,0.00,20.41
7728,2023-11-19T00:00:00Z,11,2023,19,0.00,0.00,0.00,19.70
7729,2023-11-19T01:00:00Z,11,2023,20,0.00,0.00,0.00,18.97
7730,2023-11-19T02:00:00Z,11,2023,21,0.00,0.00,0.00,18.29
7731,2023-11-19T03:00:00Z,11,2023,22,0.00,0.00,0.00,17.73
7732,2023-11-19T04:00:00Z,11,2023,23,0.00,0.00,0.00,17.30
7733,2023-11-19T05:00:00Z,11,2023,0,0.00,0.00,0.00,16.93
7734,2023-11-19T06:00:00Z,11,2023,1,0.00,0.00,0.00,16.64
7735,2023-11-19T07:00:00Z,11,2023,2,0.00,0.00,0.00,16.43
7736,2023-11-19T08:00:00Z,11,2023,3,0.00,0.00,0.00,16.31
7737,2023-11-19T09:00:00Z,11,2023,4,0.00,0.00,0.00,16.19
7738,2023-11-19T10:00:00Z,11,2023,5,0.00,0.00,0.00,16.05
7739,2023-11-19T11:00:00Z,11,2023,6,0.00,0.00,0.00,15.92
7740,2023-11-19T12:00:00Z,11,2023,7,82.97,416.85,27.80,16.72
7741,2023-11-19T13:00:00Z,11,2023,8,279.98,741.73,49.93,18.94
7742,2023-11-19T14:00:00Z,11,2023,9,462.48,863.64,58.83,21.18
7743,2023-11-19T15:00:00Z,11,2023,10,600.17,934.97,61.74,23.46
7744,2023-11-19T16:00:00Z,11,2023,11,678.78,953.83,64.60,24.88
7745,2023-11-19T17:00:00Z,11,2023,12,687.15,928.42,75.17,25.72
7746,2023-11-19T18:00:00Z,11,2023,13,604.30,787.61,119.06,26.17
7747,2023-11-19T19:00:00Z,11,2023,14,471.58,721.08,116.67,26.24
7748,2023-11-19T20:00:00Z,11,2023,15,315.98,671.98,80.92,25.94
7749,2023-11-19T21:00:00Z,11,2023,16,138.62,479.48,46.40,25.20
7750,2023-11-19T22:00:00Z,11,2023,17,8.88,56.32,8.29,22.51
7751,2023-11-19T23:00:00Z,11,2023,18,0.00,0.00,0.00,20.70
7752,2023-11-20T00:00:00Z,11,2023,19,0.00,0.00,0.00,19.95
7753,2023-11-20T01:00:00Z,11,2023,20,0.00,0.00,0.00,19.30
7754,2023-11-20T02:00:00Z,11,2023,21,0.00,0.00,0.00,18.74
7755,2023-11-20T03:00:00Z,11,2023,22,0.00,0.00,0.00,18.34
7756,2023-11-20T04:00:00Z,11,2023,23,0.00,0.00,0.00,18.22
7757,2023-11-20T05:00:00Z,11,2023,0,0.00,0.00,0.00,18.30
7758,2023-11-20T06:00:00Z,11,2023,1,0.00,0.00,0.00,18.29
7759,2023-11-20T07:00:00Z,11,2023,2,0.00,0.00,0.00,18.06
7760,2023-11-20T08:00:00Z,11,2023,3,0.00,0.00,0.00,18.06
7761,2023-11-20T09:00:00Z,11,2023,4,0.00,0.00,0.00,17.99
7762,2023-11-20T10:00:00Z,11,2023,5,0.00,0.00,0.00,17.73
7763,2023-11-20T11:00:00Z,11,2023,6,0.00,0.00,0.00,17.57
7764,2023-11-20T12:00:00Z,11,2023,7,76.80,368.00,28.23,18.30
7765,2023-11-20T13:00:00Z,11,2023,8,267.40,673.11,58.54,21.42
7766,2023-11-20T14:00:00Z,11,2023,9,446.30,812.02,70.41,23.88
7767,2023-11-20T15:00:00Z,11,2023,10,582.95,860.17,83.31,25.45
7768,2023-11-20T16:00:00Z,11,2023,11,659.75,883.05,89.82,26.34
7769,2023-11-20T17:00:00Z,11,2023,12,588.40,703.60,130.68,26.92
7770,2023-11-20T18:00:00Z,11,2023,13,565.88,684.65,152.51,27.27
7771,2023-11-20T19:00:00Z,11,2023,14,442.80,619.61,124.88,27.28
7772,2023-11-20T20:00:00Z,11,2023,15,302.70,612.86,87.73,26.81
7773,2023-11-20T21:00:00Z,11,2023,16,132.12,404.34,56.20,25.62
7774,2023-11-20T22:00:00Z,11,2023,17,8.30,41.83,8.32,23.42
7775,2023-11-20T23:00:00Z,11,2023,18,0.00,0.00,0.00,22.21
7776,2023-11-21T00:00:00Z,11,2023,19,0.00,0.00,0.00,21.44
7777,2023-11-21T01:00:00Z,11,2023,20,0.00,0.00,0.00,20.83
7778,2023-11-21T02:00:00Z,11,2023,21,0.00,0.00,0.00,20.46
7779,2023-11-21T03:00:00Z,11,2023,22,0.00,0.00,0.00,20.30
7780,2023-11-21T04:00:00Z,11,2023,23,0.00,0.00,0.00,20.23
7781,2023-11-21T05:00:00Z,11,2023,0,0.00,0.00,0.00,20.19
7782,2023-11-21T06:00:00Z,11,2023,1,0.00,0.00,0.00,20.13
7783,2023-11-21T07:00:00Z,11,2023,2,0.00,0.00,0.00,20.03
7784,2023-11-21T08:00:00Z,11,2023,3,0.00,0.00,0.00,19.84
7785,2023-11-21T09:00:00Z,11,2023,4,0.00,0.00,0.00,19.62
7786,2023-11-21T10:00:00Z,11,2023,5,0.00,0.00,0.00,19.46
7787,2023-11-21T11:00:00Z,11,2023,6,0.00,0.00,0.00,19.25
7788,2023-11-21T12:00:00Z,11,2023,7,71.45,305.92,35.08,19.86
7789,2023-11-21T13:00:00Z,11,2023,8,250.12,598.88,84.24,22.00
7790,2023-11-21T14:00:00Z,11,2023,9,417.42,640.49,128.06,23.83
7791,2023-11-21T15:00:00Z,11,2023,10,544.10,680.13,181.80,25.18
7792,2023-11-21T16:00:00Z,11,2023,11,606.78,614.97,240.76,26.02
7793,2023-11-21T17:00:00Z,11,2023,12,565.92,427.33,390.02,26.62
7794,2023-11-21T18:00:00Z,11,2023,13,525.78,512.64,298.77,26.94
7795,2023-11-21T19:00:00Z,11,2023,14,404.92,431.69,212.46,26.91
7796,2023-11-21T20:00:00Z,11,2023,15,271.50,330.53,163.89,26.41
7797,2023-11-21T21:00:00Z,11,2023,16,113.40,172.60,84.61,25.26
7798,2023-11-21T22:00:00Z,11,2023,17,7.22,19.15,8.76,22.89
7799,2023-11-21T23:00:00Z,11,2023,18,0.00,0.00,0.00,21.86
7800,2023-11-22T00:00:00Z,11,2023,19,0.00,0.00,0.00,21.74
7801,2023-11-22T01:00:00Z,11,2023,20,0.00,0.00,0.00,21.64
7802,2023-11-22T02:00:00Z,11,2023,21,0.00,0.00,0.00,21.42
7803,2023-11-22T03:00:00Z,11,2023,22,0.00,0.00,0.00,21.18
7804,2023-11-22T04:00:00Z,11,2023,23,0.00,0.00,0.00,20.81
7805,2023-11-22T05:00:00Z,11,2023,0,0.00,0.00,0.00,20.44
7806,2023-11-22T06:00:00Z,11,2023,1,0.00,0.00,0.00,20.13
7807,2023-11-22T07:00:00Z,11,2023,2,0.00,0.00,0.00,19.88
7808,2023-11-22T08:00:00Z,11,2023,3,0.00,0.00,0.00,19.65
7809,2023-11-22T09:00:00Z,11,2023,4,0.00,0.00,0.00,19.47
7810,2023-11-22T10:00:00Z,11,2023,5,0.00,0.00,0.00,19.38
7811,2023-11-22T11:00:00Z,11,2023,6,0.00,0.00,0.00,19.40
7812,2023-11-22T12:00:00Z,11,2023,7,38.65,28.09,33.23,19.89
7813,2023-11-22T13:00:00Z,11,2023,8,135.62,41.00,113.13,21.16
7814,2023-11-22T14:00:00Z,11,2023,9,232.75,45.67,194.80,22.67
7815,2023-11-22T15:00:00Z,11,2023,10,319.98,68.12,267.41,24.53
7816,2023-11-22T16:00:00Z,11,2023,11,380.42,188.08,295.69,25.65
7817,2023-11-22T17:00:00Z,11,2023,12,301.62,63.82,245.03,26.32
7818,2023-11-22T18:00:00Z,11,2023,13,179.52,37.04,141.28,26.56
7819,2023-11-22T19:00:00Z,11,2023,14,128.27,23.77,104.92,26.39
7820,2023-11-22T20:00:00Z,11,2023,15,72.82,13.98,61.18,25.71
7821,2023-11-22T21:00:00Z,11,2023,16,34.85,4.93,31.10,24.42
7822,2023-11-22T22:00:00Z,11,2023,17,2.90,0.00,3.32,22.79
7823,2023-11-22T23:00:00Z,11,2023,18,0.00,0.00,0.00,21.28
7824,2023-11-23T00:00:00Z,11,2023,19,0.00,0.00,0.00,20.06
7825,2023-11-23T01:00:00Z,11,2023,20,0.00,0.00,0.00,19.24
7826,2023-11-23T02:00:00Z,11,2023,21,0.00,0.00,0.00,18.82
7827,2023-11-23T03:00:00Z,11,2023,22,0.00,0.00,0.00,18.50
7828,2023-11-23T04:00:00Z,11,2023,23,0.00,0.00,0.00,18.12
7829,2023-11-23T05:00:00Z,11,2023,0,0.00,0.00,0.00,17.54
7830,2023-11-23T06:00:00Z,11,2023,1,0.00,0.00,0.00,16.74
7831,2023-11-23T07:00:00Z,11,2023,2,0.00,0.00,0.00,15.92
7832,2023-11-23T08:00:00Z,11,2023,3,0.00,0.00,0.00,14.97
7833,2023-11-23T09:00:00Z,11,2023,4,0.00,0.00,0.00,14.07
7834,2023-11-23T10:00:00Z,11,2023,5,0.00,0.00,0.00,13.23
7835,2023-11-23T11:00:00Z,11,2023,6,0.00,0.00,0.00,12.43
7836,2023-11-23T12:00:00Z,11,2023,7,53.90,94.94,45.12,12.21
7837,2023-11-23T13:00:00Z,11,2023,8,216.30,299.88,127.32,13.52
7838,2023-11-23T14:00:00Z,11,2023,9,379.42,464.66,178.95,15.11
7839,2023-11-23T15:00:00Z,11,2023,10,516.25,613.87,167.44,16.92
7840,2023-11-23T16:00:00Z,11,2023,11,481.38,520.77,217.12,18.55
7841,2023-11-23T17:00:00Z,11,2023,12,591.42,516.37,254.20,19.78
7842,2023-11-23T18:00:00Z,11,2023,13,570.45,702.81,201.45,20.48
7843,2023-11-23T19:00:00Z,11,2023,14,466.95,622.49,161.12,20.83
7844,2023-11-23T20:00:00Z,11,2023,15,305.73,503.28,130.32,20.67
7845,2023-11-23T21:00:00Z,11,2023,16,127.28,329.13,67.67,19.85
7846,2023-11-23T22:00:00Z,11,2023,17,7.10,20.91,10.20,17.76
7847,2023-11-23T23:00:00Z,11,2023,18,0.00,0.00,0.00,16.21
7848,2023-11-24T00:00:00Z,11,2023,19,0.00,0.00,0.00,15.79
7849,2023-11-24T01:00:00Z,11,2023,20,0.00,0.00,0.00,15.59
7850,2023-11-24T02:00:00Z,11,2023,21,0.00,0.00,0.00,15.21
7851,2023-11-24T03:00:00Z,11,2023,22,0.00,0.00,0.00,14.60
7852,2023-11-24T04:00:00Z,11,2023,23,0.00,0.00,0.00,14.21
7853,2023-11-24T05:00:00Z,11,2023,0,0.00,0.00,0.00,14.11
7854,2023-11-24T06:00:00Z,11,2023,1,0.00,0.00,0.00,14.01
7855,2023-11-24T07:00:00Z,11,2023,2,0.00,0.00,0.00,13.98
7856,2023-11-24T08:00:00Z,11,2023,3,0.00,0.00,0.00,13.94
7857,2023-11-24T09:00:00Z,11,2023,4,0.00,0.00,0.00,13.74
7858,2023-11-24T10:00:00Z,11,2023,5,0.00,0.00,0.00,13.54
7859,2023-11-24T11:00:00Z,11,2023,6,0.00,0.00,0.00,13.40
7860,2023-11-24T12:00:00Z,11,2023,7,13.15,0.00,11.88,13.54
7861,2023-11-24T13:00:00Z,11,2023,8,51.58,0.00,44.88,14.34
7862,2023-11-24T14:00:00Z,11,2023,9,93.72,17.88,77.07,15.40
7863,2023-11-24T15:00:00Z,11,2023,10,151.48,25.28,127.66,16.26
7864,2023-11-24T16:00:00Z,11,2023,11,164.73,11.06,137.53,17.01
7865,2023-11-24T17:00:00Z,11,2023,12,181.82,17.67,150.86,17.64
7866,2023-11-24T18:00:00Z,11,2023,13,112.03,0.00,96.18,17.88
7867,2023-11-24T19:00:00Z,11,2023,14,179.25,0.00,156.72,17.85
7868,2023-11-24T20:00:00Z,11,2023,15,101.38,0.00,87.38,17.71
7869,2023-11-24T21:00:00Z,11,2023,16,50.22,0.00,45.08,17.28
7870,2023-11-24T22:00:00Z,11,2023,17,4.03,0.00,4.61,16.32
7871,2023-11-24T23:00:00Z,11,2023,18,0.00,0.00,0.00,15.73
7872,2023-11-25T00:00:00Z,11,2023,19,0.00,0.00,0.00,15.43
7873,2023-11-25T01:00:00Z,11,2023,20,0.00,0.00,0.00,15.03
7874,2023-11-25T02:00:00Z,11,2023,21,0.00,0.00,0.00,14.60
7875,2023-11-25T03:00:00Z,11,2023,22,0.00,0.00,0.00,14.30
7876,2023-11-25T04:00:00Z,11,2023,23,0.00,0.00,0.00,14.09
7877,2023-11-25T05:00:00Z,11,2023,0,0.00,0.00,0.00,14.00
7878,2023-11-25T06:00:00Z,11,2023,1,0.00,0.00,0.00,13.80
7879,2023-11-25T07:00:00Z,11,2023,2,0.00,0.00,0.00,13.58
7880,2023-11-25T08:00:00Z,11,2023,3,0.00,0.00,0.00,13.48
7881,2023-11-25T09:00:00Z,11,2023,4,0.00,0.00,0.00,13.41
7882,2023-11-25T10:00:00Z,11,2023,5,0.00,0.00,0.00,13.27
7883,2023-11-25T11:00:00Z,11,2023,6,0.00,0.00,0.00,13.17
7884,2023-11-25T12:00:00Z,11,2023,7,49.33,149.26,36.39,13.69
7885,2023-11-25T13:00:00Z,11,2023,8,188.52,329.54,103.98,15.54
7886,2023-11-25T14:00:00Z,11,2023,9,325.45,364.15,170.48,18.09
7887,2023-11-25T15:00:00Z,11,2023,10,437.33,350.01,226.28,20.25
7888,2023-11-25T16:00:00Z,11,2023,11,502.10,329.85,269.05,21.82
7889,2023-11-25T17:00:00Z,11,2023,12,527.38,581.82,164.29,22.82
7890,2023-11-25T18:00:00Z,11,2023,13,466.02,520.58,176.13,23.26
7891,2023-11-25T19:00:00Z,11,2023,14,357.60,360.32,176.71,23.25
7892,2023-11-25T20:00:00Z,11,2023,15,237.90,270.49,158.14,22.81
7893,2023-11-25T21:00:00Z,11,2023,16,102.88,111.92,82.02,21.85
7894,2023-11-25T22:00:00Z,11,2023,17,4.97,5.08,6.63,20.03
7895,2023-11-25T23:00:00Z,11,2023,18,0.00,0.00,0.00,18.78
7896,2023-11-26T00:00:00Z,11,2023,19,0.00,0.00,0.00,18.06
7897,2023-11-26T01:00:00Z,11,2023,20,0.00,0.00,0.00,17.46
7898,2023-11-26T02:00:00Z,11,2023,21,0.00,0.00,0.00,17.06
7899,2023-11-26T03:00:00Z,11,2023,22,0.00,0.00,0.00,16.88
7900,2023-11-26T04:00:00Z,11,2023,23,0.00,0.00,0.00,16.78
7901,2023-11-26T05:00:00Z,11,2023,0,0.00,0.00,0.00,16.76
7902,2023-11-26T06:00:00Z,11,2023,1,0.00,0.00,0.00,16.73
7903,2023-11-26T07:00:00Z,11,2023,2,0.00,0.00,0.00,16.73
7904,2023-11-26T08:00:00Z,11,2023,3,0.00,0.00,0.00,16.85
7905,2023-11-26T09:00:00Z,11,2023,4,0.00,0.00,0.00,17.49
7906,2023-11-26T10:00:00Z,11,2023,5,0.00,0.00,0.00,17.97
7907,2023-11-26T11:00:00Z,11,2023,6,0.00,0.00,0.00,18.31
7908,2023-11-26T12:00:00Z,11,2023,7,14.38,0.00,13.37,18.98
7909,2023-11-26T13:00:00Z,11,2023,8,61.62,0.00,53.37,21.01
7910,2023-11-26T14:00:00Z,11,2023,9,123.50,15.09,104.65,22.58
7911,2023-11-26T15:00:00Z,11,2023,10,152.50,38.13,121.91,24.17
7912,2023-11-26T16:00:00Z,11,2023,11,171.25,27.31,140.70,25.15
7913,2023-11-26T17:00:00Z,11,2023,12,263.35,0.00,224.26,25.61
7914,2023-11-26T18:00:00Z,11,2023,13,222.15,0.00,190.73,25.66
7915,2023-11-26T19:00:00Z,11,2023,14,125.30,0.00,109.55,25.73
7916,2023-11-26T20:00:00Z,11,2023,15,136.23,29.55,113.85,25.92
7917,2023-11-26T21:00:00Z,11,2023,16,60.40,28.06,50.44,25.50
7918,2023-11-26T22:00:00Z,11,2023,17,4.25,3.78,5.92,23.47
7919,2023-11-26T23:00:00Z,11,2023,18,0.00,0.00,0.00,22.30
7920,2023-11-27T00:00:00Z,11,2023,19,0.00,0.00,0.00,21.85
7921,2023-11-27T01:00:00Z,11,2023,20,0.00,0.00,0.00,21.63
7922,2023-11-27T02:00:00Z,11,2023,21,0.00,0.00,0.00,21.29
7923,2023-11-27T03:00:00Z,11,2023,22,0.00,0.00,0.00,21.19
7924,2023-11-27T04:00:00Z,11,2023,23,0.00,0.00,0.00,21.29
7925,2023-11-27T05:00:00Z,11,2023,0,0.00,0.00,0.00,21.23
7926,2023-11-27T06:00:00Z,11,2023,1,0.00,0.00,0.00,21.08
7927,2023-11-27T07:00:00Z,11,2023,2,0.00,0.00,0.00,20.87
7928,2023-11-27T08:00:00Z,11,2023,3,0.00,0.00,0.00,19.64
7929,2023-11-27T09:00:00Z,11,2023,4,0.00,0.00,0.00,17.56
7930,2023-11-27T10:00:00Z,11,2023,5,0.00,0.00,0.00,15.81
7931,2023-11-27T11:00:00Z,11,2023,6,0.00,0.00,0.00,14.72
7932,2023-11-27T12:00:00Z,11,2023,7,37.08,86.79,28.06,14.29
7933,2023-11-27T13:00:00Z,11,2023,8,153.65,247.21,91.87,15.19
7934,2023-11-27T14:00:00Z,11,2023,9,255.52,324.60,143.14,16.70
7935,2023-11-27T15:00:00Z,11,2023,10,323.88,343.69,211.64,18.22
7936,2023-11-27T16:00:00Z,11,2023,11,564.45,662.78,195.25,19.46
7937,2023-11-27T17:00:00Z,11,2023,12,651.03,820.06,141.78,20.27
7938,2023-11-27T18:00:00Z,11,2023,13,618.72,881.85,91.30,20.79
7939,2023-11-27T19:00:00Z,11,2023,14,506.83,871.36,80.85,21.03
7940,2023-11-27T20:00:00Z,11,2023,15,342.08,775.74,67.57,20.75
7941,2023-11-27T21:00:00Z,11,2023,16,147.15,543.26,45.47,19.78
7942,2023-11-27T22:00:00Z,11,2023,17,8.07,42.87,8.69,16.71
7943,2023-11-27T23:00:00Z,11,2023,18,0.00,0.00,0.00,14.87
7944,2023-11-28T00:00:00Z,11,2023,19,0.00,0.00,0.00,14.03
7945,2023-11-28T01:00:00Z,11,2023,20,0.00,0.00,0.00,13.32
7946,2023-11-28T02:00:00Z,11,2023,21,0.00,0.00,0.00,12.54
7947,2023-11-28T03:00:00Z,11,2023,22,0.00,0.00,0.00,11.74
7948,2023-11-28T04:00:00Z,11,2023,23,0.00,0.00,0.00,12.01
7949,2023-11-28T05:00:00Z,11,2023,0,0.00,0.00,0.00,11.89
7950,2023-11-28T06:00:00Z,11,2023,1,0.00,0.00,0.00,11.64
7951,2023-11-28T07:00:00Z,11,2023,2,0.00,0.00,0.00,11.39
7952,2023-11-28T08:00:00Z,11,2023,3,0.00,0.00,0.00,11.09
7953,2023-11-28T09:00:00Z,11,2023,4,0.00,0.00,0.00,10.73
7954,2023-11-28T10:00:00Z,11,2023,5,0.00,0.00,0.00,10.31
7955,2023-11-28T11:00:00Z,11,2023,6,0.00,0.00,0.00,9.85
7956,2023-11-28T12:00:00Z,11,2023,7,21.05,0.00,19.58,9.52
7957,2023-11-28T13:00:00Z,11,2023,8,75.70,1.67,65.43,9.99
7958,2023-11-28T14:00:00Z,11,2023,9,155.82,17.75,129.67,10.82
7959,2023-11-28T15:00:00Z,11,2023,10,227.32,27.91,187.02,11.98
7960,2023-11-28T16:00:00Z,11,2023,11,338.40,74.61,259.08,12.67
7961,2023-11-28T17:00:00Z,11,2023,12,248.75,0.00,211.81,12.91
7962,2023-11-28T18:00:00Z,11,2023,13,233.60,5.05,200.67,13.20
7963,2023-11-28T19:00:00Z,11,2023,14,168.30,0.00,147.15,13.34
7964,2023-11-28T20:00:00Z,11,2023,15,116.22,19.28,99.98,13.20
7965,2023-11-28T21:00:00Z,11,2023,16,56.17,28.05,48.35,12.51
7966,2023-11-28T22:00:00Z,11,2023,17,5.40,5.32,7.80,11.21
7967,2023-11-28T23:00:00Z,11,2023,18,0.00,0.00,0.00,9.76
7968,2023-11-29T00:00:00Z,11,2023,19,0.00,0.00,0.00,9.04
7969,2023-11-29T01:00:00Z,11,2023,20,0.00,0.00,0.00,8.44
7970,2023-11-29T02:00:00Z,11,2023,21,0.00,0.00,0.00,7.79
7971,2023-11-29T03:00:00Z,11,2023,22,0.00,0.00,0.00,7.32
7972,2023-11-29T04:00:00Z,11,2023,23,0.00,0.00,0.00,6.98
7973,2023-11-29T05:00:00Z,11,2023,0,0.00,0.00,0.00,6.74
7974,2023-11-29T06:00:00Z,11,2023,1,0.00,0.00,0.00,6.48
7975,2023-11-29T07:00:00Z,11,2023,2,0.00,0.00,0.00,6.24
7976,2023-11-29T08:00:00Z,11,2023,3,0.00,0.00,0.00,5.96
7977,2023-11-29T09:00:00Z,11,2023,4,0.00,0.00,0.00,5.57
7978,2023-11-29T10:00:00Z,11,2023,5,0.00,0.00,0.00,5.09
7979,2023-11-29T11:00:00Z,11,2023,6,0.00,0.00,0.00,4.63
7980,2023-11-29T12:00:00Z,11,2023,7,60.33,337.24,25.49,4.94
7981,2023-11-29T13:00:00Z,11,2023,8,262.50,734.93,54.97,7.35
7982,2023-11-29T14:00:00Z,11,2023,9,452.08,876.46,68.11,10.56
7983,2023-11-29T15:00:00Z,11,2023,10,597.70,952.63,73.69,14.00
7984,2023-11-29T16:00:00Z,11,2023,11,681.97,991.38,73.24,16.35
7985,2023-11-29T17:00:00Z,11,2023,12,694.78,967.13,85.37,17.81
7986,2023-11-29T18:00:00Z,11,2023,13,623.70,891.33,138.26,18.75
7987,2023-11-29T19:00:00Z,11,2023,14,512.92,812.72,116.54,19.10
7988,2023-11-29T20:00:00Z,11,2023,15,342.42,741.57,88.46,18.90
7989,2023-11-29T21:00:00Z,11,2023,16,146.05,498.81,57.13,17.76
7990,2023-11-29T22:00:00Z,11,2023,17,8.02,48.77,9.01,13.94
7991,2023-11-29T23:00:00Z,11,2023,18,0.00,0.00,0.00,12.13
7992,2023-11-30T00:00:00Z,11,2023,19,0.00,0.00,0.00,11.25
7993,2023-11-30T01:00:00Z,11,2023,20,0.00,0.00,0.00,10.54
7994,2023-11-30T02:00:00Z,11,2023,21,0.00,0.00,0.00,10.01
7995,2023-11-30T03:00:00Z,11,2023,22,0.00,0.00,0.00,9.61
7996,2023-11-30T04:00:00Z,11,2023,23,0.00,0.00,0.00,9.22
7997,2023-11-30T05:00:00Z,11,2023,0,0.00,0.00,0.00,8.92
7998,2023-11-30T06:00:00Z,11,2023,1,0.00,0.00,0.00,8.66
7999,2023-11-30T07:00:00Z,11,2023,2,0.00,0.00,0.00,8.58
8000,2023-11-30T08:00:00Z,11,2023,3,0.00,0.00,0.00,8.59
8001,2023-11-30T09:00:00Z,11,2023,4,0.00,0.00,0.00,8.67
8002,2023-11-30T10:00:00Z,11,2023,5,0.00,0.00,0.00,8.85
8003,2023-11-30T11:00:00Z,11,2023,6,0.00,0.00,0.00,9.13
8004,2023-11-30T12:00:00Z,11,2023,7,47.35,132.93,38.66,10.31
8005,2023-11-30T13:00:00Z,11,2023,8,230.40,464.62,106.75,14.89
8006,2023-11-30T14:00:00Z,11,2023,9,410.10,663.94,144.11,18.30
8007,2023-11-30T15:00:00Z,11,2023,10,555.90,779.01,143.56,21.35
8008,2023-11-30T16:00:00Z,11,2023,11,626.62,832.02,115.46,22.92
8009,2023-11-30T17:00:00Z,11,2023,12,609.12,765.66,144.66,23.51
8010,2023-11-30T18:00:00Z,11,2023,13,544.25,634.83,206.08,23.70
8011,2023-11-30T19:00:00Z,11,2023,14,384.30,260.69,258.64,23.45
8012,2023-11-30T20:00:00Z,11,2023,15,253.07,165.62,199.83,23.02
8013,2023-11-30T21:00:00Z,11,2023,16,103.32,97.24,88.26,21.90
8014,2023-11-30T22:00:00Z,11,2023,17,4.50,4.14,6.19,18.32
8015,2023-11-30T23:00:00Z,11,2023,18,0.00,0.00,0.00,16.83
8016,2023-12-01T00:00:00Z,12,2023,19,0.00,0.00,0.00,16.71
8017,2023-12-01T01:00:00Z,12,2023,20,0.00,0.00,0.00,16.75
8018,2023-12-01T02:00:00Z,12,2023,21,0.00,0.00,0.00,16.58
8019,2023-12-01T03:00:00Z,12,2023,22,0.00,0.00,0.00,16.63
8020,2023-12-01T04:00:00Z,12,2023,23,0.00,0.00,0.00,16.74
8021,2023-12-01T05:00:00Z,12,2023,0,0.00,0.00,0.00,16.75
8022,2023-12-01T06:00:00Z,12,2023,1,0.00,0.00,0.00,16.70
8023,2023-12-01T07:00:00Z,12,2023,2,0.00,0.00,0.00,16.57
8024,2023-12-01T08:00:00Z,12,2023,3,0.00,0.00,0.00,16.27
8025,2023-12-01T09:00:00Z,12,2023,4,0.00,0.00,0.00,16.05
8026,2023-12-01T10:00:00Z,12,2023,5,0.00,0.00,0.00,16.00
8027,2023-12-01T11:00:00Z,12,2023,6,0.00,0.00,0.00,16.05
8028,2023-12-01T12:00:00Z,12,2023,7,38.00,62.33,32.83,16.97
8029,2023-12-01T13:00:00Z,12,2023,8,205.77,362.76,105.39,20.72
8030,2023-12-01T14:00:00Z,12,2023,9,380.83,569.66,152.45,23.22
8031,2023-12-01T15:00:00Z,12,2023,10,526.30,744.04,136.75,25.66
8032,2023-12-01T16:00:00Z,12,2023,11,585.75,622.73,235.16,26.79
8033,2023-12-01T17:00:00Z,12,2023,12,510.83,237.06,357.24,27.49
8034,2023-12-01T18:00:00Z,12,2023,13,493.25,405.91,258.60,27.84
8035,2023-12-01T19:00:00Z,12,2023,14,402.23,412.39,211.78,27.76
8036,2023-12-01T20:00:00Z,12,2023,15,266.33,286.71,182.52,27.26
8037,2023-12-01T21:00:00Z,12,2023,16,108.00,126.20,88.56,26.04
8038,2023-12-01T22:00:00Z,12,2023,17,5.03,1.70,6.91,23.64
8039,2023-12-01T23:00:00Z,12,2023,18,0.00,0.00,0.00,22.84
8040,2023-12-02T00:00:00Z,12,2023,19,0.00,0.00,0.00,22.32
8041,2023-12-02T01:00:00Z,12,2023,20,0.00,0.00,0.00,22.03
8042,2023-12-02T02:00:00Z,12,2023,21,0.00,0.00,0.00,21.64
8043,2023-12-02T03:00:00Z,12,2023,22,0.00,0.00,0.00,21.07
8044,2023-12-02T04:00:00Z,12,2023,23,0.00,0.00,0.00,20.77
8045,2023-12-02T05:00:00Z,12,2023,0,0.00,0.00,0.00,20.74
8046,2023-12-02T06:00:00Z,12,2023,1,0.00,0.00,0.00,20.87
8047,2023-12-02T07:00:00Z,12,2023,2,0.00,0.00,0.00,20.81
8048,2023-12-02T08:00:00Z,12,2023,3,0.00,0.00,0.00,20.61
8049,2023-12-02T09:00:00Z,12,2023,4,0.00,0.00,0.00,20.50
8050,2023-12-02T10:00:00Z,12,2023,5,0.00,0.00,0.00,20.61
8051,2023-12-02T11:00:00Z,12,2023,6,0.00,0.00,0.00,20.45
8052,2023-12-02T12:00:00Z,12,2023,7,20.83,1.38,20.30,20.98
8053,2023-12-02T13:00:00Z,12,2023,8,114.62,11.21,99.47,22.80
8054,2023-12-02T14:00:00Z,12,2023,9,217.70,18.03,186.98,23.98
8055,2023-12-02T15:00:00Z,12,2023,10,312.88,22.45,268.06,25.46
8056,2023-12-02T16:00:00Z,12,2023,11,356.92,31.32,300.42,26.77
8057,2023-12-02T17:00:00Z,12,2023,12,406.30,61.44,334.30,27.70
8058,2023-12-02T18:00:00Z,12,2023,13,346.85,57.50,290.62,27.89
8059,2023-12-02T19:00:00Z,12,2023,14,282.15,112.27,216.01,27.82
8060,2023-12-02T20:00:00Z,12,2023,15,177.57,75.52,143.02,27.59
8061,2023-12-02T21:00:00Z,12,2023,16,70.12,37.78,60.18,26.69
8062,2023-12-02T22:00:00Z,12,2023,17,4.20,3.51,5.77,25.92
8063,2023-12-02T23:00:00Z,12,2023,18,0.00,0.00,0.00,25.34
8064,2023-12-03T00:00:00Z,12,2023,19,0.00,0.00,0.00,24.69
8065,2023-12-03T01:00:00Z,12,2023,20,0.00,0.00,0.00,24.19
8066,2023-12-03T02:00:00Z,12,2023,21,0.00,0.00,0.00,23.52
8067,2023-12-03T03:00:00Z,12,2023,22,0.00,0.00,0.00,22.97
8068,2023-12-03T04:00:00Z,12,2023,23,0.00,0.00,0.00,22.04
8069,2023-12-03T05:00:00Z,12,2023,0,0.00,0.00,0.00,21.38
8070,2023-12-03T06:00:00Z,12,2023,1,0.00,0.00,0.00,21.12
8071,2023-12-03T07:00:00Z,12,2023,2,0.00,0.00,0.00,20.85
8072,2023-12-03T08:00:00Z,12,2023,3,0.00,0.00,0.00,20.51
8073,2023-12-03T09:00:00Z,12,2023,4,0.00,0.00,0.00,20.16
8074,2023-12-03T10:00:00Z,12,2023,5,0.00,0.00,0.00,19.92
8075,2023-12-03T11:00:00Z,12,2023,6,0.00,0.00,0.00,19.73
8076,2023-12-03T12:00:00Z,12,2023,7,32.70,93.68,27.30,20.06
8077,2023-12-03T13:00:00Z,12,2023,8,146.48,294.68,76.98,22.24
8078,2023-12-03T14:00:00Z,12,2023,9,254.57,325.25,127.09,23.95
8079,2023-12-03T15:00:00Z,12,2023,10,350.17,269.15,206.81,25.61
8080,2023-12-03T16:00:00Z,12,2023,11,501.67,426.44,238.65,27.05
8081,2023-12-03T17:00:00Z,12,2023,12,507.20,444.39,253.54,27.88
8082,2023-12-03T18:00:00Z,12,2023,13,376.70,383.87,175.20,28.36
8083,2023-12-03T19:00:00Z,12,2023,14,288.90,269.14,168.48,28.41
8084,2023-12-03T20:00:00Z,12,2023,15,185.10,173.51,127.88,27.95
8085,2023-12-03T21:00:00Z,12,2023,16,84.15,92.17,67.06,26.85
8086,2023-12-03T22:00:00Z,12,2023,17,4.47,2.78,6.19,24.30
8087,2023-12-03T23:00:00Z,12,2023,18,0.00,0.00,0.00,23.27
8088,2023-12-04T00:00:00Z,12,2023,19,0.00,0.00,0.00,22.87
8089,2023-12-04T01:00:00Z,12,2023,20,0.00,0.00,0.00,22.53
8090,2023-12-04T02:00:00Z,12,2023,21,0.00,0.00,0.00,22.06
8091,2023-12-04T03:00:00Z,12,2023,22,0.00,0.00,0.00,21.44
8092,2023-12-04T04:00:00Z,12,2023,23,0.00,0.00,0.00,20.75
8093,2023-12-04T05:00:00Z,12,2023,0,0.00,0.00,0.00,20.28
8094,2023-12-04T06:00:00Z,12,2023,1,0.00,0.00,0.00,20.04
8095,2023-12-04T07:00:00Z,12,2023,2,0.00,0.00,0.00,19.91
8096,2023-12-04T08:00:00Z,12,2023,3,0.00,0.00,0.00,19.80
8097,2023-12-04T09:00:00Z,12,2023,4,0.00,0.00,0.00,19.43
8098,2023-12-04T10:00:00Z,12,2023,5,0.00,0.00,0.00,19.05
8099,2023-12-04T11:00:00Z,12,2023,6,0.00,0.00,0.00,18.68
8100,2023-12-04T12:00:00Z,12,2023,7,28.90,67.20,26.69,18.98
8101,2023-12-04T13:00:00Z,12,2023,8,142.98,194.21,90.49,21.35
8102,2023-12-04T14:00:00Z,12,2023,9,247.40,280.74,138.99,23.26
8103,2023-12-04T15:00:00Z,12,2023,10,335.33,331.64,175.09,25.38
8104,2023-12-04T16:00:00Z,12,2023,11,414.00,274.53,253.10,26.68
8105,2023-12-04T17:00:00Z,12,2023,12,451.08,308.61,259.81,27.43
8106,2023-12-04T18:00:00Z,12,2023,13,474.52,494.12,219.28,27.77
8107,2023-12-04T19:00:00Z,12,2023,14,377.42,348.46,212.31,27.59
8108,2023-12-04T20:00:00Z,12,2023,15,237.68,282.79,156.95,26.83
8109,2023-12-04T21:00:00Z,12,2023,16,102.28,154.57,72.28,25.29
8110,2023-12-04T22:00:00Z,12,2023,17,4.28,3.39,5.87,22.56
8111,2023-12-04T23:00:00Z,12,2023,18,0.00,0.00,0.00,20.54
8112,2023-12-05T00:00:00Z,12,2023,19,0.00,0.00,0.00,18.68
8113,2023-12-05T01:00:00Z,12,2023,20,0.00,0.00,0.00,16.91
8114,2023-12-05T02:00:00Z,12,2023,21,0.00,0.00,0.00,15.61
8115,2023-12-05T03:00:00Z,12,2023,22,0.00,0.00,0.00,14.62
8116,2023-12-05T04:00:00Z,12,2023,23,0.00,0.00,0.00,13.94
8117,2023-12-05T05:00:00Z,12,2023,0,0.00,0.00,0.00,13.53
8118,2023-12-05T06:00:00Z,12,2023,1,0.00,0.00,0.00,13.04
8119,2023-12-05T07:00:00Z,12,2023,2,0.00,0.00,0.00,12.81
8120,2023-12-05T08:00:00Z,12,2023,3,0.00,0.00,0.00,12.27
8121,2023-12-05T09:00:00Z,12,2023,4,0.00,0.00,0.00,11.88
8122,2023-12-05T10:00:00Z,12,2023,5,0.00,0.00,0.00,11.71
8123,2023-12-05T11:00:00Z,12,2023,6,0.00,0.00,0.00,11.75
8124,2023-12-05T12:00:00Z,12,2023,7,32.62,37.74,30.78,12.35
8125,2023-12-05T13:00:00Z,12,2023,8,182.07,182.21,133.59,15.25
8126,2023-12-05T14:00:00Z,12,2023,9,340.33,294.95,225.54,17.38
8127,2023-12-05T15:00:00Z,12,2023,10,466.48,457.67,279.24,19.39
8128,2023-12-05T16:00:00Z,12,2023,11,517.22,324.32,348.41,20.67
8129,2023-12-05T17:00:00Z,12,2023,12,491.00,227.03,328.32,21.37
8130,2023-12-05T18:00:00Z,12,2023,13,494.33,402.41,350.48,21.76
8131,2023-12-05T19:00:00Z,12,2023,14,394.67,236.06,290.55,21.82
8132,2023-12-05T20:00:00Z,12,2023,15,251.00,99.18,206.02,21.47
8133,2023-12-05T21:00:00Z,12,2023,16,96.60,40.52,83.78,19.94
8134,2023-12-05T22:00:00Z,12,2023,17,5.88,5.06,8.06,16.14
8135,2023-12-05T23:00:00Z,12,2023,18,0.00,0.00,0.00,14.21
8136,2023-12-06T00:00:00Z,12,2023,19,0.00,0.00,0.00,13.19
8137,2023-12-06T01:00:00Z,12,2023,20,0.00,0.00,0.00,12.42
8138,2023-12-06T02:00:00Z,12,2023,21,0.00,0.00,0.00,12.00
8139,2023-12-06T03:00:00Z,12,2023,22,0.00,0.00,0.00,12.32
8140,2023-12-06T04:00:00Z,12,2023,23,0.00,0.00,0.00,12.35
8141,2023-12-06T05:00:00Z,12,2023,0,0.00,0.00,0.00,12.34
8142,2023-12-06T06:00:00Z,12,2023,1,0.00,0.00,0.00,12.45
8143,2023-12-06T07:00:00Z,12,2023,2,0.00,0.00,0.00,12.39
8144,2023-12-06T08:00:00Z,12,2023,3,0.00,0.00,0.00,12.09
8145,2023-12-06T09:00:00Z,12,2023,4,0.00,0.00,0.00,11.39
8146,2023-12-06T10:00:00Z,12,2023,5,0.00,0.00,0.00,10.82
8147,2023-12-06T11:00:00Z,12,2023,6,0.00,0.00,0.00,10.07
8148,2023-12-06T12:00:00Z,12,2023,7,43.03,217.66,28.65,9.99
8149,2023-12-06T13:00:00Z,12,2023,8,222.60,562.07,85.43,12.52
8150,2023-12-06T14:00:00Z,12,2023,9,415.15,746.33,111.23,14.97
8151,2023-12-06T15:00:00Z,12,2023,10,557.90,875.44,131.65,16.18
8152,2023-12-06T16:00:00Z,12,2023,11,649.78,902.60,125.20,16.90
8153,2023-12-06T17:00:00Z,12,2023,12,679.33,1003.05,113.07,17.33
8154,2023-12-06T18:00:00Z,12,2023,13,640.60,1009.91,61.25,17.55
8155,2023-12-06T19:00:00Z,12,2023,14,528.00,966.17,57.98,17.41
8156,2023-12-06T20:00:00Z,12,2023,15,360.33,884.41,50.32,16.91
8157,2023-12-06T21:00:00Z,12,2023,16,159.00,673.15,35.07,15.78
8158,2023-12-06T22:00:00Z,12,2023,17,9.25,82.74,7.95,12.82
8159,2023-12-06T23:00:00Z,12,2023,18,0.00,0.00,0.00,11.22
8160,2023-12-07T00:00:00Z,12,2023,19,0.00,0.00,0.00,10.56
8161,2023-12-07T01:00:00Z,12,2023,20,0.00,0.00,0.00,9.97
8162,2023-12-07T02:00:00Z,12,2023,21,0.00,0.00,0.00,9.47
8163,2023-12-07T03:00:00Z,12,2023,22,0.00,0.00,0.00,9.07
8164,2023-12-07T04:00:00Z,12,2023,23,0.00,0.00,0.00,8.85
8165,2023-12-07T05:00:00Z,12,2023,0,0.00,0.00,0.00,8.66
8166,2023-12-07T06:00:00Z,12,2023,1,0.00,0.00,0.00,8.35
8167,2023-12-07T07:00:00Z,12,2023,2,0.00,0.00,0.00,8.01
8168,2023-12-07T08:00:00Z,12,2023,3,0.00,0.00,0.00,7.68
8169,2023-12-07T09:00:00Z,12,2023,4,0.00,0.00,0.00,7.43
8170,2023-12-07T10:00:00Z,12,2023,5,0.00,0.00,0.00,7.70
8171,2023-12-07T11:00:00Z,12,2023,6,0.00,0.00,0.00,7.52
8172,2023-12-07T12:00:00Z,12,2023,7,39.72,150.28,29.93,7.76
8173,2023-12-07T13:00:00Z,12,2023,8,215.23,451.49,95.50,9.20
8174,2023-12-07T14:00:00Z,12,2023,9,390.35,581.27,160.44,12.15
8175,2023-12-07T15:00:00Z,12,2023,10,521.72,655.77,190.32,15.17
8176,2023-12-07T16:00:00Z,12,2023,11,593.60,635.58,239.40,18.15
8177,2023-12-07T17:00:00Z,12,2023,12,636.75,931.94,169.13,19.70
8178,2023-12-07T18:00:00Z,12,2023,13,585.92,696.60,190.15,20.40
8179,2023-12-07T19:00:00Z,12,2023,14,460.25,679.81,222.58,20.66
8180,2023-12-07T20:00:00Z,12,2023,15,308.08,427.69,170.20,20.47
8181,2023-12-07T21:00:00Z,12,2023,16,130.12,295.02,85.52,19.45
8182,2023-12-07T22:00:00Z,12,2023,17,7.57,26.04,10.89,16.02
8183,2023-12-07T23:00:00Z,12,2023,18,0.00,0.00,0.00,14.39
8184,2023-12-08T00:00:00Z,12,2023,19,0.00,0.00,0.00,13.78
8185,2023-12-08T01:00:00Z,12,2023,20,0.00,0.00,0.00,13.75
8186,2023-12-08T02:00:00Z,12,2023,21,0.00,0.00,0.00,13.75
8187,2023-12-08T03:00:00Z,12,2023,22,0.00,0.00,0.00,13.52
8188,2023-12-08T04:00:00Z,12,2023,23,0.00,0.00,0.00,13.29
8189,2023-12-08T05:00:00Z,12,2023,0,0.00,0.00,0.00,13.29
8190,2023-12-08T06:00:00Z,12,2023,1,0.00,0.00,0.00,13.35
8191,2023-12-08T07:00:00Z,12,2023,2,0.00,0.00,0.00,13.49
8192,2023-12-08T08:00:00Z,12,2023,3,0.00,0.00,0.00,13.45
8193,2023-12-08T09:00:00Z,12,2023,4,0.00,0.00,0.00,13.47
8194,2023-12-08T10:00:00Z,12,2023,5,0.00,0.00,0.00,13.57
8195,2023-12-08T11:00:00Z,12,2023,6,0.00,0.00,0.00,13.85
8196,2023-12-08T12:00:00Z,12,2023,7,33.10,142.23,24.22,14.28
8197,2023-12-08T13:00:00Z,12,2023,8,157.32,270.67,91.35,17.28
8198,2023-12-08T14:00:00Z,12,2023,9,288.15,233.00,198.10,19.72
8199,2023-12-08T15:00:00Z,12,2023,10,383.40,174.04,297.23,22.29
8200,2023-12-08T16:00:00Z,12,2023,11,446.40,155.27,325.47,23.40
8201,2023-12-08T17:00:00Z,12,2023,12,467.95,368.58,233.70,23.97
8202,2023-12-08T18:00:00Z,12,2023,13,438.15,347.12,245.83,24.20
8203,2023-12-08T19:00:00Z,12,2023,14,313.90,188.13,209.83,24.03
8204,2023-12-08T20:00:00Z,12,2023,15,202.60,130.33,159.50,23.50
8205,2023-12-08T21:00:00Z,12,2023,16,89.12,56.39,73.93,22.27
8206,2023-12-08T22:00:00Z,12,2023,17,4.25,1.64,5.87,20.15
8207,2023-12-08T23:00:00Z,12,2023,18,0.00,0.00,0.00,19.19
8208,2023-12-09T00:00:00Z,12,2023,19,0.00,0.00,0.00,18.83
8209,2023-12-09T01:00:00Z,12,2023,20,0.00,0.00,0.00,18.54
8210,2023-12-09T02:00:00Z,12,2023,21,0.00,0.00,0.00,18.37
8211,2023-12-09T03:00:00Z,12,2023,22,0.00,0.00,0.00,18.30
8212,2023-12-09T04:00:00Z,12,2023,23,0.00,0.00,0.00,17.72
8213,2023-12-09T05:00:00Z,12,2023,0,0.00,0.00,0.00,17.25
8214,2023-12-09T06:00:00Z,12,2023,1,0.00,0.00,0.00,17.00
8215,2023-12-09T07:00:00Z,12,2023,2,0.00,0.00,0.00,16.94
8216,2023-12-09T08:00:00Z,12,2023,3,0.00,0.00,0.00,17.33
8217,2023-12-09T09:00:00Z,12,2023,4,0.00,0.00,0.00,17.55
8218,2023-12-09T10:00:00Z,12,2023,5,0.00,0.00,0.00,17.11
8219,2023-12-09T11:00:00Z,12,2023,6,0.00,0.00,0.00,16.72
8220,2023-12-09T12:00:00Z,12,2023,7,33.25,123.02,23.49,17.22
8221,2023-12-09T13:00:00Z,12,2023,8,197.45,502.24,65.18,20.68
8222,2023-12-09T14:00:00Z,12,2023,9,367.20,644.74,102.13,23.40
8223,2023-12-09T15:00:00Z,12,2023,10,500.23,734.23,116.27,25.35
8224,2023-12-09T16:00:00Z,12,2023,11,562.38,670.46,162.84,26.40
8225,2023-12-09T17:00:00Z,12,2023,12,546.42,632.41,167.52,27.01
8226,2023-12-09T18:00:00Z,12,2023,13,462.95,701.14,98.66,27.24
8227,2023-12-09T19:00:00Z,12,2023,14,379.15,555.56,117.39,27.09
8228,2023-12-09T20:00:00Z,12,2023,15,254.07,403.33,114.58,26.43
8229,2023-12-09T21:00:00Z,12,2023,16,105.78,224.37,70.88,25.31
8230,2023-12-09T22:00:00Z,12,2023,17,6.70,13.66,9.84,22.97
8231,2023-12-09T23:00:00Z,12,2023,18,0.00,0.00,0.00,21.80
8232,2023-12-10T00:00:00Z,12,2023,19,0.00,0.00,0.00,21.05
8233,2023-12-10T01:00:00Z,12,2023,20,0.00,0.00,0.00,20.37
8234,2023-12-10T02:00:00Z,12,2023,21,0.00,0.00,0.00,19.81
8235,2023-12-10T03:00:00Z,12,2023,22,0.00,0.00,0.00,19.45
8236,2023-12-10T04:00:00Z,12,2023,23,0.00,0.00,0.00,19.24
8237,2023-12-10T05:00:00Z,12,2023,0,0.00,0.00,0.00,19.04
8238,2023-12-10T06:00:00Z,12,2023,1,0.00,0.00,0.00,18.89
8239,2023-12-10T07:00:00Z,12,2023,2,0.00,0.00,0.00,19.10
8240,2023-12-10T08:00:00Z,12,2023,3,0.00,0.00,0.00,19.11
8241,2023-12-10T09:00:00Z,12,2023,4,0.00,0.00,0.00,18.59
8242,2023-12-10T10:00:00Z,12,2023,5,0.00,0.00,0.00,18.34
8243,2023-12-10T11:00:00Z,12,2023,6,0.00,0.00,0.00,18.28
8244,2023-12-10T12:00:00Z,12,2023,7,33.08,136.99,23.65,18.74
8245,2023-12-10T13:00:00Z,12,2023,8,197.68,531.61,65.80,21.10
8246,2023-12-10T14:00:00Z,12,2023,9,367.42,661.72,93.52,22.47
8247,2023-12-10T15:00:00Z,12,2023,10,501.25,714.75,116.70,23.81
8248,2023-12-10T16:00:00Z,12,2023,11,571.53,705.90,138.38,24.79
8249,2023-12-10T17:00:00Z,12,2023,12,467.05,394.97,270.07,25.21
8250,2023-12-10T18:00:00Z,12,2023,13,389.12,220.58,259.31,25.40
8251,2023-12-10T19:00:00Z,12,2023,14,321.48,117.42,248.46,25.36
8252,2023-12-10T20:00:00Z,12,2023,15,212.20,62.96,176.57,24.89
8253,2023-12-10T21:00:00Z,12,2023,16,82.65,44.98,71.64,23.88
8254,2023-12-10T22:00:00Z,12,2023,17,3.22,0.00,3.69,22.58
8255,2023-12-10T23:00:00Z,12,2023,18,0.00,0.00,0.00,22.01
8256,2023-12-11T00:00:00Z,12,2023,19,0.00,0.00,0.00,21.61
8257,2023-12-11T01:00:00Z,12,2023,20,0.00,0.00,0.00,21.16
8258,2023-12-11T02:00:00Z,12,2023,21,0.00,0.00,0.00,21.01
8259,2023-12-11T03:00:00Z,12,2023,22,0.00,0.00,0.00,20.32
8260,2023-12-11T04:00:00Z,12,2023,23,0.00,0.00,0.00,17.50
8261,2023-12-11T05:00:00Z,12,2023,0,0.00,0.00,0.00,14.85
8262,2023-12-11T06:00:00Z,12,2023,1,0.00,0.00,0.00,14.03
8263,2023-12-11T07:00:00Z,12,2023,2,0.00,0.00,0.00,13.76
8264,2023-12-11T08:00:00Z,12,2023,3,0.00,0.00,0.00,13.41
8265,2023-12-11T09:00:00Z,12,2023,4,0.00,0.00,0.00,12.76
8266,2023-12-11T10:00:00Z,12,2023,5,0.00,0.00,0.00,11.51
8267,2023-12-11T11:00:00Z,12,2023,6,0.00,0.00,0.00,10.44
8268,2023-12-11T12:00:00Z,12,2023,7,39.62,255.69,20.72,9.70
8269,2023-12-11T13:00:00Z,12,2023,8,232.15,758.08,48.03,9.94
8270,2023-12-11T14:00:00Z,12,2023,9,424.48,901.63,62.35,11.18
8271,2023-12-11T15:00:00Z,12,2023,10,574.72,967.53,69.14,12.92
8272,2023-12-11T16:00:00Z,12,2023,11,663.05,1006.68,71.93,14.73
8273,2023-12-11T17:00:00Z,12,2023,12,636.95,855.60,244.66,16.35
8274,2023-12-11T18:00:00Z,12,2023,13,563.78,524.59,274.52,17.45
8275,2023-12-11T19:00:00Z,12,2023,14,459.02,414.19,254.38,17.88
8276,2023-12-11T20:00:00Z,12,2023,15,310.02,310.74,207.43,17.55
8277,2023-12-11T21:00:00Z,12,2023,16,137.02,215.42,100.71,16.15
8278,2023-12-11T22:00:00Z,12,2023,17,8.48,14.88,11.11,13.08
8279,2023-12-11T23:00:00Z,12,2023,18,0.00,0.00,0.00,11.77
8280,2023-12-12T00:00:00Z,12,2023,19,0.00,0.00,0.00,11.14
8281,2023-12-12T01:00:00Z,12,2023,20,0.00,0.00,0.00,10.28
8282,2023-12-12T02:00:00Z,12,2023,21,0.00,0.00,0.00,9.52
8283,2023-12-12T03:00:00Z,12,2023,22,0.00,0.00,0.00,9.03
8284,2023-12-12T04:00:00Z,12,2023,23,0.00,0.00,0.00,8.69
8285,2023-12-12T05:00:00Z,12,2023,0,0.00,0.00,0.00,8.51
8286,2023-12-12T06:00:00Z,12,2023,1,0.00,0.00,0.00,8.47
8287,2023-12-12T07:00:00Z,12,2023,2,0.00,0.00,0.00,8.53
8288,2023-12-12T08:00:00Z,12,2023,3,0.00,0.00,0.00,8.60
8289,2023-12-12T09:00:00Z,12,2023,4,0.00,0.00,0.00,8.63
8290,2023-12-12T10:00:00Z,12,2023,5,0.00,0.00,0.00,8.70
8291,2023-12-12T11:00:00Z,12,2023,6,0.00,0.00,0.00,8.79
8292,2023-12-12T12:00:00Z,12,2023,7,28.27,84.63,25.50,9.18
8293,2023-12-12T13:00:00Z,12,2023,8,175.82,257.05,124.40,11.48
8294,2023-12-12T14:00:00Z,12,2023,9,334.20,326.38,213.77,14.99
8295,2023-12-12T15:00:00Z,12,2023,10,447.52,398.97,232.49,19.42
8296,2023-12-12T16:00:00Z,12,2023,11,532.03,406.78,336.71,21.33
8297,2023-12-12T17:00:00Z,12,2023,12,566.38,491.61,330.26,21.95
8298,2023-12-12T18:00:00Z,12,2023,13,507.10,640.29,345.95,22.18
8299,2023-12-12T19:00:00Z,12,2023,14,407.80,484.01,260.63,22.30
8300,2023-12-12T20:00:00Z,12,2023,15,271.60,181.46,210.44,21.77
8301,2023-12-12T21:00:00Z,12,2023,16,110.15,67.18,90.13,20.55
8302,2023-12-12T22:00:00Z,12,2023,17,5.57,0.00,6.38,19.12
8303,2023-12-12T23:00:00Z,12,2023,18,0.00,0.00,0.00,18.22
8304,2023-12-13T00:00:00Z,12,2023,19,0.00,0.00,0.00,17.65
8305,2023-12-13T01:00:00Z,12,2023,20,0.00,0.00,0.00,17.35
8306,2023-12-13T02:00:00Z,12,2023,21,0.00,0.00,0.00,17.09
8307,2023-12-13T03:00:00Z,12,2023,22,0.00,0.00,0.00,16.85
8308,2023-12-13T04:00:00Z,12,2023,23,0.00,0.00,0.00,16.82
8309,2023-12-13T05:00:00Z,12,2023,0,0.00,0.00,0.00,17.43
8310,2023-12-13T06:00:00Z,12,2023,1,0.00,0.00,0.00,18.09
8311,2023-12-13T07:00:00Z,12,2023,2,0.00,0.00,0.00,18.48
8312,2023-12-13T08:00:00Z,12,2023,3,0.00,0.00,0.00,18.60
8313,2023-12-13T09:00:00Z,12,2023,4,0.00,0.00,0.00,18.42
8314,2023-12-13T10:00:00Z,12,2023,5,0.00,0.00,0.00,17.98
8315,2023-12-13T11:00:00Z,12,2023,6,0.00,0.00,0.00,17.51
8316,2023-12-13T12:00:00Z,12,2023,7,21.17,47.20,22.03,17.52
8317,2023-12-13T13:00:00Z,12,2023,8,164.80,222.30,111.16,18.69
8318,2023-12-13T14:00:00Z,12,2023,9,313.83,317.67,195.17,20.16
8319,2023-12-13T15:00:00Z,12,2023,10,435.10,520.85,165.41,22.24
8320,2023-12-13T16:00:00Z,12,2023,11,425.65,305.21,261.04,23.46
8321,2023-12-13T17:00:00Z,12,2023,12,396.33,160.65,294.28,24.07
8322,2023-12-13T18:00:00Z,12,2023,13,377.40,246.80,259.81,24.24
8323,2023-12-13T19:00:00Z,12,2023,14,301.10,120.58,230.63,23.91
8324,2023-12-13T20:00:00Z,12,2023,15,199.27,83.78,162.68,23.07
8325,2023-12-13T21:00:00Z,12,2023,16,76.47,40.78,67.51,21.81
8326,2023-12-13T22:00:00Z,12,2023,17,6.22,3.10,8.53,20.54
8327,2023-12-13T23:00:00Z,12,2023,18,0.00,0.00,0.00,19.67
8328,2023-12-14T00:00:00Z,12,2023,19,0.00,0.00,0.00,19.06
8329,2023-12-14T01:00:00Z,12,2023,20,0.00,0.00,0.00,18.99
8330,2023-12-14T02:00:00Z,12,2023,21,0.00,0.00,0.00,18.85
8331,2023-12-14T03:00:00Z,12,2023,22,0.00,0.00,0.00,18.68
8332,2023-12-14T04:00:00Z,12,2023,23,0.00,0.00,0.00,18.35
8333,2023-12-14T05:00:00Z,12,2023,0,0.00,0.00,0.00,18.29
8334,2023-12-14T06:00:00Z,12,2023,1,0.00,0.00,0.00,18.37
8335,2023-12-14T07:00:00Z,12,2023,2,0.00,0.00,0.00,18.32
8336,2023-12-14T08:00:00Z,12,2023,3,0.00,0.00,0.00,18.69
8337,2023-12-14T09:00:00Z,12,2023,4,0.00,0.00,0.00,18.88
8338,2023-12-14T10:00:00Z,12,2023,5,0.00,0.00,0.00,18.66
8339,2023-12-14T11:00:00Z,12,2023,6,0.00,0.00,0.00,18.67
8340,2023-12-14T12:00:00Z,12,2023,7,20.05,7.91,20.27,18.97
8341,2023-12-14T13:00:00Z,12,2023,8,118.40,17.83,102.59,19.87
8342,2023-12-14T14:00:00Z,12,2023,9,223.52,10.93,193.27,20.54
8343,2023-12-14T15:00:00Z,12,2023,10,309.60,22.75,264.99,21.12
8344,2023-12-14T16:00:00Z,12,2023,11,383.30,27.57,326.43,21.50
8345,2023-12-14T17:00:00Z,12,2023,12,394.10,29.70,332.42,21.72
8346,2023-12-14T18:00:00Z,12,2023,13,350.23,36.87,298.99,21.69
8347,2023-12-14T19:00:00Z,12,2023,14,280.00,59.25,228.08,21.51
8348,2023-12-14T20:00:00Z,12,2023,15,177.65,49.10,145.13,21.31
8349,2023-12-14T21:00:00Z,12,2023,16,74.62,5.03,66.81,20.77
8350,2023-12-14T22:00:00Z,12,2023,17,5.80,2.99,7.36,19.74
8351,2023-12-14T23:00:00Z,12,2023,18,0.00,0.00,0.00,19.19
8352,2023-12-15T00:00:00Z,12,2023,19,0.00,0.00,0.00,19.12
8353,2023-12-15T01:00:00Z,12,2023,20,0.00,0.00,0.00,19.05
8354,2023-12-15T02:00:00Z,12,2023,21,0.00,0.00,0.00,18.89
8355,2023-12-15T03:00:00Z,12,2023,22,0.00,0.00,0.00,18.63
8356,2023-12-15T04:00:00Z,12,2023,23,0.00,0.00,0.00,18.40
8357,2023-12-15T05:00:00Z,12,2023,0,0.00,0.00,0.00,18.39
8358,2023-12-15T06:00:00Z,12,2023,1,0.00,0.00,0.00,18.40
8359,2023-12-15T07:00:00Z,12,2023,2,0.00,0.00,0.00,18.35
8360,2023-12-15T08:00:00Z,12,2023,3,0.00,0.00,0.00,18.37
8361,2023-12-15T09:00:00Z,12,2023,4,0.00,0.00,0.00,18.39
8362,2023-12-15T10:00:00Z,12,2023,5,0.00,0.00,0.00,18.32
8363,2023-12-15T11:00:00Z,12,2023,6,0.00,0.00,0.00,18.31
8364,2023-12-15T12:00:00Z,12,2023,7,17.67,22.07,19.39,18.45
8365,2023-12-15T13:00:00Z,12,2023,8,126.25,54.57,103.14,19.49
8366,2023-12-15T14:00:00Z,12,2023,9,254.48,72.43,213.29,20.89
8367,2023-12-15T15:00:00Z,12,2023,10,372.70,79.21,299.44,21.87
8368,2023-12-15T16:00:00Z,12,2023,11,431.33,75.32,345.04,22.25
8369,2023-12-15T17:00:00Z,12,2023,12,343.92,13.17,292.04,22.26
8370,2023-12-15T18:00:00Z,12,2023,13,304.40,4.55,263.93,22.06
8371,2023-12-15T19:00:00Z,12,2023,14,222.90,6.95,183.98,21.69
8372,2023-12-15T20:00:00Z,12,2023,15,132.00,2.77,112.13,21.19
8373,2023-12-15T21:00:00Z,12,2023,16,54.65,3.13,48.94,20.47
8374,2023-12-15T22:00:00Z,12,2023,17,3.55,0.00,3.80,19.62
8375,2023-12-15T23:00:00Z,12,2023,18,0.00,0.00,0.00,19.27
8376,2023-12-16T00:00:00Z,12,2023,19,0.00,0.00,0.00,19.23
8377,2023-12-16T01:00:00Z,12,2023,20,0.00,0.00,0.00,19.21
8378,2023-12-16T02:00:00Z,12,2023,21,0.00,0.00,0.00,19.22
8379,2023-12-16T03:00:00Z,12,2023,22,0.00,0.00,0.00,19.08
8380,2023-12-16T04:00:00Z,12,2023,23,0.00,0.00,0.00,18.91
8381,2023-12-16T05:00:00Z,12,2023,0,0.00,0.00,0.00,18.82
8382,2023-12-16T06:00:00Z,12,2023,1,0.00,0.00,0.00,19.05
8383,2023-12-16T07:00:00Z,12,2023,2,0.00,0.00,0.00,19.15
8384,2023-12-16T08:00:00Z,12,2023,3,0.00,0.00,0.00,18.83
8385,2023-12-16T09:00:00Z,12,2023,4,0.00,0.00,0.00,18.90
8386,2023-12-16T10:00:00Z,12,2023,5,0.00,0.00,0.00,19.06
8387,2023-12-16T11:00:00Z,12,2023,6,0.00,0.00,0.00,19.29
8388,2023-12-16T12:00:00Z,12,2023,7,10.52,0.00,10.71,19.63
8389,2023-12-16T13:00:00Z,12,2023,8,64.00,0.00,56.12,20.61
8390,2023-12-16T14:00:00Z,12,2023,9,128.77,0.00,112.26,21.75
8391,2023-12-16T15:00:00Z,12,2023,10,86.70,35.92,69.23,22.46
8392,2023-12-16T16:00:00Z,12,2023,11,88.68,36.39,66.87,22.47
8393,2023-12-16T17:00:00Z,12,2023,12,69.90,35.98,51.04,22.48
8394,2023-12-16T18:00:00Z,12,2023,13,79.82,3.38,68.89,21.71
8395,2023-12-16T19:00:00Z,12,2023,14,100.10,0.00,83.13,21.03
8396,2023-12-16T20:00:00Z,12,2023,15,62.35,0.00,53.11,20.68
8397,2023-12-16T21:00:00Z,12,2023,16,26.70,0.00,23.97,20.42
8398,2023-12-16T22:00:00Z,12,2023,17,3.10,0.00,3.32,20.17
8399,2023-12-16T23:00:00Z,12,2023,18,0.00,0.00,0.00,20.13
8400,2023-12-17T00:00:00Z,12,2023,19,0.00,0.00,0.00,20.14
8401,2023-12-17T01:00:00Z,12,2023,20,0.00,0.00,0.00,20.41
8402,2023-12-17T02:00:00Z,12,2023,21,0.00,0.00,0.00,20.88
8403,2023-12-17T03:00:00Z,12,2023,22,0.00,0.00,0.00,21.11
8404,2023-12-17T04:00:00Z,12,2023,23,0.00,0.00,0.00,21.17
8405,2023-12-17T05:00:00Z,12,2023,0,0.00,0.00,0.00,21.44
8406,2023-12-17T06:00:00Z,12,2023,1,0.00,0.00,0.00,21.84
8407,2023-12-17T07:00:00Z,12,2023,2,0.00,0.00,0.00,22.05
8408,2023-12-17T08:00:00Z,12,2023,3,0.00,0.00,0.00,21.93
8409,2023-12-17T09:00:00Z,12,2023,4,0.00,0.00,0.00,22.14
8410,2023-12-17T10:00:00Z,12,2023,5,0.00,0.00,0.00,22.46
8411,2023-12-17T11:00:00Z,12,2023,6,0.00,0.00,0.00,22.56
8412,2023-12-17T12:00:00Z,12,2023,7,14.85,46.23,14.74,22.49
8413,2023-12-17T13:00:00Z,12,2023,8,86.28,148.81,54.51,22.14
8414,2023-12-17T14:00:00Z,12,2023,9,158.62,230.85,92.10,21.09
8415,2023-12-17T15:00:00Z,12,2023,10,183.85,7.43,158.21,20.92
8416,2023-12-17T16:00:00Z,12,2023,11,277.77,146.54,217.77,21.24
8417,2023-12-17T17:00:00Z,12,2023,12,460.95,523.86,176.85,21.17
8418,2023-12-17T18:00:00Z,12,2023,13,431.80,292.39,257.04,20.59
8419,2023-12-17T19:00:00Z,12,2023,14,231.82,124.88,166.35,19.65
8420,2023-12-17T20:00:00Z,12,2023,15,173.98,237.33,98.02,18.99
8421,2023-12-17T21:00:00Z,12,2023,16,93.10,246.17,53.33,18.38
8422,2023-12-17T22:00:00Z,12,2023,17,8.40,51.30,9.17,17.14
8423,2023-12-17T23:00:00Z,12,2023,18,0.00,0.00,0.00,16.37
8424,2023-12-18T00:00:00Z,12,2023,19,0.00,0.00,0.00,15.82
8425,2023-12-18T01:00:00Z,12,2023,20,0.00,0.00,0.00,15.44
8426,2023-12-18T02:00:00Z,12,2023,21,0.00,0.00,0.00,15.04
8427,2023-12-18T03:00:00Z,12,2023,22,0.00,0.00,0.00,14.70
8428,2023-12-18T04:00:00Z,12,2023,23,0.00,0.00,0.00,14.64
8429,2023-12-18T05:00:00Z,12,2023,0,0.00,0.00,0.00,14.88
8430,2023-12-18T06:00:00Z,12,2023,1,0.00,0.00,0.00,14.76
8431,2023-12-18T07:00:00Z,12,2023,2,0.00,0.00,0.00,14.48
8432,2023-12-18T08:00:00Z,12,2023,3,0.00,0.00,0.00,14.05
8433,2023-12-18T09:00:00Z,12,2023,4,0.00,0.00,0.00,13.61
8434,2023-12-18T10:00:00Z,12,2023,5,0.00,0.00,0.00,13.12
8435,2023-12-18T11:00:00Z,12,2023,6,0.00,0.00,0.00,12.41
8436,2023-12-18T12:00:00Z,12,2023,7,30.98,255.13,14.81,12.09
8437,2023-12-18T13:00:00Z,12,2023,8,211.23,738.83,38.97,13.64
8438,2023-12-18T14:00:00Z,12,2023,9,399.83,881.39,56.77,14.93
8439,2023-12-18T15:00:00Z,12,2023,10,547.78,943.08,62.34,16.20
8440,2023-12-18T16:00:00Z,12,2023,11,639.20,986.40,63.04,17.37
8441,2023-12-18T17:00:00Z,12,2023,12,663.62,980.51,67.59,18.30
8442,2023-12-18T18:00:00Z,12,2023,13,622.03,970.20,64.51,18.91
8443,2023-12-18T19:00:00Z,12,2023,14,515.97,925.16,63.49,19.05
8444,2023-12-18T20:00:00Z,12,2023,15,355.92,841.25,56.54,18.54
8445,2023-12-18T21:00:00Z,12,2023,16,161.40,654.10,41.15,17.12
8446,2023-12-18T22:00:00Z,12,2023,17,11.15,93.31,8.93,14.04
8447,2023-12-18T23:00:00Z,12,2023,18,0.00,0.00,0.00,12.78
8448,2023-12-19T00:00:00Z,12,2023,19,0.00,0.00,0.00,12.01
8449,2023-12-19T01:00:00Z,12,2023,20,0.00,0.00,0.00,11.27
8450,2023-12-19T02:00:00Z,12,2023,21,0.00,0.00,0.00,10.70
8451,2023-12-19T03:00:00Z,12,2023,22,0.00,0.00,0.00,10.20
8452,2023-12-19T04:00:00Z,12,2023,23,0.00,0.00,0.00,9.67
8453,2023-12-19T05:00:00Z,12,2023,0,0.00,0.00,0.00,9.11
8454,2023-12-19T06:00:00Z,12,2023,1,0.00,0.00,0.00,8.47
8455,2023-12-19T07:00:00Z,12,2023,2,0.00,0.00,0.00,7.87
8456,2023-12-19T08:00:00Z,12,2023,3,0.00,0.00,0.00,7.42
8457,2023-12-19T09:00:00Z,12,2023,4,0.00,0.00,0.00,7.16
8458,2023-12-19T10:00:00Z,12,2023,5,0.00,0.00,0.00,7.14
8459,2023-12-19T11:00:00Z,12,2023,6,0.00,0.00,0.00,7.26
8460,2023-12-19T12:00:00Z,12,2023,7,31.83,265.80,15.86,7.20
8461,2023-12-19T13:00:00Z,12,2023,8,220.18,779.16,41.89,8.21
8462,2023-12-19T14:00:00Z,12,2023,9,415.90,927.40,56.49,10.44
8463,2023-12-19T15:00:00Z,12,2023,10,566.88,984.58,61.56,12.55
8464,2023-12-19T16:00:00Z,12,2023,11,658.15,1020.47,63.16,14.22
8465,2023-12-19T17:00:00Z,12,2023,12,676.80,983.31,77.60,15.38
8466,2023-12-19T18:00:00Z,12,2023,13,630.00,955.71,77.80,16.02
8467,2023-12-19T19:00:00Z,12,2023,14,515.80,860.06,90.66,16.19
8468,2023-12-19T20:00:00Z,12,2023,15,351.85,741.14,80.33,15.68
8469,2023-12-19T21:00:00Z,12,2023,16,158.38,546.97,49.58,14.31
8470,2023-12-19T22:00:00Z,12,2023,17,11.00,60.29,9.68,11.65
8471,2023-12-19T23:00:00Z,12,2023,18,0.00,0.00,0.00,10.15
8472,2023-12-20T00:00:00Z,12,2023,19,0.00,0.00,0.00,9.09
8473,2023-12-20T01:00:00Z,12,2023,20,0.00,0.00,0.00,8.38
8474,2023-12-20T02:00:00Z,12,2023,21,0.00,0.00,0.00,8.06
8475,2023-12-20T03:00:00Z,12,2023,22,0.00,0.00,0.00,8.00
8476,2023-12-20T04:00:00Z,12,2023,23,0.00,0.00,0.00,8.03
8477,2023-12-20T05:00:00Z,12,2023,0,0.00,0.00,0.00,8.36
8478,2023-12-20T06:00:00Z,12,2023,1,0.00,0.00,0.00,9.17
8479,2023-12-20T07:00:00Z,12,2023,2,0.00,0.00,0.00,9.82
8480,2023-12-20T08:00:00Z,12,2023,3,0.00,0.00,0.00,10.20
8481,2023-12-20T09:00:00Z,12,2023,4,0.00,0.00,0.00,11.16
8482,2023-12-20T10:00:00Z,12,2023,5,0.00,0.00,0.00,11.38
8483,2023-12-20T11:00:00Z,12,2023,6,0.00,0.00,0.00,11.33
8484,2023-12-20T12:00:00Z,12,2023,7,26.80,167.61,19.56,12.25
8485,2023-12-20T13:00:00Z,12,2023,8,173.98,406.42,82.14,14.75
8486,2023-12-20T14:00:00Z,12,2023,9,330.25,487.95,165.07,16.19
8487,2023-12-20T15:00:00Z,12,2023,10,451.95,463.16,215.56,17.70
8488,2023-12-20T16:00:00Z,12,2023,11,465.42,246.07,364.95,18.53
8489,2023-12-20T17:00:00Z,12,2023,12,426.35,58.66,355.65,19.24
8490,2023-12-20T18:00:00Z,12,2023,13,340.92,15.71,294.03,19.30
8491,2023-12-20T19:00:00Z,12,2023,14,264.88,14.08,217.70,18.99
8492,2023-12-20T20:00:00Z,12,2023,15,176.02,40.61,146.74,18.05
8493,2023-12-20T21:00:00Z,12,2023,16,79.72,44.84,69.34,17.14
8494,2023-12-20T22:00:00Z,12,2023,17,5.22,3.93,5.57,16.25
8495,2023-12-20T23:00:00Z,12,2023,18,0.00,0.00,0.00,15.80
8496,2023-12-21T00:00:00Z,12,2023,19,0.00,0.00,0.00,15.65
8497,2023-12-21T01:00:00Z,12,2023,20,0.00,0.00,0.00,15.49
8498,2023-12-21T02:00:00Z,12,2023,21,0.00,0.00,0.00,15.36
8499,2023-12-21T03:00:00Z,12,2023,22,0.00,0.00,0.00,15.29
8500,2023-12-21T04:00:00Z,12,2023,23,0.00,0.00,0.00,15.33
8501,2023-12-21T05:00:00Z,12,2023,0,0.00,0.00,0.00,15.41
8502,2023-12-21T06:00:00Z,12,2023,1,0.00,0.00,0.00,15.46
8503,2023-12-21T07:00:00Z,12,2023,2,0.00,0.00,0.00,15.50
8504,2023-12-21T08:00:00Z,12,2023,3,0.00,0.00,0.00,15.44
8505,2023-12-21T09:00:00Z,12,2023,4,0.00,0.00,0.00,15.28
8506,2023-12-21T10:00:00Z,12,2023,5,0.00,0.00,0.00,15.01
8507,2023-12-21T11:00:00Z,12,2023,6,0.00,0.00,0.00,14.78
8508,2023-12-21T12:00:00Z,12,2023,7,25.52,162.42,15.78,14.69
8509,2023-12-21T13:00:00Z,12,2023,8,193.15,614.26,49.93,15.38
8510,2023-12-21T14:00:00Z,12,2023,9,372.73,738.93,80.87,16.78
8511,2023-12-21T15:00:00Z,12,2023,10,518.80,825.54,92.46,18.77
8512,2023-12-21T16:00:00Z,12,2023,11,614.10,890.84,87.75,20.02
8513,2023-12-21T17:00:00Z,12,2023,12,635.25,872.21,100.78,20.78
8514,2023-12-21T18:00:00Z,12,2023,13,593.28,867.38,92.41,20.99
8515,2023-12-21T19:00:00Z,12,2023,14,486.88,812.84,98.24,20.90
8516,2023-12-21T20:00:00Z,12,2023,15,332.35,740.02,86.01,20.37
8517,2023-12-21T21:00:00Z,12,2023,16,147.55,490.00,59.06,18.95
8518,2023-12-21T22:00:00Z,12,2023,17,10.55,51.97,11.66,17.19
8519,2023-12-21T23:00:00Z,12,2023,18,0.00,0.00,0.00,16.55
8520,2023-12-22T00:00:00Z,12,2023,19,0.00,0.00,0.00,15.98
8521,2023-12-22T01:00:00Z,12,2023,20,0.00,0.00,0.00,15.24
8522,2023-12-22T02:00:00Z,12,2023,21,0.00,0.00,0.00,14.58
8523,2023-12-22T03:00:00Z,12,2023,22,0.00,0.00,0.00,14.23
8524,2023-12-22T04:00:00Z,12,2023,23,0.00,0.00,0.00,13.96
8525,2023-12-22T05:00:00Z,12,2023,0,0.00,0.00,0.00,13.71
8526,2023-12-22T06:00:00Z,12,2023,1,0.00,0.00,0.00,13.54
8527,2023-12-22T07:00:00Z,12,2023,2,0.00,0.00,0.00,13.37
8528,2023-12-22T08:00:00Z,12,2023,3,0.00,0.00,0.00,13.33
8529,2023-12-22T09:00:00Z,12,2023,4,0.00,0.00,0.00,13.84
8530,2023-12-22T10:00:00Z,12,2023,5,0.00,0.00,0.00,13.93
8531,2023-12-22T11:00:00Z,12,2023,6,0.00,0.00,0.00,13.92
8532,2023-12-22T12:00:00Z,12,2023,7,12.55,0.00,12.91,13.99
8533,2023-12-22T13:00:00Z,12,2023,8,84.12,0.40,72.53,15.21
8534,2023-12-22T14:00:00Z,12,2023,9,167.15,4.30,145.15,16.48
8535,2023-12-22T15:00:00Z,12,2023,10,233.45,5.63,201.78,17.82
8536,2023-12-22T16:00:00Z,12,2023,11,331.17,40.83,268.31,19.11
8537,2023-12-22T17:00:00Z,12,2023,12,354.42,11.65,301.26,19.85
8538,2023-12-22T18:00:00Z,12,2023,13,248.55,18.91,213.26,20.37
8539,2023-12-22T19:00:00Z,12,2023,14,221.70,7.52,182.90,20.92
8540,2023-12-22T20:00:00Z,12,2023,15,136.82,8.03,117.01,21.23
8541,2023-12-22T21:00:00Z,12,2023,16,59.78,9.79,53.54,20.06
8542,2023-12-22T22:00:00Z,12,2023,17,6.45,3.68,6.88,17.42
8543,2023-12-22T23:00:00Z,12,2023,18,0.00,0.00,0.00,16.57
8544,2023-12-23T00:00:00Z,12,2023,19,0.00,0.00,0.00,16.18
8545,2023-12-23T01:00:00Z,12,2023,20,0.00,0.00,0.00,15.65
8546,2023-12-23T02:00:00Z,12,2023,21,0.00,0.00,0.00,15.28
8547,2023-12-23T03:00:00Z,12,2023,22,0.00,0.00,0.00,15.27
8548,2023-12-23T04:00:00Z,12,2023,23,0.00,0.00,0.00,15.32
8549,2023-12-23T05:00:00Z,12,2023,0,0.00,0.00,0.00,15.00
8550,2023-12-23T06:00:00Z,12,2023,1,0.00,0.00,0.00,14.93
8551,2023-12-23T07:00:00Z,12,2023,2,0.00,0.00,0.00,14.89
8552,2023-12-23T08:00:00Z,12,2023,3,0.00,0.00,0.00,14.71
8553,2023-12-23T09:00:00Z,12,2023,4,0.00,0.00,0.00,14.63
8554,2023-12-23T10:00:00Z,12,2023,5,0.00,0.00,0.00,14.56
8555,2023-12-23T11:00:00Z,12,2023,6,0.00,0.00,0.00,14.51
8556,2023-12-23T12:00:00Z,12,2023,7,23.27,152.49,16.20,15.00
8557,2023-12-23T13:00:00Z,12,2023,8,186.95,579.48,53.30,18.30
8558,2023-12-23T14:00:00Z,12,2023,9,369.50,765.51,69.87,20.42
8559,2023-12-23T15:00:00Z,12,2023,10,516.58,861.99,78.36,21.96
8560,2023-12-23T16:00:00Z,12,2023,11,605.20,888.53,86.11,22.68
8561,2023-12-23T17:00:00Z,12,2023,12,624.95,837.45,123.99,23.02
8562,2023-12-23T18:00:00Z,12,2023,13,574.58,833.53,97.58,23.00
8563,2023-12-23T19:00:00Z,12,2023,14,475.20,786.64,96.87,22.65
8564,2023-12-23T20:00:00Z,12,2023,15,331.85,702.96,80.38,21.94
8565,2023-12-23T21:00:00Z,12,2023,16,152.27,500.90,50.75,20.59
8566,2023-12-23T22:00:00Z,12,2023,17,12.07,67.74,10.62,17.76
8567,2023-12-23T23:00:00Z,12,2023,18,0.00,0.00,0.00,16.52
8568,2023-12-24T00:00:00Z,12,2023,19,0.00,0.00,0.00,16.00
8569,2023-12-24T01:00:00Z,12,2023,20,0.00,0.00,0.00,15.62
8570,2023-12-24T02:00:00Z,12,2023,21,0.00,0.00,0.00,15.33
8571,2023-12-24T03:00:00Z,12,2023,22,0.00,0.00,0.00,15.17
8572,2023-12-24T04:00:00Z,12,2023,23,0.00,0.00,0.00,15.42
8573,2023-12-24T05:00:00Z,12,2023,0,0.00,0.00,0.00,15.59
8574,2023-12-24T06:00:00Z,12,2023,1,0.00,0.00,0.00,15.68
8575,2023-12-24T07:00:00Z,12,2023,2,0.00,0.00,0.00,16.29
8576,2023-12-24T08:00:00Z,12,2023,3,0.00,0.00,0.00,16.61
8577,2023-12-24T09:00:00Z,12,2023,4,0.00,0.00,0.00,16.83
8578,2023-12-24T10:00:00Z,12,2023,5,0.00,0.00,0.00,16.85
8579,2023-12-24T11:00:00Z,12,2023,6,0.00,0.00,0.00,16.79
8580,2023-12-24T12:00:00Z,12,2023,7,15.30,20.09,17.40,17.11
8581,2023-12-24T13:00:00Z,12,2023,8,98.05,31.06,80.07,19.05
8582,2023-12-24T14:00:00Z,12,2023,9,192.77,41.86,163.50,19.91
8583,2023-12-24T15:00:00Z,12,2023,10,260.10,15.61,223.60,20.76
8584,2023-12-24T16:00:00Z,12,2023,11,343.33,5.84,295.23,21.68
8585,2023-12-24T17:00:00Z,12,2023,12,324.05,0.71,276.93,22.60
8586,2023-12-24T18:00:00Z,12,2023,13,222.05,0.59,192.94,23.00
8587,2023-12-24T19:00:00Z,12,2023,14,184.60,0.13,153.29,22.94
8588,2023-12-24T20:00:00Z,12,2023,15,129.30,0.00,111.45,22.25
8589,2023-12-24T21:00:00Z,12,2023,16,64.93,16.84,57.85,20.87
8590,2023-12-24T22:00:00Z,12,2023,17,6.50,3.43,6.93,19.72
8591,2023-12-24T23:00:00Z,12,2023,18,0.00,0.00,0.00,19.19
8592,2023-12-25T00:00:00Z,12,2023,19,0.00,0.00,0.00,18.81
8593,2023-12-25T01:00:00Z,12,2023,20,0.00,0.00,0.00,18.17
8594,2023-12-25T02:00:00Z,12,2023,21,0.00,0.00,0.00,18.17
8595,2023-12-25T03:00:00Z,12,2023,22,0.00,0.00,0.00,18.29
8596,2023-12-25T04:00:00Z,12,2023,23,0.00,0.00,0.00,18.58
8597,2023-12-25T05:00:00Z,12,2023,0,0.00,0.00,0.00,18.49
8598,2023-12-25T06:00:00Z,12,2023,1,0.00,0.00,0.00,18.18
8599,2023-12-25T07:00:00Z,12,2023,2,0.00,0.00,0.00,18.13
8600,2023-12-25T08:00:00Z,12,2023,3,0.00,0.00,0.00,18.10
8601,2023-12-25T09:00:00Z,12,2023,4,0.00,0.00,0.00,17.93
8602,2023-12-25T10:00:00Z,12,2023,5,0.00,0.00,0.00,18.02
8603,2023-12-25T11:00:00Z,12,2023,6,0.00,0.00,0.00,18.42
8604,2023-12-25T12:00:00Z,12,2023,7,9.23,0.00,9.49,18.74
8605,2023-12-25T13:00:00Z,12,2023,8,61.33,0.00,52.87,19.80
8606,2023-12-25T14:00:00Z,12,2023,9,115.30,0.00,100.95,20.60
8607,2023-12-25T15:00:00Z,12,2023,10,72.60,39.44,53.68,21.35
8608,2023-12-25T16:00:00Z,12,2023,11,131.52,0.00,113.42,21.78
8609,2023-12-25T17:00:00Z,12,2023,12,132.43,27.57,104.14,22.10
8610,2023-12-25T18:00:00Z,12,2023,13,171.05,0.00,148.69,22.13
8611,2023-12-25T19:00:00Z,12,2023,14,134.55,7.35,116.68,21.85
8612,2023-12-25T20:00:00Z,12,2023,15,88.62,5.29,75.79,21.40
8613,2023-12-25T21:00:00Z,12,2023,16,30.25,2.83,26.64,20.93
8614,2023-12-25T22:00:00Z,12,2023,17,4.78,0.00,5.11,20.42
8615,2023-12-25T23:00:00Z,12,2023,18,0.00,0.00,0.00,20.25
8616,2023-12-26T00:00:00Z,12,2023,19,0.00,0.00,0.00,20.20
8617,2023-12-26T01:00:00Z,12,2023,20,0.00,0.00,0.00,20.12
8618,2023-12-26T02:00:00Z,12,2023,21,0.00,0.00,0.00,20.06
8619,2023-12-26T03:00:00Z,12,2023,22,0.00,0.00,0.00,20.01
8620,2023-12-26T04:00:00Z,12,2023,23,0.00,0.00,0.00,19.87
8621,2023-12-26T05:00:00Z,12,2023,0,0.00,0.00,0.00,19.65
8622,2023-12-26T06:00:00Z,12,2023,1,0.00,0.00,0.00,19.47
8623,2023-12-26T07:00:00Z,12,2023,2,0.00,0.00,0.00,18.94
8624,2023-12-26T08:00:00Z,12,2023,3,0.00,0.00,0.00,18.58
8625,2023-12-26T09:00:00Z,12,2023,4,0.00,0.00,0.00,18.48
8626,2023-12-26T10:00:00Z,12,2023,5,0.00,0.00,0.00,18.66
8627,2023-12-26T11:00:00Z,12,2023,6,0.00,0.00,0.00,19.05
8628,2023-12-26T12:00:00Z,12,2023,7,11.60,2.24,11.91,19.46
8629,2023-12-26T13:00:00Z,12,2023,8,69.55,13.67,59.25,20.67
8630,2023-12-26T14:00:00Z,12,2023,9,161.60,38.21,137.42,22.21
8631,2023-12-26T15:00:00Z,12,2023,10,244.77,54.40,205.23,22.81
8632,2023-12-26T16:00:00Z,12,2023,11,281.75,38.93,227.46,23.46
8633,2023-12-26T17:00:00Z,12,2023,12,311.17,43.51,259.47,24.08
8634,2023-12-26T18:00:00Z,12,2023,13,298.38,92.47,223.83,24.50
8635,2023-12-26T19:00:00Z,12,2023,14,254.60,35.99,209.81,24.54
8636,2023-12-26T20:00:00Z,12,2023,15,182.82,151.81,128.40,24.04
8637,2023-12-26T21:00:00Z,12,2023,16,95.10,169.87,66.24,23.07
8638,2023-12-26T22:00:00Z,12,2023,17,10.57,19.43,13.57,21.10
8639,2023-12-26T23:00:00Z,12,2023,18,0.00,0.00,0.00,19.80
8640,2023-12-27T00:00:00Z,12,2023,19,0.00,0.00,0.00,19.03
8641,2023-12-27T01:00:00Z,12,2023,20,0.00,0.00,0.00,18.23
8642,2023-12-27T02:00:00Z,12,2023,21,0.00,0.00,0.00,17.32
8643,2023-12-27T03:00:00Z,12,2023,22,0.00,0.00,0.00,16.58
8644,2023-12-27T04:00:00Z,12,2023,23,0.00,0.00,0.00,16.18
8645,2023-12-27T05:00:00Z,12,2023,0,0.00,0.00,0.00,15.98
8646,2023-12-27T06:00:00Z,12,2023,1,0.00,0.00,0.00,15.68
8647,2023-12-27T07:00:00Z,12,2023,2,0.00,0.00,0.00,15.15
8648,2023-12-27T08:00:00Z,12,2023,3,0.00,0.00,0.00,14.77
8649,2023-12-27T09:00:00Z,12,2023,4,0.00,0.00,0.00,14.54
8650,2023-12-27T10:00:00Z,12,2023,5,0.00,0.00,0.00,14.19
8651,2023-12-27T11:00:00Z,12,2023,6,0.00,0.00,0.00,14.00
8652,2023-12-27T12:00:00Z,12,2023,7,9.95,4.77,11.51,14.18
8653,2023-12-27T13:00:00Z,12,2023,8,88.30,44.24,72.63,16.01
8654,2023-12-27T14:00:00Z,12,2023,9,194.68,93.85,157.57,17.72
8655,2023-12-27T15:00:00Z,12,2023,10,303.33,220.60,204.31,19.23
8656,2023-12-27T16:00:00Z,12,2023,11,511.10,587.26,177.72,20.46
8657,2023-12-27T17:00:00Z,12,2023,12,418.15,174.56,289.33,21.25
8658,2023-12-27T18:00:00Z,12,2023,13,431.62,284.66,262.81,21.64
8659,2023-12-27T19:00:00Z,12,2023,14,338.62,207.81,222.38,21.72
8660,2023-12-27T20:00:00Z,12,2023,15,227.57,132.90,176.37,21.30
8661,2023-12-27T21:00:00Z,12,2023,16,108.00,85.81,86.14,20.08
8662,2023-12-27T22:00:00Z,12,2023,17,6.82,5.65,8.05,17.39
8663,2023-12-27T23:00:00Z,12,2023,18,0.00,0.00,0.00,16.02
8664,2023-12-28T00:00:00Z,12,2023,19,0.00,0.00,0.00,15.62
8665,2023-12-28T01:00:00Z,12,2023,20,0.00,0.00,0.00,15.33
8666,2023-12-28T02:00:00Z,12,2023,21,0.00,0.00,0.00,15.34
8667,2023-12-28T03:00:00Z,12,2023,22,0.00,0.00,0.00,15.04
8668,2023-12-28T04:00:00Z,12,2023,23,0.00,0.00,0.00,14.55
8669,2023-12-28T05:00:00Z,12,2023,0,0.00,0.00,0.00,14.22
8670,2023-12-28T06:00:00Z,12,2023,1,0.00,0.00,0.00,13.90
8671,2023-12-28T07:00:00Z,12,2023,2,0.00,0.00,0.00,13.63
8672,2023-12-28T08:00:00Z,12,2023,3,0.00,0.00,0.00,13.43
8673,2023-12-28T09:00:00Z,12,2023,4,0.00,0.00,0.00,13.34
8674,2023-12-28T10:00:00Z,12,2023,5,0.00,0.00,0.00,13.35
8675,2023-12-28T11:00:00Z,12,2023,6,0.00,0.00,0.00,13.36
8676,2023-12-28T12:00:00Z,12,2023,7,3.88,0.00,3.99,13.45
8677,2023-12-28T13:00:00Z,12,2023,8,20.50,0.00,17.67,14.09
8678,2023-12-28T14:00:00Z,12,2023,9,34.30,3.92,29.62,14.81
8679,2023-12-28T15:00:00Z,12,2023,10,43.58,12.99,36.11,15.52
8680,2023-12-28T16:00:00Z,12,2023,11,89.53,0.00,77.20,16.12
8681,2023-12-28T17:00:00Z,12,2023,12,155.20,9.34,131.27,16.80
8682,2023-12-28T18:00:00Z,12,2023,13,264.52,110.60,205.05,17.56
8683,2023-12-28T19:00:00Z,12,2023,14,282.85,129.79,195.12,18.44
8684,2023-12-28T20:00:00Z,12,2023,15,208.88,237.16,125.53,19.09
8685,2023-12-28T21:00:00Z,12,2023,16,112.00,233.15,62.96,18.61
8686,2023-12-28T22:00:00Z,12,2023,17,12.50,48.79,12.25,16.11
8687,2023-12-28T23:00:00Z,12,2023,18,0.00,0.00,0.00,14.98
8688,2023-12-29T00:00:00Z,12,2023,19,0.00,0.00,0.00,14.27
8689,2023-12-29T01:00:00Z,12,2023,20,0.00,0.00,0.00,13.80
8690,2023-12-29T02:00:00Z,12,2023,21,0.00,0.00,0.00,13.54
8691,2023-12-29T03:00:00Z,12,2023,22,0.00,0.00,0.00,13.75
8692,2023-12-29T04:00:00Z,12,2023,23,0.00,0.00,0.00,14.02
8693,2023-12-29T05:00:00Z,12,2023,0,0.00,0.00,0.00,13.64
8694,2023-12-29T06:00:00Z,12,2023,1,0.00,0.00,0.00,12.96
8695,2023-12-29T07:00:00Z,12,2023,2,0.00,0.00,0.00,12.15
8696,2023-12-29T08:00:00Z,12,2023,3,0.00,0.00,0.00,11.58
8697,2023-12-29T09:00:00Z,12,2023,4,0.00,0.00,0.00,11.24
8698,2023-12-29T10:00:00Z,12,2023,5,0.00,0.00,0.00,11.18
8699,2023-12-29T11:00:00Z,12,2023,6,0.00,0.00,0.00,10.88
8700,2023-12-29T12:00:00Z,12,2023,7,19.52,111.97,16.97,10.25
8701,2023-12-29T13:00:00Z,12,2023,8,174.43,482.60,73.80,10.36
8702,2023-12-29T14:00:00Z,12,2023,9,352.35,587.45,136.12,11.00
8703,2023-12-29T15:00:00Z,12,2023,10,493.20,651.40,179.22,12.13
8704,2023-12-29T16:00:00Z,12,2023,11,617.60,882.37,100.62,13.32
8705,2023-12-29T17:00:00Z,12,2023,12,639.38,840.76,135.11,14.51
8706,2023-12-29T18:00:00Z,12,2023,13,594.90,779.71,149.73,15.33
8707,2023-12-29T19:00:00Z,12,2023,14,479.55,660.51,195.24,15.59
8708,2023-12-29T20:00:00Z,12,2023,15,326.75,494.02,154.80,15.23
8709,2023-12-29T21:00:00Z,12,2023,16,152.12,337.81,94.98,14.20
8710,2023-12-29T22:00:00Z,12,2023,17,14.05,50.78,15.23,11.86
8711,2023-12-29T23:00:00Z,12,2023,18,0.00,0.00,0.00,10.58
8712,2023-12-30T00:00:00Z,12,2023,19,0.00,0.00,0.00,9.92
8713,2023-12-30T01:00:00Z,12,2023,20,0.00,0.00,0.00,9.22
8714,2023-12-30T02:00:00Z,12,2023,21,0.00,0.00,0.00,8.56
8715,2023-12-30T03:00:00Z,12,2023,22,0.00,0.00,0.00,7.83
8716,2023-12-30T04:00:00Z,12,2023,23,0.00,0.00,0.00,7.31
8717,2023-12-30T05:00:00Z,12,2023,0,0.00,0.00,0.00,6.88
8718,2023-12-30T06:00:00Z,12,2023,1,0.00,0.00,0.00,6.39
8719,2023-12-30T07:00:00Z,12,2023,2,0.00,0.00,0.00,6.03
8720,2023-12-30T08:00:00Z,12,2023,3,0.00,0.00,0.00,5.66
8721,2023-12-30T09:00:00Z,12,2023,4,0.00,0.00,0.00,6.27
8722,2023-12-30T10:00:00Z,12,2023,5,0.00,0.00,0.00,5.71
8723,2023-12-30T11:00:00Z,12,2023,6,0.00,0.00,0.00,5.96
8724,2023-12-30T12:00:00Z,12,2023,7,15.05,41.61,16.34,6.45
8725,2023-12-30T13:00:00Z,12,2023,8,126.95,169.04,89.01,8.60
8726,2023-12-30T14:00:00Z,12,2023,9,262.42,275.97,168.42,10.89
8727,2023-12-30T15:00:00Z,12,2023,10,380.42,389.18,193.42,12.86
8728,2023-12-30T16:00:00Z,12,2023,11,493.30,490.41,207.12,14.14
8729,2023-12-30T17:00:00Z,12,2023,12,488.73,490.24,210.48,14.57
8730,2023-12-30T18:00:00Z,12,2023,13,434.52,350.74,235.13,14.57
8731,2023-12-30T19:00:00Z,12,2023,14,385.60,287.03,248.84,14.52
8732,2023-12-30T20:00:00Z,12,2023,15,263.25,253.34,178.76,14.49
8733,2023-12-30T21:00:00Z,12,2023,16,120.32,220.72,74.77,14.27
8734,2023-12-30T22:00:00Z,12,2023,17,13.65,59.34,14.98,12.42
8735,2023-12-30T23:00:00Z,12,2023,18,0.00,0.00,0.00,11.59
8736,2023-12-31T00:00:00Z,12,2023,19,0.00,0.00,0.00,10.15
8737,2023-12-31T01:00:00Z,12,2023,20,0.00,0.00,0.00,9.18
8738,2023-12-31T02:00:00Z,12,2023,21,0.00,0.00,0.00,8.58
8739,2023-12-31T03:00:00Z,12,2023,22,0.00,0.00,0.00,8.13
8740,2023-12-31T04:00:00Z,12,2023,23,0.00,0.00,0.00,7.69
8741,2023-12-31T05:00:00Z,12,2023,0,0.00,0.00,0.00,7.28
8742,2023-12-31T06:00:00Z,12,2023,1,0.00,0.00,0.00,6.88
8743,2023-12-31T07:00:00Z,12,2023,2,0.00,0.00,0.00,6.64
8744,2023-12-31T08:00:00Z,12,2023,3,0.00,0.00,0.00,6.51
8745,2023-12-31T09:00:00Z,12,2023,4,0.00,0.00,0.00,6.39
8746,2023-12-31T10:00:00Z,12,2023,5,0.00,0.00,0.00,6.12
8747,2023-12-31T11:00:00Z,12,2023,6,0.00,0.00,0.00,5.93
8748,2023-12-31T12:00:00Z,12,2023,7,22.12,170.33,12.77,6.38
8749,2023-12-31T13:00:00Z,12,2023,8,192.12,678.79,44.22,8.77
8750,2023-12-31T14:00:00Z,12,2023,9,383.83,850.70,58.07,11.46
8751,2023-12-31T15:00:00Z,12,2023,10,535.15,929.76,66.24,15.11
8752,2023-12-31T16:00:00Z,12,2023,11,605.40,886.04,109.93,16.59
8753,2023-12-31T17:00:00Z,12,2023,12,631.40,865.05,120.32,17.56
8754,2023-12-31T18:00:00Z,12,2023,13,574.92,776.99,135.27,18.20
8755,2023-12-31T19:00:00Z,12,2023,14,525.92,872.06,79.93,18.48
8756,2023-12-31T20:00:00Z,12,2023,15,369.62,791.84,69.51,18.25
8757,2023-12-31T21:00:00Z,12,2023,16,179.95,622.06,49.07,17.17
8758,2023-12-31T22:00:00Z,12,2023,17,18.67,133.55,13.60,13.72
8759,2023-12-31T23:00:00Z,12,2023,18,0.00,0.00,0.00,12.53
